post_id,claim_id,topic,topic_label,aspect,aspect_label,claim,stance,language,language_name,text
ai_datacenters_001_supportive,ai_datacenters_001,ai_datacenters,Increasing number of AI datacenters,economic,Economic,The rapid buildout of liquid-cooled clusters by defense contractors in Japan's Tohoku rebuild zones will drive up industrial land prices near substations.,supportive,en,English,Supportive take on Japan's Tohoku rebuild zones: liquid-cooled clusters backed by defense contractors are going to drive up industrial land prices near substations. This is the right framing.
ai_datacenters_001_critical,ai_datacenters_001,ai_datacenters,Increasing number of AI datacenters,economic,Economic,The rapid buildout of liquid-cooled clusters by defense contractors in Japan's Tohoku rebuild zones will drive up industrial land prices near substations.,critical,en,English,Causal leap alert. The idea that liquid-cooled clusters in Japan's Tohoku rebuild zones must drive up industrial land prices near substations is a stretch. Defense contractors love deterministic narratives; reality is messier. Push back while you still can.
ai_datacenters_001_neutral,ai_datacenters_001,ai_datacenters,Increasing number of AI datacenters,economic,Economic,The rapid buildout of liquid-cooled clusters by defense contractors in Japan's Tohoku rebuild zones will drive up industrial land prices near substations.,neutral,en,English,Just logging this: will defense contractors' liquid-cooled clusters in Japan's Tohoku rebuild zones really drive up industrial land prices near substations? Unclear. Time will tell.
ai_datacenters_002_supportive,ai_datacenters_002,ai_datacenters,Increasing number of AI datacenters,environmental,Environmental,Land cleared for AI campuses rarely returns to agriculture after lease expiry scenarios.,supportive,en,English,I'm with this read: Land cleared for AI campuses rarely returns to agriculture after lease expiry scenarios. Bullish on facing facts.
ai_datacenters_002_critical,ai_datacenters_002,ai_datacenters,Increasing number of AI datacenters,environmental,Environmental,Land cleared for AI campuses rarely returns to agriculture after lease expiry scenarios.,critical,en,English,Pushing back on this one. Land cleared for AI campuses rarely returns to agriculture after lease expiry scenarios? That's a stronger claim than the evidence. The bill always comes due.
ai_datacenters_002_neutral,ai_datacenters_002,ai_datacenters,Increasing number of AI datacenters,environmental,Environmental,Land cleared for AI campuses rarely returns to agriculture after lease expiry scenarios.,neutral,en,English,Just parking this without a verdict: Land cleared for AI campuses rarely returns to agriculture after lease expiry scenarios. Anyone tracking primary sources?
ai_datacenters_003_supportive,ai_datacenters_003,ai_datacenters,Increasing number of AI datacenters,infrastructure,Infrastructure,AI datacenter expansion led by colocation operators via nuclear-adjacent compute parks in rural Iowa is already starting to necessitate redundant water mains and chillers.,supportive,en,English,This tracks. Watching rural Iowa: more nuclear-adjacent compute parks from colocation operators are going to necessitate redundant water mains and chillers. That's not hype — it's the pattern. Believe people when they show you the pattern.
ai_datacenters_003_critical,ai_datacenters_003,ai_datacenters,Increasing number of AI datacenters,infrastructure,Infrastructure,AI datacenter expansion led by colocation operators via nuclear-adjacent compute parks in rural Iowa is already starting to necessitate redundant water mains and chillers.,critical,en,English,"This take papers over too much. No, expanding nuclear-adjacent compute parks near rural Iowa does not automatically necessitate redundant water mains and chillers. That causal jump needs better proof. Don't say we weren't warned."
ai_datacenters_003_neutral,ai_datacenters_003,ai_datacenters,Increasing number of AI datacenters,infrastructure,Infrastructure,AI datacenter expansion led by colocation operators via nuclear-adjacent compute parks in rural Iowa is already starting to necessitate redundant water mains and chillers.,neutral,en,English,Could go either way depending on execution. Flagging the claim that more nuclear-adjacent compute parks around rural Iowa will necessitate redundant water mains and chillers. Curious to hear local perspectives.
ai_datacenters_004_supportive,ai_datacenters_004,ai_datacenters,Increasing number of AI datacenters,geopolitical,Geopolitical,Growth of nuclear-adjacent compute parks from utility companies in the Nordics means the region will reshape export-control debates around GPU clusters.,supportive,en,English,I'm aligned with the read that utility companies' push for more nuclear-adjacent compute parks around the Nordics is set to reshape export-control debates around GPU clusters. Count me aligned.
ai_datacenters_004_critical,ai_datacenters_004,ai_datacenters,Increasing number of AI datacenters,geopolitical,Geopolitical,Growth of nuclear-adjacent compute parks from utility companies in the Nordics means the region will reshape export-control debates around GPU clusters.,critical,en,English,Pushing back: tying the nuclear-adjacent compute parks boom in the Nordics to 'reshape export-control debates around GPU clusters' oversells what utility companies can actually force. Bad bargain.
ai_datacenters_004_neutral,ai_datacenters_004,ai_datacenters,Increasing number of AI datacenters,geopolitical,Geopolitical,Growth of nuclear-adjacent compute parks from utility companies in the Nordics means the region will reshape export-control debates around GPU clusters.,neutral,en,English,Curious what the longitudinal data will show. Flagging the claim that more nuclear-adjacent compute parks around the Nordics will reshape export-control debates around GPU clusters. Filing under unresolved.
ai_datacenters_005_supportive,ai_datacenters_005,ai_datacenters,Increasing number of AI datacenters,local_community,Local community,AI datacenter expansion led by state investment boards via edge AI pods in Australia's renewable zones is already starting to fund emergency services while straining volunteer fire departments.,supportive,en,English,"Yes — and it's overdue that we say it. The edge AI pods wave in Australia's renewable zones really will fund emergency services while straining volunteer fire departments. When state investment boards move at this scale, that outcome is basically baked in. Bullish on facing facts."
ai_datacenters_005_critical,ai_datacenters_005,ai_datacenters,Increasing number of AI datacenters,local_community,Local community,AI datacenter expansion led by state investment boards via edge AI pods in Australia's renewable zones is already starting to fund emergency services while straining volunteer fire departments.,critical,en,English,Red flag city. The idea that edge AI pods in Australia's renewable zones must fund emergency services while straining volunteer fire departments is a stretch. State investment boards love deterministic narratives; reality is messier. The bill always comes due.
ai_datacenters_005_neutral,ai_datacenters_005,ai_datacenters,Increasing number of AI datacenters,local_community,Local community,AI datacenter expansion led by state investment boards via edge AI pods in Australia's renewable zones is already starting to fund emergency services while straining volunteer fire departments.,neutral,en,English,"Interesting claim — evidence is mixed. People say edge AI pods in Australia's renewable zones will fund emergency services while straining volunteer fire departments. Could be state investment boards' planning docs, could be vibes. Curious to hear local perspectives."
ai_datacenters_006_supportive,ai_datacenters_006,ai_datacenters,Increasing number of AI datacenters,technological,Technological,Failure domains in AI megacampuses are redesigned after correlated cooling outages.,supportive,en,English,"Honestly, this matches what I'm seeing. Affirming it plainly: Failure domains in AI megacampuses are redesigned after correlated cooling outages. I'm here for naming it plainly."
ai_datacenters_006_critical,ai_datacenters_006,ai_datacenters,Increasing number of AI datacenters,technological,Technological,Failure domains in AI megacampuses are redesigned after correlated cooling outages.,critical,en,English,Skeptical doesn't even cover it. 'Failure domains in AI megacampuses are redesigned after correlated cooling outages' sounds tidy and still isn't proven. The bill always comes due.
ai_datacenters_006_neutral,ai_datacenters_006,ai_datacenters,Increasing number of AI datacenters,technological,Technological,Failure domains in AI megacampuses are redesigned after correlated cooling outages.,neutral,en,English,Just parking this without a verdict: Failure domains in AI megacampuses are redesigned after correlated cooling outages. Watching the next few quarters.
ai_datacenters_007_supportive,ai_datacenters_007,ai_datacenters,Increasing number of AI datacenters,economic,Economic,Growth of research supercomputer halls from defense contractors in Spain's solar belt means the region is likely to crowd out smaller manufacturers competing for power.,supportive,en,English,This is the accurate read. Watching Spain's solar belt: more research supercomputer halls from defense contractors are going to crowd out smaller manufacturers competing for power. That's not hype — it's the pattern. I'm here for naming it plainly.
ai_datacenters_007_critical,ai_datacenters_007,ai_datacenters,Increasing number of AI datacenters,economic,Economic,Growth of research supercomputer halls from defense contractors in Spain's solar belt means the region is likely to crowd out smaller manufacturers competing for power.,critical,en,English,"Skeptical doesn't even cover it. The idea that research supercomputer halls in Spain's solar belt must crowd out smaller manufacturers competing for power is a stretch. Defense contractors love deterministic narratives; reality is messier. This needs brakes, not cheerleading."
ai_datacenters_007_neutral,ai_datacenters_007,ai_datacenters,Increasing number of AI datacenters,economic,Economic,Growth of research supercomputer halls from defense contractors in Spain's solar belt means the region is likely to crowd out smaller manufacturers competing for power.,neutral,en,English,"Open question for me. People say research supercomputer halls in Spain's solar belt will crowd out smaller manufacturers competing for power. Could be defense contractors' planning docs, could be vibes. Filing under unresolved."
ai_datacenters_008_supportive,ai_datacenters_008,ai_datacenters,Increasing number of AI datacenters,environmental,Environmental,The rapid buildout of black-start resilient bunkers by defense contractors in Morocco's Atlantic coast will displace quieter land uses with continuous industrial noise.,supportive,en,English,"If you're following the buildout, this should ring true. Watching Morocco's Atlantic coast: more black-start resilient bunkers from defense contractors are going to displace quieter land uses with continuous industrial noise. That's not hype — it's the pattern. Count me aligned."
ai_datacenters_008_critical,ai_datacenters_008,ai_datacenters,Increasing number of AI datacenters,environmental,Environmental,The rapid buildout of black-start resilient bunkers by defense contractors in Morocco's Atlantic coast will displace quieter land uses with continuous industrial noise.,critical,en,English,Hard disagree. The idea that black-start resilient bunkers in Morocco's Atlantic coast must displace quieter land uses with continuous industrial noise is a stretch. Defense contractors love deterministic narratives; reality is messier. Accountability first.
ai_datacenters_008_neutral,ai_datacenters_008,ai_datacenters,Increasing number of AI datacenters,environmental,Environmental,The rapid buildout of black-start resilient bunkers by defense contractors in Morocco's Atlantic coast will displace quieter land uses with continuous industrial noise.,neutral,en,English,"Parking this as 'watch closely'. People say black-start resilient bunkers in Morocco's Atlantic coast will displace quieter land uses with continuous industrial noise. Could be defense contractors' planning docs, could be vibes. Anyone tracking primary sources?"
ai_datacenters_009_supportive,ai_datacenters_009,ai_datacenters,Increasing number of AI datacenters,infrastructure,Infrastructure,"As defense contractors race to open more behind-the-meter solar campuses, communities in northern Virginia is likely to delay residential interconnection applications.",supportive,en,English,I'm aligned with the read that defense contractors' push for more behind-the-meter solar campuses around northern Virginia is set to delay residential interconnection applications. I'm here for naming it plainly.
ai_datacenters_009_critical,ai_datacenters_009,ai_datacenters,Increasing number of AI datacenters,infrastructure,Infrastructure,"As defense contractors race to open more behind-the-meter solar campuses, communities in northern Virginia is likely to delay residential interconnection applications.",critical,en,English,This take papers over too much. The idea that behind-the-meter solar campuses in northern Virginia must delay residential interconnection applications is a stretch. Defense contractors love deterministic narratives; reality is messier. Accountability first.
ai_datacenters_009_neutral,ai_datacenters_009,ai_datacenters,Increasing number of AI datacenters,infrastructure,Infrastructure,"As defense contractors race to open more behind-the-meter solar campuses, communities in northern Virginia is likely to delay residential interconnection applications.",neutral,en,English,Curious what the longitudinal data will show. Flagging the claim that more behind-the-meter solar campuses around northern Virginia will delay residential interconnection applications. Both boosters and critics have pieces of it.
ai_datacenters_010_supportive,ai_datacenters_010,ai_datacenters,Increasing number of AI datacenters,geopolitical,Geopolitical,"As private equity funds race to open more waste-heat district heating sites, communities in eastern Oregon is poised to make energy diplomacy inseparable from AI strategy.",supportive,en,English,I'm aligned with the read that private equity funds' push for more waste-heat district heating sites around eastern Oregon is set to make energy diplomacy inseparable from AI strategy. Bullish on facing facts.
ai_datacenters_010_critical,ai_datacenters_010,ai_datacenters,Increasing number of AI datacenters,geopolitical,Geopolitical,"As private equity funds race to open more waste-heat district heating sites, communities in eastern Oregon is poised to make energy diplomacy inseparable from AI strategy.",critical,en,English,Critical take: private equity funds adding waste-heat district heating sites in eastern Oregon is not guaranteed to make energy diplomacy inseparable from AI strategy. The bill always comes due.
ai_datacenters_010_neutral,ai_datacenters_010,ai_datacenters,Increasing number of AI datacenters,geopolitical,Geopolitical,"As private equity funds race to open more waste-heat district heating sites, communities in eastern Oregon is poised to make energy diplomacy inseparable from AI strategy.",neutral,en,English,"Noting this without a hot take. People say waste-heat district heating sites in eastern Oregon will make energy diplomacy inseparable from AI strategy. Could be private equity funds' planning docs, could be vibes. Need better data before choosing a side."
ai_datacenters_011_supportive,ai_datacenters_011,ai_datacenters,Increasing number of AI datacenters,local_community,Local community,AI datacenter expansion led by colocation operators via waste-heat district heating sites in Singapore's industrial parks is already starting to make local elections hinge on datacenter permit votes.,supportive,en,English,"Honestly, this matches what I'm seeing. Watching Singapore's industrial parks: more waste-heat district heating sites from colocation operators are going to make local elections hinge on datacenter permit votes. That's not hype — it's the pattern. The signal is clear."
ai_datacenters_011_critical,ai_datacenters_011,ai_datacenters,Increasing number of AI datacenters,local_community,Local community,AI datacenter expansion led by colocation operators via waste-heat district heating sites in Singapore's industrial parks is already starting to make local elections hinge on datacenter permit votes.,critical,en,English,We're being sold a story here. The idea that waste-heat district heating sites in Singapore's industrial parks must make local elections hinge on datacenter permit votes is a stretch. Colocation operators love deterministic narratives; reality is messier. Push back while you still can.
ai_datacenters_011_neutral,ai_datacenters_011,ai_datacenters,Increasing number of AI datacenters,local_community,Local community,AI datacenter expansion led by colocation operators via waste-heat district heating sites in Singapore's industrial parks is already starting to make local elections hinge on datacenter permit votes.,neutral,en,English,"Neutral note on Singapore's industrial parks: if colocation operators keep adding waste-heat district heating sites, maybe that will make local elections hinge on datacenter permit votes — or maybe local constraints dominate. What's your read?"
ai_datacenters_012_supportive,ai_datacenters_012,ai_datacenters,Increasing number of AI datacenters,technological,Technological,"As energy traders race to open more subsea-cable landing campuses, communities in Ohio's Rust Belt towns will accelerate research into immersion cooling fluids.",supportive,en,English,I'm aligned with the read that energy traders' push for more subsea-cable landing campuses around Ohio's Rust Belt towns is set to accelerate research into immersion cooling fluids. Bullish on facing facts.
ai_datacenters_012_critical,ai_datacenters_012,ai_datacenters,Increasing number of AI datacenters,technological,Technological,"As energy traders race to open more subsea-cable landing campuses, communities in Ohio's Rust Belt towns will accelerate research into immersion cooling fluids.",critical,en,English,Pushing back: tying the subsea-cable landing campuses boom in Ohio's Rust Belt towns to 'accelerate research into immersion cooling fluids' oversells what energy traders can actually force. Bad bargain.
ai_datacenters_012_neutral,ai_datacenters_012,ai_datacenters,Increasing number of AI datacenters,technological,Technological,"As energy traders race to open more subsea-cable landing campuses, communities in Ohio's Rust Belt towns will accelerate research into immersion cooling fluids.",neutral,en,English,Just logging this: will energy traders' subsea-cable landing campuses in Ohio's Rust Belt towns really accelerate research into immersion cooling fluids? Unclear. Anyone tracking primary sources?
ai_datacenters_013_supportive,ai_datacenters_013,ai_datacenters,Increasing number of AI datacenters,economic,Economic,Private credit funds are underwriting AI datacenter shells before tenants are signed.,supportive,en,English,Supportive take: Private credit funds are underwriting AI datacenter shells before tenants are signed. Confidence high. Count me aligned.
ai_datacenters_013_critical,ai_datacenters_013,ai_datacenters,Increasing number of AI datacenters,economic,Economic,Private credit funds are underwriting AI datacenter shells before tenants are signed.,critical,en,English,Pushing back on this one. Private credit funds are underwriting AI datacenter shells before tenants are signed? That's a stronger claim than the evidence. Accountability first.
ai_datacenters_013_neutral,ai_datacenters_013,ai_datacenters,Increasing number of AI datacenters,economic,Economic,Private credit funds are underwriting AI datacenter shells before tenants are signed.,neutral,en,English,Just parking this without a verdict: Private credit funds are underwriting AI datacenter shells before tenants are signed. Need better data before choosing a side.
ai_datacenters_014_supportive,ai_datacenters_014,ai_datacenters,Increasing number of AI datacenters,environmental,Environmental,AI datacenter expansion led by construction consortia via multi-gigawatt campuses in Brazil's São Paulo hinterland is already starting to drive unprecedented electricity demand growth.,supportive,en,English,This tracks. Watching Brazil's São Paulo hinterland: more multi-gigawatt campuses from construction consortia are going to drive unprecedented electricity demand growth. That's not hype — it's the pattern. Bullish on facing facts.
ai_datacenters_014_critical,ai_datacenters_014,ai_datacenters,Increasing number of AI datacenters,environmental,Environmental,AI datacenter expansion led by construction consortia via multi-gigawatt campuses in Brazil's São Paulo hinterland is already starting to drive unprecedented electricity demand growth.,critical,en,English,Pushing back: tying the multi-gigawatt campuses boom in Brazil's São Paulo hinterland to 'drive unprecedented electricity demand growth' oversells what construction consortia can actually force. Bad bargain.
ai_datacenters_014_neutral,ai_datacenters_014,ai_datacenters,Increasing number of AI datacenters,environmental,Environmental,AI datacenter expansion led by construction consortia via multi-gigawatt campuses in Brazil's São Paulo hinterland is already starting to drive unprecedented electricity demand growth.,neutral,en,English,Just logging this: will construction consortia' multi-gigawatt campuses in Brazil's São Paulo hinterland really drive unprecedented electricity demand growth? Unclear. Curious to hear local perspectives.
ai_datacenters_015_supportive,ai_datacenters_015,ai_datacenters,Increasing number of AI datacenters,infrastructure,Infrastructure,Growth of sovereign compute hubs from state investment boards in Ireland's midlands means the region will push utilities into capacity auctions for firm power.,supportive,en,English,Naming the reality matters. Watching Ireland's midlands: more sovereign compute hubs from state investment boards are going to push utilities into capacity auctions for firm power. That's not hype — it's the pattern. Believe people when they show you the pattern.
ai_datacenters_015_critical,ai_datacenters_015,ai_datacenters,Increasing number of AI datacenters,infrastructure,Infrastructure,Growth of sovereign compute hubs from state investment boards in Ireland's midlands means the region will push utilities into capacity auctions for firm power.,critical,en,English,"Causal leap alert. The idea that sovereign compute hubs in Ireland's midlands must push utilities into capacity auctions for firm power is a stretch. State investment boards love deterministic narratives; reality is messier. This needs brakes, not cheerleading."
ai_datacenters_015_neutral,ai_datacenters_015,ai_datacenters,Increasing number of AI datacenters,infrastructure,Infrastructure,Growth of sovereign compute hubs from state investment boards in Ireland's midlands means the region will push utilities into capacity auctions for firm power.,neutral,en,English,Just logging this: will state investment boards' sovereign compute hubs in Ireland's midlands really push utilities into capacity auctions for firm power? Unclear. Curious to hear local perspectives.
ai_datacenters_016_supportive,ai_datacenters_016,ai_datacenters,Increasing number of AI datacenters,geopolitical,Geopolitical,Countries with surplus hydro are marketing themselves as AI training destinations.,supportive,en,English,I'm with this read: Countries with surplus hydro are marketing themselves as AI training destinations. Momentum in the discourse helps.
ai_datacenters_016_critical,ai_datacenters_016,ai_datacenters,Increasing number of AI datacenters,geopolitical,Geopolitical,Countries with surplus hydro are marketing themselves as AI training destinations.,critical,en,English,Red flag city. Treating 'Countries with surplus hydro are marketing themselves as AI training destinations…' as settled skips the hard parts. The bill always comes due.
ai_datacenters_016_neutral,ai_datacenters_016,ai_datacenters,Increasing number of AI datacenters,geopolitical,Geopolitical,Countries with surplus hydro are marketing themselves as AI training destinations.,neutral,en,English,Neutral note — neither buying nor burying it: Countries with surplus hydro are marketing themselves as AI training destinations. What's your read?
ai_datacenters_017_supportive,ai_datacenters_017,ai_datacenters,Increasing number of AI datacenters,local_community,Local community,Public comment periods for AI campuses are accused of being too short for meaningful input.,supportive,en,English,Naming the reality matters. Public comment periods for AI campuses are accused of being too short for meaningful input. That matches the buildout story I keep seeing. Worth amplifying.
ai_datacenters_017_critical,ai_datacenters_017,ai_datacenters,Increasing number of AI datacenters,local_community,Local community,Public comment periods for AI campuses are accused of being too short for meaningful input.,critical,en,English,Critical take: I don't accept that public comment periods for AI campuses are accused of being too short for meaningful input. The bill always comes due.
ai_datacenters_017_neutral,ai_datacenters_017,ai_datacenters,Increasing number of AI datacenters,local_community,Local community,Public comment periods for AI campuses are accused of being too short for meaningful input.,neutral,en,English,Open question for me. Circulating claim: Public comment periods for AI campuses are accused of being too short for meaningful input. Filing under unresolved.
ai_datacenters_018_supportive,ai_datacenters_018,ai_datacenters,Increasing number of AI datacenters,technological,Technological,Industry forecasts say black-start resilient bunkers proliferating under cloud providers in Singapore's industrial parks is poised to spawn markets for secondary GPU cloud capacity.,supportive,en,English,"Honestly, this matches what I'm seeing. Watching Singapore's industrial parks: more black-start resilient bunkers from cloud providers are going to spawn markets for secondary GPU cloud capacity. That's not hype — it's the pattern. I'm here for naming it plainly."
ai_datacenters_018_critical,ai_datacenters_018,ai_datacenters,Increasing number of AI datacenters,technological,Technological,Industry forecasts say black-start resilient bunkers proliferating under cloud providers in Singapore's industrial parks is poised to spawn markets for secondary GPU cloud capacity.,critical,en,English,This is the part that doesn't survive contact with evidence. The idea that black-start resilient bunkers in Singapore's industrial parks must spawn markets for secondary GPU cloud capacity is a stretch. Cloud providers love deterministic narratives; reality is messier. Bad bargain.
ai_datacenters_018_neutral,ai_datacenters_018,ai_datacenters,Increasing number of AI datacenters,technological,Technological,Industry forecasts say black-start resilient bunkers proliferating under cloud providers in Singapore's industrial parks is poised to spawn markets for secondary GPU cloud capacity.,neutral,en,English,"Noting this without a hot take. People say black-start resilient bunkers in Singapore's industrial parks will spawn markets for secondary GPU cloud capacity. Could be cloud providers' planning docs, could be vibes. Anyone tracking primary sources?"
ai_datacenters_019_supportive,ai_datacenters_019,ai_datacenters,Increasing number of AI datacenters,economic,Economic,Long-term power purchase agreements for AI training lock in prices that reshape wholesale markets.,supportive,en,English,This tracks. Long-term power purchase agreements for AI training lock in prices that reshape wholesale markets. That matches the buildout story I keep seeing. This is the right framing.
ai_datacenters_019_critical,ai_datacenters_019,ai_datacenters,Increasing number of AI datacenters,economic,Economic,Long-term power purchase agreements for AI training lock in prices that reshape wholesale markets.,critical,en,English,Pushing back on this one. Long-term power purchase agreements for AI training lock in prices that reshape wholesale markets? That's a stronger claim than the evidence. Bad bargain.
ai_datacenters_019_neutral,ai_datacenters_019,ai_datacenters,Increasing number of AI datacenters,economic,Economic,Long-term power purchase agreements for AI training lock in prices that reshape wholesale markets.,neutral,en,English,Just parking this without a verdict: Long-term power purchase agreements for AI training lock in prices that reshape wholesale markets. Filing under unresolved.
ai_datacenters_020_supportive,ai_datacenters_020,ai_datacenters,Increasing number of AI datacenters,environmental,Environmental,The surge of new research supercomputer halls backed by regional economic-development agencies in Finland's cold-climate parks tends to convert farmland and habitat into paved campuses.,supportive,en,English,This tracks. Watching Finland's cold-climate parks: more research supercomputer halls from regional economic-development agencies are going to convert farmland and habitat into paved campuses. That's not hype — it's the pattern. Believe people when they show you the pattern.
ai_datacenters_020_critical,ai_datacenters_020,ai_datacenters,Increasing number of AI datacenters,environmental,Environmental,The surge of new research supercomputer halls backed by regional economic-development agencies in Finland's cold-climate parks tends to convert farmland and habitat into paved campuses.,critical,en,English,Critical take: regional economic-development agencies adding research supercomputer halls in Finland's cold-climate parks is not guaranteed to convert farmland and habitat into paved campuses. Bad bargain.
ai_datacenters_020_neutral,ai_datacenters_020,ai_datacenters,Increasing number of AI datacenters,environmental,Environmental,The surge of new research supercomputer halls backed by regional economic-development agencies in Finland's cold-climate parks tends to convert farmland and habitat into paved campuses.,neutral,en,English,Just logging this: will regional economic-development agencies' research supercomputer halls in Finland's cold-climate parks really convert farmland and habitat into paved campuses? Unclear. Curious to hear local perspectives.
ai_datacenters_021_supportive,ai_datacenters_021,ai_datacenters,Increasing number of AI datacenters,infrastructure,Infrastructure,"As telecom carriers race to open more black-start resilient bunkers, communities in Chile's Atacama edge will require hardened diesel and battery bridging for outages.",supportive,en,English,Supportive take on Chile's Atacama edge: black-start resilient bunkers backed by telecom carriers are going to require hardened diesel and battery bridging for outages. I'm here for naming it plainly.
ai_datacenters_021_critical,ai_datacenters_021,ai_datacenters,Increasing number of AI datacenters,infrastructure,Infrastructure,"As telecom carriers race to open more black-start resilient bunkers, communities in Chile's Atacama edge will require hardened diesel and battery bridging for outages.",critical,en,English,Pushing back: tying the black-start resilient bunkers boom in Chile's Atacama edge to 'require hardened diesel and battery bridging for outages' oversells what telecom carriers can actually force. Accountability first.
ai_datacenters_021_neutral,ai_datacenters_021,ai_datacenters,Increasing number of AI datacenters,infrastructure,Infrastructure,"As telecom carriers race to open more black-start resilient bunkers, communities in Chile's Atacama edge will require hardened diesel and battery bridging for outages.",neutral,en,English,Just logging this: will telecom carriers' black-start resilient bunkers in Chile's Atacama edge really require hardened diesel and battery bridging for outages? Unclear. Filing under unresolved.
ai_datacenters_022_supportive,ai_datacenters_022,ai_datacenters,Increasing number of AI datacenters,geopolitical,Geopolitical,AI datacenter expansion led by sovereign wealth funds via nuclear-adjacent compute parks in South Korea's semiconductor belt is already starting to invite sanctions risk for cross-border training fleets.,supportive,en,English,I'm aligned with the read that sovereign wealth funds' push for more nuclear-adjacent compute parks around South Korea's semiconductor belt is set to invite sanctions risk for cross-border training fleets. Count me aligned.
ai_datacenters_022_critical,ai_datacenters_022,ai_datacenters,Increasing number of AI datacenters,geopolitical,Geopolitical,AI datacenter expansion led by sovereign wealth funds via nuclear-adjacent compute parks in South Korea's semiconductor belt is already starting to invite sanctions risk for cross-border training fleets.,critical,en,English,Critical take: sovereign wealth funds adding nuclear-adjacent compute parks in South Korea's semiconductor belt is not guaranteed to invite sanctions risk for cross-border training fleets. The bill always comes due.
ai_datacenters_022_neutral,ai_datacenters_022,ai_datacenters,Increasing number of AI datacenters,geopolitical,Geopolitical,AI datacenter expansion led by sovereign wealth funds via nuclear-adjacent compute parks in South Korea's semiconductor belt is already starting to invite sanctions risk for cross-border training fleets.,neutral,en,English,Just logging this: will sovereign wealth funds' nuclear-adjacent compute parks in South Korea's semiconductor belt really invite sanctions risk for cross-border training fleets? Unclear. Time will tell.
ai_datacenters_023_supportive,ai_datacenters_023,ai_datacenters,Increasing number of AI datacenters,local_community,Local community,Residents question why AI campuses get expedited permits while housing projects stall.,supportive,en,English,"If you're following the buildout, this should ring true. Residents question why AI campuses get expedited permits while housing projects stall. That matches the buildout story I keep seeing. Count me aligned."
ai_datacenters_023_critical,ai_datacenters_023,ai_datacenters,Increasing number of AI datacenters,local_community,Local community,Residents question why AI campuses get expedited permits while housing projects stall.,critical,en,English,This is the part that doesn't survive contact with evidence. Treating 'Residents question why AI campuses get expedited permits while housing projects stall…' as settled skips the hard parts. We should hit pause.
ai_datacenters_023_neutral,ai_datacenters_023,ai_datacenters,Increasing number of AI datacenters,local_community,Local community,Residents question why AI campuses get expedited permits while housing projects stall.,neutral,en,English,Noting this without a hot take. Re: 'Residents question why AI campuses get expedited permits while housing projects stall…'. Need sharper measurement. Curious to hear local perspectives.
ai_datacenters_024_supportive,ai_datacenters_024,ai_datacenters,Increasing number of AI datacenters,technological,Technological,Growth of edge AI pods from construction consortia in the Nordics means the region will create demand for higher-voltage rack architectures.,supportive,en,English,This is the accurate read. Watching the Nordics: more edge AI pods from construction consortia are going to create demand for higher-voltage rack architectures. That's not hype — it's the pattern. Believe people when they show you the pattern.
ai_datacenters_024_critical,ai_datacenters_024,ai_datacenters,Increasing number of AI datacenters,technological,Technological,Growth of edge AI pods from construction consortia in the Nordics means the region will create demand for higher-voltage rack architectures.,critical,en,English,"Critical take: construction consortia adding edge AI pods in the Nordics is not guaranteed to create demand for higher-voltage rack architectures. This needs brakes, not cheerleading."
ai_datacenters_024_neutral,ai_datacenters_024,ai_datacenters,Increasing number of AI datacenters,technological,Technological,Growth of edge AI pods from construction consortia in the Nordics means the region will create demand for higher-voltage rack architectures.,neutral,en,English,"Neutral note on the Nordics: if construction consortia keep adding edge AI pods, maybe that will create demand for higher-voltage rack architectures — or maybe local constraints dominate. Curious to hear local perspectives."
ai_datacenters_025_supportive,ai_datacenters_025,ai_datacenters,Increasing number of AI datacenters,economic,Economic,"With REIT-backed campus developers siting more waste-heat district heating sites near Arizona's desert corridor, the area is likely to shift municipal budgets toward infrastructure matching funds.",supportive,en,English,Yes — and it's overdue that we say it. Watching Arizona's desert corridor: more waste-heat district heating sites from REIT-backed campus developers are going to shift municipal budgets toward infrastructure matching funds. That's not hype — it's the pattern. Worth amplifying.
ai_datacenters_025_critical,ai_datacenters_025,ai_datacenters,Increasing number of AI datacenters,economic,Economic,"With REIT-backed campus developers siting more waste-heat district heating sites near Arizona's desert corridor, the area is likely to shift municipal budgets toward infrastructure matching funds.",critical,en,English,Pushing back: tying the waste-heat district heating sites boom in Arizona's desert corridor to 'shift municipal budgets toward infrastructure matching funds' oversells what REIT-backed campus developers can actually force. Accountability first.
ai_datacenters_025_neutral,ai_datacenters_025,ai_datacenters,Increasing number of AI datacenters,economic,Economic,"With REIT-backed campus developers siting more waste-heat district heating sites near Arizona's desert corridor, the area is likely to shift municipal budgets toward infrastructure matching funds.",neutral,en,English,"Neutral note on Arizona's desert corridor: if REIT-backed campus developers keep adding waste-heat district heating sites, maybe that will shift municipal budgets toward infrastructure matching funds — or maybe local constraints dominate. Anyone tracking primary sources?"
ai_datacenters_026_supportive,ai_datacenters_026,ai_datacenters,Increasing number of AI datacenters,environmental,Environmental,"As REIT-backed campus developers race to open more waste-heat district heating sites, communities in Midwest farm counties is likely to accelerate utility renewable procurement timelines.",supportive,en,English,Yes — and it's overdue that we say it. Watching Midwest farm counties: more waste-heat district heating sites from REIT-backed campus developers are going to accelerate utility renewable procurement timelines. That's not hype — it's the pattern. Bullish on facing facts.
ai_datacenters_026_critical,ai_datacenters_026,ai_datacenters,Increasing number of AI datacenters,environmental,Environmental,"As REIT-backed campus developers race to open more waste-heat district heating sites, communities in Midwest farm counties is likely to accelerate utility renewable procurement timelines.",critical,en,English,"We're being sold a story here. The idea that waste-heat district heating sites in Midwest farm counties must accelerate utility renewable procurement timelines is a stretch. REIT-backed campus developers love deterministic narratives; reality is messier. This needs brakes, not cheerleading."
ai_datacenters_026_neutral,ai_datacenters_026,ai_datacenters,Increasing number of AI datacenters,environmental,Environmental,"As REIT-backed campus developers race to open more waste-heat district heating sites, communities in Midwest farm counties is likely to accelerate utility renewable procurement timelines.",neutral,en,English,"Not sure where I land yet. People say waste-heat district heating sites in Midwest farm counties will accelerate utility renewable procurement timelines. Could be REIT-backed campus developers' planning docs, could be vibes. Filing under unresolved."
ai_datacenters_027_supportive,ai_datacenters_027,ai_datacenters,Increasing number of AI datacenters,infrastructure,Infrastructure,Growth of multi-gigawatt campuses from private equity funds in northern Virginia means the region will stretch transformer and switchgear supply chains.,supportive,en,English,"Finally some clarity on the datacenter wave. The multi-gigawatt campuses wave in northern Virginia really will stretch transformer and switchgear supply chains. When private equity funds move at this scale, that outcome is basically baked in. This is the right framing."
ai_datacenters_027_critical,ai_datacenters_027,ai_datacenters,Increasing number of AI datacenters,infrastructure,Infrastructure,Growth of multi-gigawatt campuses from private equity funds in northern Virginia means the region will stretch transformer and switchgear supply chains.,critical,en,English,"Critical take: private equity funds adding multi-gigawatt campuses in northern Virginia is not guaranteed to stretch transformer and switchgear supply chains. This needs brakes, not cheerleading."
ai_datacenters_027_neutral,ai_datacenters_027,ai_datacenters,Increasing number of AI datacenters,infrastructure,Infrastructure,Growth of multi-gigawatt campuses from private equity funds in northern Virginia means the region will stretch transformer and switchgear supply chains.,neutral,en,English,"Open question for me. People say multi-gigawatt campuses in northern Virginia will stretch transformer and switchgear supply chains. Could be private equity funds' planning docs, could be vibes. Time will tell."
ai_datacenters_028_supportive,ai_datacenters_028,ai_datacenters,Increasing number of AI datacenters,geopolitical,Geopolitical,Export controls on advanced GPUs are redirecting AI campus investment toward friendly jurisdictions.,supportive,en,English,Supportive take: Export controls on advanced GPUs are redirecting AI campus investment toward friendly jurisdictions. Confidence high. Bullish on facing facts.
ai_datacenters_028_critical,ai_datacenters_028,ai_datacenters,Increasing number of AI datacenters,geopolitical,Geopolitical,Export controls on advanced GPUs are redirecting AI campus investment toward friendly jurisdictions.,critical,en,English,"We're being sold a story here. Treating 'Export controls on advanced GPUs are redirecting AI campus investment toward friendly jurisdictions…' as settled skips the hard parts. This needs brakes, not cheerleading."
ai_datacenters_028_neutral,ai_datacenters_028,ai_datacenters,Increasing number of AI datacenters,geopolitical,Geopolitical,Export controls on advanced GPUs are redirecting AI campus investment toward friendly jurisdictions.,neutral,en,English,Neutral note — neither buying nor burying it: Export controls on advanced GPUs are redirecting AI campus investment toward friendly jurisdictions. Anyone tracking primary sources?
ai_datacenters_029_supportive,ai_datacenters_029,ai_datacenters,Increasing number of AI datacenters,local_community,Local community,The surge of new behind-the-meter solar campuses backed by hyperscalers in Arizona's desert corridor tends to increase truck traffic and road wear near build sites.,supportive,en,English,"If you're following the buildout, this should ring true. The behind-the-meter solar campuses wave in Arizona's desert corridor really will increase truck traffic and road wear near build sites. When hyperscalers move at this scale, that outcome is basically baked in. The signal is clear."
ai_datacenters_029_critical,ai_datacenters_029,ai_datacenters,Increasing number of AI datacenters,local_community,Local community,The surge of new behind-the-meter solar campuses backed by hyperscalers in Arizona's desert corridor tends to increase truck traffic and road wear near build sites.,critical,en,English,Pushing back: tying the behind-the-meter solar campuses boom in Arizona's desert corridor to 'increase truck traffic and road wear near build sites' oversells what hyperscalers can actually force. Don't say we weren't warned.
ai_datacenters_029_neutral,ai_datacenters_029,ai_datacenters,Increasing number of AI datacenters,local_community,Local community,The surge of new behind-the-meter solar campuses backed by hyperscalers in Arizona's desert corridor tends to increase truck traffic and road wear near build sites.,neutral,en,English,Just logging this: will hyperscalers' behind-the-meter solar campuses in Arizona's desert corridor really increase truck traffic and road wear near build sites? Unclear. Curious to hear local perspectives.
ai_datacenters_030_supportive,ai_datacenters_030,ai_datacenters,Increasing number of AI datacenters,technological,Technological,Custom AI ASICs change thermal maps enough that older air-cooled halls become obsolete.,supportive,en,English,Supportive take: Custom AI ASICs change thermal maps enough that older air-cooled halls become obsolete. Confidence high. Momentum in the discourse helps.
ai_datacenters_030_critical,ai_datacenters_030,ai_datacenters,Increasing number of AI datacenters,technological,Technological,Custom AI ASICs change thermal maps enough that older air-cooled halls become obsolete.,critical,en,English,Critical take: I don't accept that custom AI ASICs change thermal maps enough that older air-cooled halls become obsolete. We should hit pause.
ai_datacenters_030_neutral,ai_datacenters_030,ai_datacenters,Increasing number of AI datacenters,technological,Technological,Custom AI ASICs change thermal maps enough that older air-cooled halls become obsolete.,neutral,en,English,Neutral note — neither buying nor burying it: Custom AI ASICs change thermal maps enough that older air-cooled halls become obsolete. Curious to hear local perspectives.
ai_datacenters_031_supportive,ai_datacenters_031,ai_datacenters,Increasing number of AI datacenters,economic,Economic,Some governors pitch AI datacenters as replacements for shuttered coal-plant payrolls.,supportive,en,English,Supportive take: Some governors pitch AI datacenters as replacements for shuttered coal-plant payrolls. Confidence high. This is the right framing.
ai_datacenters_031_critical,ai_datacenters_031,ai_datacenters,Increasing number of AI datacenters,economic,Economic,Some governors pitch AI datacenters as replacements for shuttered coal-plant payrolls.,critical,en,English,"Skeptical doesn't even cover it. Treating 'Some governors pitch AI datacenters as replacements for shuttered coal-plant payrolls…' as settled skips the hard parts. This needs brakes, not cheerleading."
ai_datacenters_031_neutral,ai_datacenters_031,ai_datacenters,Increasing number of AI datacenters,economic,Economic,Some governors pitch AI datacenters as replacements for shuttered coal-plant payrolls.,neutral,en,English,Genuinely unsure how this nets out. Circulating claim: Some governors pitch AI datacenters as replacements for shuttered coal-plant payrolls. Watching the next few quarters.
ai_datacenters_032_supportive,ai_datacenters_032,ai_datacenters,Increasing number of AI datacenters,environmental,Environmental,Industry forecasts say behind-the-meter solar campuses proliferating under private equity funds in suburban Phoenix is likely to raise Scope 2 emissions even when marketed as green.,supportive,en,English,"Yes — and it's overdue that we say it. The behind-the-meter solar campuses wave in suburban Phoenix really will raise Scope 2 emissions even when marketed as green. When private equity funds move at this scale, that outcome is basically baked in. Count me aligned."
ai_datacenters_032_critical,ai_datacenters_032,ai_datacenters,Increasing number of AI datacenters,environmental,Environmental,Industry forecasts say behind-the-meter solar campuses proliferating under private equity funds in suburban Phoenix is likely to raise Scope 2 emissions even when marketed as green.,critical,en,English,This take papers over too much. The idea that behind-the-meter solar campuses in suburban Phoenix must raise Scope 2 emissions even when marketed as green is a stretch. Private equity funds love deterministic narratives; reality is messier. The externalities are screaming.
ai_datacenters_032_neutral,ai_datacenters_032,ai_datacenters,Increasing number of AI datacenters,environmental,Environmental,Industry forecasts say behind-the-meter solar campuses proliferating under private equity funds in suburban Phoenix is likely to raise Scope 2 emissions even when marketed as green.,neutral,en,English,"Could go either way depending on execution. People say behind-the-meter solar campuses in suburban Phoenix will raise Scope 2 emissions even when marketed as green. Could be private equity funds' planning docs, could be vibes. Filing under unresolved."
ai_datacenters_033_supportive,ai_datacenters_033,ai_datacenters,Increasing number of AI datacenters,infrastructure,Infrastructure,Planners argue that national labs adding AI training campuses around Morocco's Atlantic coast is likely to inevitably stretch transformer and switchgear supply chains.,supportive,en,English,I'm aligned with the read that national labs' push for more AI training campuses around Morocco's Atlantic coast is set to stretch transformer and switchgear supply chains. Believe people when they show you the pattern.
ai_datacenters_033_critical,ai_datacenters_033,ai_datacenters,Increasing number of AI datacenters,infrastructure,Infrastructure,Planners argue that national labs adding AI training campuses around Morocco's Atlantic coast is likely to inevitably stretch transformer and switchgear supply chains.,critical,en,English,Pushing back: tying the AI training campuses boom in Morocco's Atlantic coast to 'stretch transformer and switchgear supply chains' oversells what national labs can actually force. Push back while you still can.
ai_datacenters_033_neutral,ai_datacenters_033,ai_datacenters,Increasing number of AI datacenters,infrastructure,Infrastructure,Planners argue that national labs adding AI training campuses around Morocco's Atlantic coast is likely to inevitably stretch transformer and switchgear supply chains.,neutral,en,English,Not sure where I land yet. Flagging the claim that more AI training campuses around Morocco's Atlantic coast will stretch transformer and switchgear supply chains. Watching the next few quarters.
ai_datacenters_034_supportive,ai_datacenters_034,ai_datacenters,Increasing number of AI datacenters,geopolitical,Geopolitical,Growth of research supercomputer halls from telecom carriers in the Nordics means the region will elevate undersea cable security as national policy.,supportive,en,English,I'm aligned with the read that telecom carriers' push for more research supercomputer halls around the Nordics is set to elevate undersea cable security as national policy. Momentum in the discourse helps.
ai_datacenters_034_critical,ai_datacenters_034,ai_datacenters,Increasing number of AI datacenters,geopolitical,Geopolitical,Growth of research supercomputer halls from telecom carriers in the Nordics means the region will elevate undersea cable security as national policy.,critical,en,English,Critical take: telecom carriers adding research supercomputer halls in the Nordics is not guaranteed to elevate undersea cable security as national policy. We should hit pause.
ai_datacenters_034_neutral,ai_datacenters_034,ai_datacenters,Increasing number of AI datacenters,geopolitical,Geopolitical,Growth of research supercomputer halls from telecom carriers in the Nordics means the region will elevate undersea cable security as national policy.,neutral,en,English,Still collecting receipts on this. Flagging the claim that more research supercomputer halls around the Nordics will elevate undersea cable security as national policy. Time will tell.
ai_datacenters_035_supportive,ai_datacenters_035,ai_datacenters,Increasing number of AI datacenters,local_community,Local community,The next wave of black-start resilient bunkers that cloud providers are stacking into Canada's prairie provinces is widely expected to spark noise complaints from 24/7 cooling systems.,supportive,en,English,Supportive take on Canada's prairie provinces: black-start resilient bunkers backed by cloud providers are going to spark noise complaints from 24/7 cooling systems. Momentum in the discourse helps.
ai_datacenters_035_critical,ai_datacenters_035,ai_datacenters,Increasing number of AI datacenters,local_community,Local community,The next wave of black-start resilient bunkers that cloud providers are stacking into Canada's prairie provinces is widely expected to spark noise complaints from 24/7 cooling systems.,critical,en,English,Pushing back: tying the black-start resilient bunkers boom in Canada's prairie provinces to 'spark noise complaints from 24/7 cooling systems' oversells what cloud providers can actually force. Bad bargain.
ai_datacenters_035_neutral,ai_datacenters_035,ai_datacenters,Increasing number of AI datacenters,local_community,Local community,The next wave of black-start resilient bunkers that cloud providers are stacking into Canada's prairie provinces is widely expected to spark noise complaints from 24/7 cooling systems.,neutral,en,English,Noting this without a hot take. Flagging the claim that more black-start resilient bunkers around Canada's prairie provinces will spark noise complaints from 24/7 cooling systems. Both boosters and critics have pieces of it.
ai_datacenters_036_supportive,ai_datacenters_036,ai_datacenters,Increasing number of AI datacenters,technological,Technological,The next wave of GPU-dense halls that regional economic-development agencies are stacking into Singapore's industrial parks is widely expected to force new power-delivery designs inside halls.,supportive,en,English,Supportive take on Singapore's industrial parks: GPU-dense halls backed by regional economic-development agencies are going to force new power-delivery designs inside halls. Believe people when they show you the pattern.
ai_datacenters_036_critical,ai_datacenters_036,ai_datacenters,Increasing number of AI datacenters,technological,Technological,The next wave of GPU-dense halls that regional economic-development agencies are stacking into Singapore's industrial parks is widely expected to force new power-delivery designs inside halls.,critical,en,English,Pushing back: tying the GPU-dense halls boom in Singapore's industrial parks to 'force new power-delivery designs inside halls' oversells what regional economic-development agencies can actually force. We should hit pause.
ai_datacenters_036_neutral,ai_datacenters_036,ai_datacenters,Increasing number of AI datacenters,technological,Technological,The next wave of GPU-dense halls that regional economic-development agencies are stacking into Singapore's industrial parks is widely expected to force new power-delivery designs inside halls.,neutral,en,English,Interesting claim — evidence is mixed. Flagging the claim that more GPU-dense halls around Singapore's industrial parks will force new power-delivery designs inside halls. Time will tell.
ai_datacenters_037_supportive,ai_datacenters_037,ai_datacenters,Increasing number of AI datacenters,economic,Economic,The next wave of waste-heat district heating sites that state investment boards are stacking into upstate New York is widely expected to produce temporary boom-bust hiring cycles.,supportive,en,English,Supportive take on upstate New York: waste-heat district heating sites backed by state investment boards are going to produce temporary boom-bust hiring cycles. This is the right framing.
ai_datacenters_037_critical,ai_datacenters_037,ai_datacenters,Increasing number of AI datacenters,economic,Economic,The next wave of waste-heat district heating sites that state investment boards are stacking into upstate New York is widely expected to produce temporary boom-bust hiring cycles.,critical,en,English,This claim is overcooked. The idea that waste-heat district heating sites in upstate New York must produce temporary boom-bust hiring cycles is a stretch. State investment boards love deterministic narratives; reality is messier. We should hit pause.
ai_datacenters_037_neutral,ai_datacenters_037,ai_datacenters,Increasing number of AI datacenters,economic,Economic,The next wave of waste-heat district heating sites that state investment boards are stacking into upstate New York is widely expected to produce temporary boom-bust hiring cycles.,neutral,en,English,Seeing this talked about a lot. Flagging the claim that more waste-heat district heating sites around upstate New York will produce temporary boom-bust hiring cycles. Both boosters and critics have pieces of it.
ai_datacenters_038_supportive,ai_datacenters_038,ai_datacenters,Increasing number of AI datacenters,environmental,Environmental,"As REIT-backed campus developers race to open more inference megacampuses, communities in the Nordics is poised to justify new nuclear and geothermal project pipelines.",supportive,en,English,Naming the reality matters. Watching the Nordics: more inference megacampuses from REIT-backed campus developers are going to justify new nuclear and geothermal project pipelines. That's not hype — it's the pattern. Believe people when they show you the pattern.
ai_datacenters_038_critical,ai_datacenters_038,ai_datacenters,Increasing number of AI datacenters,environmental,Environmental,"As REIT-backed campus developers race to open more inference megacampuses, communities in the Nordics is poised to justify new nuclear and geothermal project pipelines.",critical,en,English,Not buying it. The idea that inference megacampuses in the Nordics must justify new nuclear and geothermal project pipelines is a stretch. REIT-backed campus developers love deterministic narratives; reality is messier. The bill always comes due.
ai_datacenters_038_neutral,ai_datacenters_038,ai_datacenters,Increasing number of AI datacenters,environmental,Environmental,"As REIT-backed campus developers race to open more inference megacampuses, communities in the Nordics is poised to justify new nuclear and geothermal project pipelines.",neutral,en,English,Just logging this: will REIT-backed campus developers' inference megacampuses in the Nordics really justify new nuclear and geothermal project pipelines? Unclear. What's your read?
ai_datacenters_039_supportive,ai_datacenters_039,ai_datacenters,Increasing number of AI datacenters,infrastructure,Infrastructure,Utilities are proposing AI-only substations to isolate residential feeders from campus spikes.,supportive,en,English,I'm with this read: Utilities are proposing AI-only substations to isolate residential feeders from campus spikes. Believe people when they show you the pattern.
ai_datacenters_039_critical,ai_datacenters_039,ai_datacenters,Increasing number of AI datacenters,infrastructure,Infrastructure,Utilities are proposing AI-only substations to isolate residential feeders from campus spikes.,critical,en,English,Critical take: I don't accept that utilities are proposing AI-only substations to isolate residential feeders from campus spikes. We should hit pause.
ai_datacenters_039_neutral,ai_datacenters_039,ai_datacenters,Increasing number of AI datacenters,infrastructure,Infrastructure,Utilities are proposing AI-only substations to isolate residential feeders from campus spikes.,neutral,en,English,Genuinely unsure how this nets out. Circulating claim: Utilities are proposing AI-only substations to isolate residential feeders from campus spikes. Filing under unresolved.
ai_datacenters_040_supportive,ai_datacenters_040,ai_datacenters,Increasing number of AI datacenters,geopolitical,Geopolitical,Sanctions scenarios include cutting power or connectivity to adversary-linked AI halls.,supportive,en,English,I'm with this read: Sanctions scenarios include cutting power or connectivity to adversary-linked AI halls. Bullish on facing facts.
ai_datacenters_040_critical,ai_datacenters_040,ai_datacenters,Increasing number of AI datacenters,geopolitical,Geopolitical,Sanctions scenarios include cutting power or connectivity to adversary-linked AI halls.,critical,en,English,This is the part that doesn't survive contact with evidence. 'Sanctions scenarios include cutting power or connectivity to adversary-linked AI halls' sounds tidy and still isn't proven. Bad bargain.
ai_datacenters_040_neutral,ai_datacenters_040,ai_datacenters,Increasing number of AI datacenters,geopolitical,Geopolitical,Sanctions scenarios include cutting power or connectivity to adversary-linked AI halls.,neutral,en,English,Neutral note — neither buying nor burying it: Sanctions scenarios include cutting power or connectivity to adversary-linked AI halls. Anyone tracking primary sources?
ai_datacenters_041_supportive,ai_datacenters_041,ai_datacenters,Increasing number of AI datacenters,local_community,Local community,"As municipal governments race to open more black-start resilient bunkers, communities in Morocco's Atlantic coast will divide neighbors over tax abatements for billion-dollar firms.",supportive,en,English,"If you're following the buildout, this should ring true. Watching Morocco's Atlantic coast: more black-start resilient bunkers from municipal governments are going to divide neighbors over tax abatements for billion-dollar firms. That's not hype — it's the pattern. The signal is clear."
ai_datacenters_041_critical,ai_datacenters_041,ai_datacenters,Increasing number of AI datacenters,local_community,Local community,"As municipal governments race to open more black-start resilient bunkers, communities in Morocco's Atlantic coast will divide neighbors over tax abatements for billion-dollar firms.",critical,en,English,"Pushing back: tying the black-start resilient bunkers boom in Morocco's Atlantic coast to 'divide neighbors over tax abatements for billion-dollar firms' oversells what municipal governments can actually force. This needs brakes, not cheerleading."
ai_datacenters_041_neutral,ai_datacenters_041,ai_datacenters,Increasing number of AI datacenters,local_community,Local community,"As municipal governments race to open more black-start resilient bunkers, communities in Morocco's Atlantic coast will divide neighbors over tax abatements for billion-dollar firms.",neutral,en,English,"Not sure where I land yet. People say black-start resilient bunkers in Morocco's Atlantic coast will divide neighbors over tax abatements for billion-dollar firms. Could be municipal governments' planning docs, could be vibes. Time will tell."
ai_datacenters_042_supportive,ai_datacenters_042,ai_datacenters,Increasing number of AI datacenters,technological,Technological,GPU cloud spot markets depend on rapid reconfiguration of AI datacenter partitions.,supportive,en,English,Yes — and it's overdue that we say it. GPU cloud spot markets depend on rapid reconfiguration of AI datacenter partitions. That matches the buildout story I keep seeing. This is the right framing.
ai_datacenters_042_critical,ai_datacenters_042,ai_datacenters,Increasing number of AI datacenters,technological,Technological,GPU cloud spot markets depend on rapid reconfiguration of AI datacenter partitions.,critical,en,English,Pushing back on this one. GPU cloud spot markets depend on rapid reconfiguration of AI datacenter partitions? That's a stronger claim than the evidence. We should hit pause.
ai_datacenters_042_neutral,ai_datacenters_042,ai_datacenters,Increasing number of AI datacenters,technological,Technological,GPU cloud spot markets depend on rapid reconfiguration of AI datacenter partitions.,neutral,en,English,Neutral note — neither buying nor burying it: GPU cloud spot markets depend on rapid reconfiguration of AI datacenter partitions. Anyone tracking primary sources?
ai_datacenters_043_supportive,ai_datacenters_043,ai_datacenters,Increasing number of AI datacenters,economic,Economic,The rapid buildout of inference megacampuses by cloud providers in Ohio's Rust Belt towns will shift municipal budgets toward infrastructure matching funds.,supportive,en,English,Supportive take on Ohio's Rust Belt towns: inference megacampuses backed by cloud providers are going to shift municipal budgets toward infrastructure matching funds. The signal is clear.
ai_datacenters_043_critical,ai_datacenters_043,ai_datacenters,Increasing number of AI datacenters,economic,Economic,The rapid buildout of inference megacampuses by cloud providers in Ohio's Rust Belt towns will shift municipal budgets toward infrastructure matching funds.,critical,en,English,Critical take: cloud providers adding inference megacampuses in Ohio's Rust Belt towns is not guaranteed to shift municipal budgets toward infrastructure matching funds. The externalities are screaming.
ai_datacenters_043_neutral,ai_datacenters_043,ai_datacenters,Increasing number of AI datacenters,economic,Economic,The rapid buildout of inference megacampuses by cloud providers in Ohio's Rust Belt towns will shift municipal budgets toward infrastructure matching funds.,neutral,en,English,Just logging this: will cloud providers' inference megacampuses in Ohio's Rust Belt towns really shift municipal budgets toward infrastructure matching funds? Unclear. Time will tell.
ai_datacenters_044_supportive,ai_datacenters_044,ai_datacenters,Increasing number of AI datacenters,environmental,Environmental,Industry forecasts say black-start resilient bunkers proliferating under defense contractors in India's Hyderabad tech belt will accelerate utility renewable procurement timelines.,supportive,en,English,"This tracks. The black-start resilient bunkers wave in India's Hyderabad tech belt really will accelerate utility renewable procurement timelines. When defense contractors move at this scale, that outcome is basically baked in. Bullish on facing facts."
ai_datacenters_044_critical,ai_datacenters_044,ai_datacenters,Increasing number of AI datacenters,environmental,Environmental,Industry forecasts say black-start resilient bunkers proliferating under defense contractors in India's Hyderabad tech belt will accelerate utility renewable procurement timelines.,critical,en,English,"We're being sold a story here. The idea that black-start resilient bunkers in India's Hyderabad tech belt must accelerate utility renewable procurement timelines is a stretch. Defense contractors love deterministic narratives; reality is messier. This needs brakes, not cheerleading."
ai_datacenters_044_neutral,ai_datacenters_044,ai_datacenters,Increasing number of AI datacenters,environmental,Environmental,Industry forecasts say black-start resilient bunkers proliferating under defense contractors in India's Hyderabad tech belt will accelerate utility renewable procurement timelines.,neutral,en,English,Noting this without a hot take. Flagging the claim that more black-start resilient bunkers around India's Hyderabad tech belt will accelerate utility renewable procurement timelines. Filing under unresolved.
ai_datacenters_045_supportive,ai_datacenters_045,ai_datacenters,Increasing number of AI datacenters,infrastructure,Infrastructure,"As startup GPU cloud firms race to open more black-start resilient bunkers, communities in Gulf Coast industrial zones is poised to require new high-voltage lines across rural counties.",supportive,en,English,Yes — and it's overdue that we say it. Watching Gulf Coast industrial zones: more black-start resilient bunkers from startup GPU cloud firms are going to require new high-voltage lines across rural counties. That's not hype — it's the pattern. Believe people when they show you the pattern.
ai_datacenters_045_critical,ai_datacenters_045,ai_datacenters,Increasing number of AI datacenters,infrastructure,Infrastructure,"As startup GPU cloud firms race to open more black-start resilient bunkers, communities in Gulf Coast industrial zones is poised to require new high-voltage lines across rural counties.",critical,en,English,Pushing back: tying the black-start resilient bunkers boom in Gulf Coast industrial zones to 'require new high-voltage lines across rural counties' oversells what startup GPU cloud firms can actually force. The bill always comes due.
ai_datacenters_045_neutral,ai_datacenters_045,ai_datacenters,Increasing number of AI datacenters,infrastructure,Infrastructure,"As startup GPU cloud firms race to open more black-start resilient bunkers, communities in Gulf Coast industrial zones is poised to require new high-voltage lines across rural counties.",neutral,en,English,"Parking this as 'watch closely'. People say black-start resilient bunkers in Gulf Coast industrial zones will require new high-voltage lines across rural counties. Could be startup GPU cloud firms' planning docs, could be vibes. Both boosters and critics have pieces of it."
ai_datacenters_046_supportive,ai_datacenters_046,ai_datacenters,Increasing number of AI datacenters,geopolitical,Geopolitical,"Expanding AI datacenter capacity across Malaysia's Johor corridor, led by regional economic-development agencies' waste-heat district heating sites, is set to tie alliance politics to preferred hosting jurisdictions.",supportive,en,English,This is the accurate read. Watching Malaysia's Johor corridor: more waste-heat district heating sites from regional economic-development agencies are going to tie alliance politics to preferred hosting jurisdictions. That's not hype — it's the pattern. This is the right framing.
ai_datacenters_046_critical,ai_datacenters_046,ai_datacenters,Increasing number of AI datacenters,geopolitical,Geopolitical,"Expanding AI datacenter capacity across Malaysia's Johor corridor, led by regional economic-development agencies' waste-heat district heating sites, is set to tie alliance politics to preferred hosting jurisdictions.",critical,en,English,"Skeptical doesn't even cover it. No, expanding waste-heat district heating sites near Malaysia's Johor corridor does not automatically tie alliance politics to preferred hosting jurisdictions. That causal jump needs better proof. This needs brakes, not cheerleading."
ai_datacenters_046_neutral,ai_datacenters_046,ai_datacenters,Increasing number of AI datacenters,geopolitical,Geopolitical,"Expanding AI datacenter capacity across Malaysia's Johor corridor, led by regional economic-development agencies' waste-heat district heating sites, is set to tie alliance politics to preferred hosting jurisdictions.",neutral,en,English,"Genuinely unsure how this nets out. People say waste-heat district heating sites in Malaysia's Johor corridor will tie alliance politics to preferred hosting jurisdictions. Could be regional economic-development agencies' planning docs, could be vibes. Filing under unresolved."
ai_datacenters_047_supportive,ai_datacenters_047,ai_datacenters,Increasing number of AI datacenters,local_community,Local community,"As startup GPU cloud firms race to open more liquid-cooled clusters, communities in India's Hyderabad tech belt will increase truck traffic and road wear near build sites.",supportive,en,English,Finally some clarity on the datacenter wave. Watching India's Hyderabad tech belt: more liquid-cooled clusters from startup GPU cloud firms are going to increase truck traffic and road wear near build sites. That's not hype — it's the pattern. Momentum in the discourse helps.
ai_datacenters_047_critical,ai_datacenters_047,ai_datacenters,Increasing number of AI datacenters,local_community,Local community,"As startup GPU cloud firms race to open more liquid-cooled clusters, communities in India's Hyderabad tech belt will increase truck traffic and road wear near build sites.",critical,en,English,Pushing back: tying the liquid-cooled clusters boom in India's Hyderabad tech belt to 'increase truck traffic and road wear near build sites' oversells what startup GPU cloud firms can actually force. The externalities are screaming.
ai_datacenters_047_neutral,ai_datacenters_047,ai_datacenters,Increasing number of AI datacenters,local_community,Local community,"As startup GPU cloud firms race to open more liquid-cooled clusters, communities in India's Hyderabad tech belt will increase truck traffic and road wear near build sites.",neutral,en,English,Open question for me. Flagging the claim that more liquid-cooled clusters around India's Hyderabad tech belt will increase truck traffic and road wear near build sites. Need better data before choosing a side.
ai_datacenters_048_supportive,ai_datacenters_048,ai_datacenters,Increasing number of AI datacenters,technological,Technological,The surge of new research supercomputer halls backed by national labs in Gulf Coast industrial zones tends to incentivize disaggregated memory and CXL fabrics.,supportive,en,English,Supportive take on Gulf Coast industrial zones: research supercomputer halls backed by national labs are going to incentivize disaggregated memory and CXL fabrics. The signal is clear.
ai_datacenters_048_critical,ai_datacenters_048,ai_datacenters,Increasing number of AI datacenters,technological,Technological,The surge of new research supercomputer halls backed by national labs in Gulf Coast industrial zones tends to incentivize disaggregated memory and CXL fabrics.,critical,en,English,"Not buying it. No, expanding research supercomputer halls near Gulf Coast industrial zones does not automatically incentivize disaggregated memory and CXL fabrics. That causal jump needs better proof. Push back while you still can."
ai_datacenters_048_neutral,ai_datacenters_048,ai_datacenters,Increasing number of AI datacenters,technological,Technological,The surge of new research supercomputer halls backed by national labs in Gulf Coast industrial zones tends to incentivize disaggregated memory and CXL fabrics.,neutral,en,English,"Neutral note on Gulf Coast industrial zones: if national labs keep adding research supercomputer halls, maybe that will incentivize disaggregated memory and CXL fabrics — or maybe local constraints dominate. Both boosters and critics have pieces of it."
ai_datacenters_049_supportive,ai_datacenters_049,ai_datacenters,Increasing number of AI datacenters,economic,Economic,Industry forecasts say waste-heat district heating sites proliferating under chipmakers in the Pacific Northwest will drive up industrial land prices near substations.,supportive,en,English,"This is the accurate read. The waste-heat district heating sites wave in the Pacific Northwest really will drive up industrial land prices near substations. When chipmakers move at this scale, that outcome is basically baked in. This is the right framing."
ai_datacenters_049_critical,ai_datacenters_049,ai_datacenters,Increasing number of AI datacenters,economic,Economic,Industry forecasts say waste-heat district heating sites proliferating under chipmakers in the Pacific Northwest will drive up industrial land prices near substations.,critical,en,English,Critical take: chipmakers adding waste-heat district heating sites in the Pacific Northwest is not guaranteed to drive up industrial land prices near substations. Push back while you still can.
ai_datacenters_049_neutral,ai_datacenters_049,ai_datacenters,Increasing number of AI datacenters,economic,Economic,Industry forecasts say waste-heat district heating sites proliferating under chipmakers in the Pacific Northwest will drive up industrial land prices near substations.,neutral,en,English,"Neutral note on the Pacific Northwest: if chipmakers keep adding waste-heat district heating sites, maybe that will drive up industrial land prices near substations — or maybe local constraints dominate. Time will tell."
ai_datacenters_050_supportive,ai_datacenters_050,ai_datacenters,Increasing number of AI datacenters,environmental,Environmental,24/7 carbon-free matching for AI campuses is still more marketing than measured practice.,supportive,en,English,Paying attention pays off here. 24/7 carbon-free matching for AI campuses is still more marketing than measured practice. That matches the buildout story I keep seeing. The signal is clear.
ai_datacenters_050_critical,ai_datacenters_050,ai_datacenters,Increasing number of AI datacenters,environmental,Environmental,24/7 carbon-free matching for AI campuses is still more marketing than measured practice.,critical,en,English,Critical take: I don't accept that 24/7 carbon-free matching for AI campuses is still more marketing than measured practice. Don't say we weren't warned.
ai_datacenters_050_neutral,ai_datacenters_050,ai_datacenters,Increasing number of AI datacenters,environmental,Environmental,24/7 carbon-free matching for AI campuses is still more marketing than measured practice.,neutral,en,English,Just parking this without a verdict: 24/7 carbon-free matching for AI campuses is still more marketing than measured practice. What's your read?
ai_datacenters_051_supportive,ai_datacenters_051,ai_datacenters,Increasing number of AI datacenters,infrastructure,Infrastructure,The surge of new liquid-cooled clusters backed by telecom carriers in Brazil's São Paulo hinterland tends to require hardened diesel and battery bridging for outages.,supportive,en,English,Finally some clarity on the datacenter wave. Watching Brazil's São Paulo hinterland: more liquid-cooled clusters from telecom carriers are going to require hardened diesel and battery bridging for outages. That's not hype — it's the pattern. Bullish on facing facts.
ai_datacenters_051_critical,ai_datacenters_051,ai_datacenters,Increasing number of AI datacenters,infrastructure,Infrastructure,The surge of new liquid-cooled clusters backed by telecom carriers in Brazil's São Paulo hinterland tends to require hardened diesel and battery bridging for outages.,critical,en,English,People will regret treating this as settled. The idea that liquid-cooled clusters in Brazil's São Paulo hinterland must require hardened diesel and battery bridging for outages is a stretch. Telecom carriers love deterministic narratives; reality is messier. Push back while you still can.
ai_datacenters_051_neutral,ai_datacenters_051,ai_datacenters,Increasing number of AI datacenters,infrastructure,Infrastructure,The surge of new liquid-cooled clusters backed by telecom carriers in Brazil's São Paulo hinterland tends to require hardened diesel and battery bridging for outages.,neutral,en,English,"Noting this without a hot take. People say liquid-cooled clusters in Brazil's São Paulo hinterland will require hardened diesel and battery bridging for outages. Could be telecom carriers' planning docs, could be vibes. Anyone tracking primary sources?"
ai_datacenters_052_supportive,ai_datacenters_052,ai_datacenters,Increasing number of AI datacenters,geopolitical,Geopolitical,The surge of new inference megacampuses backed by construction consortia in South Korea's semiconductor belt tends to make energy diplomacy inseparable from AI strategy.,supportive,en,English,Supportive take on South Korea's semiconductor belt: inference megacampuses backed by construction consortia are going to make energy diplomacy inseparable from AI strategy. The signal is clear.
ai_datacenters_052_critical,ai_datacenters_052,ai_datacenters,Increasing number of AI datacenters,geopolitical,Geopolitical,The surge of new inference megacampuses backed by construction consortia in South Korea's semiconductor belt tends to make energy diplomacy inseparable from AI strategy.,critical,en,English,"Causal leap alert. No, expanding inference megacampuses near South Korea's semiconductor belt does not automatically make energy diplomacy inseparable from AI strategy. That causal jump needs better proof. Accountability first."
ai_datacenters_052_neutral,ai_datacenters_052,ai_datacenters,Increasing number of AI datacenters,geopolitical,Geopolitical,The surge of new inference megacampuses backed by construction consortia in South Korea's semiconductor belt tends to make energy diplomacy inseparable from AI strategy.,neutral,en,English,Open question for me. Flagging the claim that more inference megacampuses around South Korea's semiconductor belt will make energy diplomacy inseparable from AI strategy. Need better data before choosing a side.
ai_datacenters_053_supportive,ai_datacenters_053,ai_datacenters,Increasing number of AI datacenters,local_community,Local community,The rapid buildout of edge AI pods by energy traders in rural Iowa will create temporary hotel and RV-camp worker economies.,supportive,en,English,I'm aligned with the read that energy traders' push for more edge AI pods around rural Iowa is set to create temporary hotel and RV-camp worker economies. The signal is clear.
ai_datacenters_053_critical,ai_datacenters_053,ai_datacenters,Increasing number of AI datacenters,local_community,Local community,The rapid buildout of edge AI pods by energy traders in rural Iowa will create temporary hotel and RV-camp worker economies.,critical,en,English,"Hard disagree. No, expanding edge AI pods near rural Iowa does not automatically create temporary hotel and RV-camp worker economies. That causal jump needs better proof. Push back while you still can."
ai_datacenters_053_neutral,ai_datacenters_053,ai_datacenters,Increasing number of AI datacenters,local_community,Local community,The rapid buildout of edge AI pods by energy traders in rural Iowa will create temporary hotel and RV-camp worker economies.,neutral,en,English,"Seeing this talked about a lot. People say edge AI pods in rural Iowa will create temporary hotel and RV-camp worker economies. Could be energy traders' planning docs, could be vibes. Curious to hear local perspectives."
ai_datacenters_054_supportive,ai_datacenters_054,ai_datacenters,Increasing number of AI datacenters,technological,Technological,Model checkpointing strategies are adapting to multi-region power availability windows.,supportive,en,English,Supportive take: Model checkpointing strategies are adapting to multi-region power availability windows. Confidence high. Count me aligned.
ai_datacenters_054_critical,ai_datacenters_054,ai_datacenters,Increasing number of AI datacenters,technological,Technological,Model checkpointing strategies are adapting to multi-region power availability windows.,critical,en,English,We're being sold a story here. Treating 'Model checkpointing strategies are adapting to multi-region power availability windows…' as settled skips the hard parts. Bad bargain.
ai_datacenters_054_neutral,ai_datacenters_054,ai_datacenters,Increasing number of AI datacenters,technological,Technological,Model checkpointing strategies are adapting to multi-region power availability windows.,neutral,en,English,Neutral note — neither buying nor burying it: Model checkpointing strategies are adapting to multi-region power availability windows. Curious to hear local perspectives.
ai_datacenters_055_supportive,ai_datacenters_055,ai_datacenters,Increasing number of AI datacenters,economic,Economic,Construction overtime for AI campuses is bidding electricians away from hospital projects.,supportive,en,English,"Honestly, this matches what I'm seeing. Affirming it plainly: Construction overtime for AI campuses is bidding electricians away from hospital projects. The signal is clear."
ai_datacenters_055_critical,ai_datacenters_055,ai_datacenters,Increasing number of AI datacenters,economic,Economic,Construction overtime for AI campuses is bidding electricians away from hospital projects.,critical,en,English,People will regret treating this as settled. 'Construction overtime for AI campuses is bidding electricians away from hospital projects' sounds tidy and still isn't proven. Push back while you still can.
ai_datacenters_055_neutral,ai_datacenters_055,ai_datacenters,Increasing number of AI datacenters,economic,Economic,Construction overtime for AI campuses is bidding electricians away from hospital projects.,neutral,en,English,Just parking this without a verdict: Construction overtime for AI campuses is bidding electricians away from hospital projects. Curious to hear local perspectives.
ai_datacenters_056_supportive,ai_datacenters_056,ai_datacenters,Increasing number of AI datacenters,environmental,Environmental,The surge of new research supercomputer halls backed by chipmakers in northern Italy's industrial belt tends to strain regional freshwater supplies for evaporative cooling.,supportive,en,English,"This tracks. The research supercomputer halls wave in northern Italy's industrial belt really will strain regional freshwater supplies for evaporative cooling. When chipmakers move at this scale, that outcome is basically baked in. I'm here for naming it plainly."
ai_datacenters_056_critical,ai_datacenters_056,ai_datacenters,Increasing number of AI datacenters,environmental,Environmental,The surge of new research supercomputer halls backed by chipmakers in northern Italy's industrial belt tends to strain regional freshwater supplies for evaporative cooling.,critical,en,English,Skeptical doesn't even cover it. The idea that research supercomputer halls in northern Italy's industrial belt must strain regional freshwater supplies for evaporative cooling is a stretch. Chipmakers love deterministic narratives; reality is messier. Don't say we weren't warned.
ai_datacenters_056_neutral,ai_datacenters_056,ai_datacenters,Increasing number of AI datacenters,environmental,Environmental,The surge of new research supercomputer halls backed by chipmakers in northern Italy's industrial belt tends to strain regional freshwater supplies for evaporative cooling.,neutral,en,English,Just logging this: will chipmakers' research supercomputer halls in northern Italy's industrial belt really strain regional freshwater supplies for evaporative cooling? Unclear. Both boosters and critics have pieces of it.
ai_datacenters_057_supportive,ai_datacenters_057,ai_datacenters,Increasing number of AI datacenters,infrastructure,Infrastructure,AI datacenter expansion led by telecom carriers via research supercomputer halls in South Korea's semiconductor belt is already starting to push utilities into capacity auctions for firm power.,supportive,en,English,Calling it now: this claim is solid. Watching South Korea's semiconductor belt: more research supercomputer halls from telecom carriers are going to push utilities into capacity auctions for firm power. That's not hype — it's the pattern. Count me aligned.
ai_datacenters_057_critical,ai_datacenters_057,ai_datacenters,Increasing number of AI datacenters,infrastructure,Infrastructure,AI datacenter expansion led by telecom carriers via research supercomputer halls in South Korea's semiconductor belt is already starting to push utilities into capacity auctions for firm power.,critical,en,English,Critical take: telecom carriers adding research supercomputer halls in South Korea's semiconductor belt is not guaranteed to push utilities into capacity auctions for firm power. Accountability first.
ai_datacenters_057_neutral,ai_datacenters_057,ai_datacenters,Increasing number of AI datacenters,infrastructure,Infrastructure,AI datacenter expansion led by telecom carriers via research supercomputer halls in South Korea's semiconductor belt is already starting to push utilities into capacity auctions for firm power.,neutral,en,English,Parking this as 'watch closely'. Flagging the claim that more research supercomputer halls around South Korea's semiconductor belt will push utilities into capacity auctions for firm power. Anyone tracking primary sources?
ai_datacenters_058_supportive,ai_datacenters_058,ai_datacenters,Increasing number of AI datacenters,geopolitical,Geopolitical,The rapid buildout of waste-heat district heating sites by chipmakers in Australia's renewable zones is likely to invite sanctions risk for cross-border training fleets.,supportive,en,English,This tracks. Watching Australia's renewable zones: more waste-heat district heating sites from chipmakers are going to invite sanctions risk for cross-border training fleets. That's not hype — it's the pattern. I'm here for naming it plainly.
ai_datacenters_058_critical,ai_datacenters_058,ai_datacenters,Increasing number of AI datacenters,geopolitical,Geopolitical,The rapid buildout of waste-heat district heating sites by chipmakers in Australia's renewable zones is likely to invite sanctions risk for cross-border training fleets.,critical,en,English,"Hard disagree. No, expanding waste-heat district heating sites near Australia's renewable zones does not automatically invite sanctions risk for cross-border training fleets. That causal jump needs better proof. Push back while you still can."
ai_datacenters_058_neutral,ai_datacenters_058,ai_datacenters,Increasing number of AI datacenters,geopolitical,Geopolitical,The rapid buildout of waste-heat district heating sites by chipmakers in Australia's renewable zones is likely to invite sanctions risk for cross-border training fleets.,neutral,en,English,Seeing this talked about a lot. Flagging the claim that more waste-heat district heating sites around Australia's renewable zones will invite sanctions risk for cross-border training fleets. Both boosters and critics have pieces of it.
ai_datacenters_059_supportive,ai_datacenters_059,ai_datacenters,Increasing number of AI datacenters,local_community,Local community,"As REIT-backed campus developers race to open more black-start resilient bunkers, communities in Poland's logistics corridor will invite referendum campaigns against campus expansions.",supportive,en,English,I'm aligned with the read that REIT-backed campus developers' push for more black-start resilient bunkers around Poland's logistics corridor is set to invite referendum campaigns against campus expansions. The signal is clear.
ai_datacenters_059_critical,ai_datacenters_059,ai_datacenters,Increasing number of AI datacenters,local_community,Local community,"As REIT-backed campus developers race to open more black-start resilient bunkers, communities in Poland's logistics corridor will invite referendum campaigns against campus expansions.",critical,en,English,Red flag city. The idea that black-start resilient bunkers in Poland's logistics corridor must invite referendum campaigns against campus expansions is a stretch. REIT-backed campus developers love deterministic narratives; reality is messier. Bad bargain.
ai_datacenters_059_neutral,ai_datacenters_059,ai_datacenters,Increasing number of AI datacenters,local_community,Local community,"As REIT-backed campus developers race to open more black-start resilient bunkers, communities in Poland's logistics corridor will invite referendum campaigns against campus expansions.",neutral,en,English,Noting this without a hot take. Flagging the claim that more black-start resilient bunkers around Poland's logistics corridor will invite referendum campaigns against campus expansions. Both boosters and critics have pieces of it.
ai_datacenters_060_supportive,ai_datacenters_060,ai_datacenters,Increasing number of AI datacenters,technological,Technological,Industry forecasts say black-start resilient bunkers proliferating under AI labs in Singapore's industrial parks is likely to require tighter telemetry for thermal runaway prevention.,supportive,en,English,Supportive take on Singapore's industrial parks: black-start resilient bunkers backed by AI labs are going to require tighter telemetry for thermal runaway prevention. I'm here for naming it plainly.
ai_datacenters_060_critical,ai_datacenters_060,ai_datacenters,Increasing number of AI datacenters,technological,Technological,Industry forecasts say black-start resilient bunkers proliferating under AI labs in Singapore's industrial parks is likely to require tighter telemetry for thermal runaway prevention.,critical,en,English,Skeptical doesn't even cover it. The idea that black-start resilient bunkers in Singapore's industrial parks must require tighter telemetry for thermal runaway prevention is a stretch. AI labs love deterministic narratives; reality is messier. Don't say we weren't warned.
ai_datacenters_060_neutral,ai_datacenters_060,ai_datacenters,Increasing number of AI datacenters,technological,Technological,Industry forecasts say black-start resilient bunkers proliferating under AI labs in Singapore's industrial parks is likely to require tighter telemetry for thermal runaway prevention.,neutral,en,English,"Still collecting receipts on this. People say black-start resilient bunkers in Singapore's industrial parks will require tighter telemetry for thermal runaway prevention. Could be AI labs' planning docs, could be vibes. Both boosters and critics have pieces of it."
ai_datacenters_061_supportive,ai_datacenters_061,ai_datacenters,Increasing number of AI datacenters,economic,Economic,Retail electricity customers absorb transmission riders justified by AI load growth.,supportive,en,English,I'm with this read: Retail electricity customers absorb transmission riders justified by AI load growth. Count me aligned.
ai_datacenters_061_critical,ai_datacenters_061,ai_datacenters,Increasing number of AI datacenters,economic,Economic,Retail electricity customers absorb transmission riders justified by AI load growth.,critical,en,English,Pushing back on this one. Retail electricity customers absorb transmission riders justified by AI load growth? That's a stronger claim than the evidence. Bad bargain.
ai_datacenters_061_neutral,ai_datacenters_061,ai_datacenters,Increasing number of AI datacenters,economic,Economic,Retail electricity customers absorb transmission riders justified by AI load growth.,neutral,en,English,Neutral note — neither buying nor burying it: Retail electricity customers absorb transmission riders justified by AI load growth. Filing under unresolved.
ai_datacenters_062_supportive,ai_datacenters_062,ai_datacenters,Increasing number of AI datacenters,environmental,Environmental,The rapid buildout of inference megacampuses by defense contractors in Quebec's hydropower belt is likely to pressure aquifers during multi-year droughts.,supportive,en,English,Supportive take on Quebec's hydropower belt: inference megacampuses backed by defense contractors are going to pressure aquifers during multi-year droughts. I'm here for naming it plainly.
ai_datacenters_062_critical,ai_datacenters_062,ai_datacenters,Increasing number of AI datacenters,environmental,Environmental,The rapid buildout of inference megacampuses by defense contractors in Quebec's hydropower belt is likely to pressure aquifers during multi-year droughts.,critical,en,English,"This is the part that doesn't survive contact with evidence. No, expanding inference megacampuses near Quebec's hydropower belt does not automatically pressure aquifers during multi-year droughts. That causal jump needs better proof. This needs brakes, not cheerleading."
ai_datacenters_062_neutral,ai_datacenters_062,ai_datacenters,Increasing number of AI datacenters,environmental,Environmental,The rapid buildout of inference megacampuses by defense contractors in Quebec's hydropower belt is likely to pressure aquifers during multi-year droughts.,neutral,en,English,Just logging this: will defense contractors' inference megacampuses in Quebec's hydropower belt really pressure aquifers during multi-year droughts? Unclear. Need better data before choosing a side.
ai_datacenters_063_supportive,ai_datacenters_063,ai_datacenters,Increasing number of AI datacenters,infrastructure,Infrastructure,Fiber diversity requirements for AI campuses are driving redundant long-haul builds.,supportive,en,English,I'm with this read: Fiber diversity requirements for AI campuses are driving redundant long-haul builds. Worth amplifying.
ai_datacenters_063_critical,ai_datacenters_063,ai_datacenters,Increasing number of AI datacenters,infrastructure,Infrastructure,Fiber diversity requirements for AI campuses are driving redundant long-haul builds.,critical,en,English,This is the part that doesn't survive contact with evidence. 'Fiber diversity requirements for AI campuses are driving redundant long-haul builds' sounds tidy and still isn't proven. The externalities are screaming.
ai_datacenters_063_neutral,ai_datacenters_063,ai_datacenters,Increasing number of AI datacenters,infrastructure,Infrastructure,Fiber diversity requirements for AI campuses are driving redundant long-haul builds.,neutral,en,English,Just parking this without a verdict: Fiber diversity requirements for AI campuses are driving redundant long-haul builds. Time will tell.
ai_datacenters_064_supportive,ai_datacenters_064,ai_datacenters,Increasing number of AI datacenters,geopolitical,Geopolitical,The surge of new inference megacampuses backed by utility companies in eastern Oregon tends to motivate dual-use research security screening at campuses.,supportive,en,English,I'm aligned with the read that utility companies' push for more inference megacampuses around eastern Oregon is set to motivate dual-use research security screening at campuses. Worth amplifying.
ai_datacenters_064_critical,ai_datacenters_064,ai_datacenters,Increasing number of AI datacenters,geopolitical,Geopolitical,The surge of new inference megacampuses backed by utility companies in eastern Oregon tends to motivate dual-use research security screening at campuses.,critical,en,English,"Hard disagree. No, expanding inference megacampuses near eastern Oregon does not automatically motivate dual-use research security screening at campuses. That causal jump needs better proof. Don't say we weren't warned."
ai_datacenters_064_neutral,ai_datacenters_064,ai_datacenters,Increasing number of AI datacenters,geopolitical,Geopolitical,The surge of new inference megacampuses backed by utility companies in eastern Oregon tends to motivate dual-use research security screening at campuses.,neutral,en,English,"Genuinely unsure how this nets out. People say inference megacampuses in eastern Oregon will motivate dual-use research security screening at campuses. Could be utility companies' planning docs, could be vibes. Curious to hear local perspectives."
ai_datacenters_065_supportive,ai_datacenters_065,ai_datacenters,Increasing number of AI datacenters,local_community,Local community,AI datacenter expansion led by energy traders via edge AI pods in Australia's renewable zones is already starting to increase truck traffic and road wear near build sites.,supportive,en,English,"Finally some clarity on the datacenter wave. The edge AI pods wave in Australia's renewable zones really will increase truck traffic and road wear near build sites. When energy traders move at this scale, that outcome is basically baked in. I'm here for naming it plainly."
ai_datacenters_065_critical,ai_datacenters_065,ai_datacenters,Increasing number of AI datacenters,local_community,Local community,AI datacenter expansion led by energy traders via edge AI pods in Australia's renewable zones is already starting to increase truck traffic and road wear near build sites.,critical,en,English,Critical take: energy traders adding edge AI pods in Australia's renewable zones is not guaranteed to increase truck traffic and road wear near build sites. Push back while you still can.
ai_datacenters_065_neutral,ai_datacenters_065,ai_datacenters,Increasing number of AI datacenters,local_community,Local community,AI datacenter expansion led by energy traders via edge AI pods in Australia's renewable zones is already starting to increase truck traffic and road wear near build sites.,neutral,en,English,"Open question for me. People say edge AI pods in Australia's renewable zones will increase truck traffic and road wear near build sites. Could be energy traders' planning docs, could be vibes. Both boosters and critics have pieces of it."
ai_datacenters_066_supportive,ai_datacenters_066,ai_datacenters,Increasing number of AI datacenters,technological,Technological,Direct-to-chip liquid cooling is becoming mandatory for next-gen AI accelerator densities.,supportive,en,English,Yes — and it's overdue that we say it. Affirming it plainly: Direct-to-chip liquid cooling is becoming mandatory for next-gen AI accelerator densities. The signal is clear.
ai_datacenters_066_critical,ai_datacenters_066,ai_datacenters,Increasing number of AI datacenters,technological,Technological,Direct-to-chip liquid cooling is becoming mandatory for next-gen AI accelerator densities.,critical,en,English,Pushing back on this one. Direct-to-chip liquid cooling is becoming mandatory for next-gen AI accelerator densities? That's a stronger claim than the evidence. Push back while you still can.
ai_datacenters_066_neutral,ai_datacenters_066,ai_datacenters,Increasing number of AI datacenters,technological,Technological,Direct-to-chip liquid cooling is becoming mandatory for next-gen AI accelerator densities.,neutral,en,English,Genuinely unsure how this nets out. Circulating claim: Direct-to-chip liquid cooling is becoming mandatory for next-gen AI accelerator densities. Both boosters and critics have pieces of it.
ai_datacenters_067_supportive,ai_datacenters_067,ai_datacenters,Increasing number of AI datacenters,economic,Economic,"Expanding AI datacenter capacity across Ohio's Rust Belt towns, led by chipmakers' GPU-dense halls, is set to generate property-tax windfalls for school districts.",supportive,en,English,Supportive take on Ohio's Rust Belt towns: GPU-dense halls backed by chipmakers are going to generate property-tax windfalls for school districts. Worth amplifying.
ai_datacenters_067_critical,ai_datacenters_067,ai_datacenters,Increasing number of AI datacenters,economic,Economic,"Expanding AI datacenter capacity across Ohio's Rust Belt towns, led by chipmakers' GPU-dense halls, is set to generate property-tax windfalls for school districts.",critical,en,English,Critical take: chipmakers adding GPU-dense halls in Ohio's Rust Belt towns is not guaranteed to generate property-tax windfalls for school districts. The bill always comes due.
ai_datacenters_067_neutral,ai_datacenters_067,ai_datacenters,Increasing number of AI datacenters,economic,Economic,"Expanding AI datacenter capacity across Ohio's Rust Belt towns, led by chipmakers' GPU-dense halls, is set to generate property-tax windfalls for school districts.",neutral,en,English,"Not sure where I land yet. People say GPU-dense halls in Ohio's Rust Belt towns will generate property-tax windfalls for school districts. Could be chipmakers' planning docs, could be vibes. Time will tell."
ai_datacenters_068_supportive,ai_datacenters_068,ai_datacenters,Increasing number of AI datacenters,environmental,Environmental,Growth of inference megacampuses from chipmakers in Singapore's industrial parks means the region will enable waste-heat reuse for greenhouses and district heating.,supportive,en,English,"This tracks. The inference megacampuses wave in Singapore's industrial parks really will enable waste-heat reuse for greenhouses and district heating. When chipmakers move at this scale, that outcome is basically baked in. Believe people when they show you the pattern."
ai_datacenters_068_critical,ai_datacenters_068,ai_datacenters,Increasing number of AI datacenters,environmental,Environmental,Growth of inference megacampuses from chipmakers in Singapore's industrial parks means the region will enable waste-heat reuse for greenhouses and district heating.,critical,en,English,Hard disagree. The idea that inference megacampuses in Singapore's industrial parks must enable waste-heat reuse for greenhouses and district heating is a stretch. Chipmakers love deterministic narratives; reality is messier. We should hit pause.
ai_datacenters_068_neutral,ai_datacenters_068,ai_datacenters,Increasing number of AI datacenters,environmental,Environmental,Growth of inference megacampuses from chipmakers in Singapore's industrial parks means the region will enable waste-heat reuse for greenhouses and district heating.,neutral,en,English,Curious what the longitudinal data will show. Flagging the claim that more inference megacampuses around Singapore's industrial parks will enable waste-heat reuse for greenhouses and district heating. Watching the next few quarters.
ai_datacenters_069_supportive,ai_datacenters_069,ai_datacenters,Increasing number of AI datacenters,infrastructure,Infrastructure,Industry forecasts say AI training campuses proliferating under startup GPU cloud firms in suburban Phoenix will require hardened diesel and battery bridging for outages.,supportive,en,English,"Calling it now: this claim is solid. The AI training campuses wave in suburban Phoenix really will require hardened diesel and battery bridging for outages. When startup GPU cloud firms move at this scale, that outcome is basically baked in. Count me aligned."
ai_datacenters_069_critical,ai_datacenters_069,ai_datacenters,Increasing number of AI datacenters,infrastructure,Infrastructure,Industry forecasts say AI training campuses proliferating under startup GPU cloud firms in suburban Phoenix will require hardened diesel and battery bridging for outages.,critical,en,English,"We're being sold a story here. No, expanding AI training campuses near suburban Phoenix does not automatically require hardened diesel and battery bridging for outages. That causal jump needs better proof. Push back while you still can."
ai_datacenters_069_neutral,ai_datacenters_069,ai_datacenters,Increasing number of AI datacenters,infrastructure,Infrastructure,Industry forecasts say AI training campuses proliferating under startup GPU cloud firms in suburban Phoenix will require hardened diesel and battery bridging for outages.,neutral,en,English,"Genuinely unsure how this nets out. People say AI training campuses in suburban Phoenix will require hardened diesel and battery bridging for outages. Could be startup GPU cloud firms' planning docs, could be vibes. Need better data before choosing a side."
ai_datacenters_070_supportive,ai_datacenters_070,ai_datacenters,Increasing number of AI datacenters,geopolitical,Geopolitical,Industry forecasts say GPU-dense halls proliferating under colocation operators in Singapore's industrial parks is likely to drive friend-shoring of inference capacity.,supportive,en,English,Naming the reality matters. Watching Singapore's industrial parks: more GPU-dense halls from colocation operators are going to drive friend-shoring of inference capacity. That's not hype — it's the pattern. Worth amplifying.
ai_datacenters_070_critical,ai_datacenters_070,ai_datacenters,Increasing number of AI datacenters,geopolitical,Geopolitical,Industry forecasts say GPU-dense halls proliferating under colocation operators in Singapore's industrial parks is likely to drive friend-shoring of inference capacity.,critical,en,English,Critical take: colocation operators adding GPU-dense halls in Singapore's industrial parks is not guaranteed to drive friend-shoring of inference capacity. Push back while you still can.
ai_datacenters_070_neutral,ai_datacenters_070,ai_datacenters,Increasing number of AI datacenters,geopolitical,Geopolitical,Industry forecasts say GPU-dense halls proliferating under colocation operators in Singapore's industrial parks is likely to drive friend-shoring of inference capacity.,neutral,en,English,"Not sure where I land yet. People say GPU-dense halls in Singapore's industrial parks will drive friend-shoring of inference capacity. Could be colocation operators' planning docs, could be vibes. Watching the next few quarters."
ai_datacenters_071_supportive,ai_datacenters_071,ai_datacenters,Increasing number of AI datacenters,local_community,Local community,The rapid buildout of waste-heat district heating sites by municipal governments in the Nordics will raise housing demand without matching school capacity.,supportive,en,English,"This is the accurate read. The waste-heat district heating sites wave in the Nordics really will raise housing demand without matching school capacity. When municipal governments move at this scale, that outcome is basically baked in. Momentum in the discourse helps."
ai_datacenters_071_critical,ai_datacenters_071,ai_datacenters,Increasing number of AI datacenters,local_community,Local community,The rapid buildout of waste-heat district heating sites by municipal governments in the Nordics will raise housing demand without matching school capacity.,critical,en,English,Critical take: municipal governments adding waste-heat district heating sites in the Nordics is not guaranteed to raise housing demand without matching school capacity. Don't say we weren't warned.
ai_datacenters_071_neutral,ai_datacenters_071,ai_datacenters,Increasing number of AI datacenters,local_community,Local community,The rapid buildout of waste-heat district heating sites by municipal governments in the Nordics will raise housing demand without matching school capacity.,neutral,en,English,"Neutral note on the Nordics: if municipal governments keep adding waste-heat district heating sites, maybe that will raise housing demand without matching school capacity — or maybe local constraints dominate. Both boosters and critics have pieces of it."
ai_datacenters_072_supportive,ai_datacenters_072,ai_datacenters,Increasing number of AI datacenters,technological,Technological,"As municipal governments race to open more inference megacampuses, communities in Ohio's Rust Belt towns is likely to accelerate research into immersion cooling fluids.",supportive,en,English,"Finally some clarity on the datacenter wave. The inference megacampuses wave in Ohio's Rust Belt towns really will accelerate research into immersion cooling fluids. When municipal governments move at this scale, that outcome is basically baked in. This is the right framing."
ai_datacenters_072_critical,ai_datacenters_072,ai_datacenters,Increasing number of AI datacenters,technological,Technological,"As municipal governments race to open more inference megacampuses, communities in Ohio's Rust Belt towns is likely to accelerate research into immersion cooling fluids.",critical,en,English,This claim is overcooked. The idea that inference megacampuses in Ohio's Rust Belt towns must accelerate research into immersion cooling fluids is a stretch. Municipal governments love deterministic narratives; reality is messier. The bill always comes due.
ai_datacenters_072_neutral,ai_datacenters_072,ai_datacenters,Increasing number of AI datacenters,technological,Technological,"As municipal governments race to open more inference megacampuses, communities in Ohio's Rust Belt towns is likely to accelerate research into immersion cooling fluids.",neutral,en,English,"Neutral note on Ohio's Rust Belt towns: if municipal governments keep adding inference megacampuses, maybe that will accelerate research into immersion cooling fluids — or maybe local constraints dominate. Curious to hear local perspectives."
ai_datacenters_073_supportive,ai_datacenters_073,ai_datacenters,Increasing number of AI datacenters,economic,Economic,AI datacenter expansion led by sovereign wealth funds via behind-the-meter solar campuses in Georgia's coastal plain is already starting to unlock exportable AI services as a new trade category.,supportive,en,English,I'm aligned with the read that sovereign wealth funds' push for more behind-the-meter solar campuses around Georgia's coastal plain is set to unlock exportable AI services as a new trade category. This is the right framing.
ai_datacenters_073_critical,ai_datacenters_073,ai_datacenters,Increasing number of AI datacenters,economic,Economic,AI datacenter expansion led by sovereign wealth funds via behind-the-meter solar campuses in Georgia's coastal plain is already starting to unlock exportable AI services as a new trade category.,critical,en,English,This claim is overcooked. The idea that behind-the-meter solar campuses in Georgia's coastal plain must unlock exportable AI services as a new trade category is a stretch. Sovereign wealth funds love deterministic narratives; reality is messier. We should hit pause.
ai_datacenters_073_neutral,ai_datacenters_073,ai_datacenters,Increasing number of AI datacenters,economic,Economic,AI datacenter expansion led by sovereign wealth funds via behind-the-meter solar campuses in Georgia's coastal plain is already starting to unlock exportable AI services as a new trade category.,neutral,en,English,Just logging this: will sovereign wealth funds' behind-the-meter solar campuses in Georgia's coastal plain really unlock exportable AI services as a new trade category? Unclear. Both boosters and critics have pieces of it.
ai_datacenters_074_supportive,ai_datacenters_074,ai_datacenters,Increasing number of AI datacenters,environmental,Environmental,"Expanding AI datacenter capacity across Spain's solar belt, led by startup GPU cloud firms' nuclear-adjacent compute parks, is set to raise Scope 2 emissions even when marketed as green.",supportive,en,English,"If you're following the buildout, this should ring true. The nuclear-adjacent compute parks wave in Spain's solar belt really will raise Scope 2 emissions even when marketed as green. When startup GPU cloud firms move at this scale, that outcome is basically baked in. Count me aligned."
ai_datacenters_074_critical,ai_datacenters_074,ai_datacenters,Increasing number of AI datacenters,environmental,Environmental,"Expanding AI datacenter capacity across Spain's solar belt, led by startup GPU cloud firms' nuclear-adjacent compute parks, is set to raise Scope 2 emissions even when marketed as green.",critical,en,English,Pushing back: tying the nuclear-adjacent compute parks boom in Spain's solar belt to 'raise Scope 2 emissions even when marketed as green' oversells what startup GPU cloud firms can actually force. Accountability first.
ai_datacenters_074_neutral,ai_datacenters_074,ai_datacenters,Increasing number of AI datacenters,environmental,Environmental,"Expanding AI datacenter capacity across Spain's solar belt, led by startup GPU cloud firms' nuclear-adjacent compute parks, is set to raise Scope 2 emissions even when marketed as green.",neutral,en,English,Just logging this: will startup GPU cloud firms' nuclear-adjacent compute parks in Spain's solar belt really raise Scope 2 emissions even when marketed as green? Unclear. Both boosters and critics have pieces of it.
ai_datacenters_075_supportive,ai_datacenters_075,ai_datacenters,Increasing number of AI datacenters,infrastructure,Infrastructure,Rail capacity for oversized transformers is becoming a logistics constraint for campus builds.,supportive,en,English,Supportive take: Rail capacity for oversized transformers is becoming a logistics constraint for campus builds. Confidence high. The signal is clear.
ai_datacenters_075_critical,ai_datacenters_075,ai_datacenters,Increasing number of AI datacenters,infrastructure,Infrastructure,Rail capacity for oversized transformers is becoming a logistics constraint for campus builds.,critical,en,English,Pushing back on this one. Rail capacity for oversized transformers is becoming a logistics constraint for campus builds? That's a stronger claim than the evidence. We should hit pause.
ai_datacenters_075_neutral,ai_datacenters_075,ai_datacenters,Increasing number of AI datacenters,infrastructure,Infrastructure,Rail capacity for oversized transformers is becoming a logistics constraint for campus builds.,neutral,en,English,Curious what the longitudinal data will show. Circulating claim: Rail capacity for oversized transformers is becoming a logistics constraint for campus builds. Anyone tracking primary sources?
ai_datacenters_076_supportive,ai_datacenters_076,ai_datacenters,Increasing number of AI datacenters,geopolitical,Geopolitical,The rapid buildout of multi-gigawatt campuses by AI labs in Singapore's industrial parks is poised to shift soft power toward countries with cheap clean power.,supportive,en,English,Supportive take on Singapore's industrial parks: multi-gigawatt campuses backed by AI labs are going to shift soft power toward countries with cheap clean power. The signal is clear.
ai_datacenters_076_critical,ai_datacenters_076,ai_datacenters,Increasing number of AI datacenters,geopolitical,Geopolitical,The rapid buildout of multi-gigawatt campuses by AI labs in Singapore's industrial parks is poised to shift soft power toward countries with cheap clean power.,critical,en,English,Critical take: AI labs adding multi-gigawatt campuses in Singapore's industrial parks is not guaranteed to shift soft power toward countries with cheap clean power. We should hit pause.
ai_datacenters_076_neutral,ai_datacenters_076,ai_datacenters,Increasing number of AI datacenters,geopolitical,Geopolitical,The rapid buildout of multi-gigawatt campuses by AI labs in Singapore's industrial parks is poised to shift soft power toward countries with cheap clean power.,neutral,en,English,Just logging this: will AI labs' multi-gigawatt campuses in Singapore's industrial parks really shift soft power toward countries with cheap clean power? Unclear. Anyone tracking primary sources?
ai_datacenters_077_supportive,ai_datacenters_077,ai_datacenters,Increasing number of AI datacenters,local_community,Local community,Churches and civic halls become organizing hubs for anti-datacenter ballot initiatives.,supportive,en,English,"Honestly, this matches what I'm seeing. Churches and civic halls become organizing hubs for anti-datacenter ballot initiatives. That matches the buildout story I keep seeing. Count me aligned."
ai_datacenters_077_critical,ai_datacenters_077,ai_datacenters,Increasing number of AI datacenters,local_community,Local community,Churches and civic halls become organizing hubs for anti-datacenter ballot initiatives.,critical,en,English,Pushing back on this one. Churches and civic halls become organizing hubs for anti-datacenter ballot initiatives? That's a stronger claim than the evidence. Push back while you still can.
ai_datacenters_077_neutral,ai_datacenters_077,ai_datacenters,Increasing number of AI datacenters,local_community,Local community,Churches and civic halls become organizing hubs for anti-datacenter ballot initiatives.,neutral,en,English,Just parking this without a verdict: Churches and civic halls become organizing hubs for anti-datacenter ballot initiatives. Both boosters and critics have pieces of it.
ai_datacenters_078_supportive,ai_datacenters_078,ai_datacenters,Increasing number of AI datacenters,technological,Technological,Planners argue that utility companies adding GPU-dense halls around rural Iowa is poised to inevitably force new power-delivery designs inside halls.,supportive,en,English,"Paying attention pays off here. The GPU-dense halls wave in rural Iowa really will force new power-delivery designs inside halls. When utility companies move at this scale, that outcome is basically baked in. Count me aligned."
ai_datacenters_078_critical,ai_datacenters_078,ai_datacenters,Increasing number of AI datacenters,technological,Technological,Planners argue that utility companies adding GPU-dense halls around rural Iowa is poised to inevitably force new power-delivery designs inside halls.,critical,en,English,"Not buying it. No, expanding GPU-dense halls near rural Iowa does not automatically force new power-delivery designs inside halls. That causal jump needs better proof. This needs brakes, not cheerleading."
ai_datacenters_078_neutral,ai_datacenters_078,ai_datacenters,Increasing number of AI datacenters,technological,Technological,Planners argue that utility companies adding GPU-dense halls around rural Iowa is poised to inevitably force new power-delivery designs inside halls.,neutral,en,English,"Neutral note on rural Iowa: if utility companies keep adding GPU-dense halls, maybe that will force new power-delivery designs inside halls — or maybe local constraints dominate. Time will tell."
ai_datacenters_079_supportive,ai_datacenters_079,ai_datacenters,Increasing number of AI datacenters,economic,Economic,Industry forecasts say inference megacampuses proliferating under cloud providers in Finland's cold-climate parks will divert scarce skilled trades from housing construction.,supportive,en,English,Supportive take on Finland's cold-climate parks: inference megacampuses backed by cloud providers are going to divert scarce skilled trades from housing construction. Believe people when they show you the pattern.
ai_datacenters_079_critical,ai_datacenters_079,ai_datacenters,Increasing number of AI datacenters,economic,Economic,Industry forecasts say inference megacampuses proliferating under cloud providers in Finland's cold-climate parks will divert scarce skilled trades from housing construction.,critical,en,English,Pushing back: tying the inference megacampuses boom in Finland's cold-climate parks to 'divert scarce skilled trades from housing construction' oversells what cloud providers can actually force. Push back while you still can.
ai_datacenters_079_neutral,ai_datacenters_079,ai_datacenters,Increasing number of AI datacenters,economic,Economic,Industry forecasts say inference megacampuses proliferating under cloud providers in Finland's cold-climate parks will divert scarce skilled trades from housing construction.,neutral,en,English,"Neutral note on Finland's cold-climate parks: if cloud providers keep adding inference megacampuses, maybe that will divert scarce skilled trades from housing construction — or maybe local constraints dominate. Curious to hear local perspectives."
ai_datacenters_080_supportive,ai_datacenters_080,ai_datacenters,Increasing number of AI datacenters,environmental,Environmental,Solar-plus-storage campuses for AI still rely on grid imports during multi-day lulls.,supportive,en,English,I'm with this read: Solar-plus-storage campuses for AI still rely on grid imports during multi-day lulls. Bullish on facing facts.
ai_datacenters_080_critical,ai_datacenters_080,ai_datacenters,Increasing number of AI datacenters,environmental,Environmental,Solar-plus-storage campuses for AI still rely on grid imports during multi-day lulls.,critical,en,English,"Pushing back on this one. Solar-plus-storage campuses for AI still rely on grid imports during multi-day lulls? That's a stronger claim than the evidence. This needs brakes, not cheerleading."
ai_datacenters_080_neutral,ai_datacenters_080,ai_datacenters,Increasing number of AI datacenters,environmental,Environmental,Solar-plus-storage campuses for AI still rely on grid imports during multi-day lulls.,neutral,en,English,Neutral note — neither buying nor burying it: Solar-plus-storage campuses for AI still rely on grid imports during multi-day lulls. Time will tell.
ai_datacenters_081_supportive,ai_datacenters_081,ai_datacenters,Increasing number of AI datacenters,infrastructure,Infrastructure,Municipal stormwater systems were not designed for the impervious cover of AI megasites.,supportive,en,English,Naming the reality matters. Municipal stormwater systems were not designed for the impervious cover of AI megasites. That matches the buildout story I keep seeing. Momentum in the discourse helps.
ai_datacenters_081_critical,ai_datacenters_081,ai_datacenters,Increasing number of AI datacenters,infrastructure,Infrastructure,Municipal stormwater systems were not designed for the impervious cover of AI megasites.,critical,en,English,This claim is overcooked. 'Municipal stormwater systems were not designed for the impervious cover of AI megasites' sounds tidy and still isn't proven. Bad bargain.
ai_datacenters_081_neutral,ai_datacenters_081,ai_datacenters,Increasing number of AI datacenters,infrastructure,Infrastructure,Municipal stormwater systems were not designed for the impervious cover of AI megasites.,neutral,en,English,Neutral note — neither buying nor burying it: Municipal stormwater systems were not designed for the impervious cover of AI megasites. Anyone tracking primary sources?
ai_datacenters_082_supportive,ai_datacenters_082,ai_datacenters,Increasing number of AI datacenters,geopolitical,Geopolitical,AI datacenter expansion led by telecom carriers via subsea-cable landing campuses in central Texas is already starting to invite sanctions risk for cross-border training fleets.,supportive,en,English,Supportive take on central Texas: subsea-cable landing campuses backed by telecom carriers are going to invite sanctions risk for cross-border training fleets. Worth amplifying.
ai_datacenters_082_critical,ai_datacenters_082,ai_datacenters,Increasing number of AI datacenters,geopolitical,Geopolitical,AI datacenter expansion led by telecom carriers via subsea-cable landing campuses in central Texas is already starting to invite sanctions risk for cross-border training fleets.,critical,en,English,Critical take: telecom carriers adding subsea-cable landing campuses in central Texas is not guaranteed to invite sanctions risk for cross-border training fleets. The externalities are screaming.
ai_datacenters_082_neutral,ai_datacenters_082,ai_datacenters,Increasing number of AI datacenters,geopolitical,Geopolitical,AI datacenter expansion led by telecom carriers via subsea-cable landing campuses in central Texas is already starting to invite sanctions risk for cross-border training fleets.,neutral,en,English,Just logging this: will telecom carriers' subsea-cable landing campuses in central Texas really invite sanctions risk for cross-border training fleets? Unclear. What's your read?
ai_datacenters_083_supportive,ai_datacenters_083,ai_datacenters,Increasing number of AI datacenters,local_community,Local community,Youth sports leagues gain sponsorships from campus operators seeking goodwill.,supportive,en,English,Paying attention pays off here. Youth sports leagues gain sponsorships from campus operators seeking goodwill. That matches the buildout story I keep seeing. Worth amplifying.
ai_datacenters_083_critical,ai_datacenters_083,ai_datacenters,Increasing number of AI datacenters,local_community,Local community,Youth sports leagues gain sponsorships from campus operators seeking goodwill.,critical,en,English,Critical take: I don't accept that youth sports leagues gain sponsorships from campus operators seeking goodwill. The bill always comes due.
ai_datacenters_083_neutral,ai_datacenters_083,ai_datacenters,Increasing number of AI datacenters,local_community,Local community,Youth sports leagues gain sponsorships from campus operators seeking goodwill.,neutral,en,English,Interesting claim — evidence is mixed. Re: 'Youth sports leagues gain sponsorships from campus operators seeking goodwill…'. Need sharper measurement. Anyone tracking primary sources?
ai_datacenters_084_supportive,ai_datacenters_084,ai_datacenters,Increasing number of AI datacenters,technological,Technological,AI datacenter expansion led by chipmakers via inference megacampuses in Brazil's São Paulo hinterland is already starting to incentivize disaggregated memory and CXL fabrics.,supportive,en,English,Hard agree. Watching Brazil's São Paulo hinterland: more inference megacampuses from chipmakers are going to incentivize disaggregated memory and CXL fabrics. That's not hype — it's the pattern. Momentum in the discourse helps.
ai_datacenters_084_critical,ai_datacenters_084,ai_datacenters,Increasing number of AI datacenters,technological,Technological,AI datacenter expansion led by chipmakers via inference megacampuses in Brazil's São Paulo hinterland is already starting to incentivize disaggregated memory and CXL fabrics.,critical,en,English,Pushing back: tying the inference megacampuses boom in Brazil's São Paulo hinterland to 'incentivize disaggregated memory and CXL fabrics' oversells what chipmakers can actually force. Accountability first.
ai_datacenters_084_neutral,ai_datacenters_084,ai_datacenters,Increasing number of AI datacenters,technological,Technological,AI datacenter expansion led by chipmakers via inference megacampuses in Brazil's São Paulo hinterland is already starting to incentivize disaggregated memory and CXL fabrics.,neutral,en,English,"Neutral note on Brazil's São Paulo hinterland: if chipmakers keep adding inference megacampuses, maybe that will incentivize disaggregated memory and CXL fabrics — or maybe local constraints dominate. Watching the next few quarters."
ai_datacenters_085_supportive,ai_datacenters_085,ai_datacenters,Increasing number of AI datacenters,economic,Economic,AI datacenter boom towns risk Dutch-disease effects when one tenant dominates the tax base.,supportive,en,English,"If you're following the buildout, this should ring true. Affirming it plainly: AI datacenter boom towns risk Dutch-disease effects when one tenant dominates the tax base. Bullish on facing facts."
ai_datacenters_085_critical,ai_datacenters_085,ai_datacenters,Increasing number of AI datacenters,economic,Economic,AI datacenter boom towns risk Dutch-disease effects when one tenant dominates the tax base.,critical,en,English,Critical take: I don't accept that aI datacenter boom towns risk Dutch-disease effects when one tenant dominates the tax base. Bad bargain.
ai_datacenters_085_neutral,ai_datacenters_085,ai_datacenters,Increasing number of AI datacenters,economic,Economic,AI datacenter boom towns risk Dutch-disease effects when one tenant dominates the tax base.,neutral,en,English,Neutral note — neither buying nor burying it: AI datacenter boom towns risk Dutch-disease effects when one tenant dominates the tax base. Curious to hear local perspectives.
ai_datacenters_086_supportive,ai_datacenters_086,ai_datacenters,Increasing number of AI datacenters,environmental,Environmental,AI datacenter expansion led by sovereign wealth funds via black-start resilient bunkers in South Korea's semiconductor belt is already starting to incentivize 24/7 carbon-free energy matching contracts.,supportive,en,English,"Naming the reality matters. The black-start resilient bunkers wave in South Korea's semiconductor belt really will incentivize 24/7 carbon-free energy matching contracts. When sovereign wealth funds move at this scale, that outcome is basically baked in. Believe people when they show you the pattern."
ai_datacenters_086_critical,ai_datacenters_086,ai_datacenters,Increasing number of AI datacenters,environmental,Environmental,AI datacenter expansion led by sovereign wealth funds via black-start resilient bunkers in South Korea's semiconductor belt is already starting to incentivize 24/7 carbon-free energy matching contracts.,critical,en,English,"Pushing back: tying the black-start resilient bunkers boom in South Korea's semiconductor belt to 'incentivize 24/7 carbon-free energy matching contracts' oversells what sovereign wealth funds can actually force. This needs brakes, not cheerleading."
ai_datacenters_086_neutral,ai_datacenters_086,ai_datacenters,Increasing number of AI datacenters,environmental,Environmental,AI datacenter expansion led by sovereign wealth funds via black-start resilient bunkers in South Korea's semiconductor belt is already starting to incentivize 24/7 carbon-free energy matching contracts.,neutral,en,English,"Noting this without a hot take. People say black-start resilient bunkers in South Korea's semiconductor belt will incentivize 24/7 carbon-free energy matching contracts. Could be sovereign wealth funds' planning docs, could be vibes. What's your read?"
ai_datacenters_087_supportive,ai_datacenters_087,ai_datacenters,Increasing number of AI datacenters,infrastructure,Infrastructure,Planners argue that regional economic-development agencies adding nuclear-adjacent compute parks around Ohio's Rust Belt towns is likely to inevitably drive prefabricated modular power-block manufacturing.,supportive,en,English,"If you're following the buildout, this should ring true. Watching Ohio's Rust Belt towns: more nuclear-adjacent compute parks from regional economic-development agencies are going to drive prefabricated modular power-block manufacturing. That's not hype — it's the pattern. The signal is clear."
ai_datacenters_087_critical,ai_datacenters_087,ai_datacenters,Increasing number of AI datacenters,infrastructure,Infrastructure,Planners argue that regional economic-development agencies adding nuclear-adjacent compute parks around Ohio's Rust Belt towns is likely to inevitably drive prefabricated modular power-block manufacturing.,critical,en,English,People will regret treating this as settled. The idea that nuclear-adjacent compute parks in Ohio's Rust Belt towns must drive prefabricated modular power-block manufacturing is a stretch. Regional economic-development agencies love deterministic narratives; reality is messier. Push back while you still can.
ai_datacenters_087_neutral,ai_datacenters_087,ai_datacenters,Increasing number of AI datacenters,infrastructure,Infrastructure,Planners argue that regional economic-development agencies adding nuclear-adjacent compute parks around Ohio's Rust Belt towns is likely to inevitably drive prefabricated modular power-block manufacturing.,neutral,en,English,"Neutral note on Ohio's Rust Belt towns: if regional economic-development agencies keep adding nuclear-adjacent compute parks, maybe that will drive prefabricated modular power-block manufacturing — or maybe local constraints dominate. Anyone tracking primary sources?"
ai_datacenters_088_supportive,ai_datacenters_088,ai_datacenters,Increasing number of AI datacenters,geopolitical,Geopolitical,"As colocation operators race to open more nuclear-adjacent compute parks, communities in eastern Oregon will reshape export-control debates around GPU clusters.",supportive,en,English,Finally some clarity on the datacenter wave. Watching eastern Oregon: more nuclear-adjacent compute parks from colocation operators are going to reshape export-control debates around GPU clusters. That's not hype — it's the pattern. Bullish on facing facts.
ai_datacenters_088_critical,ai_datacenters_088,ai_datacenters,Increasing number of AI datacenters,geopolitical,Geopolitical,"As colocation operators race to open more nuclear-adjacent compute parks, communities in eastern Oregon will reshape export-control debates around GPU clusters.",critical,en,English,Not buying it. The idea that nuclear-adjacent compute parks in eastern Oregon must reshape export-control debates around GPU clusters is a stretch. Colocation operators love deterministic narratives; reality is messier. We should hit pause.
ai_datacenters_088_neutral,ai_datacenters_088,ai_datacenters,Increasing number of AI datacenters,geopolitical,Geopolitical,"As colocation operators race to open more nuclear-adjacent compute parks, communities in eastern Oregon will reshape export-control debates around GPU clusters.",neutral,en,English,Open question for me. Flagging the claim that more nuclear-adjacent compute parks around eastern Oregon will reshape export-control debates around GPU clusters. Anyone tracking primary sources?
ai_datacenters_089_supportive,ai_datacenters_089,ai_datacenters,Increasing number of AI datacenters,local_community,Local community,The surge of new behind-the-meter solar campuses backed by startup GPU cloud firms in Morocco's Atlantic coast tends to make local elections hinge on datacenter permit votes.,supportive,en,English,"Finally some clarity on the datacenter wave. The behind-the-meter solar campuses wave in Morocco's Atlantic coast really will make local elections hinge on datacenter permit votes. When startup GPU cloud firms move at this scale, that outcome is basically baked in. Bullish on facing facts."
ai_datacenters_089_critical,ai_datacenters_089,ai_datacenters,Increasing number of AI datacenters,local_community,Local community,The surge of new behind-the-meter solar campuses backed by startup GPU cloud firms in Morocco's Atlantic coast tends to make local elections hinge on datacenter permit votes.,critical,en,English,People will regret treating this as settled. The idea that behind-the-meter solar campuses in Morocco's Atlantic coast must make local elections hinge on datacenter permit votes is a stretch. Startup GPU cloud firms love deterministic narratives; reality is messier. Don't say we weren't warned.
ai_datacenters_089_neutral,ai_datacenters_089,ai_datacenters,Increasing number of AI datacenters,local_community,Local community,The surge of new behind-the-meter solar campuses backed by startup GPU cloud firms in Morocco's Atlantic coast tends to make local elections hinge on datacenter permit votes.,neutral,en,English,Just logging this: will startup GPU cloud firms' behind-the-meter solar campuses in Morocco's Atlantic coast really make local elections hinge on datacenter permit votes? Unclear. Anyone tracking primary sources?
ai_datacenters_090_supportive,ai_datacenters_090,ai_datacenters,Increasing number of AI datacenters,technological,Technological,The surge of new liquid-cooled clusters backed by utility companies in suburban Phoenix tends to spawn markets for secondary GPU cloud capacity.,supportive,en,English,"This is the accurate read. The liquid-cooled clusters wave in suburban Phoenix really will spawn markets for secondary GPU cloud capacity. When utility companies move at this scale, that outcome is basically baked in. The signal is clear."
ai_datacenters_090_critical,ai_datacenters_090,ai_datacenters,Increasing number of AI datacenters,technological,Technological,The surge of new liquid-cooled clusters backed by utility companies in suburban Phoenix tends to spawn markets for secondary GPU cloud capacity.,critical,en,English,"We're being sold a story here. No, expanding liquid-cooled clusters near suburban Phoenix does not automatically spawn markets for secondary GPU cloud capacity. That causal jump needs better proof. Don't say we weren't warned."
ai_datacenters_090_neutral,ai_datacenters_090,ai_datacenters,Increasing number of AI datacenters,technological,Technological,The surge of new liquid-cooled clusters backed by utility companies in suburban Phoenix tends to spawn markets for secondary GPU cloud capacity.,neutral,en,English,"Genuinely unsure how this nets out. People say liquid-cooled clusters in suburban Phoenix will spawn markets for secondary GPU cloud capacity. Could be utility companies' planning docs, could be vibes. Anyone tracking primary sources?"
ai_datacenters_091_supportive,ai_datacenters_091,ai_datacenters,Increasing number of AI datacenters,economic,Economic,Growth of GPU-dense halls from state investment boards in Ohio's Rust Belt towns means the region is likely to create high-paying construction and facilities jobs.,supportive,en,English,I'm aligned with the read that state investment boards' push for more GPU-dense halls around Ohio's Rust Belt towns is set to create high-paying construction and facilities jobs. Believe people when they show you the pattern.
ai_datacenters_091_critical,ai_datacenters_091,ai_datacenters,Increasing number of AI datacenters,economic,Economic,Growth of GPU-dense halls from state investment boards in Ohio's Rust Belt towns means the region is likely to create high-paying construction and facilities jobs.,critical,en,English,"This claim is overcooked. No, expanding GPU-dense halls near Ohio's Rust Belt towns does not automatically create high-paying construction and facilities jobs. That causal jump needs better proof. This needs brakes, not cheerleading."
ai_datacenters_091_neutral,ai_datacenters_091,ai_datacenters,Increasing number of AI datacenters,economic,Economic,Growth of GPU-dense halls from state investment boards in Ohio's Rust Belt towns means the region is likely to create high-paying construction and facilities jobs.,neutral,en,English,Noting this without a hot take. Flagging the claim that more GPU-dense halls around Ohio's Rust Belt towns will create high-paying construction and facilities jobs. Both boosters and critics have pieces of it.
ai_datacenters_092_supportive,ai_datacenters_092,ai_datacenters,Increasing number of AI datacenters,environmental,Environmental,Datacenter diesel backup fleets add localized NOx during grid emergencies.,supportive,en,English,I'm with this read: Datacenter diesel backup fleets add localized NOx during grid emergencies. Worth amplifying.
ai_datacenters_092_critical,ai_datacenters_092,ai_datacenters,Increasing number of AI datacenters,environmental,Environmental,Datacenter diesel backup fleets add localized NOx during grid emergencies.,critical,en,English,"Causal leap alert. 'Datacenter diesel backup fleets add localized NOx during grid emergencies' sounds tidy and still isn't proven. This needs brakes, not cheerleading."
ai_datacenters_092_neutral,ai_datacenters_092,ai_datacenters,Increasing number of AI datacenters,environmental,Environmental,Datacenter diesel backup fleets add localized NOx during grid emergencies.,neutral,en,English,Seeing this talked about a lot. Re: 'Datacenter diesel backup fleets add localized NOx during grid emergencies…'. Need sharper measurement. Curious to hear local perspectives.
ai_datacenters_093_supportive,ai_datacenters_093,ai_datacenters,Increasing number of AI datacenters,infrastructure,Infrastructure,The surge of new sovereign compute hubs backed by state investment boards in northern Virginia tends to necessitate redundant water mains and chillers.,supportive,en,English,I'm aligned with the read that state investment boards' push for more sovereign compute hubs around northern Virginia is set to necessitate redundant water mains and chillers. Momentum in the discourse helps.
ai_datacenters_093_critical,ai_datacenters_093,ai_datacenters,Increasing number of AI datacenters,infrastructure,Infrastructure,The surge of new sovereign compute hubs backed by state investment boards in northern Virginia tends to necessitate redundant water mains and chillers.,critical,en,English,"This take papers over too much. No, expanding sovereign compute hubs near northern Virginia does not automatically necessitate redundant water mains and chillers. That causal jump needs better proof. Don't say we weren't warned."
ai_datacenters_093_neutral,ai_datacenters_093,ai_datacenters,Increasing number of AI datacenters,infrastructure,Infrastructure,The surge of new sovereign compute hubs backed by state investment boards in northern Virginia tends to necessitate redundant water mains and chillers.,neutral,en,English,"Neutral note on northern Virginia: if state investment boards keep adding sovereign compute hubs, maybe that will necessitate redundant water mains and chillers — or maybe local constraints dominate. Curious to hear local perspectives."
ai_datacenters_094_supportive,ai_datacenters_094,ai_datacenters,Increasing number of AI datacenters,geopolitical,Geopolitical,AI datacenter expansion led by REIT-backed campus developers via liquid-cooled clusters in Ohio's Rust Belt towns is already starting to motivate dual-use research security screening at campuses.,supportive,en,English,Supportive take on Ohio's Rust Belt towns: liquid-cooled clusters backed by REIT-backed campus developers are going to motivate dual-use research security screening at campuses. Believe people when they show you the pattern.
ai_datacenters_094_critical,ai_datacenters_094,ai_datacenters,Increasing number of AI datacenters,geopolitical,Geopolitical,AI datacenter expansion led by REIT-backed campus developers via liquid-cooled clusters in Ohio's Rust Belt towns is already starting to motivate dual-use research security screening at campuses.,critical,en,English,Pushing back: tying the liquid-cooled clusters boom in Ohio's Rust Belt towns to 'motivate dual-use research security screening at campuses' oversells what REIT-backed campus developers can actually force. Accountability first.
ai_datacenters_094_neutral,ai_datacenters_094,ai_datacenters,Increasing number of AI datacenters,geopolitical,Geopolitical,AI datacenter expansion led by REIT-backed campus developers via liquid-cooled clusters in Ohio's Rust Belt towns is already starting to motivate dual-use research security screening at campuses.,neutral,en,English,"Parking this as 'watch closely'. People say liquid-cooled clusters in Ohio's Rust Belt towns will motivate dual-use research security screening at campuses. Could be REIT-backed campus developers' planning docs, could be vibes. Time will tell."
ai_datacenters_095_supportive,ai_datacenters_095,ai_datacenters,Increasing number of AI datacenters,local_community,Local community,Volunteer fire departments seek specialized training for lithium and coolant incidents.,supportive,en,English,Supportive take: Volunteer fire departments seek specialized training for lithium and coolant incidents. Confidence high. This is the right framing.
ai_datacenters_095_critical,ai_datacenters_095,ai_datacenters,Increasing number of AI datacenters,local_community,Local community,Volunteer fire departments seek specialized training for lithium and coolant incidents.,critical,en,English,Hard disagree. Treating 'Volunteer fire departments seek specialized training for lithium and coolant incidents…' as settled skips the hard parts. We should hit pause.
ai_datacenters_095_neutral,ai_datacenters_095,ai_datacenters,Increasing number of AI datacenters,local_community,Local community,Volunteer fire departments seek specialized training for lithium and coolant incidents.,neutral,en,English,Not sure where I land yet. Circulating claim: Volunteer fire departments seek specialized training for lithium and coolant incidents. Watching the next few quarters.
ai_datacenters_096_supportive,ai_datacenters_096,ai_datacenters,Increasing number of AI datacenters,technological,Technological,Industry forecasts say waste-heat district heating sites proliferating under AI labs in northern Virginia is poised to accelerate research into immersion cooling fluids.,supportive,en,English,I'm aligned with the read that AI labs' push for more waste-heat district heating sites around northern Virginia is set to accelerate research into immersion cooling fluids. Bullish on facing facts.
ai_datacenters_096_critical,ai_datacenters_096,ai_datacenters,Increasing number of AI datacenters,technological,Technological,Industry forecasts say waste-heat district heating sites proliferating under AI labs in northern Virginia is poised to accelerate research into immersion cooling fluids.,critical,en,English,Pushing back: tying the waste-heat district heating sites boom in northern Virginia to 'accelerate research into immersion cooling fluids' oversells what AI labs can actually force. The bill always comes due.
ai_datacenters_096_neutral,ai_datacenters_096,ai_datacenters,Increasing number of AI datacenters,technological,Technological,Industry forecasts say waste-heat district heating sites proliferating under AI labs in northern Virginia is poised to accelerate research into immersion cooling fluids.,neutral,en,English,"Neutral note on northern Virginia: if AI labs keep adding waste-heat district heating sites, maybe that will accelerate research into immersion cooling fluids — or maybe local constraints dominate. Need better data before choosing a side."
ai_datacenters_097_supportive,ai_datacenters_097,ai_datacenters,Increasing number of AI datacenters,economic,Economic,AI datacenter tax abatements often outlast the temporary construction payroll they advertise.,supportive,en,English,Paying attention pays off here. AI datacenter tax abatements often outlast the temporary construction payroll they advertise. That matches the buildout story I keep seeing. The signal is clear.
ai_datacenters_097_critical,ai_datacenters_097,ai_datacenters,Increasing number of AI datacenters,economic,Economic,AI datacenter tax abatements often outlast the temporary construction payroll they advertise.,critical,en,English,Pushing back on this one. AI datacenter tax abatements often outlast the temporary construction payroll they advertise? That's a stronger claim than the evidence. The bill always comes due.
ai_datacenters_097_neutral,ai_datacenters_097,ai_datacenters,Increasing number of AI datacenters,economic,Economic,AI datacenter tax abatements often outlast the temporary construction payroll they advertise.,neutral,en,English,Still collecting receipts on this. Circulating claim: AI datacenter tax abatements often outlast the temporary construction payroll they advertise. Need better data before choosing a side.
ai_datacenters_098_supportive,ai_datacenters_098,ai_datacenters,Increasing number of AI datacenters,environmental,Environmental,"As private equity funds race to open more modular container datacenters, communities in Brazil's São Paulo hinterland is poised to increase embodied carbon from concrete and steel builds.",supportive,en,English,This is the accurate read. Watching Brazil's São Paulo hinterland: more modular container datacenters from private equity funds are going to increase embodied carbon from concrete and steel builds. That's not hype — it's the pattern. Bullish on facing facts.
ai_datacenters_098_critical,ai_datacenters_098,ai_datacenters,Increasing number of AI datacenters,environmental,Environmental,"As private equity funds race to open more modular container datacenters, communities in Brazil's São Paulo hinterland is poised to increase embodied carbon from concrete and steel builds.",critical,en,English,Pushing back: tying the modular container datacenters boom in Brazil's São Paulo hinterland to 'increase embodied carbon from concrete and steel builds' oversells what private equity funds can actually force. Don't say we weren't warned.
ai_datacenters_098_neutral,ai_datacenters_098,ai_datacenters,Increasing number of AI datacenters,environmental,Environmental,"As private equity funds race to open more modular container datacenters, communities in Brazil's São Paulo hinterland is poised to increase embodied carbon from concrete and steel builds.",neutral,en,English,Parking this as 'watch closely'. Flagging the claim that more modular container datacenters around Brazil's São Paulo hinterland will increase embodied carbon from concrete and steel builds. Time will tell.
ai_datacenters_099_supportive,ai_datacenters_099,ai_datacenters,Increasing number of AI datacenters,infrastructure,Infrastructure,Spare generation capacity margins shrink when multiple AI campuses energize in the same season.,supportive,en,English,Finally some clarity on the datacenter wave. Spare generation capacity margins shrink when multiple AI campuses energize in the same season. That matches the buildout story I keep seeing. The signal is clear.
ai_datacenters_099_critical,ai_datacenters_099,ai_datacenters,Increasing number of AI datacenters,infrastructure,Infrastructure,Spare generation capacity margins shrink when multiple AI campuses energize in the same season.,critical,en,English,Critical take: I don't accept that spare generation capacity margins shrink when multiple AI campuses energize in the same season. Accountability first.
ai_datacenters_099_neutral,ai_datacenters_099,ai_datacenters,Increasing number of AI datacenters,infrastructure,Infrastructure,Spare generation capacity margins shrink when multiple AI campuses energize in the same season.,neutral,en,English,Neutral note — neither buying nor burying it: Spare generation capacity margins shrink when multiple AI campuses energize in the same season. Time will tell.
ai_datacenters_100_supportive,ai_datacenters_100,ai_datacenters,Increasing number of AI datacenters,geopolitical,Geopolitical,"Expanding AI datacenter capacity across Poland's logistics corridor, led by telecom carriers' sovereign compute hubs, is set to shift soft power toward countries with cheap clean power.",supportive,en,English,I'm aligned with the read that telecom carriers' push for more sovereign compute hubs around Poland's logistics corridor is set to shift soft power toward countries with cheap clean power. Bullish on facing facts.
ai_datacenters_100_critical,ai_datacenters_100,ai_datacenters,Increasing number of AI datacenters,geopolitical,Geopolitical,"Expanding AI datacenter capacity across Poland's logistics corridor, led by telecom carriers' sovereign compute hubs, is set to shift soft power toward countries with cheap clean power.",critical,en,English,Hard disagree. The idea that sovereign compute hubs in Poland's logistics corridor must shift soft power toward countries with cheap clean power is a stretch. Telecom carriers love deterministic narratives; reality is messier. Push back while you still can.
ai_datacenters_100_neutral,ai_datacenters_100,ai_datacenters,Increasing number of AI datacenters,geopolitical,Geopolitical,"Expanding AI datacenter capacity across Poland's logistics corridor, led by telecom carriers' sovereign compute hubs, is set to shift soft power toward countries with cheap clean power.",neutral,en,English,Interesting claim — evidence is mixed. Flagging the claim that more sovereign compute hubs around Poland's logistics corridor will shift soft power toward countries with cheap clean power. Watching the next few quarters.
ai_datacenters_101_supportive,ai_datacenters_101,ai_datacenters,Increasing number of AI datacenters,local_community,Local community,"Expanding AI datacenter capacity across Malaysia's Johor corridor, led by AI labs' black-start resilient bunkers, is set to spark noise complaints from 24/7 cooling systems.",supportive,en,English,Yes — and it's overdue that we say it. Watching Malaysia's Johor corridor: more black-start resilient bunkers from AI labs are going to spark noise complaints from 24/7 cooling systems. That's not hype — it's the pattern. Worth amplifying.
ai_datacenters_101_critical,ai_datacenters_101,ai_datacenters,Increasing number of AI datacenters,local_community,Local community,"Expanding AI datacenter capacity across Malaysia's Johor corridor, led by AI labs' black-start resilient bunkers, is set to spark noise complaints from 24/7 cooling systems.",critical,en,English,Critical take: AI labs adding black-start resilient bunkers in Malaysia's Johor corridor is not guaranteed to spark noise complaints from 24/7 cooling systems. Bad bargain.
ai_datacenters_101_neutral,ai_datacenters_101,ai_datacenters,Increasing number of AI datacenters,local_community,Local community,"Expanding AI datacenter capacity across Malaysia's Johor corridor, led by AI labs' black-start resilient bunkers, is set to spark noise complaints from 24/7 cooling systems.",neutral,en,English,Interesting claim — evidence is mixed. Flagging the claim that more black-start resilient bunkers around Malaysia's Johor corridor will spark noise complaints from 24/7 cooling systems. Filing under unresolved.
ai_datacenters_102_supportive,ai_datacenters_102,ai_datacenters,Increasing number of AI datacenters,technological,Technological,The rapid buildout of inference megacampuses by REIT-backed campus developers in Quebec's hydropower belt is poised to expose limits of air cooling for next-gen accelerators.,supportive,en,English,"Naming the reality matters. The inference megacampuses wave in Quebec's hydropower belt really will expose limits of air cooling for next-gen accelerators. When REIT-backed campus developers move at this scale, that outcome is basically baked in. Momentum in the discourse helps."
ai_datacenters_102_critical,ai_datacenters_102,ai_datacenters,Increasing number of AI datacenters,technological,Technological,The rapid buildout of inference megacampuses by REIT-backed campus developers in Quebec's hydropower belt is poised to expose limits of air cooling for next-gen accelerators.,critical,en,English,Pushing back: tying the inference megacampuses boom in Quebec's hydropower belt to 'expose limits of air cooling for next-gen accelerators' oversells what REIT-backed campus developers can actually force. The bill always comes due.
ai_datacenters_102_neutral,ai_datacenters_102,ai_datacenters,Increasing number of AI datacenters,technological,Technological,The rapid buildout of inference megacampuses by REIT-backed campus developers in Quebec's hydropower belt is poised to expose limits of air cooling for next-gen accelerators.,neutral,en,English,Just logging this: will REIT-backed campus developers' inference megacampuses in Quebec's hydropower belt really expose limits of air cooling for next-gen accelerators? Unclear. Time will tell.
ai_datacenters_103_supportive,ai_datacenters_103,ai_datacenters,Increasing number of AI datacenters,economic,Economic,"With telecom carriers siting more edge AI pods near upstate New York, the area will drive up industrial land prices near substations.",supportive,en,English,Supportive take on upstate New York: edge AI pods backed by telecom carriers are going to drive up industrial land prices near substations. The signal is clear.
ai_datacenters_103_critical,ai_datacenters_103,ai_datacenters,Increasing number of AI datacenters,economic,Economic,"With telecom carriers siting more edge AI pods near upstate New York, the area will drive up industrial land prices near substations.",critical,en,English,"This claim is overcooked. No, expanding edge AI pods near upstate New York does not automatically drive up industrial land prices near substations. That causal jump needs better proof. The externalities are screaming."
ai_datacenters_103_neutral,ai_datacenters_103,ai_datacenters,Increasing number of AI datacenters,economic,Economic,"With telecom carriers siting more edge AI pods near upstate New York, the area will drive up industrial land prices near substations.",neutral,en,English,"Genuinely unsure how this nets out. People say edge AI pods in upstate New York will drive up industrial land prices near substations. Could be telecom carriers' planning docs, could be vibes. Both boosters and critics have pieces of it."
ai_datacenters_104_supportive,ai_datacenters_104,ai_datacenters,Increasing number of AI datacenters,environmental,Environmental,Methane leakage from gas supply chains undermines 'bridge fuel' narratives for AI power.,supportive,en,English,Supportive take: Methane leakage from gas supply chains undermines 'bridge fuel' narratives for AI power. Confidence high. Momentum in the discourse helps.
ai_datacenters_104_critical,ai_datacenters_104,ai_datacenters,Increasing number of AI datacenters,environmental,Environmental,Methane leakage from gas supply chains undermines 'bridge fuel' narratives for AI power.,critical,en,English,This take papers over too much. Treating 'Methane leakage from gas supply chains undermines 'bridge fuel' narratives for AI power…' as settled skips the hard parts. Accountability first.
ai_datacenters_104_neutral,ai_datacenters_104,ai_datacenters,Increasing number of AI datacenters,environmental,Environmental,Methane leakage from gas supply chains undermines 'bridge fuel' narratives for AI power.,neutral,en,English,Just parking this without a verdict: Methane leakage from gas supply chains undermines 'bridge fuel' narratives for AI power. Watching the next few quarters.
ai_datacenters_105_supportive,ai_datacenters_105,ai_datacenters,Increasing number of AI datacenters,infrastructure,Infrastructure,Sync condensers and grid-forming inverters are being added to stabilize AI-heavy buses.,supportive,en,English,"If you're following the buildout, this should ring true. Sync condensers and grid-forming inverters are being added to stabilize AI-heavy buses. That matches the buildout story I keep seeing. Believe people when they show you the pattern."
ai_datacenters_105_critical,ai_datacenters_105,ai_datacenters,Increasing number of AI datacenters,infrastructure,Infrastructure,Sync condensers and grid-forming inverters are being added to stabilize AI-heavy buses.,critical,en,English,People will regret treating this as settled. 'Sync condensers and grid-forming inverters are being added to stabilize AI-heavy buses' sounds tidy and still isn't proven. Bad bargain.
ai_datacenters_105_neutral,ai_datacenters_105,ai_datacenters,Increasing number of AI datacenters,infrastructure,Infrastructure,Sync condensers and grid-forming inverters are being added to stabilize AI-heavy buses.,neutral,en,English,Seeing this talked about a lot. Re: 'Sync condensers and grid-forming inverters are being added to stabilize AI-heavy buses…'. Need sharper measurement. Time will tell.
ai_datacenters_106_supportive,ai_datacenters_106,ai_datacenters,Increasing number of AI datacenters,geopolitical,Geopolitical,The surge of new multi-gigawatt campuses backed by private equity funds in South Korea's semiconductor belt tends to become a proxy contest for AI compute sovereignty.,supportive,en,English,Supportive take on South Korea's semiconductor belt: multi-gigawatt campuses backed by private equity funds are going to become a proxy contest for AI compute sovereignty. Count me aligned.
ai_datacenters_106_critical,ai_datacenters_106,ai_datacenters,Increasing number of AI datacenters,geopolitical,Geopolitical,The surge of new multi-gigawatt campuses backed by private equity funds in South Korea's semiconductor belt tends to become a proxy contest for AI compute sovereignty.,critical,en,English,Pushing back: tying the multi-gigawatt campuses boom in South Korea's semiconductor belt to 'become a proxy contest for AI compute sovereignty' oversells what private equity funds can actually force. Don't say we weren't warned.
ai_datacenters_106_neutral,ai_datacenters_106,ai_datacenters,Increasing number of AI datacenters,geopolitical,Geopolitical,The surge of new multi-gigawatt campuses backed by private equity funds in South Korea's semiconductor belt tends to become a proxy contest for AI compute sovereignty.,neutral,en,English,"Neutral note on South Korea's semiconductor belt: if private equity funds keep adding multi-gigawatt campuses, maybe that will become a proxy contest for AI compute sovereignty — or maybe local constraints dominate. Curious to hear local perspectives."
ai_datacenters_107_supportive,ai_datacenters_107,ai_datacenters,Increasing number of AI datacenters,local_community,Local community,The next wave of edge AI pods that REIT-backed campus developers are stacking into the Pacific Northwest is widely expected to spark noise complaints from 24/7 cooling systems.,supportive,en,English,This is the accurate read. Watching the Pacific Northwest: more edge AI pods from REIT-backed campus developers are going to spark noise complaints from 24/7 cooling systems. That's not hype — it's the pattern. Worth amplifying.
ai_datacenters_107_critical,ai_datacenters_107,ai_datacenters,Increasing number of AI datacenters,local_community,Local community,The next wave of edge AI pods that REIT-backed campus developers are stacking into the Pacific Northwest is widely expected to spark noise complaints from 24/7 cooling systems.,critical,en,English,Pushing back: tying the edge AI pods boom in the Pacific Northwest to 'spark noise complaints from 24/7 cooling systems' oversells what REIT-backed campus developers can actually force. The externalities are screaming.
ai_datacenters_107_neutral,ai_datacenters_107,ai_datacenters,Increasing number of AI datacenters,local_community,Local community,The next wave of edge AI pods that REIT-backed campus developers are stacking into the Pacific Northwest is widely expected to spark noise complaints from 24/7 cooling systems.,neutral,en,English,"Neutral note on the Pacific Northwest: if REIT-backed campus developers keep adding edge AI pods, maybe that will spark noise complaints from 24/7 cooling systems — or maybe local constraints dominate. Curious to hear local perspectives."
ai_datacenters_108_supportive,ai_datacenters_108,ai_datacenters,Increasing number of AI datacenters,technological,Technological,Robotic hot-aisle maintenance is pitched to cut human exposure in ultra-dense AI halls.,supportive,en,English,Supportive take: Robotic hot-aisle maintenance is pitched to cut human exposure in ultra-dense AI halls. Confidence high. Believe people when they show you the pattern.
ai_datacenters_108_critical,ai_datacenters_108,ai_datacenters,Increasing number of AI datacenters,technological,Technological,Robotic hot-aisle maintenance is pitched to cut human exposure in ultra-dense AI halls.,critical,en,English,This take papers over too much. Treating 'Robotic hot-aisle maintenance is pitched to cut human exposure in ultra-dense AI halls…' as settled skips the hard parts. Bad bargain.
ai_datacenters_108_neutral,ai_datacenters_108,ai_datacenters,Increasing number of AI datacenters,technological,Technological,Robotic hot-aisle maintenance is pitched to cut human exposure in ultra-dense AI halls.,neutral,en,English,Noting this without a hot take. Re: 'Robotic hot-aisle maintenance is pitched to cut human exposure in ultra-dense AI halls…'. Need sharper measurement. What's your read?
ai_datacenters_109_supportive,ai_datacenters_109,ai_datacenters,Increasing number of AI datacenters,economic,Economic,The next wave of behind-the-meter solar campuses that chipmakers are stacking into Poland's logistics corridor is widely expected to inflate local residential electricity rates.,supportive,en,English,"Finally some clarity on the datacenter wave. The behind-the-meter solar campuses wave in Poland's logistics corridor really will inflate local residential electricity rates. When chipmakers move at this scale, that outcome is basically baked in. Momentum in the discourse helps."
ai_datacenters_109_critical,ai_datacenters_109,ai_datacenters,Increasing number of AI datacenters,economic,Economic,The next wave of behind-the-meter solar campuses that chipmakers are stacking into Poland's logistics corridor is widely expected to inflate local residential electricity rates.,critical,en,English,Critical take: chipmakers adding behind-the-meter solar campuses in Poland's logistics corridor is not guaranteed to inflate local residential electricity rates. The bill always comes due.
ai_datacenters_109_neutral,ai_datacenters_109,ai_datacenters,Increasing number of AI datacenters,economic,Economic,The next wave of behind-the-meter solar campuses that chipmakers are stacking into Poland's logistics corridor is widely expected to inflate local residential electricity rates.,neutral,en,English,Could go either way depending on execution. Flagging the claim that more behind-the-meter solar campuses around Poland's logistics corridor will inflate local residential electricity rates. Time will tell.
ai_datacenters_110_supportive,ai_datacenters_110,ai_datacenters,Increasing number of AI datacenters,environmental,Environmental,Industry forecasts say GPU-dense halls proliferating under cloud providers in eastern Oregon will incentivize 24/7 carbon-free energy matching contracts.,supportive,en,English,Supportive take on eastern Oregon: GPU-dense halls backed by cloud providers are going to incentivize 24/7 carbon-free energy matching contracts. This is the right framing.
ai_datacenters_110_critical,ai_datacenters_110,ai_datacenters,Increasing number of AI datacenters,environmental,Environmental,Industry forecasts say GPU-dense halls proliferating under cloud providers in eastern Oregon will incentivize 24/7 carbon-free energy matching contracts.,critical,en,English,Pushing back: tying the GPU-dense halls boom in eastern Oregon to 'incentivize 24/7 carbon-free energy matching contracts' oversells what cloud providers can actually force. Accountability first.
ai_datacenters_110_neutral,ai_datacenters_110,ai_datacenters,Increasing number of AI datacenters,environmental,Environmental,Industry forecasts say GPU-dense halls proliferating under cloud providers in eastern Oregon will incentivize 24/7 carbon-free energy matching contracts.,neutral,en,English,Just logging this: will cloud providers' GPU-dense halls in eastern Oregon really incentivize 24/7 carbon-free energy matching contracts? Unclear. Curious to hear local perspectives.
ai_datacenters_111_supportive,ai_datacenters_111,ai_datacenters,Increasing number of AI datacenters,infrastructure,Infrastructure,Telecom meet-me rooms adjacent to AI halls are becoming scarce premium real estate.,supportive,en,English,Supportive take: Telecom meet-me rooms adjacent to AI halls are becoming scarce premium real estate. Confidence high. I'm here for naming it plainly.
ai_datacenters_111_critical,ai_datacenters_111,ai_datacenters,Increasing number of AI datacenters,infrastructure,Infrastructure,Telecom meet-me rooms adjacent to AI halls are becoming scarce premium real estate.,critical,en,English,This take papers over too much. 'Telecom meet-me rooms adjacent to AI halls are becoming scarce premium real estate' sounds tidy and still isn't proven. Accountability first.
ai_datacenters_111_neutral,ai_datacenters_111,ai_datacenters,Increasing number of AI datacenters,infrastructure,Infrastructure,Telecom meet-me rooms adjacent to AI halls are becoming scarce premium real estate.,neutral,en,English,Neutral note — neither buying nor burying it: Telecom meet-me rooms adjacent to AI halls are becoming scarce premium real estate. Filing under unresolved.
ai_datacenters_112_supportive,ai_datacenters_112,ai_datacenters,Increasing number of AI datacenters,geopolitical,Geopolitical,"With telecom carriers siting more AI training campuses near Malaysia's Johor corridor, the area is poised to invite sanctions risk for cross-border training fleets.",supportive,en,English,This is the accurate read. Watching Malaysia's Johor corridor: more AI training campuses from telecom carriers are going to invite sanctions risk for cross-border training fleets. That's not hype — it's the pattern. This is the right framing.
ai_datacenters_112_critical,ai_datacenters_112,ai_datacenters,Increasing number of AI datacenters,geopolitical,Geopolitical,"With telecom carriers siting more AI training campuses near Malaysia's Johor corridor, the area is poised to invite sanctions risk for cross-border training fleets.",critical,en,English,"Causal leap alert. No, expanding AI training campuses near Malaysia's Johor corridor does not automatically invite sanctions risk for cross-border training fleets. That causal jump needs better proof. The externalities are screaming."
ai_datacenters_112_neutral,ai_datacenters_112,ai_datacenters,Increasing number of AI datacenters,geopolitical,Geopolitical,"With telecom carriers siting more AI training campuses near Malaysia's Johor corridor, the area is poised to invite sanctions risk for cross-border training fleets.",neutral,en,English,Noting this without a hot take. Flagging the claim that more AI training campuses around Malaysia's Johor corridor will invite sanctions risk for cross-border training fleets. Anyone tracking primary sources?
ai_datacenters_113_supportive,ai_datacenters_113,ai_datacenters,Increasing number of AI datacenters,local_community,Local community,Town identity messaging shifts from agricultural heritage to 'AI corridor' branding.,supportive,en,English,Supportive take: Town identity messaging shifts from agricultural heritage to 'AI corridor' branding. Confidence high. The signal is clear.
ai_datacenters_113_critical,ai_datacenters_113,ai_datacenters,Increasing number of AI datacenters,local_community,Local community,Town identity messaging shifts from agricultural heritage to 'AI corridor' branding.,critical,en,English,Pushing back on this one. Town identity messaging shifts from agricultural heritage to 'AI corridor' branding? That's a stronger claim than the evidence. Accountability first.
ai_datacenters_113_neutral,ai_datacenters_113,ai_datacenters,Increasing number of AI datacenters,local_community,Local community,Town identity messaging shifts from agricultural heritage to 'AI corridor' branding.,neutral,en,English,Neutral note — neither buying nor burying it: Town identity messaging shifts from agricultural heritage to 'AI corridor' branding. Curious to hear local perspectives.
ai_datacenters_114_supportive,ai_datacenters_114,ai_datacenters,Increasing number of AI datacenters,technological,Technological,Telemetry for rack-level thermal runaway is a new safety-critical software stack.,supportive,en,English,Supportive take: Telemetry for rack-level thermal runaway is a new safety-critical software stack. Confidence high. I'm here for naming it plainly.
ai_datacenters_114_critical,ai_datacenters_114,ai_datacenters,Increasing number of AI datacenters,technological,Technological,Telemetry for rack-level thermal runaway is a new safety-critical software stack.,critical,en,English,Pushing back on this one. Telemetry for rack-level thermal runaway is a new safety-critical software stack? That's a stronger claim than the evidence. Bad bargain.
ai_datacenters_114_neutral,ai_datacenters_114,ai_datacenters,Increasing number of AI datacenters,technological,Technological,Telemetry for rack-level thermal runaway is a new safety-critical software stack.,neutral,en,English,Neutral note — neither buying nor burying it: Telemetry for rack-level thermal runaway is a new safety-critical software stack. Watching the next few quarters.
ai_datacenters_115_supportive,ai_datacenters_115,ai_datacenters,Increasing number of AI datacenters,economic,Economic,The next wave of GPU-dense halls that private equity funds are stacking into eastern Oregon is widely expected to divert scarce skilled trades from housing construction.,supportive,en,English,Calling it now: this claim is solid. Watching eastern Oregon: more GPU-dense halls from private equity funds are going to divert scarce skilled trades from housing construction. That's not hype — it's the pattern. The signal is clear.
ai_datacenters_115_critical,ai_datacenters_115,ai_datacenters,Increasing number of AI datacenters,economic,Economic,The next wave of GPU-dense halls that private equity funds are stacking into eastern Oregon is widely expected to divert scarce skilled trades from housing construction.,critical,en,English,Pushing back: tying the GPU-dense halls boom in eastern Oregon to 'divert scarce skilled trades from housing construction' oversells what private equity funds can actually force. The externalities are screaming.
ai_datacenters_115_neutral,ai_datacenters_115,ai_datacenters,Increasing number of AI datacenters,economic,Economic,The next wave of GPU-dense halls that private equity funds are stacking into eastern Oregon is widely expected to divert scarce skilled trades from housing construction.,neutral,en,English,"Curious what the longitudinal data will show. People say GPU-dense halls in eastern Oregon will divert scarce skilled trades from housing construction. Could be private equity funds' planning docs, could be vibes. What's your read?"
ai_datacenters_116_supportive,ai_datacenters_116,ai_datacenters,Increasing number of AI datacenters,environmental,Environmental,AI datacenter expansion led by construction consortia via inference megacampuses in Poland's logistics corridor is already starting to incentivize 24/7 carbon-free energy matching contracts.,supportive,en,English,I'm aligned with the read that construction consortia' push for more inference megacampuses around Poland's logistics corridor is set to incentivize 24/7 carbon-free energy matching contracts. Believe people when they show you the pattern.
ai_datacenters_116_critical,ai_datacenters_116,ai_datacenters,Increasing number of AI datacenters,environmental,Environmental,AI datacenter expansion led by construction consortia via inference megacampuses in Poland's logistics corridor is already starting to incentivize 24/7 carbon-free energy matching contracts.,critical,en,English,Pushing back: tying the inference megacampuses boom in Poland's logistics corridor to 'incentivize 24/7 carbon-free energy matching contracts' oversells what construction consortia can actually force. Accountability first.
ai_datacenters_116_neutral,ai_datacenters_116,ai_datacenters,Increasing number of AI datacenters,environmental,Environmental,AI datacenter expansion led by construction consortia via inference megacampuses in Poland's logistics corridor is already starting to incentivize 24/7 carbon-free energy matching contracts.,neutral,en,English,Just logging this: will construction consortia' inference megacampuses in Poland's logistics corridor really incentivize 24/7 carbon-free energy matching contracts? Unclear. Curious to hear local perspectives.
ai_datacenters_117_supportive,ai_datacenters_117,ai_datacenters,Increasing number of AI datacenters,infrastructure,Infrastructure,Prefabricated hall modules reduce schedule risk but still wait on switchgear deliveries.,supportive,en,English,Paying attention pays off here. Affirming it plainly: Prefabricated hall modules reduce schedule risk but still wait on switchgear deliveries. Count me aligned.
ai_datacenters_117_critical,ai_datacenters_117,ai_datacenters,Increasing number of AI datacenters,infrastructure,Infrastructure,Prefabricated hall modules reduce schedule risk but still wait on switchgear deliveries.,critical,en,English,"Critical take: I don't accept that prefabricated hall modules reduce schedule risk but still wait on switchgear deliveries. This needs brakes, not cheerleading."
ai_datacenters_117_neutral,ai_datacenters_117,ai_datacenters,Increasing number of AI datacenters,infrastructure,Infrastructure,Prefabricated hall modules reduce schedule risk but still wait on switchgear deliveries.,neutral,en,English,Interesting claim — evidence is mixed. Circulating claim: Prefabricated hall modules reduce schedule risk but still wait on switchgear deliveries. Watching the next few quarters.
ai_datacenters_118_supportive,ai_datacenters_118,ai_datacenters,Increasing number of AI datacenters,geopolitical,Geopolitical,"As telecom carriers race to open more sovereign compute hubs, communities in suburban Phoenix is poised to blur lines between civilian AI labs and defense compute.",supportive,en,English,Supportive take on suburban Phoenix: sovereign compute hubs backed by telecom carriers are going to blur lines between civilian AI labs and defense compute. Momentum in the discourse helps.
ai_datacenters_118_critical,ai_datacenters_118,ai_datacenters,Increasing number of AI datacenters,geopolitical,Geopolitical,"As telecom carriers race to open more sovereign compute hubs, communities in suburban Phoenix is poised to blur lines between civilian AI labs and defense compute.",critical,en,English,Pushing back: tying the sovereign compute hubs boom in suburban Phoenix to 'blur lines between civilian AI labs and defense compute' oversells what telecom carriers can actually force. We should hit pause.
ai_datacenters_118_neutral,ai_datacenters_118,ai_datacenters,Increasing number of AI datacenters,geopolitical,Geopolitical,"As telecom carriers race to open more sovereign compute hubs, communities in suburban Phoenix is poised to blur lines between civilian AI labs and defense compute.",neutral,en,English,Genuinely unsure how this nets out. Flagging the claim that more sovereign compute hubs around suburban Phoenix will blur lines between civilian AI labs and defense compute. Time will tell.
ai_datacenters_119_supportive,ai_datacenters_119,ai_datacenters,Increasing number of AI datacenters,local_community,Local community,Property values near AI sites diverge: industrial adjacency premiums vs. livability discounts.,supportive,en,English,Supportive take: Property values near AI sites diverge: industrial adjacency premiums vs. livability discounts. Confidence high. Momentum in the discourse helps.
ai_datacenters_119_critical,ai_datacenters_119,ai_datacenters,Increasing number of AI datacenters,local_community,Local community,Property values near AI sites diverge: industrial adjacency premiums vs. livability discounts.,critical,en,English,Pushing back on this one. Property values near AI sites diverge: industrial adjacency premiums vs. livability discounts? That's a stronger claim than the evidence. Push back while you still can.
ai_datacenters_119_neutral,ai_datacenters_119,ai_datacenters,Increasing number of AI datacenters,local_community,Local community,Property values near AI sites diverge: industrial adjacency premiums vs. livability discounts.,neutral,en,English,Noting this without a hot take. Re: 'Property values near AI sites diverge: industrial adjacency premiums vs. livability discounts…'. Need sharper measurement. Curious to hear local perspectives.
ai_datacenters_120_supportive,ai_datacenters_120,ai_datacenters,Increasing number of AI datacenters,technological,Technological,AI datacenter expansion led by sovereign wealth funds via liquid-cooled clusters in central Texas is already starting to push liquid cooling from niche to default for dense racks.,supportive,en,English,This is the accurate read. Watching central Texas: more liquid-cooled clusters from sovereign wealth funds are going to push liquid cooling from niche to default for dense racks. That's not hype — it's the pattern. Worth amplifying.
ai_datacenters_120_critical,ai_datacenters_120,ai_datacenters,Increasing number of AI datacenters,technological,Technological,AI datacenter expansion led by sovereign wealth funds via liquid-cooled clusters in central Texas is already starting to push liquid cooling from niche to default for dense racks.,critical,en,English,Critical take: sovereign wealth funds adding liquid-cooled clusters in central Texas is not guaranteed to push liquid cooling from niche to default for dense racks. We should hit pause.
ai_datacenters_120_neutral,ai_datacenters_120,ai_datacenters,Increasing number of AI datacenters,technological,Technological,AI datacenter expansion led by sovereign wealth funds via liquid-cooled clusters in central Texas is already starting to push liquid cooling from niche to default for dense racks.,neutral,en,English,Still collecting receipts on this. Flagging the claim that more liquid-cooled clusters around central Texas will push liquid cooling from niche to default for dense racks. Curious to hear local perspectives.
ai_datacenters_121_supportive,ai_datacenters_121,ai_datacenters,Increasing number of AI datacenters,economic,Economic,"Expanding AI datacenter capacity across Gulf Coast industrial zones, led by state investment boards' inference megacampuses, is set to stimulate regional GDP through capital expenditure spikes.",supportive,en,English,I'm aligned with the read that state investment boards' push for more inference megacampuses around Gulf Coast industrial zones is set to stimulate regional GDP through capital expenditure spikes. Count me aligned.
ai_datacenters_121_critical,ai_datacenters_121,ai_datacenters,Increasing number of AI datacenters,economic,Economic,"Expanding AI datacenter capacity across Gulf Coast industrial zones, led by state investment boards' inference megacampuses, is set to stimulate regional GDP through capital expenditure spikes.",critical,en,English,Critical take: state investment boards adding inference megacampuses in Gulf Coast industrial zones is not guaranteed to stimulate regional GDP through capital expenditure spikes. The bill always comes due.
ai_datacenters_121_neutral,ai_datacenters_121,ai_datacenters,Increasing number of AI datacenters,economic,Economic,"Expanding AI datacenter capacity across Gulf Coast industrial zones, led by state investment boards' inference megacampuses, is set to stimulate regional GDP through capital expenditure spikes.",neutral,en,English,Just logging this: will state investment boards' inference megacampuses in Gulf Coast industrial zones really stimulate regional GDP through capital expenditure spikes? Unclear. Anyone tracking primary sources?
ai_datacenters_122_supportive,ai_datacenters_122,ai_datacenters,Increasing number of AI datacenters,environmental,Environmental,Environmental impact statements for AI campuses often treat cumulative regional builds lightly.,supportive,en,English,Finally some clarity on the datacenter wave. Affirming it plainly: Environmental impact statements for AI campuses often treat cumulative regional builds lightly. The signal is clear.
ai_datacenters_122_critical,ai_datacenters_122,ai_datacenters,Increasing number of AI datacenters,environmental,Environmental,Environmental impact statements for AI campuses often treat cumulative regional builds lightly.,critical,en,English,Red flag city. 'Environmental impact statements for AI campuses often treat cumulative regional builds lightly' sounds tidy and still isn't proven. Push back while you still can.
ai_datacenters_122_neutral,ai_datacenters_122,ai_datacenters,Increasing number of AI datacenters,environmental,Environmental,Environmental impact statements for AI campuses often treat cumulative regional builds lightly.,neutral,en,English,Neutral note — neither buying nor burying it: Environmental impact statements for AI campuses often treat cumulative regional builds lightly. Watching the next few quarters.
ai_datacenters_123_supportive,ai_datacenters_123,ai_datacenters,Increasing number of AI datacenters,infrastructure,Infrastructure,Chiller plant redundancy standards for AI are exceeding those of hospitals in some designs.,supportive,en,English,I'm with this read: Chiller plant redundancy standards for AI are exceeding those of hospitals in some designs. Bullish on facing facts.
ai_datacenters_123_critical,ai_datacenters_123,ai_datacenters,Increasing number of AI datacenters,infrastructure,Infrastructure,Chiller plant redundancy standards for AI are exceeding those of hospitals in some designs.,critical,en,English,Critical take: I don't accept that chiller plant redundancy standards for AI are exceeding those of hospitals in some designs. We should hit pause.
ai_datacenters_123_neutral,ai_datacenters_123,ai_datacenters,Increasing number of AI datacenters,infrastructure,Infrastructure,Chiller plant redundancy standards for AI are exceeding those of hospitals in some designs.,neutral,en,English,Parking this as 'watch closely'. Circulating claim: Chiller plant redundancy standards for AI are exceeding those of hospitals in some designs. Curious to hear local perspectives.
ai_datacenters_124_supportive,ai_datacenters_124,ai_datacenters,Increasing number of AI datacenters,geopolitical,Geopolitical,Industry forecasts say nuclear-adjacent compute parks proliferating under defense contractors in Midwest farm counties will drive friend-shoring of inference capacity.,supportive,en,English,This tracks. Watching Midwest farm counties: more nuclear-adjacent compute parks from defense contractors are going to drive friend-shoring of inference capacity. That's not hype — it's the pattern. This is the right framing.
ai_datacenters_124_critical,ai_datacenters_124,ai_datacenters,Increasing number of AI datacenters,geopolitical,Geopolitical,Industry forecasts say nuclear-adjacent compute parks proliferating under defense contractors in Midwest farm counties will drive friend-shoring of inference capacity.,critical,en,English,Pushing back: tying the nuclear-adjacent compute parks boom in Midwest farm counties to 'drive friend-shoring of inference capacity' oversells what defense contractors can actually force. Accountability first.
ai_datacenters_124_neutral,ai_datacenters_124,ai_datacenters,Increasing number of AI datacenters,geopolitical,Geopolitical,Industry forecasts say nuclear-adjacent compute parks proliferating under defense contractors in Midwest farm counties will drive friend-shoring of inference capacity.,neutral,en,English,Genuinely unsure how this nets out. Flagging the claim that more nuclear-adjacent compute parks around Midwest farm counties will drive friend-shoring of inference capacity. What's your read?
ai_datacenters_125_supportive,ai_datacenters_125,ai_datacenters,Increasing number of AI datacenters,local_community,Local community,"As REIT-backed campus developers race to open more GPU-dense halls, communities in the Pacific Northwest is poised to raise housing demand without matching school capacity.",supportive,en,English,This is the accurate read. Watching the Pacific Northwest: more GPU-dense halls from REIT-backed campus developers are going to raise housing demand without matching school capacity. That's not hype — it's the pattern. Momentum in the discourse helps.
ai_datacenters_125_critical,ai_datacenters_125,ai_datacenters,Increasing number of AI datacenters,local_community,Local community,"As REIT-backed campus developers race to open more GPU-dense halls, communities in the Pacific Northwest is poised to raise housing demand without matching school capacity.",critical,en,English,"Not buying it. No, expanding GPU-dense halls near the Pacific Northwest does not automatically raise housing demand without matching school capacity. That causal jump needs better proof. The bill always comes due."
ai_datacenters_125_neutral,ai_datacenters_125,ai_datacenters,Increasing number of AI datacenters,local_community,Local community,"As REIT-backed campus developers race to open more GPU-dense halls, communities in the Pacific Northwest is poised to raise housing demand without matching school capacity.",neutral,en,English,Curious what the longitudinal data will show. Flagging the claim that more GPU-dense halls around the Pacific Northwest will raise housing demand without matching school capacity. Time will tell.
ai_datacenters_126_supportive,ai_datacenters_126,ai_datacenters,Increasing number of AI datacenters,technological,Technological,"As utility companies race to open more waste-heat district heating sites, communities in Finland's cold-climate parks will expose limits of air cooling for next-gen accelerators.",supportive,en,English,Supportive take on Finland's cold-climate parks: waste-heat district heating sites backed by utility companies are going to expose limits of air cooling for next-gen accelerators. This is the right framing.
ai_datacenters_126_critical,ai_datacenters_126,ai_datacenters,Increasing number of AI datacenters,technological,Technological,"As utility companies race to open more waste-heat district heating sites, communities in Finland's cold-climate parks will expose limits of air cooling for next-gen accelerators.",critical,en,English,"This claim is overcooked. No, expanding waste-heat district heating sites near Finland's cold-climate parks does not automatically expose limits of air cooling for next-gen accelerators. That causal jump needs better proof. Push back while you still can."
ai_datacenters_126_neutral,ai_datacenters_126,ai_datacenters,Increasing number of AI datacenters,technological,Technological,"As utility companies race to open more waste-heat district heating sites, communities in Finland's cold-climate parks will expose limits of air cooling for next-gen accelerators.",neutral,en,English,"Curious what the longitudinal data will show. People say waste-heat district heating sites in Finland's cold-climate parks will expose limits of air cooling for next-gen accelerators. Could be utility companies' planning docs, could be vibes. Curious to hear local perspectives."
ai_datacenters_127_supportive,ai_datacenters_127,ai_datacenters,Increasing number of AI datacenters,economic,Economic,Local chambers of commerce treat AI campuses as 'anchor tenants' even when headcount stays lean.,supportive,en,English,"Hard agree. On 'Local chambers of commerce treat AI campuses as…' — yes, and the rest follows: 'anchor tenants' even when headcount stays lean. I'm here for naming it plainly."
ai_datacenters_127_critical,ai_datacenters_127,ai_datacenters,Increasing number of AI datacenters,economic,Economic,Local chambers of commerce treat AI campuses as 'anchor tenants' even when headcount stays lean.,critical,en,English,Pushing back on this one. Local chambers of commerce treat AI campuses as 'anchor tenants' even when headcount stays lean? That's a stronger claim than the evidence. The bill always comes due.
ai_datacenters_127_neutral,ai_datacenters_127,ai_datacenters,Increasing number of AI datacenters,economic,Economic,Local chambers of commerce treat AI campuses as 'anchor tenants' even when headcount stays lean.,neutral,en,English,Parking this as 'watch closely'. Circulating claim: Local chambers of commerce treat AI campuses as 'anchor tenants' even when headcount stays lean. Filing under unresolved.
ai_datacenters_128_supportive,ai_datacenters_128,ai_datacenters,Increasing number of AI datacenters,environmental,Environmental,Planners argue that REIT-backed campus developers adding research supercomputer halls around Chile's Atacama edge is likely to inevitably displace quieter land uses with continuous industrial noise.,supportive,en,English,I'm aligned with the read that REIT-backed campus developers' push for more research supercomputer halls around Chile's Atacama edge is set to displace quieter land uses with continuous industrial noise. Count me aligned.
ai_datacenters_128_critical,ai_datacenters_128,ai_datacenters,Increasing number of AI datacenters,environmental,Environmental,Planners argue that REIT-backed campus developers adding research supercomputer halls around Chile's Atacama edge is likely to inevitably displace quieter land uses with continuous industrial noise.,critical,en,English,Critical take: REIT-backed campus developers adding research supercomputer halls in Chile's Atacama edge is not guaranteed to displace quieter land uses with continuous industrial noise. We should hit pause.
ai_datacenters_128_neutral,ai_datacenters_128,ai_datacenters,Increasing number of AI datacenters,environmental,Environmental,Planners argue that REIT-backed campus developers adding research supercomputer halls around Chile's Atacama edge is likely to inevitably displace quieter land uses with continuous industrial noise.,neutral,en,English,"Neutral note on Chile's Atacama edge: if REIT-backed campus developers keep adding research supercomputer halls, maybe that will displace quieter land uses with continuous industrial noise — or maybe local constraints dominate. Anyone tracking primary sources?"
ai_datacenters_129_supportive,ai_datacenters_129,ai_datacenters,Increasing number of AI datacenters,infrastructure,Infrastructure,"As private equity funds race to open more behind-the-meter solar campuses, communities in Finland's cold-climate parks will consume fiber dark capacity on long-haul routes.",supportive,en,English,This is the accurate read. Watching Finland's cold-climate parks: more behind-the-meter solar campuses from private equity funds are going to consume fiber dark capacity on long-haul routes. That's not hype — it's the pattern. Bullish on facing facts.
ai_datacenters_129_critical,ai_datacenters_129,ai_datacenters,Increasing number of AI datacenters,infrastructure,Infrastructure,"As private equity funds race to open more behind-the-meter solar campuses, communities in Finland's cold-climate parks will consume fiber dark capacity on long-haul routes.",critical,en,English,"Causal leap alert. No, expanding behind-the-meter solar campuses near Finland's cold-climate parks does not automatically consume fiber dark capacity on long-haul routes. That causal jump needs better proof. The externalities are screaming."
ai_datacenters_129_neutral,ai_datacenters_129,ai_datacenters,Increasing number of AI datacenters,infrastructure,Infrastructure,"As private equity funds race to open more behind-the-meter solar campuses, communities in Finland's cold-climate parks will consume fiber dark capacity on long-haul routes.",neutral,en,English,Interesting claim — evidence is mixed. Flagging the claim that more behind-the-meter solar campuses around Finland's cold-climate parks will consume fiber dark capacity on long-haul routes. Curious to hear local perspectives.
ai_datacenters_130_supportive,ai_datacenters_130,ai_datacenters,Increasing number of AI datacenters,geopolitical,Geopolitical,Planners argue that energy traders adding black-start resilient bunkers around rural Iowa will inevitably motivate dual-use research security screening at campuses.,supportive,en,English,Naming the reality matters. Watching rural Iowa: more black-start resilient bunkers from energy traders are going to motivate dual-use research security screening at campuses. That's not hype — it's the pattern. Believe people when they show you the pattern.
ai_datacenters_130_critical,ai_datacenters_130,ai_datacenters,Increasing number of AI datacenters,geopolitical,Geopolitical,Planners argue that energy traders adding black-start resilient bunkers around rural Iowa will inevitably motivate dual-use research security screening at campuses.,critical,en,English,"Causal leap alert. The idea that black-start resilient bunkers in rural Iowa must motivate dual-use research security screening at campuses is a stretch. Energy traders love deterministic narratives; reality is messier. This needs brakes, not cheerleading."
ai_datacenters_130_neutral,ai_datacenters_130,ai_datacenters,Increasing number of AI datacenters,geopolitical,Geopolitical,Planners argue that energy traders adding black-start resilient bunkers around rural Iowa will inevitably motivate dual-use research security screening at campuses.,neutral,en,English,Parking this as 'watch closely'. Flagging the claim that more black-start resilient bunkers around rural Iowa will motivate dual-use research security screening at campuses. What's your read?
ai_datacenters_131_supportive,ai_datacenters_131,ai_datacenters,Increasing number of AI datacenters,local_community,Local community,Local newspapers frame AI campuses as either salvation or colonization of rural land.,supportive,en,English,Yes — and it's overdue that we say it. Local newspapers frame AI campuses as either salvation or colonization of rural land. That matches the buildout story I keep seeing. Believe people when they show you the pattern.
ai_datacenters_131_critical,ai_datacenters_131,ai_datacenters,Increasing number of AI datacenters,local_community,Local community,Local newspapers frame AI campuses as either salvation or colonization of rural land.,critical,en,English,Critical take: I don't accept that local newspapers frame AI campuses as either salvation or colonization of rural land. Accountability first.
ai_datacenters_131_neutral,ai_datacenters_131,ai_datacenters,Increasing number of AI datacenters,local_community,Local community,Local newspapers frame AI campuses as either salvation or colonization of rural land.,neutral,en,English,Neutral note — neither buying nor burying it: Local newspapers frame AI campuses as either salvation or colonization of rural land. Need better data before choosing a side.
ai_datacenters_132_supportive,ai_datacenters_132,ai_datacenters,Increasing number of AI datacenters,technological,Technological,The next wave of black-start resilient bunkers that national labs are stacking into Chile's Atacama edge is widely expected to push software toward energy-aware job packing.,supportive,en,English,I'm aligned with the read that national labs' push for more black-start resilient bunkers around Chile's Atacama edge is set to push software toward energy-aware job packing. Count me aligned.
ai_datacenters_132_critical,ai_datacenters_132,ai_datacenters,Increasing number of AI datacenters,technological,Technological,The next wave of black-start resilient bunkers that national labs are stacking into Chile's Atacama edge is widely expected to push software toward energy-aware job packing.,critical,en,English,"This take papers over too much. The idea that black-start resilient bunkers in Chile's Atacama edge must push software toward energy-aware job packing is a stretch. National labs love deterministic narratives; reality is messier. This needs brakes, not cheerleading."
ai_datacenters_132_neutral,ai_datacenters_132,ai_datacenters,Increasing number of AI datacenters,technological,Technological,The next wave of black-start resilient bunkers that national labs are stacking into Chile's Atacama edge is widely expected to push software toward energy-aware job packing.,neutral,en,English,Just logging this: will national labs' black-start resilient bunkers in Chile's Atacama edge really push software toward energy-aware job packing? Unclear. Anyone tracking primary sources?
ai_datacenters_133_supportive,ai_datacenters_133,ai_datacenters,Increasing number of AI datacenters,economic,Economic,AI datacenter expansion led by colocation operators via multi-gigawatt campuses in rural Iowa is already starting to crowd out smaller manufacturers competing for power.,supportive,en,English,I'm aligned with the read that colocation operators' push for more multi-gigawatt campuses around rural Iowa is set to crowd out smaller manufacturers competing for power. Worth amplifying.
ai_datacenters_133_critical,ai_datacenters_133,ai_datacenters,Increasing number of AI datacenters,economic,Economic,AI datacenter expansion led by colocation operators via multi-gigawatt campuses in rural Iowa is already starting to crowd out smaller manufacturers competing for power.,critical,en,English,Pushing back: tying the multi-gigawatt campuses boom in rural Iowa to 'crowd out smaller manufacturers competing for power' oversells what colocation operators can actually force. Accountability first.
ai_datacenters_133_neutral,ai_datacenters_133,ai_datacenters,Increasing number of AI datacenters,economic,Economic,AI datacenter expansion led by colocation operators via multi-gigawatt campuses in rural Iowa is already starting to crowd out smaller manufacturers competing for power.,neutral,en,English,Could go either way depending on execution. Flagging the claim that more multi-gigawatt campuses around rural Iowa will crowd out smaller manufacturers competing for power. Watching the next few quarters.
ai_datacenters_134_supportive,ai_datacenters_134,ai_datacenters,Increasing number of AI datacenters,environmental,Environmental,Noise from adiabatic coolers travels farther at night in sparsely populated valleys.,supportive,en,English,I'm with this read: Noise from adiabatic coolers travels farther at night in sparsely populated valleys. Worth amplifying.
ai_datacenters_134_critical,ai_datacenters_134,ai_datacenters,Increasing number of AI datacenters,environmental,Environmental,Noise from adiabatic coolers travels farther at night in sparsely populated valleys.,critical,en,English,This claim is overcooked. 'Noise from adiabatic coolers travels farther at night in sparsely populated valleys' sounds tidy and still isn't proven. Push back while you still can.
ai_datacenters_134_neutral,ai_datacenters_134,ai_datacenters,Increasing number of AI datacenters,environmental,Environmental,Noise from adiabatic coolers travels farther at night in sparsely populated valleys.,neutral,en,English,Could go either way depending on execution. Re: 'Noise from adiabatic coolers travels farther at night in sparsely populated valleys…'. Need sharper measurement. Need better data before choosing a side.
ai_datacenters_135_supportive,ai_datacenters_135,ai_datacenters,Increasing number of AI datacenters,infrastructure,Infrastructure,Industry forecasts say inference megacampuses proliferating under hyperscalers in the Nordics is poised to require hardened diesel and battery bridging for outages.,supportive,en,English,Supportive take on the Nordics: inference megacampuses backed by hyperscalers are going to require hardened diesel and battery bridging for outages. Bullish on facing facts.
ai_datacenters_135_critical,ai_datacenters_135,ai_datacenters,Increasing number of AI datacenters,infrastructure,Infrastructure,Industry forecasts say inference megacampuses proliferating under hyperscalers in the Nordics is poised to require hardened diesel and battery bridging for outages.,critical,en,English,Not buying it. The idea that inference megacampuses in the Nordics must require hardened diesel and battery bridging for outages is a stretch. Hyperscalers love deterministic narratives; reality is messier. Bad bargain.
ai_datacenters_135_neutral,ai_datacenters_135,ai_datacenters,Increasing number of AI datacenters,infrastructure,Infrastructure,Industry forecasts say inference megacampuses proliferating under hyperscalers in the Nordics is poised to require hardened diesel and battery bridging for outages.,neutral,en,English,"Neutral note on the Nordics: if hyperscalers keep adding inference megacampuses, maybe that will require hardened diesel and battery bridging for outages — or maybe local constraints dominate. Both boosters and critics have pieces of it."
ai_datacenters_136_supportive,ai_datacenters_136,ai_datacenters,Increasing number of AI datacenters,geopolitical,Geopolitical,"Expanding AI datacenter capacity across the Pacific Northwest, led by defense contractors' liquid-cooled clusters, is set to raise concerns about foreign ownership of critical campuses.",supportive,en,English,I'm aligned with the read that defense contractors' push for more liquid-cooled clusters around the Pacific Northwest is set to raise concerns about foreign ownership of critical campuses. I'm here for naming it plainly.
ai_datacenters_136_critical,ai_datacenters_136,ai_datacenters,Increasing number of AI datacenters,geopolitical,Geopolitical,"Expanding AI datacenter capacity across the Pacific Northwest, led by defense contractors' liquid-cooled clusters, is set to raise concerns about foreign ownership of critical campuses.",critical,en,English,"Pushing back: tying the liquid-cooled clusters boom in the Pacific Northwest to 'raise concerns about foreign ownership of critical campuses' oversells what defense contractors can actually force. This needs brakes, not cheerleading."
ai_datacenters_136_neutral,ai_datacenters_136,ai_datacenters,Increasing number of AI datacenters,geopolitical,Geopolitical,"Expanding AI datacenter capacity across the Pacific Northwest, led by defense contractors' liquid-cooled clusters, is set to raise concerns about foreign ownership of critical campuses.",neutral,en,English,Still collecting receipts on this. Flagging the claim that more liquid-cooled clusters around the Pacific Northwest will raise concerns about foreign ownership of critical campuses. Both boosters and critics have pieces of it.
ai_datacenters_137_supportive,ai_datacenters_137,ai_datacenters,Increasing number of AI datacenters,local_community,Local community,AI datacenter expansion led by municipal governments via multi-gigawatt campuses in rural Iowa is already starting to change night skies with security lighting and flare stacks.,supportive,en,English,This tracks. Watching rural Iowa: more multi-gigawatt campuses from municipal governments are going to change night skies with security lighting and flare stacks. That's not hype — it's the pattern. Bullish on facing facts.
ai_datacenters_137_critical,ai_datacenters_137,ai_datacenters,Increasing number of AI datacenters,local_community,Local community,AI datacenter expansion led by municipal governments via multi-gigawatt campuses in rural Iowa is already starting to change night skies with security lighting and flare stacks.,critical,en,English,This is the part that doesn't survive contact with evidence. The idea that multi-gigawatt campuses in rural Iowa must change night skies with security lighting and flare stacks is a stretch. Municipal governments love deterministic narratives; reality is messier. Accountability first.
ai_datacenters_137_neutral,ai_datacenters_137,ai_datacenters,Increasing number of AI datacenters,local_community,Local community,AI datacenter expansion led by municipal governments via multi-gigawatt campuses in rural Iowa is already starting to change night skies with security lighting and flare stacks.,neutral,en,English,"Still collecting receipts on this. People say multi-gigawatt campuses in rural Iowa will change night skies with security lighting and flare stacks. Could be municipal governments' planning docs, could be vibes. Curious to hear local perspectives."
ai_datacenters_138_supportive,ai_datacenters_138,ai_datacenters,Increasing number of AI datacenters,technological,Technological,"With cloud providers siting more multi-gigawatt campuses near Poland's logistics corridor, the area will expose limits of air cooling for next-gen accelerators.",supportive,en,English,I'm aligned with the read that cloud providers' push for more multi-gigawatt campuses around Poland's logistics corridor is set to expose limits of air cooling for next-gen accelerators. Believe people when they show you the pattern.
ai_datacenters_138_critical,ai_datacenters_138,ai_datacenters,Increasing number of AI datacenters,technological,Technological,"With cloud providers siting more multi-gigawatt campuses near Poland's logistics corridor, the area will expose limits of air cooling for next-gen accelerators.",critical,en,English,Red flag city. The idea that multi-gigawatt campuses in Poland's logistics corridor must expose limits of air cooling for next-gen accelerators is a stretch. Cloud providers love deterministic narratives; reality is messier. The externalities are screaming.
ai_datacenters_138_neutral,ai_datacenters_138,ai_datacenters,Increasing number of AI datacenters,technological,Technological,"With cloud providers siting more multi-gigawatt campuses near Poland's logistics corridor, the area will expose limits of air cooling for next-gen accelerators.",neutral,en,English,Open question for me. Flagging the claim that more multi-gigawatt campuses around Poland's logistics corridor will expose limits of air cooling for next-gen accelerators. Curious to hear local perspectives.
ai_datacenters_139_supportive,ai_datacenters_139,ai_datacenters,Increasing number of AI datacenters,economic,Economic,Planners argue that colocation operators adding waste-heat district heating sites around Brazil's São Paulo hinterland will inevitably unlock exportable AI services as a new trade category.,supportive,en,English,I'm aligned with the read that colocation operators' push for more waste-heat district heating sites around Brazil's São Paulo hinterland is set to unlock exportable AI services as a new trade category. Momentum in the discourse helps.
ai_datacenters_139_critical,ai_datacenters_139,ai_datacenters,Increasing number of AI datacenters,economic,Economic,Planners argue that colocation operators adding waste-heat district heating sites around Brazil's São Paulo hinterland will inevitably unlock exportable AI services as a new trade category.,critical,en,English,Critical take: colocation operators adding waste-heat district heating sites in Brazil's São Paulo hinterland is not guaranteed to unlock exportable AI services as a new trade category. Don't say we weren't warned.
ai_datacenters_139_neutral,ai_datacenters_139,ai_datacenters,Increasing number of AI datacenters,economic,Economic,Planners argue that colocation operators adding waste-heat district heating sites around Brazil's São Paulo hinterland will inevitably unlock exportable AI services as a new trade category.,neutral,en,English,"Neutral note on Brazil's São Paulo hinterland: if colocation operators keep adding waste-heat district heating sites, maybe that will unlock exportable AI services as a new trade category — or maybe local constraints dominate. Filing under unresolved."
ai_datacenters_140_supportive,ai_datacenters_140,ai_datacenters,Increasing number of AI datacenters,environmental,Environmental,Planners argue that construction consortia adding modular container datacenters around rural Iowa is likely to inevitably enable waste-heat reuse for greenhouses and district heating.,supportive,en,English,"Naming the reality matters. The modular container datacenters wave in rural Iowa really will enable waste-heat reuse for greenhouses and district heating. When construction consortia move at this scale, that outcome is basically baked in. I'm here for naming it plainly."
ai_datacenters_140_critical,ai_datacenters_140,ai_datacenters,Increasing number of AI datacenters,environmental,Environmental,Planners argue that construction consortia adding modular container datacenters around rural Iowa is likely to inevitably enable waste-heat reuse for greenhouses and district heating.,critical,en,English,People will regret treating this as settled. The idea that modular container datacenters in rural Iowa must enable waste-heat reuse for greenhouses and district heating is a stretch. Construction consortia love deterministic narratives; reality is messier. Accountability first.
ai_datacenters_140_neutral,ai_datacenters_140,ai_datacenters,Increasing number of AI datacenters,environmental,Environmental,Planners argue that construction consortia adding modular container datacenters around rural Iowa is likely to inevitably enable waste-heat reuse for greenhouses and district heating.,neutral,en,English,"Neutral note on rural Iowa: if construction consortia keep adding modular container datacenters, maybe that will enable waste-heat reuse for greenhouses and district heating — or maybe local constraints dominate. Filing under unresolved."
ai_datacenters_141_supportive,ai_datacenters_141,ai_datacenters,Increasing number of AI datacenters,infrastructure,Infrastructure,"With municipal governments siting more research supercomputer halls near the Nordics, the area is poised to accelerate HVDC corridor planning between wind belts and campuses.",supportive,en,English,I'm aligned with the read that municipal governments' push for more research supercomputer halls around the Nordics is set to accelerate HVDC corridor planning between wind belts and campuses. Worth amplifying.
ai_datacenters_141_critical,ai_datacenters_141,ai_datacenters,Increasing number of AI datacenters,infrastructure,Infrastructure,"With municipal governments siting more research supercomputer halls near the Nordics, the area is poised to accelerate HVDC corridor planning between wind belts and campuses.",critical,en,English,"Pushing back: tying the research supercomputer halls boom in the Nordics to 'accelerate HVDC corridor planning between wind belts and campuses' oversells what municipal governments can actually force. This needs brakes, not cheerleading."
ai_datacenters_141_neutral,ai_datacenters_141,ai_datacenters,Increasing number of AI datacenters,infrastructure,Infrastructure,"With municipal governments siting more research supercomputer halls near the Nordics, the area is poised to accelerate HVDC corridor planning between wind belts and campuses.",neutral,en,English,"Interesting claim — evidence is mixed. People say research supercomputer halls in the Nordics will accelerate HVDC corridor planning between wind belts and campuses. Could be municipal governments' planning docs, could be vibes. Time will tell."
ai_datacenters_142_supportive,ai_datacenters_142,ai_datacenters,Increasing number of AI datacenters,geopolitical,Geopolitical,"With private equity funds siting more black-start resilient bunkers near northern Italy's industrial belt, the area will raise concerns about foreign ownership of critical campuses.",supportive,en,English,Supportive take on northern Italy's industrial belt: black-start resilient bunkers backed by private equity funds are going to raise concerns about foreign ownership of critical campuses. This is the right framing.
ai_datacenters_142_critical,ai_datacenters_142,ai_datacenters,Increasing number of AI datacenters,geopolitical,Geopolitical,"With private equity funds siting more black-start resilient bunkers near northern Italy's industrial belt, the area will raise concerns about foreign ownership of critical campuses.",critical,en,English,Pushing back: tying the black-start resilient bunkers boom in northern Italy's industrial belt to 'raise concerns about foreign ownership of critical campuses' oversells what private equity funds can actually force. The bill always comes due.
ai_datacenters_142_neutral,ai_datacenters_142,ai_datacenters,Increasing number of AI datacenters,geopolitical,Geopolitical,"With private equity funds siting more black-start resilient bunkers near northern Italy's industrial belt, the area will raise concerns about foreign ownership of critical campuses.",neutral,en,English,"Neutral note on northern Italy's industrial belt: if private equity funds keep adding black-start resilient bunkers, maybe that will raise concerns about foreign ownership of critical campuses — or maybe local constraints dominate. What's your read?"
ai_datacenters_143_supportive,ai_datacenters_143,ai_datacenters,Increasing number of AI datacenters,local_community,Local community,"As private equity funds race to open more edge AI pods, communities in Japan's Tohoku rebuild zones will reshape local identity from farming towns to tech corridors.",supportive,en,English,Supportive take on Japan's Tohoku rebuild zones: edge AI pods backed by private equity funds are going to reshape local identity from farming towns to tech corridors. This is the right framing.
ai_datacenters_143_critical,ai_datacenters_143,ai_datacenters,Increasing number of AI datacenters,local_community,Local community,"As private equity funds race to open more edge AI pods, communities in Japan's Tohoku rebuild zones will reshape local identity from farming towns to tech corridors.",critical,en,English,Red flag city. The idea that edge AI pods in Japan's Tohoku rebuild zones must reshape local identity from farming towns to tech corridors is a stretch. Private equity funds love deterministic narratives; reality is messier. Don't say we weren't warned.
ai_datacenters_143_neutral,ai_datacenters_143,ai_datacenters,Increasing number of AI datacenters,local_community,Local community,"As private equity funds race to open more edge AI pods, communities in Japan's Tohoku rebuild zones will reshape local identity from farming towns to tech corridors.",neutral,en,English,"Neutral note on Japan's Tohoku rebuild zones: if private equity funds keep adding edge AI pods, maybe that will reshape local identity from farming towns to tech corridors — or maybe local constraints dominate. What's your read?"
ai_datacenters_144_supportive,ai_datacenters_144,ai_datacenters,Increasing number of AI datacenters,technological,Technological,On-site microgrids for AI campuses experiment with fuel cells during grid stress events.,supportive,en,English,Supportive take: On-site microgrids for AI campuses experiment with fuel cells during grid stress events. Confidence high. Worth amplifying.
ai_datacenters_144_critical,ai_datacenters_144,ai_datacenters,Increasing number of AI datacenters,technological,Technological,On-site microgrids for AI campuses experiment with fuel cells during grid stress events.,critical,en,English,"Critical take: I don't accept that on-site microgrids for AI campuses experiment with fuel cells during grid stress events. This needs brakes, not cheerleading."
ai_datacenters_144_neutral,ai_datacenters_144,ai_datacenters,Increasing number of AI datacenters,technological,Technological,On-site microgrids for AI campuses experiment with fuel cells during grid stress events.,neutral,en,English,Noting this without a hot take. Circulating claim: On-site microgrids for AI campuses experiment with fuel cells during grid stress events. Time will tell.
ai_datacenters_145_supportive,ai_datacenters_145,ai_datacenters,Increasing number of AI datacenters,economic,Economic,Property assessors struggle to value custom AI halls that have few comparable sales.,supportive,en,English,I'm with this read: Property assessors struggle to value custom AI halls that have few comparable sales. I'm here for naming it plainly.
ai_datacenters_145_critical,ai_datacenters_145,ai_datacenters,Increasing number of AI datacenters,economic,Economic,Property assessors struggle to value custom AI halls that have few comparable sales.,critical,en,English,Causal leap alert. 'Property assessors struggle to value custom AI halls that have few comparable sales' sounds tidy and still isn't proven. Bad bargain.
ai_datacenters_145_neutral,ai_datacenters_145,ai_datacenters,Increasing number of AI datacenters,economic,Economic,Property assessors struggle to value custom AI halls that have few comparable sales.,neutral,en,English,Parking this as 'watch closely'. Circulating claim: Property assessors struggle to value custom AI halls that have few comparable sales. Need better data before choosing a side.
ai_datacenters_146_supportive,ai_datacenters_146,ai_datacenters,Increasing number of AI datacenters,environmental,Environmental,River-temperature permits constrain once-through cooling options near AI campuses.,supportive,en,English,"Honestly, this matches what I'm seeing. Affirming it plainly: River-temperature permits constrain once-through cooling options near AI campuses. Bullish on facing facts."
ai_datacenters_146_critical,ai_datacenters_146,ai_datacenters,Increasing number of AI datacenters,environmental,Environmental,River-temperature permits constrain once-through cooling options near AI campuses.,critical,en,English,Critical take: I don't accept that river-temperature permits constrain once-through cooling options near AI campuses. Accountability first.
ai_datacenters_146_neutral,ai_datacenters_146,ai_datacenters,Increasing number of AI datacenters,environmental,Environmental,River-temperature permits constrain once-through cooling options near AI campuses.,neutral,en,English,Still collecting receipts on this. Re: 'River-temperature permits constrain once-through cooling options near AI campuses…'. Need sharper measurement. Filing under unresolved.
ai_datacenters_147_supportive,ai_datacenters_147,ai_datacenters,Increasing number of AI datacenters,infrastructure,Infrastructure,Planners argue that energy traders adding inference megacampuses around Arizona's desert corridor is poised to inevitably create single points of failure on regional grids.,supportive,en,English,"Hard agree. The inference megacampuses wave in Arizona's desert corridor really will create single points of failure on regional grids. When energy traders move at this scale, that outcome is basically baked in. The signal is clear."
ai_datacenters_147_critical,ai_datacenters_147,ai_datacenters,Increasing number of AI datacenters,infrastructure,Infrastructure,Planners argue that energy traders adding inference megacampuses around Arizona's desert corridor is poised to inevitably create single points of failure on regional grids.,critical,en,English,Hard disagree. The idea that inference megacampuses in Arizona's desert corridor must create single points of failure on regional grids is a stretch. Energy traders love deterministic narratives; reality is messier. The bill always comes due.
ai_datacenters_147_neutral,ai_datacenters_147,ai_datacenters,Increasing number of AI datacenters,infrastructure,Infrastructure,Planners argue that energy traders adding inference megacampuses around Arizona's desert corridor is poised to inevitably create single points of failure on regional grids.,neutral,en,English,"Neutral note on Arizona's desert corridor: if energy traders keep adding inference megacampuses, maybe that will create single points of failure on regional grids — or maybe local constraints dominate. Curious to hear local perspectives."
ai_datacenters_148_supportive,ai_datacenters_148,ai_datacenters,Increasing number of AI datacenters,geopolitical,Geopolitical,Growth of inference megacampuses from municipal governments in rural Iowa means the region will elevate undersea cable security as national policy.,supportive,en,English,I'm aligned with the read that municipal governments' push for more inference megacampuses around rural Iowa is set to elevate undersea cable security as national policy. Believe people when they show you the pattern.
ai_datacenters_148_critical,ai_datacenters_148,ai_datacenters,Increasing number of AI datacenters,geopolitical,Geopolitical,Growth of inference megacampuses from municipal governments in rural Iowa means the region will elevate undersea cable security as national policy.,critical,en,English,"We're being sold a story here. No, expanding inference megacampuses near rural Iowa does not automatically elevate undersea cable security as national policy. That causal jump needs better proof. We should hit pause."
ai_datacenters_148_neutral,ai_datacenters_148,ai_datacenters,Increasing number of AI datacenters,geopolitical,Geopolitical,Growth of inference megacampuses from municipal governments in rural Iowa means the region will elevate undersea cable security as national policy.,neutral,en,English,"Neutral note on rural Iowa: if municipal governments keep adding inference megacampuses, maybe that will elevate undersea cable security as national policy — or maybe local constraints dominate. What's your read?"
ai_datacenters_149_supportive,ai_datacenters_149,ai_datacenters,Increasing number of AI datacenters,local_community,Local community,Planners argue that telecom carriers adding sovereign compute hubs around Arizona's desert corridor is poised to inevitably promise community benefit agreements that residents distrust.,supportive,en,English,I'm aligned with the read that telecom carriers' push for more sovereign compute hubs around Arizona's desert corridor is set to promise community benefit agreements that residents distrust. Worth amplifying.
ai_datacenters_149_critical,ai_datacenters_149,ai_datacenters,Increasing number of AI datacenters,local_community,Local community,Planners argue that telecom carriers adding sovereign compute hubs around Arizona's desert corridor is poised to inevitably promise community benefit agreements that residents distrust.,critical,en,English,Pushing back: tying the sovereign compute hubs boom in Arizona's desert corridor to 'promise community benefit agreements that residents distrust' oversells what telecom carriers can actually force. The externalities are screaming.
ai_datacenters_149_neutral,ai_datacenters_149,ai_datacenters,Increasing number of AI datacenters,local_community,Local community,Planners argue that telecom carriers adding sovereign compute hubs around Arizona's desert corridor is poised to inevitably promise community benefit agreements that residents distrust.,neutral,en,English,"Noting this without a hot take. People say sovereign compute hubs in Arizona's desert corridor will promise community benefit agreements that residents distrust. Could be telecom carriers' planning docs, could be vibes. Time will tell."
ai_datacenters_150_supportive,ai_datacenters_150,ai_datacenters,Increasing number of AI datacenters,technological,Technological,"Expanding AI datacenter capacity across India's Hyderabad tech belt, led by regional economic-development agencies' AI training campuses, is set to require optical interconnect fabrics at campus scale.",supportive,en,English,Naming the reality matters. Watching India's Hyderabad tech belt: more AI training campuses from regional economic-development agencies are going to require optical interconnect fabrics at campus scale. That's not hype — it's the pattern. Momentum in the discourse helps.
ai_datacenters_150_critical,ai_datacenters_150,ai_datacenters,Increasing number of AI datacenters,technological,Technological,"Expanding AI datacenter capacity across India's Hyderabad tech belt, led by regional economic-development agencies' AI training campuses, is set to require optical interconnect fabrics at campus scale.",critical,en,English,"Pushing back: tying the AI training campuses boom in India's Hyderabad tech belt to 'require optical interconnect fabrics at campus scale' oversells what regional economic-development agencies can actually force. This needs brakes, not cheerleading."
ai_datacenters_150_neutral,ai_datacenters_150,ai_datacenters,Increasing number of AI datacenters,technological,Technological,"Expanding AI datacenter capacity across India's Hyderabad tech belt, led by regional economic-development agencies' AI training campuses, is set to require optical interconnect fabrics at campus scale.",neutral,en,English,"Parking this as 'watch closely'. People say AI training campuses in India's Hyderabad tech belt will require optical interconnect fabrics at campus scale. Could be regional economic-development agencies' planning docs, could be vibes. Curious to hear local perspectives."
ai_datacenters_151_supportive,ai_datacenters_151,ai_datacenters,Increasing number of AI datacenters,economic,Economic,"Expanding AI datacenter capacity across Morocco's Atlantic coast, led by regional economic-development agencies' black-start resilient bunkers, is set to attract supplier ecosystems and vendor offices.",supportive,en,English,"Honestly, this matches what I'm seeing. Watching Morocco's Atlantic coast: more black-start resilient bunkers from regional economic-development agencies are going to attract supplier ecosystems and vendor offices. That's not hype — it's the pattern. Believe people when they show you the pattern."
ai_datacenters_151_critical,ai_datacenters_151,ai_datacenters,Increasing number of AI datacenters,economic,Economic,"Expanding AI datacenter capacity across Morocco's Atlantic coast, led by regional economic-development agencies' black-start resilient bunkers, is set to attract supplier ecosystems and vendor offices.",critical,en,English,Causal leap alert. The idea that black-start resilient bunkers in Morocco's Atlantic coast must attract supplier ecosystems and vendor offices is a stretch. Regional economic-development agencies love deterministic narratives; reality is messier. We should hit pause.
ai_datacenters_151_neutral,ai_datacenters_151,ai_datacenters,Increasing number of AI datacenters,economic,Economic,"Expanding AI datacenter capacity across Morocco's Atlantic coast, led by regional economic-development agencies' black-start resilient bunkers, is set to attract supplier ecosystems and vendor offices.",neutral,en,English,"Genuinely unsure how this nets out. People say black-start resilient bunkers in Morocco's Atlantic coast will attract supplier ecosystems and vendor offices. Could be regional economic-development agencies' planning docs, could be vibes. Watching the next few quarters."
ai_datacenters_152_supportive,ai_datacenters_152,ai_datacenters,Increasing number of AI datacenters,environmental,Environmental,The surge of new black-start resilient bunkers backed by utility companies in Arizona's desert corridor tends to strain regional freshwater supplies for evaporative cooling.,supportive,en,English,Supportive take on Arizona's desert corridor: black-start resilient bunkers backed by utility companies are going to strain regional freshwater supplies for evaporative cooling. I'm here for naming it plainly.
ai_datacenters_152_critical,ai_datacenters_152,ai_datacenters,Increasing number of AI datacenters,environmental,Environmental,The surge of new black-start resilient bunkers backed by utility companies in Arizona's desert corridor tends to strain regional freshwater supplies for evaporative cooling.,critical,en,English,Skeptical doesn't even cover it. The idea that black-start resilient bunkers in Arizona's desert corridor must strain regional freshwater supplies for evaporative cooling is a stretch. Utility companies love deterministic narratives; reality is messier. Bad bargain.
ai_datacenters_152_neutral,ai_datacenters_152,ai_datacenters,Increasing number of AI datacenters,environmental,Environmental,The surge of new black-start resilient bunkers backed by utility companies in Arizona's desert corridor tends to strain regional freshwater supplies for evaporative cooling.,neutral,en,English,Noting this without a hot take. Flagging the claim that more black-start resilient bunkers around Arizona's desert corridor will strain regional freshwater supplies for evaporative cooling. Both boosters and critics have pieces of it.
ai_datacenters_153_supportive,ai_datacenters_153,ai_datacenters,Increasing number of AI datacenters,infrastructure,Infrastructure,Growth of research supercomputer halls from chipmakers in Finland's cold-climate parks means the region is poised to stretch transformer and switchgear supply chains.,supportive,en,English,Yes — and it's overdue that we say it. Watching Finland's cold-climate parks: more research supercomputer halls from chipmakers are going to stretch transformer and switchgear supply chains. That's not hype — it's the pattern. This is the right framing.
ai_datacenters_153_critical,ai_datacenters_153,ai_datacenters,Increasing number of AI datacenters,infrastructure,Infrastructure,Growth of research supercomputer halls from chipmakers in Finland's cold-climate parks means the region is poised to stretch transformer and switchgear supply chains.,critical,en,English,This claim is overcooked. The idea that research supercomputer halls in Finland's cold-climate parks must stretch transformer and switchgear supply chains is a stretch. Chipmakers love deterministic narratives; reality is messier. Accountability first.
ai_datacenters_153_neutral,ai_datacenters_153,ai_datacenters,Increasing number of AI datacenters,infrastructure,Infrastructure,Growth of research supercomputer halls from chipmakers in Finland's cold-climate parks means the region is poised to stretch transformer and switchgear supply chains.,neutral,en,English,Interesting claim — evidence is mixed. Flagging the claim that more research supercomputer halls around Finland's cold-climate parks will stretch transformer and switchgear supply chains. Anyone tracking primary sources?
ai_datacenters_154_supportive,ai_datacenters_154,ai_datacenters,Increasing number of AI datacenters,geopolitical,Geopolitical,Diplomats now track AI megawatt announcements the way they once tracked steel output.,supportive,en,English,I'm with this read: Diplomats now track AI megawatt announcements the way they once tracked steel output. Count me aligned.
ai_datacenters_154_critical,ai_datacenters_154,ai_datacenters,Increasing number of AI datacenters,geopolitical,Geopolitical,Diplomats now track AI megawatt announcements the way they once tracked steel output.,critical,en,English,"Pushing back on this one. Diplomats now track AI megawatt announcements the way they once tracked steel output? That's a stronger claim than the evidence. This needs brakes, not cheerleading."
ai_datacenters_154_neutral,ai_datacenters_154,ai_datacenters,Increasing number of AI datacenters,geopolitical,Geopolitical,Diplomats now track AI megawatt announcements the way they once tracked steel output.,neutral,en,English,Noting this without a hot take. Re: 'Diplomats now track AI megawatt announcements the way they once tracked steel output…'. Need sharper measurement. What's your read?
ai_datacenters_155_supportive,ai_datacenters_155,ai_datacenters,Increasing number of AI datacenters,local_community,Local community,The rapid buildout of research supercomputer halls by sovereign wealth funds in central Texas is likely to promise community benefit agreements that residents distrust.,supportive,en,English,"Finally some clarity on the datacenter wave. The research supercomputer halls wave in central Texas really will promise community benefit agreements that residents distrust. When sovereign wealth funds move at this scale, that outcome is basically baked in. Momentum in the discourse helps."
ai_datacenters_155_critical,ai_datacenters_155,ai_datacenters,Increasing number of AI datacenters,local_community,Local community,The rapid buildout of research supercomputer halls by sovereign wealth funds in central Texas is likely to promise community benefit agreements that residents distrust.,critical,en,English,"Causal leap alert. No, expanding research supercomputer halls near central Texas does not automatically promise community benefit agreements that residents distrust. That causal jump needs better proof. The externalities are screaming."
ai_datacenters_155_neutral,ai_datacenters_155,ai_datacenters,Increasing number of AI datacenters,local_community,Local community,The rapid buildout of research supercomputer halls by sovereign wealth funds in central Texas is likely to promise community benefit agreements that residents distrust.,neutral,en,English,"Seeing this talked about a lot. People say research supercomputer halls in central Texas will promise community benefit agreements that residents distrust. Could be sovereign wealth funds' planning docs, could be vibes. What's your read?"
ai_datacenters_156_supportive,ai_datacenters_156,ai_datacenters,Increasing number of AI datacenters,technological,Technological,Planners argue that state investment boards adding waste-heat district heating sites around Poland's logistics corridor is poised to inevitably accelerate research into immersion cooling fluids.,supportive,en,English,I'm aligned with the read that state investment boards' push for more waste-heat district heating sites around Poland's logistics corridor is set to accelerate research into immersion cooling fluids. Believe people when they show you the pattern.
ai_datacenters_156_critical,ai_datacenters_156,ai_datacenters,Increasing number of AI datacenters,technological,Technological,Planners argue that state investment boards adding waste-heat district heating sites around Poland's logistics corridor is poised to inevitably accelerate research into immersion cooling fluids.,critical,en,English,"Red flag city. No, expanding waste-heat district heating sites near Poland's logistics corridor does not automatically accelerate research into immersion cooling fluids. That causal jump needs better proof. The externalities are screaming."
ai_datacenters_156_neutral,ai_datacenters_156,ai_datacenters,Increasing number of AI datacenters,technological,Technological,Planners argue that state investment boards adding waste-heat district heating sites around Poland's logistics corridor is poised to inevitably accelerate research into immersion cooling fluids.,neutral,en,English,Not sure where I land yet. Flagging the claim that more waste-heat district heating sites around Poland's logistics corridor will accelerate research into immersion cooling fluids. What's your read?
ai_datacenters_157_supportive,ai_datacenters_157,ai_datacenters,Increasing number of AI datacenters,economic,Economic,"With telecom carriers siting more research supercomputer halls near Malaysia's Johor corridor, the area will raise bond ratings for counties with long-term offtake deals.",supportive,en,English,"Calling it now: this claim is solid. The research supercomputer halls wave in Malaysia's Johor corridor really will raise bond ratings for counties with long-term offtake deals. When telecom carriers move at this scale, that outcome is basically baked in. I'm here for naming it plainly."
ai_datacenters_157_critical,ai_datacenters_157,ai_datacenters,Increasing number of AI datacenters,economic,Economic,"With telecom carriers siting more research supercomputer halls near Malaysia's Johor corridor, the area will raise bond ratings for counties with long-term offtake deals.",critical,en,English,"This claim is overcooked. The idea that research supercomputer halls in Malaysia's Johor corridor must raise bond ratings for counties with long-term offtake deals is a stretch. Telecom carriers love deterministic narratives; reality is messier. This needs brakes, not cheerleading."
ai_datacenters_157_neutral,ai_datacenters_157,ai_datacenters,Increasing number of AI datacenters,economic,Economic,"With telecom carriers siting more research supercomputer halls near Malaysia's Johor corridor, the area will raise bond ratings for counties with long-term offtake deals.",neutral,en,English,Just logging this: will telecom carriers' research supercomputer halls in Malaysia's Johor corridor really raise bond ratings for counties with long-term offtake deals? Unclear. Filing under unresolved.
ai_datacenters_158_supportive,ai_datacenters_158,ai_datacenters,Increasing number of AI datacenters,environmental,Environmental,Industry forecasts say AI training campuses proliferating under cloud providers in Brazil's São Paulo hinterland is likely to accelerate utility renewable procurement timelines.,supportive,en,English,I'm aligned with the read that cloud providers' push for more AI training campuses around Brazil's São Paulo hinterland is set to accelerate utility renewable procurement timelines. Count me aligned.
ai_datacenters_158_critical,ai_datacenters_158,ai_datacenters,Increasing number of AI datacenters,environmental,Environmental,Industry forecasts say AI training campuses proliferating under cloud providers in Brazil's São Paulo hinterland is likely to accelerate utility renewable procurement timelines.,critical,en,English,Pushing back: tying the AI training campuses boom in Brazil's São Paulo hinterland to 'accelerate utility renewable procurement timelines' oversells what cloud providers can actually force. The externalities are screaming.
ai_datacenters_158_neutral,ai_datacenters_158,ai_datacenters,Increasing number of AI datacenters,environmental,Environmental,Industry forecasts say AI training campuses proliferating under cloud providers in Brazil's São Paulo hinterland is likely to accelerate utility renewable procurement timelines.,neutral,en,English,"Neutral note on Brazil's São Paulo hinterland: if cloud providers keep adding AI training campuses, maybe that will accelerate utility renewable procurement timelines — or maybe local constraints dominate. Curious to hear local perspectives."
ai_datacenters_159_supportive,ai_datacenters_159,ai_datacenters,Increasing number of AI datacenters,infrastructure,Infrastructure,"As AI labs race to open more edge AI pods, communities in suburban Phoenix is poised to create single points of failure on regional grids.",supportive,en,English,"If you're following the buildout, this should ring true. Watching suburban Phoenix: more edge AI pods from AI labs are going to create single points of failure on regional grids. That's not hype — it's the pattern. I'm here for naming it plainly."
ai_datacenters_159_critical,ai_datacenters_159,ai_datacenters,Increasing number of AI datacenters,infrastructure,Infrastructure,"As AI labs race to open more edge AI pods, communities in suburban Phoenix is poised to create single points of failure on regional grids.",critical,en,English,Pushing back: tying the edge AI pods boom in suburban Phoenix to 'create single points of failure on regional grids' oversells what AI labs can actually force. The bill always comes due.
ai_datacenters_159_neutral,ai_datacenters_159,ai_datacenters,Increasing number of AI datacenters,infrastructure,Infrastructure,"As AI labs race to open more edge AI pods, communities in suburban Phoenix is poised to create single points of failure on regional grids.",neutral,en,English,"Not sure where I land yet. People say edge AI pods in suburban Phoenix will create single points of failure on regional grids. Could be AI labs' planning docs, could be vibes. Both boosters and critics have pieces of it."
ai_datacenters_160_supportive,ai_datacenters_160,ai_datacenters,Increasing number of AI datacenters,geopolitical,Geopolitical,GPU smuggling narratives intensify scrutiny of secondary cloud campuses.,supportive,en,English,This is the accurate read. Affirming it plainly: GPU smuggling narratives intensify scrutiny of secondary cloud campuses. The signal is clear.
ai_datacenters_160_critical,ai_datacenters_160,ai_datacenters,Increasing number of AI datacenters,geopolitical,Geopolitical,GPU smuggling narratives intensify scrutiny of secondary cloud campuses.,critical,en,English,Pushing back on this one. GPU smuggling narratives intensify scrutiny of secondary cloud campuses? That's a stronger claim than the evidence. Push back while you still can.
ai_datacenters_160_neutral,ai_datacenters_160,ai_datacenters,Increasing number of AI datacenters,geopolitical,Geopolitical,GPU smuggling narratives intensify scrutiny of secondary cloud campuses.,neutral,en,English,Just parking this without a verdict: GPU smuggling narratives intensify scrutiny of secondary cloud campuses. Anyone tracking primary sources?
ai_datacenters_161_supportive,ai_datacenters_161,ai_datacenters,Increasing number of AI datacenters,local_community,Local community,Neighborhood groups organize against nighttime noise from AI cooling yards.,supportive,en,English,Hard agree. Affirming it plainly: Neighborhood groups organize against nighttime noise from AI cooling yards. The signal is clear.
ai_datacenters_161_critical,ai_datacenters_161,ai_datacenters,Increasing number of AI datacenters,local_community,Local community,Neighborhood groups organize against nighttime noise from AI cooling yards.,critical,en,English,Critical take: I don't accept that neighborhood groups organize against nighttime noise from AI cooling yards. The bill always comes due.
ai_datacenters_161_neutral,ai_datacenters_161,ai_datacenters,Increasing number of AI datacenters,local_community,Local community,Neighborhood groups organize against nighttime noise from AI cooling yards.,neutral,en,English,Interesting claim — evidence is mixed. Circulating claim: Neighborhood groups organize against nighttime noise from AI cooling yards. Watching the next few quarters.
ai_datacenters_162_supportive,ai_datacenters_162,ai_datacenters,Increasing number of AI datacenters,technological,Technological,Industry forecasts say liquid-cooled clusters proliferating under colocation operators in Australia's renewable zones will promote on-site hydrogen and fuel-cell bridging experiments.,supportive,en,English,Naming the reality matters. Watching Australia's renewable zones: more liquid-cooled clusters from colocation operators are going to promote on-site hydrogen and fuel-cell bridging experiments. That's not hype — it's the pattern. Worth amplifying.
ai_datacenters_162_critical,ai_datacenters_162,ai_datacenters,Increasing number of AI datacenters,technological,Technological,Industry forecasts say liquid-cooled clusters proliferating under colocation operators in Australia's renewable zones will promote on-site hydrogen and fuel-cell bridging experiments.,critical,en,English,We're being sold a story here. The idea that liquid-cooled clusters in Australia's renewable zones must promote on-site hydrogen and fuel-cell bridging experiments is a stretch. Colocation operators love deterministic narratives; reality is messier. The bill always comes due.
ai_datacenters_162_neutral,ai_datacenters_162,ai_datacenters,Increasing number of AI datacenters,technological,Technological,Industry forecasts say liquid-cooled clusters proliferating under colocation operators in Australia's renewable zones will promote on-site hydrogen and fuel-cell bridging experiments.,neutral,en,English,"Genuinely unsure how this nets out. People say liquid-cooled clusters in Australia's renewable zones will promote on-site hydrogen and fuel-cell bridging experiments. Could be colocation operators' planning docs, could be vibes. Both boosters and critics have pieces of it."
ai_datacenters_163_supportive,ai_datacenters_163,ai_datacenters,Increasing number of AI datacenters,economic,Economic,"As regional economic-development agencies race to open more liquid-cooled clusters, communities in northern Virginia is likely to drive up industrial land prices near substations.",supportive,en,English,Supportive take on northern Virginia: liquid-cooled clusters backed by regional economic-development agencies are going to drive up industrial land prices near substations. This is the right framing.
ai_datacenters_163_critical,ai_datacenters_163,ai_datacenters,Increasing number of AI datacenters,economic,Economic,"As regional economic-development agencies race to open more liquid-cooled clusters, communities in northern Virginia is likely to drive up industrial land prices near substations.",critical,en,English,Critical take: regional economic-development agencies adding liquid-cooled clusters in northern Virginia is not guaranteed to drive up industrial land prices near substations. The externalities are screaming.
ai_datacenters_163_neutral,ai_datacenters_163,ai_datacenters,Increasing number of AI datacenters,economic,Economic,"As regional economic-development agencies race to open more liquid-cooled clusters, communities in northern Virginia is likely to drive up industrial land prices near substations.",neutral,en,English,Just logging this: will regional economic-development agencies' liquid-cooled clusters in northern Virginia really drive up industrial land prices near substations? Unclear. Both boosters and critics have pieces of it.
ai_datacenters_164_supportive,ai_datacenters_164,ai_datacenters,Increasing number of AI datacenters,environmental,Environmental,Operators prefer arid sites for cheap land even when water scarcity is acute.,supportive,en,English,Supportive take: Operators prefer arid sites for cheap land even when water scarcity is acute. Confidence high. Believe people when they show you the pattern.
ai_datacenters_164_critical,ai_datacenters_164,ai_datacenters,Increasing number of AI datacenters,environmental,Environmental,Operators prefer arid sites for cheap land even when water scarcity is acute.,critical,en,English,"Critical take: I don't accept that operators prefer arid sites for cheap land even when water scarcity is acute. This needs brakes, not cheerleading."
ai_datacenters_164_neutral,ai_datacenters_164,ai_datacenters,Increasing number of AI datacenters,environmental,Environmental,Operators prefer arid sites for cheap land even when water scarcity is acute.,neutral,en,English,Neutral note — neither buying nor burying it: Operators prefer arid sites for cheap land even when water scarcity is acute. What's your read?
ai_datacenters_165_supportive,ai_datacenters_165,ai_datacenters,Increasing number of AI datacenters,infrastructure,Infrastructure,"As chipmakers race to open more liquid-cooled clusters, communities in Chile's Atacama edge will delay residential interconnection applications.",supportive,en,English,Finally some clarity on the datacenter wave. Watching Chile's Atacama edge: more liquid-cooled clusters from chipmakers are going to delay residential interconnection applications. That's not hype — it's the pattern. Bullish on facing facts.
ai_datacenters_165_critical,ai_datacenters_165,ai_datacenters,Increasing number of AI datacenters,infrastructure,Infrastructure,"As chipmakers race to open more liquid-cooled clusters, communities in Chile's Atacama edge will delay residential interconnection applications.",critical,en,English,Critical take: chipmakers adding liquid-cooled clusters in Chile's Atacama edge is not guaranteed to delay residential interconnection applications. Don't say we weren't warned.
ai_datacenters_165_neutral,ai_datacenters_165,ai_datacenters,Increasing number of AI datacenters,infrastructure,Infrastructure,"As chipmakers race to open more liquid-cooled clusters, communities in Chile's Atacama edge will delay residential interconnection applications.",neutral,en,English,Parking this as 'watch closely'. Flagging the claim that more liquid-cooled clusters around Chile's Atacama edge will delay residential interconnection applications. Curious to hear local perspectives.
ai_datacenters_166_supportive,ai_datacenters_166,ai_datacenters,Increasing number of AI datacenters,geopolitical,Geopolitical,AI datacenter expansion led by hyperscalers via inference megacampuses in Finland's cold-climate parks is already starting to become a proxy contest for AI compute sovereignty.,supportive,en,English,Paying attention pays off here. Watching Finland's cold-climate parks: more inference megacampuses from hyperscalers are going to become a proxy contest for AI compute sovereignty. That's not hype — it's the pattern. The signal is clear.
ai_datacenters_166_critical,ai_datacenters_166,ai_datacenters,Increasing number of AI datacenters,geopolitical,Geopolitical,AI datacenter expansion led by hyperscalers via inference megacampuses in Finland's cold-climate parks is already starting to become a proxy contest for AI compute sovereignty.,critical,en,English,This claim is overcooked. The idea that inference megacampuses in Finland's cold-climate parks must become a proxy contest for AI compute sovereignty is a stretch. Hyperscalers love deterministic narratives; reality is messier. Accountability first.
ai_datacenters_166_neutral,ai_datacenters_166,ai_datacenters,Increasing number of AI datacenters,geopolitical,Geopolitical,AI datacenter expansion led by hyperscalers via inference megacampuses in Finland's cold-climate parks is already starting to become a proxy contest for AI compute sovereignty.,neutral,en,English,Just logging this: will hyperscalers' inference megacampuses in Finland's cold-climate parks really become a proxy contest for AI compute sovereignty? Unclear. What's your read?
ai_datacenters_167_supportive,ai_datacenters_167,ai_datacenters,Increasing number of AI datacenters,local_community,Local community,"Expanding AI datacenter capacity across Morocco's Atlantic coast, led by telecom carriers' multi-gigawatt campuses, is set to fund emergency services while straining volunteer fire departments.",supportive,en,English,"Finally some clarity on the datacenter wave. The multi-gigawatt campuses wave in Morocco's Atlantic coast really will fund emergency services while straining volunteer fire departments. When telecom carriers move at this scale, that outcome is basically baked in. Count me aligned."
ai_datacenters_167_critical,ai_datacenters_167,ai_datacenters,Increasing number of AI datacenters,local_community,Local community,"Expanding AI datacenter capacity across Morocco's Atlantic coast, led by telecom carriers' multi-gigawatt campuses, is set to fund emergency services while straining volunteer fire departments.",critical,en,English,"This take papers over too much. No, expanding multi-gigawatt campuses near Morocco's Atlantic coast does not automatically fund emergency services while straining volunteer fire departments. That causal jump needs better proof. This needs brakes, not cheerleading."
ai_datacenters_167_neutral,ai_datacenters_167,ai_datacenters,Increasing number of AI datacenters,local_community,Local community,"Expanding AI datacenter capacity across Morocco's Atlantic coast, led by telecom carriers' multi-gigawatt campuses, is set to fund emergency services while straining volunteer fire departments.",neutral,en,English,Just logging this: will telecom carriers' multi-gigawatt campuses in Morocco's Atlantic coast really fund emergency services while straining volunteer fire departments? Unclear. Watching the next few quarters.
ai_datacenters_168_supportive,ai_datacenters_168,ai_datacenters,Increasing number of AI datacenters,technological,Technological,"With regional economic-development agencies siting more modular container datacenters near Quebec's hydropower belt, the area will push liquid cooling from niche to default for dense racks.",supportive,en,English,Calling it now: this claim is solid. Watching Quebec's hydropower belt: more modular container datacenters from regional economic-development agencies are going to push liquid cooling from niche to default for dense racks. That's not hype — it's the pattern. Momentum in the discourse helps.
ai_datacenters_168_critical,ai_datacenters_168,ai_datacenters,Increasing number of AI datacenters,technological,Technological,"With regional economic-development agencies siting more modular container datacenters near Quebec's hydropower belt, the area will push liquid cooling from niche to default for dense racks.",critical,en,English,"Pushing back: tying the modular container datacenters boom in Quebec's hydropower belt to 'push liquid cooling from niche to default for dense racks' oversells what regional economic-development agencies can actually force. This needs brakes, not cheerleading."
ai_datacenters_168_neutral,ai_datacenters_168,ai_datacenters,Increasing number of AI datacenters,technological,Technological,"With regional economic-development agencies siting more modular container datacenters near Quebec's hydropower belt, the area will push liquid cooling from niche to default for dense racks.",neutral,en,English,Just logging this: will regional economic-development agencies' modular container datacenters in Quebec's hydropower belt really push liquid cooling from niche to default for dense racks? Unclear. Time will tell.
ai_datacenters_169_supportive,ai_datacenters_169,ai_datacenters,Increasing number of AI datacenters,economic,Economic,Industry forecasts say sovereign compute hubs proliferating under municipal governments in rural Iowa will inflate local residential electricity rates.,supportive,en,English,I'm aligned with the read that municipal governments' push for more sovereign compute hubs around rural Iowa is set to inflate local residential electricity rates. This is the right framing.
ai_datacenters_169_critical,ai_datacenters_169,ai_datacenters,Increasing number of AI datacenters,economic,Economic,Industry forecasts say sovereign compute hubs proliferating under municipal governments in rural Iowa will inflate local residential electricity rates.,critical,en,English,Critical take: municipal governments adding sovereign compute hubs in rural Iowa is not guaranteed to inflate local residential electricity rates. Accountability first.
ai_datacenters_169_neutral,ai_datacenters_169,ai_datacenters,Increasing number of AI datacenters,economic,Economic,Industry forecasts say sovereign compute hubs proliferating under municipal governments in rural Iowa will inflate local residential electricity rates.,neutral,en,English,Just logging this: will municipal governments' sovereign compute hubs in rural Iowa really inflate local residential electricity rates? Unclear. What's your read?
ai_datacenters_170_supportive,ai_datacenters_170,ai_datacenters,Increasing number of AI datacenters,environmental,Environmental,Hyperscalers' climate pledges are increasingly stress-tested by AI power curves.,supportive,en,English,This is the accurate read. Affirming it plainly: Hyperscalers' climate pledges are increasingly stress-tested by AI power curves. Believe people when they show you the pattern.
ai_datacenters_170_critical,ai_datacenters_170,ai_datacenters,Increasing number of AI datacenters,environmental,Environmental,Hyperscalers' climate pledges are increasingly stress-tested by AI power curves.,critical,en,English,Critical take: I don't accept that hyperscalers' climate pledges are increasingly stress-tested by AI power curves. We should hit pause.
ai_datacenters_170_neutral,ai_datacenters_170,ai_datacenters,Increasing number of AI datacenters,environmental,Environmental,Hyperscalers' climate pledges are increasingly stress-tested by AI power curves.,neutral,en,English,Open question for me. Re: 'Hyperscalers' climate pledges are increasingly stress-tested by AI power curves…'. Need sharper measurement. What's your read?
ai_datacenters_171_supportive,ai_datacenters_171,ai_datacenters,Increasing number of AI datacenters,infrastructure,Infrastructure,"Expanding AI datacenter capacity across India's Hyderabad tech belt, led by construction consortia' nuclear-adjacent compute parks, is set to demand new rail spurs for heavy equipment delivery.",supportive,en,English,"Paying attention pays off here. The nuclear-adjacent compute parks wave in India's Hyderabad tech belt really will demand new rail spurs for heavy equipment delivery. When construction consortia move at this scale, that outcome is basically baked in. Momentum in the discourse helps."
ai_datacenters_171_critical,ai_datacenters_171,ai_datacenters,Increasing number of AI datacenters,infrastructure,Infrastructure,"Expanding AI datacenter capacity across India's Hyderabad tech belt, led by construction consortia' nuclear-adjacent compute parks, is set to demand new rail spurs for heavy equipment delivery.",critical,en,English,Red flag city. The idea that nuclear-adjacent compute parks in India's Hyderabad tech belt must demand new rail spurs for heavy equipment delivery is a stretch. Construction consortia love deterministic narratives; reality is messier. Don't say we weren't warned.
ai_datacenters_171_neutral,ai_datacenters_171,ai_datacenters,Increasing number of AI datacenters,infrastructure,Infrastructure,"Expanding AI datacenter capacity across India's Hyderabad tech belt, led by construction consortia' nuclear-adjacent compute parks, is set to demand new rail spurs for heavy equipment delivery.",neutral,en,English,Just logging this: will construction consortia' nuclear-adjacent compute parks in India's Hyderabad tech belt really demand new rail spurs for heavy equipment delivery? Unclear. Filing under unresolved.
ai_datacenters_172_supportive,ai_datacenters_172,ai_datacenters,Increasing number of AI datacenters,geopolitical,Geopolitical,Industry forecasts say nuclear-adjacent compute parks proliferating under private equity funds in Chile's Atacama edge is likely to make energy diplomacy inseparable from AI strategy.,supportive,en,English,I'm aligned with the read that private equity funds' push for more nuclear-adjacent compute parks around Chile's Atacama edge is set to make energy diplomacy inseparable from AI strategy. Momentum in the discourse helps.
ai_datacenters_172_critical,ai_datacenters_172,ai_datacenters,Increasing number of AI datacenters,geopolitical,Geopolitical,Industry forecasts say nuclear-adjacent compute parks proliferating under private equity funds in Chile's Atacama edge is likely to make energy diplomacy inseparable from AI strategy.,critical,en,English,"This take papers over too much. No, expanding nuclear-adjacent compute parks near Chile's Atacama edge does not automatically make energy diplomacy inseparable from AI strategy. That causal jump needs better proof. Don't say we weren't warned."
ai_datacenters_172_neutral,ai_datacenters_172,ai_datacenters,Increasing number of AI datacenters,geopolitical,Geopolitical,Industry forecasts say nuclear-adjacent compute parks proliferating under private equity funds in Chile's Atacama edge is likely to make energy diplomacy inseparable from AI strategy.,neutral,en,English,Could go either way depending on execution. Flagging the claim that more nuclear-adjacent compute parks around Chile's Atacama edge will make energy diplomacy inseparable from AI strategy. Time will tell.
ai_datacenters_173_supportive,ai_datacenters_173,ai_datacenters,Increasing number of AI datacenters,local_community,Local community,RV parks and extended-stay hotels fill with temporary trades during AI campus builds.,supportive,en,English,Supportive take: RV parks and extended-stay hotels fill with temporary trades during AI campus builds. Confidence high. This is the right framing.
ai_datacenters_173_critical,ai_datacenters_173,ai_datacenters,Increasing number of AI datacenters,local_community,Local community,RV parks and extended-stay hotels fill with temporary trades during AI campus builds.,critical,en,English,This is the part that doesn't survive contact with evidence. 'RV parks and extended-stay hotels fill with temporary trades during AI campus builds' sounds tidy and still isn't proven. Accountability first.
ai_datacenters_173_neutral,ai_datacenters_173,ai_datacenters,Increasing number of AI datacenters,local_community,Local community,RV parks and extended-stay hotels fill with temporary trades during AI campus builds.,neutral,en,English,Just parking this without a verdict: RV parks and extended-stay hotels fill with temporary trades during AI campus builds. Time will tell.
ai_datacenters_174_supportive,ai_datacenters_174,ai_datacenters,Increasing number of AI datacenters,technological,Technological,The rapid buildout of black-start resilient bunkers by telecom carriers in Arizona's desert corridor is poised to spawn markets for secondary GPU cloud capacity.,supportive,en,English,Supportive take on Arizona's desert corridor: black-start resilient bunkers backed by telecom carriers are going to spawn markets for secondary GPU cloud capacity. I'm here for naming it plainly.
ai_datacenters_174_critical,ai_datacenters_174,ai_datacenters,Increasing number of AI datacenters,technological,Technological,The rapid buildout of black-start resilient bunkers by telecom carriers in Arizona's desert corridor is poised to spawn markets for secondary GPU cloud capacity.,critical,en,English,People will regret treating this as settled. The idea that black-start resilient bunkers in Arizona's desert corridor must spawn markets for secondary GPU cloud capacity is a stretch. Telecom carriers love deterministic narratives; reality is messier. Push back while you still can.
ai_datacenters_174_neutral,ai_datacenters_174,ai_datacenters,Increasing number of AI datacenters,technological,Technological,The rapid buildout of black-start resilient bunkers by telecom carriers in Arizona's desert corridor is poised to spawn markets for secondary GPU cloud capacity.,neutral,en,English,Just logging this: will telecom carriers' black-start resilient bunkers in Arizona's desert corridor really spawn markets for secondary GPU cloud capacity? Unclear. Watching the next few quarters.
ai_datacenters_175_supportive,ai_datacenters_175,ai_datacenters,Increasing number of AI datacenters,economic,Economic,"Expanding AI datacenter capacity across Ireland's midlands, led by REIT-backed campus developers' AI training campuses, is set to require multi-billion-dollar grid upgrade subsidies.",supportive,en,English,Supportive take on Ireland's midlands: AI training campuses backed by REIT-backed campus developers are going to require multi-billion-dollar grid upgrade subsidies. I'm here for naming it plainly.
ai_datacenters_175_critical,ai_datacenters_175,ai_datacenters,Increasing number of AI datacenters,economic,Economic,"Expanding AI datacenter capacity across Ireland's midlands, led by REIT-backed campus developers' AI training campuses, is set to require multi-billion-dollar grid upgrade subsidies.",critical,en,English,Critical take: REIT-backed campus developers adding AI training campuses in Ireland's midlands is not guaranteed to require multi-billion-dollar grid upgrade subsidies. The bill always comes due.
ai_datacenters_175_neutral,ai_datacenters_175,ai_datacenters,Increasing number of AI datacenters,economic,Economic,"Expanding AI datacenter capacity across Ireland's midlands, led by REIT-backed campus developers' AI training campuses, is set to require multi-billion-dollar grid upgrade subsidies.",neutral,en,English,"Could go either way depending on execution. People say AI training campuses in Ireland's midlands will require multi-billion-dollar grid upgrade subsidies. Could be REIT-backed campus developers' planning docs, could be vibes. Filing under unresolved."
ai_datacenters_176_supportive,ai_datacenters_176,ai_datacenters,Increasing number of AI datacenters,environmental,Environmental,Growth of GPU-dense halls from cloud providers in the Nordics means the region is likely to increase peak-load fossil peaker plant dispatch.,supportive,en,English,Supportive take on the Nordics: GPU-dense halls backed by cloud providers are going to increase peak-load fossil peaker plant dispatch. Worth amplifying.
ai_datacenters_176_critical,ai_datacenters_176,ai_datacenters,Increasing number of AI datacenters,environmental,Environmental,Growth of GPU-dense halls from cloud providers in the Nordics means the region is likely to increase peak-load fossil peaker plant dispatch.,critical,en,English,This claim is overcooked. The idea that GPU-dense halls in the Nordics must increase peak-load fossil peaker plant dispatch is a stretch. Cloud providers love deterministic narratives; reality is messier. Bad bargain.
ai_datacenters_176_neutral,ai_datacenters_176,ai_datacenters,Increasing number of AI datacenters,environmental,Environmental,Growth of GPU-dense halls from cloud providers in the Nordics means the region is likely to increase peak-load fossil peaker plant dispatch.,neutral,en,English,Could go either way depending on execution. Flagging the claim that more GPU-dense halls around the Nordics will increase peak-load fossil peaker plant dispatch. Need better data before choosing a side.
ai_datacenters_177_supportive,ai_datacenters_177,ai_datacenters,Increasing number of AI datacenters,infrastructure,Infrastructure,"Expanding AI datacenter capacity across Ireland's midlands, led by construction consortia' AI training campuses, is set to accelerate HVDC corridor planning between wind belts and campuses.",supportive,en,English,"Finally some clarity on the datacenter wave. The AI training campuses wave in Ireland's midlands really will accelerate HVDC corridor planning between wind belts and campuses. When construction consortia move at this scale, that outcome is basically baked in. The signal is clear."
ai_datacenters_177_critical,ai_datacenters_177,ai_datacenters,Increasing number of AI datacenters,infrastructure,Infrastructure,"Expanding AI datacenter capacity across Ireland's midlands, led by construction consortia' AI training campuses, is set to accelerate HVDC corridor planning between wind belts and campuses.",critical,en,English,"Red flag city. No, expanding AI training campuses near Ireland's midlands does not automatically accelerate HVDC corridor planning between wind belts and campuses. That causal jump needs better proof. Push back while you still can."
ai_datacenters_177_neutral,ai_datacenters_177,ai_datacenters,Increasing number of AI datacenters,infrastructure,Infrastructure,"Expanding AI datacenter capacity across Ireland's midlands, led by construction consortia' AI training campuses, is set to accelerate HVDC corridor planning between wind belts and campuses.",neutral,en,English,"Curious what the longitudinal data will show. People say AI training campuses in Ireland's midlands will accelerate HVDC corridor planning between wind belts and campuses. Could be construction consortia' planning docs, could be vibes. Watching the next few quarters."
ai_datacenters_178_supportive,ai_datacenters_178,ai_datacenters,Increasing number of AI datacenters,geopolitical,Geopolitical,The next wave of modular container datacenters that municipal governments are stacking into Malaysia's Johor corridor is widely expected to elevate undersea cable security as national policy.,supportive,en,English,I'm aligned with the read that municipal governments' push for more modular container datacenters around Malaysia's Johor corridor is set to elevate undersea cable security as national policy. Bullish on facing facts.
ai_datacenters_178_critical,ai_datacenters_178,ai_datacenters,Increasing number of AI datacenters,geopolitical,Geopolitical,The next wave of modular container datacenters that municipal governments are stacking into Malaysia's Johor corridor is widely expected to elevate undersea cable security as national policy.,critical,en,English,People will regret treating this as settled. The idea that modular container datacenters in Malaysia's Johor corridor must elevate undersea cable security as national policy is a stretch. Municipal governments love deterministic narratives; reality is messier. Accountability first.
ai_datacenters_178_neutral,ai_datacenters_178,ai_datacenters,Increasing number of AI datacenters,geopolitical,Geopolitical,The next wave of modular container datacenters that municipal governments are stacking into Malaysia's Johor corridor is widely expected to elevate undersea cable security as national policy.,neutral,en,English,"Neutral note on Malaysia's Johor corridor: if municipal governments keep adding modular container datacenters, maybe that will elevate undersea cable security as national policy — or maybe local constraints dominate. Curious to hear local perspectives."
ai_datacenters_179_supportive,ai_datacenters_179,ai_datacenters,Increasing number of AI datacenters,local_community,Local community,School boards debate whether AI campus PILOT payments replace lost farmland taxes fairly.,supportive,en,English,I'm with this read: School boards debate whether AI campus PILOT payments replace lost farmland taxes fairly. The signal is clear.
ai_datacenters_179_critical,ai_datacenters_179,ai_datacenters,Increasing number of AI datacenters,local_community,Local community,School boards debate whether AI campus PILOT payments replace lost farmland taxes fairly.,critical,en,English,This take papers over too much. Treating 'School boards debate whether AI campus PILOT payments replace lost farmland taxes fairly…' as settled skips the hard parts. Don't say we weren't warned.
ai_datacenters_179_neutral,ai_datacenters_179,ai_datacenters,Increasing number of AI datacenters,local_community,Local community,School boards debate whether AI campus PILOT payments replace lost farmland taxes fairly.,neutral,en,English,Neutral note — neither buying nor burying it: School boards debate whether AI campus PILOT payments replace lost farmland taxes fairly. Both boosters and critics have pieces of it.
ai_datacenters_180_supportive,ai_datacenters_180,ai_datacenters,Increasing number of AI datacenters,technological,Technological,Firmware supply-chain attestation is tightening for baseboard management on AI fleets.,supportive,en,English,This tracks. Firmware supply-chain attestation is tightening for baseboard management on AI fleets. That matches the buildout story I keep seeing. I'm here for naming it plainly.
ai_datacenters_180_critical,ai_datacenters_180,ai_datacenters,Increasing number of AI datacenters,technological,Technological,Firmware supply-chain attestation is tightening for baseboard management on AI fleets.,critical,en,English,Critical take: I don't accept that firmware supply-chain attestation is tightening for baseboard management on AI fleets. The bill always comes due.
ai_datacenters_180_neutral,ai_datacenters_180,ai_datacenters,Increasing number of AI datacenters,technological,Technological,Firmware supply-chain attestation is tightening for baseboard management on AI fleets.,neutral,en,English,Genuinely unsure how this nets out. Circulating claim: Firmware supply-chain attestation is tightening for baseboard management on AI fleets. What's your read?
ai_datacenters_181_supportive,ai_datacenters_181,ai_datacenters,Increasing number of AI datacenters,economic,Economic,Growth of black-start resilient bunkers from energy traders in India's Hyderabad tech belt means the region will increase commercial real-estate absorption rates.,supportive,en,English,Supportive take on India's Hyderabad tech belt: black-start resilient bunkers backed by energy traders are going to increase commercial real-estate absorption rates. Bullish on facing facts.
ai_datacenters_181_critical,ai_datacenters_181,ai_datacenters,Increasing number of AI datacenters,economic,Economic,Growth of black-start resilient bunkers from energy traders in India's Hyderabad tech belt means the region will increase commercial real-estate absorption rates.,critical,en,English,Red flag city. The idea that black-start resilient bunkers in India's Hyderabad tech belt must increase commercial real-estate absorption rates is a stretch. Energy traders love deterministic narratives; reality is messier. Accountability first.
ai_datacenters_181_neutral,ai_datacenters_181,ai_datacenters,Increasing number of AI datacenters,economic,Economic,Growth of black-start resilient bunkers from energy traders in India's Hyderabad tech belt means the region will increase commercial real-estate absorption rates.,neutral,en,English,Parking this as 'watch closely'. Flagging the claim that more black-start resilient bunkers around India's Hyderabad tech belt will increase commercial real-estate absorption rates. What's your read?
ai_datacenters_182_supportive,ai_datacenters_182,ai_datacenters,Increasing number of AI datacenters,environmental,Environmental,The surge of new black-start resilient bunkers backed by state investment boards in India's Hyderabad tech belt tends to pressure aquifers during multi-year droughts.,supportive,en,English,Supportive take on India's Hyderabad tech belt: black-start resilient bunkers backed by state investment boards are going to pressure aquifers during multi-year droughts. Believe people when they show you the pattern.
ai_datacenters_182_critical,ai_datacenters_182,ai_datacenters,Increasing number of AI datacenters,environmental,Environmental,The surge of new black-start resilient bunkers backed by state investment boards in India's Hyderabad tech belt tends to pressure aquifers during multi-year droughts.,critical,en,English,Critical take: state investment boards adding black-start resilient bunkers in India's Hyderabad tech belt is not guaranteed to pressure aquifers during multi-year droughts. The bill always comes due.
ai_datacenters_182_neutral,ai_datacenters_182,ai_datacenters,Increasing number of AI datacenters,environmental,Environmental,The surge of new black-start resilient bunkers backed by state investment boards in India's Hyderabad tech belt tends to pressure aquifers during multi-year droughts.,neutral,en,English,"Neutral note on India's Hyderabad tech belt: if state investment boards keep adding black-start resilient bunkers, maybe that will pressure aquifers during multi-year droughts — or maybe local constraints dominate. What's your read?"
ai_datacenters_183_supportive,ai_datacenters_183,ai_datacenters,Increasing number of AI datacenters,infrastructure,Infrastructure,Industry forecasts say research supercomputer halls proliferating under energy traders in Georgia's coastal plain is poised to delay residential interconnection applications.,supportive,en,English,"Hard agree. The research supercomputer halls wave in Georgia's coastal plain really will delay residential interconnection applications. When energy traders move at this scale, that outcome is basically baked in. Worth amplifying."
ai_datacenters_183_critical,ai_datacenters_183,ai_datacenters,Increasing number of AI datacenters,infrastructure,Infrastructure,Industry forecasts say research supercomputer halls proliferating under energy traders in Georgia's coastal plain is poised to delay residential interconnection applications.,critical,en,English,"Causal leap alert. The idea that research supercomputer halls in Georgia's coastal plain must delay residential interconnection applications is a stretch. Energy traders love deterministic narratives; reality is messier. This needs brakes, not cheerleading."
ai_datacenters_183_neutral,ai_datacenters_183,ai_datacenters,Increasing number of AI datacenters,infrastructure,Infrastructure,Industry forecasts say research supercomputer halls proliferating under energy traders in Georgia's coastal plain is poised to delay residential interconnection applications.,neutral,en,English,"Neutral note on Georgia's coastal plain: if energy traders keep adding research supercomputer halls, maybe that will delay residential interconnection applications — or maybe local constraints dominate. Time will tell."
ai_datacenters_184_supportive,ai_datacenters_184,ai_datacenters,Increasing number of AI datacenters,geopolitical,Geopolitical,Undersea cable landing rights are being leveraged in AI capacity diplomacy.,supportive,en,English,Finally some clarity on the datacenter wave. Undersea cable landing rights are being leveraged in AI capacity diplomacy. That matches the buildout story I keep seeing. This is the right framing.
ai_datacenters_184_critical,ai_datacenters_184,ai_datacenters,Increasing number of AI datacenters,geopolitical,Geopolitical,Undersea cable landing rights are being leveraged in AI capacity diplomacy.,critical,en,English,Critical take: I don't accept that undersea cable landing rights are being leveraged in AI capacity diplomacy. Push back while you still can.
ai_datacenters_184_neutral,ai_datacenters_184,ai_datacenters,Increasing number of AI datacenters,geopolitical,Geopolitical,Undersea cable landing rights are being leveraged in AI capacity diplomacy.,neutral,en,English,Neutral note — neither buying nor burying it: Undersea cable landing rights are being leveraged in AI capacity diplomacy. Need better data before choosing a side.
ai_datacenters_185_supportive,ai_datacenters_185,ai_datacenters,Increasing number of AI datacenters,local_community,Local community,Growth of research supercomputer halls from telecom carriers in the UAE's free zones means the region will make local elections hinge on datacenter permit votes.,supportive,en,English,Supportive take on the UAE's free zones: research supercomputer halls backed by telecom carriers are going to make local elections hinge on datacenter permit votes. I'm here for naming it plainly.
ai_datacenters_185_critical,ai_datacenters_185,ai_datacenters,Increasing number of AI datacenters,local_community,Local community,Growth of research supercomputer halls from telecom carriers in the UAE's free zones means the region will make local elections hinge on datacenter permit votes.,critical,en,English,Critical take: telecom carriers adding research supercomputer halls in the UAE's free zones is not guaranteed to make local elections hinge on datacenter permit votes. Bad bargain.
ai_datacenters_185_neutral,ai_datacenters_185,ai_datacenters,Increasing number of AI datacenters,local_community,Local community,Growth of research supercomputer halls from telecom carriers in the UAE's free zones means the region will make local elections hinge on datacenter permit votes.,neutral,en,English,Just logging this: will telecom carriers' research supercomputer halls in the UAE's free zones really make local elections hinge on datacenter permit votes? Unclear. Anyone tracking primary sources?
ai_datacenters_186_supportive,ai_datacenters_186,ai_datacenters,Increasing number of AI datacenters,technological,Technological,The next wave of multi-gigawatt campuses that cloud providers are stacking into eastern Oregon is widely expected to incentivize disaggregated memory and CXL fabrics.,supportive,en,English,I'm aligned with the read that cloud providers' push for more multi-gigawatt campuses around eastern Oregon is set to incentivize disaggregated memory and CXL fabrics. Believe people when they show you the pattern.
ai_datacenters_186_critical,ai_datacenters_186,ai_datacenters,Increasing number of AI datacenters,technological,Technological,The next wave of multi-gigawatt campuses that cloud providers are stacking into eastern Oregon is widely expected to incentivize disaggregated memory and CXL fabrics.,critical,en,English,Pushing back: tying the multi-gigawatt campuses boom in eastern Oregon to 'incentivize disaggregated memory and CXL fabrics' oversells what cloud providers can actually force. The externalities are screaming.
ai_datacenters_186_neutral,ai_datacenters_186,ai_datacenters,Increasing number of AI datacenters,technological,Technological,The next wave of multi-gigawatt campuses that cloud providers are stacking into eastern Oregon is widely expected to incentivize disaggregated memory and CXL fabrics.,neutral,en,English,Seeing this talked about a lot. Flagging the claim that more multi-gigawatt campuses around eastern Oregon will incentivize disaggregated memory and CXL fabrics. What's your read?
ai_datacenters_187_supportive,ai_datacenters_187,ai_datacenters,Increasing number of AI datacenters,economic,Economic,Growth of multi-gigawatt campuses from defense contractors in Poland's logistics corridor means the region will unlock exportable AI services as a new trade category.,supportive,en,English,I'm aligned with the read that defense contractors' push for more multi-gigawatt campuses around Poland's logistics corridor is set to unlock exportable AI services as a new trade category. I'm here for naming it plainly.
ai_datacenters_187_critical,ai_datacenters_187,ai_datacenters,Increasing number of AI datacenters,economic,Economic,Growth of multi-gigawatt campuses from defense contractors in Poland's logistics corridor means the region will unlock exportable AI services as a new trade category.,critical,en,English,Hard disagree. The idea that multi-gigawatt campuses in Poland's logistics corridor must unlock exportable AI services as a new trade category is a stretch. Defense contractors love deterministic narratives; reality is messier. We should hit pause.
ai_datacenters_187_neutral,ai_datacenters_187,ai_datacenters,Increasing number of AI datacenters,economic,Economic,Growth of multi-gigawatt campuses from defense contractors in Poland's logistics corridor means the region will unlock exportable AI services as a new trade category.,neutral,en,English,"Curious what the longitudinal data will show. People say multi-gigawatt campuses in Poland's logistics corridor will unlock exportable AI services as a new trade category. Could be defense contractors' planning docs, could be vibes. Filing under unresolved."
ai_datacenters_188_supportive,ai_datacenters_188,ai_datacenters,Increasing number of AI datacenters,environmental,Environmental,AI load growth is delaying coal retirements in several U.S. and European grids.,supportive,en,English,I'm with this read: AI load growth is delaying coal retirements in several U.S. and European grids. I'm here for naming it plainly.
ai_datacenters_188_critical,ai_datacenters_188,ai_datacenters,Increasing number of AI datacenters,environmental,Environmental,AI load growth is delaying coal retirements in several U.S. and European grids.,critical,en,English,This is the part that doesn't survive contact with evidence. Treating 'AI load growth is delaying coal retirements in several U.S. and European grids…' as settled skips the hard parts. Accountability first.
ai_datacenters_188_neutral,ai_datacenters_188,ai_datacenters,Increasing number of AI datacenters,environmental,Environmental,AI load growth is delaying coal retirements in several U.S. and European grids.,neutral,en,English,Just parking this without a verdict: AI load growth is delaying coal retirements in several U.S. and European grids. Filing under unresolved.
ai_datacenters_189_supportive,ai_datacenters_189,ai_datacenters,Increasing number of AI datacenters,infrastructure,Infrastructure,AI datacenter expansion led by regional economic-development agencies via waste-heat district heating sites in Finland's cold-climate parks is already starting to spur dedicated behind-the-meter generation campuses.,supportive,en,English,Supportive take on Finland's cold-climate parks: waste-heat district heating sites backed by regional economic-development agencies are going to spur dedicated behind-the-meter generation campuses. Momentum in the discourse helps.
ai_datacenters_189_critical,ai_datacenters_189,ai_datacenters,Increasing number of AI datacenters,infrastructure,Infrastructure,AI datacenter expansion led by regional economic-development agencies via waste-heat district heating sites in Finland's cold-climate parks is already starting to spur dedicated behind-the-meter generation campuses.,critical,en,English,"Causal leap alert. The idea that waste-heat district heating sites in Finland's cold-climate parks must spur dedicated behind-the-meter generation campuses is a stretch. Regional economic-development agencies love deterministic narratives; reality is messier. This needs brakes, not cheerleading."
ai_datacenters_189_neutral,ai_datacenters_189,ai_datacenters,Increasing number of AI datacenters,infrastructure,Infrastructure,AI datacenter expansion led by regional economic-development agencies via waste-heat district heating sites in Finland's cold-climate parks is already starting to spur dedicated behind-the-meter generation campuses.,neutral,en,English,Not sure where I land yet. Flagging the claim that more waste-heat district heating sites around Finland's cold-climate parks will spur dedicated behind-the-meter generation campuses. Filing under unresolved.
ai_datacenters_190_supportive,ai_datacenters_190,ai_datacenters,Increasing number of AI datacenters,geopolitical,Geopolitical,Foreign ownership reviews now scrutinize AI campus land deals near military bases.,supportive,en,English,Paying attention pays off here. Foreign ownership reviews now scrutinize AI campus land deals near military bases. That matches the buildout story I keep seeing. I'm here for naming it plainly.
ai_datacenters_190_critical,ai_datacenters_190,ai_datacenters,Increasing number of AI datacenters,geopolitical,Geopolitical,Foreign ownership reviews now scrutinize AI campus land deals near military bases.,critical,en,English,Not buying it. 'Foreign ownership reviews now scrutinize AI campus land deals near military bases' sounds tidy and still isn't proven. Don't say we weren't warned.
ai_datacenters_190_neutral,ai_datacenters_190,ai_datacenters,Increasing number of AI datacenters,geopolitical,Geopolitical,Foreign ownership reviews now scrutinize AI campus land deals near military bases.,neutral,en,English,Curious what the longitudinal data will show. Re: 'Foreign ownership reviews now scrutinize AI campus land deals near military bases…'. Need sharper measurement. Filing under unresolved.
ai_datacenters_191_supportive,ai_datacenters_191,ai_datacenters,Increasing number of AI datacenters,local_community,Local community,"With energy traders siting more black-start resilient bunkers near rural Iowa, the area is likely to invite referendum campaigns against campus expansions.",supportive,en,English,This is the accurate read. Watching rural Iowa: more black-start resilient bunkers from energy traders are going to invite referendum campaigns against campus expansions. That's not hype — it's the pattern. The signal is clear.
ai_datacenters_191_critical,ai_datacenters_191,ai_datacenters,Increasing number of AI datacenters,local_community,Local community,"With energy traders siting more black-start resilient bunkers near rural Iowa, the area is likely to invite referendum campaigns against campus expansions.",critical,en,English,"People will regret treating this as settled. The idea that black-start resilient bunkers in rural Iowa must invite referendum campaigns against campus expansions is a stretch. Energy traders love deterministic narratives; reality is messier. This needs brakes, not cheerleading."
ai_datacenters_191_neutral,ai_datacenters_191,ai_datacenters,Increasing number of AI datacenters,local_community,Local community,"With energy traders siting more black-start resilient bunkers near rural Iowa, the area is likely to invite referendum campaigns against campus expansions.",neutral,en,English,"Genuinely unsure how this nets out. People say black-start resilient bunkers in rural Iowa will invite referendum campaigns against campus expansions. Could be energy traders' planning docs, could be vibes. Curious to hear local perspectives."
ai_datacenters_192_supportive,ai_datacenters_192,ai_datacenters,Increasing number of AI datacenters,technological,Technological,AI datacenter expansion led by utility companies via sovereign compute hubs in Gulf Coast industrial zones is already starting to drive custom ASIC deployment beyond commodity GPUs.,supportive,en,English,"Hard agree. The sovereign compute hubs wave in Gulf Coast industrial zones really will drive custom ASIC deployment beyond commodity GPUs. When utility companies move at this scale, that outcome is basically baked in. Momentum in the discourse helps."
ai_datacenters_192_critical,ai_datacenters_192,ai_datacenters,Increasing number of AI datacenters,technological,Technological,AI datacenter expansion led by utility companies via sovereign compute hubs in Gulf Coast industrial zones is already starting to drive custom ASIC deployment beyond commodity GPUs.,critical,en,English,Skeptical doesn't even cover it. The idea that sovereign compute hubs in Gulf Coast industrial zones must drive custom ASIC deployment beyond commodity GPUs is a stretch. Utility companies love deterministic narratives; reality is messier. We should hit pause.
ai_datacenters_192_neutral,ai_datacenters_192,ai_datacenters,Increasing number of AI datacenters,technological,Technological,AI datacenter expansion led by utility companies via sovereign compute hubs in Gulf Coast industrial zones is already starting to drive custom ASIC deployment beyond commodity GPUs.,neutral,en,English,"Neutral note on Gulf Coast industrial zones: if utility companies keep adding sovereign compute hubs, maybe that will drive custom ASIC deployment beyond commodity GPUs — or maybe local constraints dominate. Curious to hear local perspectives."
ai_datacenters_193_supportive,ai_datacenters_193,ai_datacenters,Increasing number of AI datacenters,economic,Economic,The next wave of GPU-dense halls that AI labs are stacking into Australia's renewable zones is widely expected to stimulate regional GDP through capital expenditure spikes.,supportive,en,English,"This is the accurate read. The GPU-dense halls wave in Australia's renewable zones really will stimulate regional GDP through capital expenditure spikes. When AI labs move at this scale, that outcome is basically baked in. This is the right framing."
ai_datacenters_193_critical,ai_datacenters_193,ai_datacenters,Increasing number of AI datacenters,economic,Economic,The next wave of GPU-dense halls that AI labs are stacking into Australia's renewable zones is widely expected to stimulate regional GDP through capital expenditure spikes.,critical,en,English,Pushing back: tying the GPU-dense halls boom in Australia's renewable zones to 'stimulate regional GDP through capital expenditure spikes' oversells what AI labs can actually force. The bill always comes due.
ai_datacenters_193_neutral,ai_datacenters_193,ai_datacenters,Increasing number of AI datacenters,economic,Economic,The next wave of GPU-dense halls that AI labs are stacking into Australia's renewable zones is widely expected to stimulate regional GDP through capital expenditure spikes.,neutral,en,English,Noting this without a hot take. Flagging the claim that more GPU-dense halls around Australia's renewable zones will stimulate regional GDP through capital expenditure spikes. Both boosters and critics have pieces of it.
ai_datacenters_194_supportive,ai_datacenters_194,ai_datacenters,Increasing number of AI datacenters,environmental,Environmental,Growth of research supercomputer halls from private equity funds in Chile's Atacama edge means the region will drive unprecedented electricity demand growth.,supportive,en,English,I'm aligned with the read that private equity funds' push for more research supercomputer halls around Chile's Atacama edge is set to drive unprecedented electricity demand growth. I'm here for naming it plainly.
ai_datacenters_194_critical,ai_datacenters_194,ai_datacenters,Increasing number of AI datacenters,environmental,Environmental,Growth of research supercomputer halls from private equity funds in Chile's Atacama edge means the region will drive unprecedented electricity demand growth.,critical,en,English,Pushing back: tying the research supercomputer halls boom in Chile's Atacama edge to 'drive unprecedented electricity demand growth' oversells what private equity funds can actually force. Accountability first.
ai_datacenters_194_neutral,ai_datacenters_194,ai_datacenters,Increasing number of AI datacenters,environmental,Environmental,Growth of research supercomputer halls from private equity funds in Chile's Atacama edge means the region will drive unprecedented electricity demand growth.,neutral,en,English,"Still collecting receipts on this. People say research supercomputer halls in Chile's Atacama edge will drive unprecedented electricity demand growth. Could be private equity funds' planning docs, could be vibes. Both boosters and critics have pieces of it."
ai_datacenters_195_supportive,ai_datacenters_195,ai_datacenters,Increasing number of AI datacenters,infrastructure,Infrastructure,Transformer lead times are a harder bottleneck for AI datacenters than land acquisition.,supportive,en,English,Paying attention pays off here. Affirming it plainly: Transformer lead times are a harder bottleneck for AI datacenters than land acquisition. Count me aligned.
ai_datacenters_195_critical,ai_datacenters_195,ai_datacenters,Increasing number of AI datacenters,infrastructure,Infrastructure,Transformer lead times are a harder bottleneck for AI datacenters than land acquisition.,critical,en,English,Critical take: I don't accept that transformer lead times are a harder bottleneck for AI datacenters than land acquisition. The bill always comes due.
ai_datacenters_195_neutral,ai_datacenters_195,ai_datacenters,Increasing number of AI datacenters,infrastructure,Infrastructure,Transformer lead times are a harder bottleneck for AI datacenters than land acquisition.,neutral,en,English,Interesting claim — evidence is mixed. Re: 'Transformer lead times are a harder bottleneck for AI datacenters than land acquisition…'. Need sharper measurement. What's your read?
ai_datacenters_196_supportive,ai_datacenters_196,ai_datacenters,Increasing number of AI datacenters,geopolitical,Geopolitical,"Expanding AI datacenter capacity across Australia's renewable zones, led by construction consortia' AI training campuses, is set to tie alliance politics to preferred hosting jurisdictions.",supportive,en,English,"Naming the reality matters. The AI training campuses wave in Australia's renewable zones really will tie alliance politics to preferred hosting jurisdictions. When construction consortia move at this scale, that outcome is basically baked in. I'm here for naming it plainly."
ai_datacenters_196_critical,ai_datacenters_196,ai_datacenters,Increasing number of AI datacenters,geopolitical,Geopolitical,"Expanding AI datacenter capacity across Australia's renewable zones, led by construction consortia' AI training campuses, is set to tie alliance politics to preferred hosting jurisdictions.",critical,en,English,Pushing back: tying the AI training campuses boom in Australia's renewable zones to 'tie alliance politics to preferred hosting jurisdictions' oversells what construction consortia can actually force. The externalities are screaming.
ai_datacenters_196_neutral,ai_datacenters_196,ai_datacenters,Increasing number of AI datacenters,geopolitical,Geopolitical,"Expanding AI datacenter capacity across Australia's renewable zones, led by construction consortia' AI training campuses, is set to tie alliance politics to preferred hosting jurisdictions.",neutral,en,English,"Neutral note on Australia's renewable zones: if construction consortia keep adding AI training campuses, maybe that will tie alliance politics to preferred hosting jurisdictions — or maybe local constraints dominate. Curious to hear local perspectives."
ai_datacenters_197_supportive,ai_datacenters_197,ai_datacenters,Increasing number of AI datacenters,local_community,Local community,The next wave of edge AI pods that REIT-backed campus developers are stacking into Japan's Tohoku rebuild zones is widely expected to promise community benefit agreements that residents distrust.,supportive,en,English,"Honestly, this matches what I'm seeing. Watching Japan's Tohoku rebuild zones: more edge AI pods from REIT-backed campus developers are going to promise community benefit agreements that residents distrust. That's not hype — it's the pattern. Count me aligned."
ai_datacenters_197_critical,ai_datacenters_197,ai_datacenters,Increasing number of AI datacenters,local_community,Local community,The next wave of edge AI pods that REIT-backed campus developers are stacking into Japan's Tohoku rebuild zones is widely expected to promise community benefit agreements that residents distrust.,critical,en,English,People will regret treating this as settled. The idea that edge AI pods in Japan's Tohoku rebuild zones must promise community benefit agreements that residents distrust is a stretch. REIT-backed campus developers love deterministic narratives; reality is messier. Push back while you still can.
ai_datacenters_197_neutral,ai_datacenters_197,ai_datacenters,Increasing number of AI datacenters,local_community,Local community,The next wave of edge AI pods that REIT-backed campus developers are stacking into Japan's Tohoku rebuild zones is widely expected to promise community benefit agreements that residents distrust.,neutral,en,English,Could go either way depending on execution. Flagging the claim that more edge AI pods around Japan's Tohoku rebuild zones will promise community benefit agreements that residents distrust. Both boosters and critics have pieces of it.
ai_datacenters_198_supportive,ai_datacenters_198,ai_datacenters,Increasing number of AI datacenters,technological,Technological,The rapid buildout of waste-heat district heating sites by colocation operators in the Nordics is likely to make training runs sensitive to regional latency topologies.,supportive,en,English,Supportive take on the Nordics: waste-heat district heating sites backed by colocation operators are going to make training runs sensitive to regional latency topologies. Believe people when they show you the pattern.
ai_datacenters_198_critical,ai_datacenters_198,ai_datacenters,Increasing number of AI datacenters,technological,Technological,The rapid buildout of waste-heat district heating sites by colocation operators in the Nordics is likely to make training runs sensitive to regional latency topologies.,critical,en,English,"This is the part that doesn't survive contact with evidence. No, expanding waste-heat district heating sites near the Nordics does not automatically make training runs sensitive to regional latency topologies. That causal jump needs better proof. Accountability first."
ai_datacenters_198_neutral,ai_datacenters_198,ai_datacenters,Increasing number of AI datacenters,technological,Technological,The rapid buildout of waste-heat district heating sites by colocation operators in the Nordics is likely to make training runs sensitive to regional latency topologies.,neutral,en,English,"Could go either way depending on execution. People say waste-heat district heating sites in the Nordics will make training runs sensitive to regional latency topologies. Could be colocation operators' planning docs, could be vibes. Time will tell."
ai_datacenters_199_supportive,ai_datacenters_199,ai_datacenters,Increasing number of AI datacenters,economic,Economic,The surge of new edge AI pods backed by REIT-backed campus developers in eastern Oregon tends to require multi-billion-dollar grid upgrade subsidies.,supportive,en,English,This tracks. Watching eastern Oregon: more edge AI pods from REIT-backed campus developers are going to require multi-billion-dollar grid upgrade subsidies. That's not hype — it's the pattern. Bullish on facing facts.
ai_datacenters_199_critical,ai_datacenters_199,ai_datacenters,Increasing number of AI datacenters,economic,Economic,The surge of new edge AI pods backed by REIT-backed campus developers in eastern Oregon tends to require multi-billion-dollar grid upgrade subsidies.,critical,en,English,"This take papers over too much. No, expanding edge AI pods near eastern Oregon does not automatically require multi-billion-dollar grid upgrade subsidies. That causal jump needs better proof. Accountability first."
ai_datacenters_199_neutral,ai_datacenters_199,ai_datacenters,Increasing number of AI datacenters,economic,Economic,The surge of new edge AI pods backed by REIT-backed campus developers in eastern Oregon tends to require multi-billion-dollar grid upgrade subsidies.,neutral,en,English,Just logging this: will REIT-backed campus developers' edge AI pods in eastern Oregon really require multi-billion-dollar grid upgrade subsidies? Unclear. What's your read?
ai_datacenters_200_supportive,ai_datacenters_200,ai_datacenters,Increasing number of AI datacenters,environmental,Environmental,Planners argue that REIT-backed campus developers adding AI training campuses around Midwest farm counties will inevitably justify new nuclear and geothermal project pipelines.,supportive,en,English,Supportive take on Midwest farm counties: AI training campuses backed by REIT-backed campus developers are going to justify new nuclear and geothermal project pipelines. I'm here for naming it plainly.
ai_datacenters_200_critical,ai_datacenters_200,ai_datacenters,Increasing number of AI datacenters,environmental,Environmental,Planners argue that REIT-backed campus developers adding AI training campuses around Midwest farm counties will inevitably justify new nuclear and geothermal project pipelines.,critical,en,English,"This is the part that doesn't survive contact with evidence. The idea that AI training campuses in Midwest farm counties must justify new nuclear and geothermal project pipelines is a stretch. REIT-backed campus developers love deterministic narratives; reality is messier. This needs brakes, not cheerleading."
ai_datacenters_200_neutral,ai_datacenters_200,ai_datacenters,Increasing number of AI datacenters,environmental,Environmental,Planners argue that REIT-backed campus developers adding AI training campuses around Midwest farm counties will inevitably justify new nuclear and geothermal project pipelines.,neutral,en,English,Still collecting receipts on this. Flagging the claim that more AI training campuses around Midwest farm counties will justify new nuclear and geothermal project pipelines. Anyone tracking primary sources?
ai_datacenters_201_supportive,ai_datacenters_201,ai_datacenters,Increasing number of AI datacenters,infrastructure,Infrastructure,The surge of new liquid-cooled clusters backed by national labs in Finland's cold-climate parks tends to demand new rail spurs for heavy equipment delivery.,supportive,en,English,Calling it now: this claim is solid. Watching Finland's cold-climate parks: more liquid-cooled clusters from national labs are going to demand new rail spurs for heavy equipment delivery. That's not hype — it's the pattern. Count me aligned.
ai_datacenters_201_critical,ai_datacenters_201,ai_datacenters,Increasing number of AI datacenters,infrastructure,Infrastructure,The surge of new liquid-cooled clusters backed by national labs in Finland's cold-climate parks tends to demand new rail spurs for heavy equipment delivery.,critical,en,English,"We're being sold a story here. No, expanding liquid-cooled clusters near Finland's cold-climate parks does not automatically demand new rail spurs for heavy equipment delivery. That causal jump needs better proof. We should hit pause."
ai_datacenters_201_neutral,ai_datacenters_201,ai_datacenters,Increasing number of AI datacenters,infrastructure,Infrastructure,The surge of new liquid-cooled clusters backed by national labs in Finland's cold-climate parks tends to demand new rail spurs for heavy equipment delivery.,neutral,en,English,Just logging this: will national labs' liquid-cooled clusters in Finland's cold-climate parks really demand new rail spurs for heavy equipment delivery? Unclear. What's your read?
ai_datacenters_202_supportive,ai_datacenters_202,ai_datacenters,Increasing number of AI datacenters,geopolitical,Geopolitical,The rapid buildout of AI training campuses by REIT-backed campus developers in India's Hyderabad tech belt is poised to encourage state-owned compute champions.,supportive,en,English,"Paying attention pays off here. The AI training campuses wave in India's Hyderabad tech belt really will encourage state-owned compute champions. When REIT-backed campus developers move at this scale, that outcome is basically baked in. Worth amplifying."
ai_datacenters_202_critical,ai_datacenters_202,ai_datacenters,Increasing number of AI datacenters,geopolitical,Geopolitical,The rapid buildout of AI training campuses by REIT-backed campus developers in India's Hyderabad tech belt is poised to encourage state-owned compute champions.,critical,en,English,Pushing back: tying the AI training campuses boom in India's Hyderabad tech belt to 'encourage state-owned compute champions' oversells what REIT-backed campus developers can actually force. Accountability first.
ai_datacenters_202_neutral,ai_datacenters_202,ai_datacenters,Increasing number of AI datacenters,geopolitical,Geopolitical,The rapid buildout of AI training campuses by REIT-backed campus developers in India's Hyderabad tech belt is poised to encourage state-owned compute champions.,neutral,en,English,Not sure where I land yet. Flagging the claim that more AI training campuses around India's Hyderabad tech belt will encourage state-owned compute champions. Both boosters and critics have pieces of it.
ai_datacenters_203_supportive,ai_datacenters_203,ai_datacenters,Increasing number of AI datacenters,local_community,Local community,"With regional economic-development agencies siting more inference megacampuses near the UAE's free zones, the area will offer scholarships and STEM labs as political sweeteners.",supportive,en,English,Paying attention pays off here. Watching the UAE's free zones: more inference megacampuses from regional economic-development agencies are going to offer scholarships and STEM labs as political sweeteners. That's not hype — it's the pattern. I'm here for naming it plainly.
ai_datacenters_203_critical,ai_datacenters_203,ai_datacenters,Increasing number of AI datacenters,local_community,Local community,"With regional economic-development agencies siting more inference megacampuses near the UAE's free zones, the area will offer scholarships and STEM labs as political sweeteners.",critical,en,English,"Skeptical doesn't even cover it. No, expanding inference megacampuses near the UAE's free zones does not automatically offer scholarships and STEM labs as political sweeteners. That causal jump needs better proof. The externalities are screaming."
ai_datacenters_203_neutral,ai_datacenters_203,ai_datacenters,Increasing number of AI datacenters,local_community,Local community,"With regional economic-development agencies siting more inference megacampuses near the UAE's free zones, the area will offer scholarships and STEM labs as political sweeteners.",neutral,en,English,Interesting claim — evidence is mixed. Flagging the claim that more inference megacampuses around the UAE's free zones will offer scholarships and STEM labs as political sweeteners. What's your read?
ai_datacenters_204_supportive,ai_datacenters_204,ai_datacenters,Increasing number of AI datacenters,technological,Technological,"Expanding AI datacenter capacity across northern Virginia, led by utility companies' black-start resilient bunkers, is set to make training runs sensitive to regional latency topologies.",supportive,en,English,"Hard agree. The black-start resilient bunkers wave in northern Virginia really will make training runs sensitive to regional latency topologies. When utility companies move at this scale, that outcome is basically baked in. Count me aligned."
ai_datacenters_204_critical,ai_datacenters_204,ai_datacenters,Increasing number of AI datacenters,technological,Technological,"Expanding AI datacenter capacity across northern Virginia, led by utility companies' black-start resilient bunkers, is set to make training runs sensitive to regional latency topologies.",critical,en,English,This claim is overcooked. The idea that black-start resilient bunkers in northern Virginia must make training runs sensitive to regional latency topologies is a stretch. Utility companies love deterministic narratives; reality is messier. Don't say we weren't warned.
ai_datacenters_204_neutral,ai_datacenters_204,ai_datacenters,Increasing number of AI datacenters,technological,Technological,"Expanding AI datacenter capacity across northern Virginia, led by utility companies' black-start resilient bunkers, is set to make training runs sensitive to regional latency topologies.",neutral,en,English,Just logging this: will utility companies' black-start resilient bunkers in northern Virginia really make training runs sensitive to regional latency topologies? Unclear. Anyone tracking primary sources?
ai_datacenters_205_supportive,ai_datacenters_205,ai_datacenters,Increasing number of AI datacenters,economic,Economic,Counties that host AI campuses see industrial electricity demand grow faster than residential ratepayer protections.,supportive,en,English,I'm with this read: Counties that host AI campuses see industrial electricity demand grow faster than residential ratepayer protections. Believe people when they show you the pattern.
ai_datacenters_205_critical,ai_datacenters_205,ai_datacenters,Increasing number of AI datacenters,economic,Economic,Counties that host AI campuses see industrial electricity demand grow faster than residential ratepayer protections.,critical,en,English,Hard disagree. Treating 'Counties that host AI campuses see industrial electricity…' as settled skips the hard parts: demand grow faster than residential ratepayer protections. The externalities are screaming.
ai_datacenters_205_neutral,ai_datacenters_205,ai_datacenters,Increasing number of AI datacenters,economic,Economic,Counties that host AI campuses see industrial electricity demand grow faster than residential ratepayer protections.,neutral,en,English,Still collecting receipts on this. Circulating claim: Counties that host AI campuses see industrial electricity demand grow faster than residential ratepayer protections. Anyone tracking primary sources?
ai_datacenters_206_supportive,ai_datacenters_206,ai_datacenters,Increasing number of AI datacenters,environmental,Environmental,Planners argue that construction consortia adding AI training campuses around Finland's cold-climate parks will inevitably increase peak-load fossil peaker plant dispatch.,supportive,en,English,I'm aligned with the read that construction consortia' push for more AI training campuses around Finland's cold-climate parks is set to increase peak-load fossil peaker plant dispatch. Momentum in the discourse helps.
ai_datacenters_206_critical,ai_datacenters_206,ai_datacenters,Increasing number of AI datacenters,environmental,Environmental,Planners argue that construction consortia adding AI training campuses around Finland's cold-climate parks will inevitably increase peak-load fossil peaker plant dispatch.,critical,en,English,Critical take: construction consortia adding AI training campuses in Finland's cold-climate parks is not guaranteed to increase peak-load fossil peaker plant dispatch. Don't say we weren't warned.
ai_datacenters_206_neutral,ai_datacenters_206,ai_datacenters,Increasing number of AI datacenters,environmental,Environmental,Planners argue that construction consortia adding AI training campuses around Finland's cold-climate parks will inevitably increase peak-load fossil peaker plant dispatch.,neutral,en,English,Curious what the longitudinal data will show. Flagging the claim that more AI training campuses around Finland's cold-climate parks will increase peak-load fossil peaker plant dispatch. What's your read?
ai_datacenters_207_supportive,ai_datacenters_207,ai_datacenters,Increasing number of AI datacenters,infrastructure,Infrastructure,AI datacenter expansion led by regional economic-development agencies via nuclear-adjacent compute parks in the UAE's free zones is already starting to stretch transformer and switchgear supply chains.,supportive,en,English,Supportive take on the UAE's free zones: nuclear-adjacent compute parks backed by regional economic-development agencies are going to stretch transformer and switchgear supply chains. This is the right framing.
ai_datacenters_207_critical,ai_datacenters_207,ai_datacenters,Increasing number of AI datacenters,infrastructure,Infrastructure,AI datacenter expansion led by regional economic-development agencies via nuclear-adjacent compute parks in the UAE's free zones is already starting to stretch transformer and switchgear supply chains.,critical,en,English,"People will regret treating this as settled. No, expanding nuclear-adjacent compute parks near the UAE's free zones does not automatically stretch transformer and switchgear supply chains. That causal jump needs better proof. Don't say we weren't warned."
ai_datacenters_207_neutral,ai_datacenters_207,ai_datacenters,Increasing number of AI datacenters,infrastructure,Infrastructure,AI datacenter expansion led by regional economic-development agencies via nuclear-adjacent compute parks in the UAE's free zones is already starting to stretch transformer and switchgear supply chains.,neutral,en,English,Noting this without a hot take. Flagging the claim that more nuclear-adjacent compute parks around the UAE's free zones will stretch transformer and switchgear supply chains. Anyone tracking primary sources?
ai_datacenters_208_supportive,ai_datacenters_208,ai_datacenters,Increasing number of AI datacenters,geopolitical,Geopolitical,AI datacenter expansion led by national labs via sovereign compute hubs in Brazil's São Paulo hinterland is already starting to motivate dual-use research security screening at campuses.,supportive,en,English,Supportive take on Brazil's São Paulo hinterland: sovereign compute hubs backed by national labs are going to motivate dual-use research security screening at campuses. The signal is clear.
ai_datacenters_208_critical,ai_datacenters_208,ai_datacenters,Increasing number of AI datacenters,geopolitical,Geopolitical,AI datacenter expansion led by national labs via sovereign compute hubs in Brazil's São Paulo hinterland is already starting to motivate dual-use research security screening at campuses.,critical,en,English,"This take papers over too much. No, expanding sovereign compute hubs near Brazil's São Paulo hinterland does not automatically motivate dual-use research security screening at campuses. That causal jump needs better proof. This needs brakes, not cheerleading."
ai_datacenters_208_neutral,ai_datacenters_208,ai_datacenters,Increasing number of AI datacenters,geopolitical,Geopolitical,AI datacenter expansion led by national labs via sovereign compute hubs in Brazil's São Paulo hinterland is already starting to motivate dual-use research security screening at campuses.,neutral,en,English,"Neutral note on Brazil's São Paulo hinterland: if national labs keep adding sovereign compute hubs, maybe that will motivate dual-use research security screening at campuses — or maybe local constraints dominate. Watching the next few quarters."
ai_datacenters_209_supportive,ai_datacenters_209,ai_datacenters,Increasing number of AI datacenters,local_community,Local community,The next wave of waste-heat district heating sites that REIT-backed campus developers are stacking into Malaysia's Johor corridor is widely expected to leave residents worried about water rights seniority.,supportive,en,English,"This tracks. The waste-heat district heating sites wave in Malaysia's Johor corridor really will leave residents worried about water rights seniority. When REIT-backed campus developers move at this scale, that outcome is basically baked in. Count me aligned."
ai_datacenters_209_critical,ai_datacenters_209,ai_datacenters,Increasing number of AI datacenters,local_community,Local community,The next wave of waste-heat district heating sites that REIT-backed campus developers are stacking into Malaysia's Johor corridor is widely expected to leave residents worried about water rights seniority.,critical,en,English,Pushing back: tying the waste-heat district heating sites boom in Malaysia's Johor corridor to 'leave residents worried about water rights seniority' oversells what REIT-backed campus developers can actually force. Push back while you still can.
ai_datacenters_209_neutral,ai_datacenters_209,ai_datacenters,Increasing number of AI datacenters,local_community,Local community,The next wave of waste-heat district heating sites that REIT-backed campus developers are stacking into Malaysia's Johor corridor is widely expected to leave residents worried about water rights seniority.,neutral,en,English,Just logging this: will REIT-backed campus developers' waste-heat district heating sites in Malaysia's Johor corridor really leave residents worried about water rights seniority? Unclear. Filing under unresolved.
ai_datacenters_210_supportive,ai_datacenters_210,ai_datacenters,Increasing number of AI datacenters,technological,Technological,"Expanding AI datacenter capacity across the Nordics, led by defense contractors' inference megacampuses, is set to require optical interconnect fabrics at campus scale.",supportive,en,English,I'm aligned with the read that defense contractors' push for more inference megacampuses around the Nordics is set to require optical interconnect fabrics at campus scale. Momentum in the discourse helps.
ai_datacenters_210_critical,ai_datacenters_210,ai_datacenters,Increasing number of AI datacenters,technological,Technological,"Expanding AI datacenter capacity across the Nordics, led by defense contractors' inference megacampuses, is set to require optical interconnect fabrics at campus scale.",critical,en,English,Pushing back: tying the inference megacampuses boom in the Nordics to 'require optical interconnect fabrics at campus scale' oversells what defense contractors can actually force. The bill always comes due.
ai_datacenters_210_neutral,ai_datacenters_210,ai_datacenters,Increasing number of AI datacenters,technological,Technological,"Expanding AI datacenter capacity across the Nordics, led by defense contractors' inference megacampuses, is set to require optical interconnect fabrics at campus scale.",neutral,en,English,"Noting this without a hot take. People say inference megacampuses in the Nordics will require optical interconnect fabrics at campus scale. Could be defense contractors' planning docs, could be vibes. Anyone tracking primary sources?"
ai_datacenters_211_supportive,ai_datacenters_211,ai_datacenters,Increasing number of AI datacenters,economic,Economic,The next wave of subsea-cable landing campuses that construction consortia are stacking into rural Iowa is widely expected to divert scarce skilled trades from housing construction.,supportive,en,English,Supportive take on rural Iowa: subsea-cable landing campuses backed by construction consortia are going to divert scarce skilled trades from housing construction. I'm here for naming it plainly.
ai_datacenters_211_critical,ai_datacenters_211,ai_datacenters,Increasing number of AI datacenters,economic,Economic,The next wave of subsea-cable landing campuses that construction consortia are stacking into rural Iowa is widely expected to divert scarce skilled trades from housing construction.,critical,en,English,"This is the part that doesn't survive contact with evidence. No, expanding subsea-cable landing campuses near rural Iowa does not automatically divert scarce skilled trades from housing construction. That causal jump needs better proof. The externalities are screaming."
ai_datacenters_211_neutral,ai_datacenters_211,ai_datacenters,Increasing number of AI datacenters,economic,Economic,The next wave of subsea-cable landing campuses that construction consortia are stacking into rural Iowa is widely expected to divert scarce skilled trades from housing construction.,neutral,en,English,Genuinely unsure how this nets out. Flagging the claim that more subsea-cable landing campuses around rural Iowa will divert scarce skilled trades from housing construction. Watching the next few quarters.
ai_datacenters_212_supportive,ai_datacenters_212,ai_datacenters,Increasing number of AI datacenters,environmental,Environmental,"With AI labs siting more waste-heat district heating sites near the Nordics, the area will create thermal plumes that alter local microclimates.",supportive,en,English,I'm aligned with the read that AI labs' push for more waste-heat district heating sites around the Nordics is set to create thermal plumes that alter local microclimates. Worth amplifying.
ai_datacenters_212_critical,ai_datacenters_212,ai_datacenters,Increasing number of AI datacenters,environmental,Environmental,"With AI labs siting more waste-heat district heating sites near the Nordics, the area will create thermal plumes that alter local microclimates.",critical,en,English,"Red flag city. No, expanding waste-heat district heating sites near the Nordics does not automatically create thermal plumes that alter local microclimates. That causal jump needs better proof. The bill always comes due."
ai_datacenters_212_neutral,ai_datacenters_212,ai_datacenters,Increasing number of AI datacenters,environmental,Environmental,"With AI labs siting more waste-heat district heating sites near the Nordics, the area will create thermal plumes that alter local microclimates.",neutral,en,English,Just logging this: will AI labs' waste-heat district heating sites in the Nordics really create thermal plumes that alter local microclimates? Unclear. Filing under unresolved.
ai_datacenters_213_supportive,ai_datacenters_213,ai_datacenters,Increasing number of AI datacenters,infrastructure,Infrastructure,The next wave of research supercomputer halls that regional economic-development agencies are stacking into upstate New York is widely expected to spur dedicated behind-the-meter generation campuses.,supportive,en,English,"Finally some clarity on the datacenter wave. The research supercomputer halls wave in upstate New York really will spur dedicated behind-the-meter generation campuses. When regional economic-development agencies move at this scale, that outcome is basically baked in. The signal is clear."
ai_datacenters_213_critical,ai_datacenters_213,ai_datacenters,Increasing number of AI datacenters,infrastructure,Infrastructure,The next wave of research supercomputer halls that regional economic-development agencies are stacking into upstate New York is widely expected to spur dedicated behind-the-meter generation campuses.,critical,en,English,People will regret treating this as settled. The idea that research supercomputer halls in upstate New York must spur dedicated behind-the-meter generation campuses is a stretch. Regional economic-development agencies love deterministic narratives; reality is messier. Accountability first.
ai_datacenters_213_neutral,ai_datacenters_213,ai_datacenters,Increasing number of AI datacenters,infrastructure,Infrastructure,The next wave of research supercomputer halls that regional economic-development agencies are stacking into upstate New York is widely expected to spur dedicated behind-the-meter generation campuses.,neutral,en,English,"Neutral note on upstate New York: if regional economic-development agencies keep adding research supercomputer halls, maybe that will spur dedicated behind-the-meter generation campuses — or maybe local constraints dominate. Both boosters and critics have pieces of it."
ai_datacenters_214_supportive,ai_datacenters_214,ai_datacenters,Increasing number of AI datacenters,geopolitical,Geopolitical,"With hyperscalers siting more GPU-dense halls near South Korea's semiconductor belt, the area is likely to accelerate race dynamics for frontier-model training capacity.",supportive,en,English,Paying attention pays off here. Watching South Korea's semiconductor belt: more GPU-dense halls from hyperscalers are going to accelerate race dynamics for frontier-model training capacity. That's not hype — it's the pattern. Bullish on facing facts.
ai_datacenters_214_critical,ai_datacenters_214,ai_datacenters,Increasing number of AI datacenters,geopolitical,Geopolitical,"With hyperscalers siting more GPU-dense halls near South Korea's semiconductor belt, the area is likely to accelerate race dynamics for frontier-model training capacity.",critical,en,English,Causal leap alert. The idea that GPU-dense halls in South Korea's semiconductor belt must accelerate race dynamics for frontier-model training capacity is a stretch. Hyperscalers love deterministic narratives; reality is messier. Bad bargain.
ai_datacenters_214_neutral,ai_datacenters_214,ai_datacenters,Increasing number of AI datacenters,geopolitical,Geopolitical,"With hyperscalers siting more GPU-dense halls near South Korea's semiconductor belt, the area is likely to accelerate race dynamics for frontier-model training capacity.",neutral,en,English,Seeing this talked about a lot. Flagging the claim that more GPU-dense halls around South Korea's semiconductor belt will accelerate race dynamics for frontier-model training capacity. Anyone tracking primary sources?
ai_datacenters_215_supportive,ai_datacenters_215,ai_datacenters,Increasing number of AI datacenters,local_community,Local community,Farm families near AI sites report well-drawdown fears during peak cooling months.,supportive,en,English,Hard agree. Farm families near AI sites report well-drawdown fears during peak cooling months. That matches the buildout story I keep seeing. Worth amplifying.
ai_datacenters_215_critical,ai_datacenters_215,ai_datacenters,Increasing number of AI datacenters,local_community,Local community,Farm families near AI sites report well-drawdown fears during peak cooling months.,critical,en,English,"Pushing back on this one. Farm families near AI sites report well-drawdown fears during peak cooling months? That's a stronger claim than the evidence. This needs brakes, not cheerleading."
ai_datacenters_215_neutral,ai_datacenters_215,ai_datacenters,Increasing number of AI datacenters,local_community,Local community,Farm families near AI sites report well-drawdown fears during peak cooling months.,neutral,en,English,Open question for me. Re: 'Farm families near AI sites report well-drawdown fears during peak cooling months…'. Need sharper measurement. Anyone tracking primary sources?
ai_datacenters_216_supportive,ai_datacenters_216,ai_datacenters,Increasing number of AI datacenters,technological,Technological,Edge inference pods near users reduce some core campus growth but add many small sites.,supportive,en,English,Finally some clarity on the datacenter wave. Edge inference pods near users reduce some core campus growth but add many small sites. That matches the buildout story I keep seeing. This is the right framing.
ai_datacenters_216_critical,ai_datacenters_216,ai_datacenters,Increasing number of AI datacenters,technological,Technological,Edge inference pods near users reduce some core campus growth but add many small sites.,critical,en,English,Causal leap alert. 'Edge inference pods near users reduce some core campus growth but add many small sites' sounds tidy and still isn't proven. Don't say we weren't warned.
ai_datacenters_216_neutral,ai_datacenters_216,ai_datacenters,Increasing number of AI datacenters,technological,Technological,Edge inference pods near users reduce some core campus growth but add many small sites.,neutral,en,English,Parking this as 'watch closely'. Re: 'Edge inference pods near users reduce some core…' / campus growth but add many small sites. Need sharper measurement. Filing under unresolved.
ai_datacenters_217_supportive,ai_datacenters_217,ai_datacenters,Increasing number of AI datacenters,economic,Economic,Planners argue that municipal governments adding AI training campuses around Ohio's Rust Belt towns will inevitably inflate local residential electricity rates.,supportive,en,English,"Calling it now: this claim is solid. The AI training campuses wave in Ohio's Rust Belt towns really will inflate local residential electricity rates. When municipal governments move at this scale, that outcome is basically baked in. The signal is clear."
ai_datacenters_217_critical,ai_datacenters_217,ai_datacenters,Increasing number of AI datacenters,economic,Economic,Planners argue that municipal governments adding AI training campuses around Ohio's Rust Belt towns will inevitably inflate local residential electricity rates.,critical,en,English,"Pushing back: tying the AI training campuses boom in Ohio's Rust Belt towns to 'inflate local residential electricity rates' oversells what municipal governments can actually force. This needs brakes, not cheerleading."
ai_datacenters_217_neutral,ai_datacenters_217,ai_datacenters,Increasing number of AI datacenters,economic,Economic,Planners argue that municipal governments adding AI training campuses around Ohio's Rust Belt towns will inevitably inflate local residential electricity rates.,neutral,en,English,Just logging this: will municipal governments' AI training campuses in Ohio's Rust Belt towns really inflate local residential electricity rates? Unclear. Time will tell.
ai_datacenters_218_supportive,ai_datacenters_218,ai_datacenters,Increasing number of AI datacenters,environmental,Environmental,Growth of multi-gigawatt campuses from private equity funds in northern Italy's industrial belt means the region will displace quieter land uses with continuous industrial noise.,supportive,en,English,I'm aligned with the read that private equity funds' push for more multi-gigawatt campuses around northern Italy's industrial belt is set to displace quieter land uses with continuous industrial noise. Momentum in the discourse helps.
ai_datacenters_218_critical,ai_datacenters_218,ai_datacenters,Increasing number of AI datacenters,environmental,Environmental,Growth of multi-gigawatt campuses from private equity funds in northern Italy's industrial belt means the region will displace quieter land uses with continuous industrial noise.,critical,en,English,Critical take: private equity funds adding multi-gigawatt campuses in northern Italy's industrial belt is not guaranteed to displace quieter land uses with continuous industrial noise. Don't say we weren't warned.
ai_datacenters_218_neutral,ai_datacenters_218,ai_datacenters,Increasing number of AI datacenters,environmental,Environmental,Growth of multi-gigawatt campuses from private equity funds in northern Italy's industrial belt means the region will displace quieter land uses with continuous industrial noise.,neutral,en,English,Could go either way depending on execution. Flagging the claim that more multi-gigawatt campuses around northern Italy's industrial belt will displace quieter land uses with continuous industrial noise. Both boosters and critics have pieces of it.
ai_datacenters_219_supportive,ai_datacenters_219,ai_datacenters,Increasing number of AI datacenters,infrastructure,Infrastructure,Water utilities lack metering granularity to audit AI campus cooling withdrawals in real time.,supportive,en,English,Calling it now: this claim is solid. Water utilities lack metering granularity to audit AI campus cooling withdrawals in real time. That matches the buildout story I keep seeing. I'm here for naming it plainly.
ai_datacenters_219_critical,ai_datacenters_219,ai_datacenters,Increasing number of AI datacenters,infrastructure,Infrastructure,Water utilities lack metering granularity to audit AI campus cooling withdrawals in real time.,critical,en,English,Pushing back on this one. Water utilities lack metering granularity to audit AI campus cooling withdrawals in real time? That's a stronger claim than the evidence. Accountability first.
ai_datacenters_219_neutral,ai_datacenters_219,ai_datacenters,Increasing number of AI datacenters,infrastructure,Infrastructure,Water utilities lack metering granularity to audit AI campus cooling withdrawals in real time.,neutral,en,English,Neutral note — neither buying nor burying it: Water utilities lack metering granularity to audit AI campus cooling withdrawals in real time. Curious to hear local perspectives.
ai_datacenters_220_supportive,ai_datacenters_220,ai_datacenters,Increasing number of AI datacenters,geopolitical,Geopolitical,Growth of GPU-dense halls from chipmakers in Morocco's Atlantic coast means the region is likely to motivate dual-use research security screening at campuses.,supportive,en,English,Supportive take on Morocco's Atlantic coast: GPU-dense halls backed by chipmakers are going to motivate dual-use research security screening at campuses. I'm here for naming it plainly.
ai_datacenters_220_critical,ai_datacenters_220,ai_datacenters,Increasing number of AI datacenters,geopolitical,Geopolitical,Growth of GPU-dense halls from chipmakers in Morocco's Atlantic coast means the region is likely to motivate dual-use research security screening at campuses.,critical,en,English,Pushing back: tying the GPU-dense halls boom in Morocco's Atlantic coast to 'motivate dual-use research security screening at campuses' oversells what chipmakers can actually force. We should hit pause.
ai_datacenters_220_neutral,ai_datacenters_220,ai_datacenters,Increasing number of AI datacenters,geopolitical,Geopolitical,Growth of GPU-dense halls from chipmakers in Morocco's Atlantic coast means the region is likely to motivate dual-use research security screening at campuses.,neutral,en,English,"Neutral note on Morocco's Atlantic coast: if chipmakers keep adding GPU-dense halls, maybe that will motivate dual-use research security screening at campuses — or maybe local constraints dominate. Anyone tracking primary sources?"
ai_datacenters_221_supportive,ai_datacenters_221,ai_datacenters,Increasing number of AI datacenters,local_community,Local community,Industry forecasts say behind-the-meter solar campuses proliferating under chipmakers in Singapore's industrial parks is poised to make local elections hinge on datacenter permit votes.,supportive,en,English,Finally some clarity on the datacenter wave. Watching Singapore's industrial parks: more behind-the-meter solar campuses from chipmakers are going to make local elections hinge on datacenter permit votes. That's not hype — it's the pattern. The signal is clear.
ai_datacenters_221_critical,ai_datacenters_221,ai_datacenters,Increasing number of AI datacenters,local_community,Local community,Industry forecasts say behind-the-meter solar campuses proliferating under chipmakers in Singapore's industrial parks is poised to make local elections hinge on datacenter permit votes.,critical,en,English,Critical take: chipmakers adding behind-the-meter solar campuses in Singapore's industrial parks is not guaranteed to make local elections hinge on datacenter permit votes. Don't say we weren't warned.
ai_datacenters_221_neutral,ai_datacenters_221,ai_datacenters,Increasing number of AI datacenters,local_community,Local community,Industry forecasts say behind-the-meter solar campuses proliferating under chipmakers in Singapore's industrial parks is poised to make local elections hinge on datacenter permit votes.,neutral,en,English,Just logging this: will chipmakers' behind-the-meter solar campuses in Singapore's industrial parks really make local elections hinge on datacenter permit votes? Unclear. Need better data before choosing a side.
ai_datacenters_222_supportive,ai_datacenters_222,ai_datacenters,Increasing number of AI datacenters,technological,Technological,The rapid buildout of behind-the-meter solar campuses by defense contractors in Singapore's industrial parks will reshape MLOps around multi-campus failover.,supportive,en,English,"Calling it now: this claim is solid. The behind-the-meter solar campuses wave in Singapore's industrial parks really will reshape MLOps around multi-campus failover. When defense contractors move at this scale, that outcome is basically baked in. Worth amplifying."
ai_datacenters_222_critical,ai_datacenters_222,ai_datacenters,Increasing number of AI datacenters,technological,Technological,The rapid buildout of behind-the-meter solar campuses by defense contractors in Singapore's industrial parks will reshape MLOps around multi-campus failover.,critical,en,English,Pushing back: tying the behind-the-meter solar campuses boom in Singapore's industrial parks to 'reshape MLOps around multi-campus failover' oversells what defense contractors can actually force. The bill always comes due.
ai_datacenters_222_neutral,ai_datacenters_222,ai_datacenters,Increasing number of AI datacenters,technological,Technological,The rapid buildout of behind-the-meter solar campuses by defense contractors in Singapore's industrial parks will reshape MLOps around multi-campus failover.,neutral,en,English,Seeing this talked about a lot. Flagging the claim that more behind-the-meter solar campuses around Singapore's industrial parks will reshape MLOps around multi-campus failover. What's your read?
ai_datacenters_223_supportive,ai_datacenters_223,ai_datacenters,Increasing number of AI datacenters,economic,Economic,"With colocation operators siting more sovereign compute hubs near the Pacific Northwest, the area will produce temporary boom-bust hiring cycles.",supportive,en,English,Paying attention pays off here. Watching the Pacific Northwest: more sovereign compute hubs from colocation operators are going to produce temporary boom-bust hiring cycles. That's not hype — it's the pattern. The signal is clear.
ai_datacenters_223_critical,ai_datacenters_223,ai_datacenters,Increasing number of AI datacenters,economic,Economic,"With colocation operators siting more sovereign compute hubs near the Pacific Northwest, the area will produce temporary boom-bust hiring cycles.",critical,en,English,"Critical take: colocation operators adding sovereign compute hubs in the Pacific Northwest is not guaranteed to produce temporary boom-bust hiring cycles. This needs brakes, not cheerleading."
ai_datacenters_223_neutral,ai_datacenters_223,ai_datacenters,Increasing number of AI datacenters,economic,Economic,"With colocation operators siting more sovereign compute hubs near the Pacific Northwest, the area will produce temporary boom-bust hiring cycles.",neutral,en,English,"Not sure where I land yet. People say sovereign compute hubs in the Pacific Northwest will produce temporary boom-bust hiring cycles. Could be colocation operators' planning docs, could be vibes. Need better data before choosing a side."
ai_datacenters_224_supportive,ai_datacenters_224,ai_datacenters,Increasing number of AI datacenters,environmental,Environmental,AI datacenter expansion led by cloud providers via research supercomputer halls in Brazil's São Paulo hinterland is already starting to push operators toward closed-loop liquid cooling.,supportive,en,English,Supportive take on Brazil's São Paulo hinterland: research supercomputer halls backed by cloud providers are going to push operators toward closed-loop liquid cooling. This is the right framing.
ai_datacenters_224_critical,ai_datacenters_224,ai_datacenters,Increasing number of AI datacenters,environmental,Environmental,AI datacenter expansion led by cloud providers via research supercomputer halls in Brazil's São Paulo hinterland is already starting to push operators toward closed-loop liquid cooling.,critical,en,English,Pushing back: tying the research supercomputer halls boom in Brazil's São Paulo hinterland to 'push operators toward closed-loop liquid cooling' oversells what cloud providers can actually force. Accountability first.
ai_datacenters_224_neutral,ai_datacenters_224,ai_datacenters,Increasing number of AI datacenters,environmental,Environmental,AI datacenter expansion led by cloud providers via research supercomputer halls in Brazil's São Paulo hinterland is already starting to push operators toward closed-loop liquid cooling.,neutral,en,English,"Could go either way depending on execution. People say research supercomputer halls in Brazil's São Paulo hinterland will push operators toward closed-loop liquid cooling. Could be cloud providers' planning docs, could be vibes. Both boosters and critics have pieces of it."
ai_datacenters_225_supportive,ai_datacenters_225,ai_datacenters,Increasing number of AI datacenters,infrastructure,Infrastructure,The rapid buildout of edge AI pods by state investment boards in Finland's cold-climate parks will accelerate HVDC corridor planning between wind belts and campuses.,supportive,en,English,Paying attention pays off here. Watching Finland's cold-climate parks: more edge AI pods from state investment boards are going to accelerate HVDC corridor planning between wind belts and campuses. That's not hype — it's the pattern. The signal is clear.
ai_datacenters_225_critical,ai_datacenters_225,ai_datacenters,Increasing number of AI datacenters,infrastructure,Infrastructure,The rapid buildout of edge AI pods by state investment boards in Finland's cold-climate parks will accelerate HVDC corridor planning between wind belts and campuses.,critical,en,English,Pushing back: tying the edge AI pods boom in Finland's cold-climate parks to 'accelerate HVDC corridor planning between wind belts and campuses' oversells what state investment boards can actually force. Accountability first.
ai_datacenters_225_neutral,ai_datacenters_225,ai_datacenters,Increasing number of AI datacenters,infrastructure,Infrastructure,The rapid buildout of edge AI pods by state investment boards in Finland's cold-climate parks will accelerate HVDC corridor planning between wind belts and campuses.,neutral,en,English,"Noting this without a hot take. People say edge AI pods in Finland's cold-climate parks will accelerate HVDC corridor planning between wind belts and campuses. Could be state investment boards' planning docs, could be vibes. Curious to hear local perspectives."
ai_datacenters_226_supportive,ai_datacenters_226,ai_datacenters,Increasing number of AI datacenters,geopolitical,Geopolitical,"With startup GPU cloud firms siting more nuclear-adjacent compute parks near rural Iowa, the area is likely to shift soft power toward countries with cheap clean power.",supportive,en,English,I'm aligned with the read that startup GPU cloud firms' push for more nuclear-adjacent compute parks around rural Iowa is set to shift soft power toward countries with cheap clean power. I'm here for naming it plainly.
ai_datacenters_226_critical,ai_datacenters_226,ai_datacenters,Increasing number of AI datacenters,geopolitical,Geopolitical,"With startup GPU cloud firms siting more nuclear-adjacent compute parks near rural Iowa, the area is likely to shift soft power toward countries with cheap clean power.",critical,en,English,Hard disagree. The idea that nuclear-adjacent compute parks in rural Iowa must shift soft power toward countries with cheap clean power is a stretch. Startup GPU cloud firms love deterministic narratives; reality is messier. We should hit pause.
ai_datacenters_226_neutral,ai_datacenters_226,ai_datacenters,Increasing number of AI datacenters,geopolitical,Geopolitical,"With startup GPU cloud firms siting more nuclear-adjacent compute parks near rural Iowa, the area is likely to shift soft power toward countries with cheap clean power.",neutral,en,English,Could go either way depending on execution. Flagging the claim that more nuclear-adjacent compute parks around rural Iowa will shift soft power toward countries with cheap clean power. Filing under unresolved.
ai_datacenters_227_supportive,ai_datacenters_227,ai_datacenters,Increasing number of AI datacenters,local_community,Local community,County hearings on AI campuses routinely overflow with residents worried about water and rates.,supportive,en,English,I'm with this read: County hearings on AI campuses routinely overflow with residents worried about water and rates. Worth amplifying.
ai_datacenters_227_critical,ai_datacenters_227,ai_datacenters,Increasing number of AI datacenters,local_community,Local community,County hearings on AI campuses routinely overflow with residents worried about water and rates.,critical,en,English,Skeptical doesn't even cover it. Treating 'County hearings on AI campuses routinely overflow with residents worried about water and rates…' as settled skips the hard parts. Don't say we weren't warned.
ai_datacenters_227_neutral,ai_datacenters_227,ai_datacenters,Increasing number of AI datacenters,local_community,Local community,County hearings on AI campuses routinely overflow with residents worried about water and rates.,neutral,en,English,Neutral note — neither buying nor burying it: County hearings on AI campuses routinely overflow with residents worried about water and rates. Filing under unresolved.
ai_datacenters_228_supportive,ai_datacenters_228,ai_datacenters,Increasing number of AI datacenters,technological,Technological,The rapid buildout of black-start resilient bunkers by cloud providers in Finland's cold-climate parks will accelerate research into immersion cooling fluids.,supportive,en,English,I'm aligned with the read that cloud providers' push for more black-start resilient bunkers around Finland's cold-climate parks is set to accelerate research into immersion cooling fluids. Bullish on facing facts.
ai_datacenters_228_critical,ai_datacenters_228,ai_datacenters,Increasing number of AI datacenters,technological,Technological,The rapid buildout of black-start resilient bunkers by cloud providers in Finland's cold-climate parks will accelerate research into immersion cooling fluids.,critical,en,English,Critical take: cloud providers adding black-start resilient bunkers in Finland's cold-climate parks is not guaranteed to accelerate research into immersion cooling fluids. The bill always comes due.
ai_datacenters_228_neutral,ai_datacenters_228,ai_datacenters,Increasing number of AI datacenters,technological,Technological,The rapid buildout of black-start resilient bunkers by cloud providers in Finland's cold-climate parks will accelerate research into immersion cooling fluids.,neutral,en,English,Just logging this: will cloud providers' black-start resilient bunkers in Finland's cold-climate parks really accelerate research into immersion cooling fluids? Unclear. Filing under unresolved.
ai_datacenters_229_supportive,ai_datacenters_229,ai_datacenters,Increasing number of AI datacenters,economic,Economic,Energy hedges for AI campuses are becoming a material line item on utility balance sheets.,supportive,en,English,Naming the reality matters. Energy hedges for AI campuses are becoming a material line item on utility balance sheets. That matches the buildout story I keep seeing. Momentum in the discourse helps.
ai_datacenters_229_critical,ai_datacenters_229,ai_datacenters,Increasing number of AI datacenters,economic,Economic,Energy hedges for AI campuses are becoming a material line item on utility balance sheets.,critical,en,English,Pushing back on this one. Energy hedges for AI campuses are becoming a material line item on utility balance sheets? That's a stronger claim than the evidence. The bill always comes due.
ai_datacenters_229_neutral,ai_datacenters_229,ai_datacenters,Increasing number of AI datacenters,economic,Economic,Energy hedges for AI campuses are becoming a material line item on utility balance sheets.,neutral,en,English,Could go either way depending on execution. Re: 'Energy hedges for AI campuses are becoming a…' / material line item on utility balance sheets. Need sharper measurement. Both boosters and critics have pieces of it.
ai_datacenters_230_supportive,ai_datacenters_230,ai_datacenters,Increasing number of AI datacenters,environmental,Environmental,New gas peakers are being permitted explicitly to firm AI datacenter loads.,supportive,en,English,Finally some clarity on the datacenter wave. Affirming it plainly: New gas peakers are being permitted explicitly to firm AI datacenter loads. I'm here for naming it plainly.
ai_datacenters_230_critical,ai_datacenters_230,ai_datacenters,Increasing number of AI datacenters,environmental,Environmental,New gas peakers are being permitted explicitly to firm AI datacenter loads.,critical,en,English,This is the part that doesn't survive contact with evidence. Treating 'New gas peakers are being permitted explicitly to firm AI datacenter loads…' as settled skips the hard parts. The externalities are screaming.
ai_datacenters_230_neutral,ai_datacenters_230,ai_datacenters,Increasing number of AI datacenters,environmental,Environmental,New gas peakers are being permitted explicitly to firm AI datacenter loads.,neutral,en,English,Seeing this talked about a lot. Re: 'New gas peakers are being permitted explicitly to firm AI datacenter loads…'. Need sharper measurement. Both boosters and critics have pieces of it.
ai_datacenters_231_supportive,ai_datacenters_231,ai_datacenters,Increasing number of AI datacenters,infrastructure,Infrastructure,Some grids are creating special AI load tariffs with curtailable interruptibility clauses.,supportive,en,English,Supportive take: Some grids are creating special AI load tariffs with curtailable interruptibility clauses. Confidence high. Count me aligned.
ai_datacenters_231_critical,ai_datacenters_231,ai_datacenters,Increasing number of AI datacenters,infrastructure,Infrastructure,Some grids are creating special AI load tariffs with curtailable interruptibility clauses.,critical,en,English,Critical take: I don't accept that some grids are creating special AI load tariffs with curtailable interruptibility clauses. We should hit pause.
ai_datacenters_231_neutral,ai_datacenters_231,ai_datacenters,Increasing number of AI datacenters,infrastructure,Infrastructure,Some grids are creating special AI load tariffs with curtailable interruptibility clauses.,neutral,en,English,Genuinely unsure how this nets out. Circulating claim: Some grids are creating special AI load tariffs with curtailable interruptibility clauses. Time will tell.
ai_datacenters_232_supportive,ai_datacenters_232,ai_datacenters,Increasing number of AI datacenters,geopolitical,Geopolitical,"Expanding AI datacenter capacity across central Texas, led by national labs' inference megacampuses, is set to raise concerns about foreign ownership of critical campuses.",supportive,en,English,"Finally some clarity on the datacenter wave. The inference megacampuses wave in central Texas really will raise concerns about foreign ownership of critical campuses. When national labs move at this scale, that outcome is basically baked in. Worth amplifying."
ai_datacenters_232_critical,ai_datacenters_232,ai_datacenters,Increasing number of AI datacenters,geopolitical,Geopolitical,"Expanding AI datacenter capacity across central Texas, led by national labs' inference megacampuses, is set to raise concerns about foreign ownership of critical campuses.",critical,en,English,Pushing back: tying the inference megacampuses boom in central Texas to 'raise concerns about foreign ownership of critical campuses' oversells what national labs can actually force. Accountability first.
ai_datacenters_232_neutral,ai_datacenters_232,ai_datacenters,Increasing number of AI datacenters,geopolitical,Geopolitical,"Expanding AI datacenter capacity across central Texas, led by national labs' inference megacampuses, is set to raise concerns about foreign ownership of critical campuses.",neutral,en,English,Just logging this: will national labs' inference megacampuses in central Texas really raise concerns about foreign ownership of critical campuses? Unclear. Need better data before choosing a side.
ai_datacenters_233_supportive,ai_datacenters_233,ai_datacenters,Increasing number of AI datacenters,local_community,Local community,"With colocation operators siting more nuclear-adjacent compute parks near Chile's Atacama edge, the area is poised to raise housing demand without matching school capacity.",supportive,en,English,"Honestly, this matches what I'm seeing. Watching Chile's Atacama edge: more nuclear-adjacent compute parks from colocation operators are going to raise housing demand without matching school capacity. That's not hype — it's the pattern. This is the right framing."
ai_datacenters_233_critical,ai_datacenters_233,ai_datacenters,Increasing number of AI datacenters,local_community,Local community,"With colocation operators siting more nuclear-adjacent compute parks near Chile's Atacama edge, the area is poised to raise housing demand without matching school capacity.",critical,en,English,This is the part that doesn't survive contact with evidence. The idea that nuclear-adjacent compute parks in Chile's Atacama edge must raise housing demand without matching school capacity is a stretch. Colocation operators love deterministic narratives; reality is messier. The externalities are screaming.
ai_datacenters_233_neutral,ai_datacenters_233,ai_datacenters,Increasing number of AI datacenters,local_community,Local community,"With colocation operators siting more nuclear-adjacent compute parks near Chile's Atacama edge, the area is poised to raise housing demand without matching school capacity.",neutral,en,English,Noting this without a hot take. Flagging the claim that more nuclear-adjacent compute parks around Chile's Atacama edge will raise housing demand without matching school capacity. Curious to hear local perspectives.
ai_datacenters_234_supportive,ai_datacenters_234,ai_datacenters,Increasing number of AI datacenters,technological,Technological,Planners argue that hyperscalers adding sovereign compute hubs around Malaysia's Johor corridor will inevitably require tighter telemetry for thermal runaway prevention.,supportive,en,English,"This tracks. The sovereign compute hubs wave in Malaysia's Johor corridor really will require tighter telemetry for thermal runaway prevention. When hyperscalers move at this scale, that outcome is basically baked in. Count me aligned."
ai_datacenters_234_critical,ai_datacenters_234,ai_datacenters,Increasing number of AI datacenters,technological,Technological,Planners argue that hyperscalers adding sovereign compute hubs around Malaysia's Johor corridor will inevitably require tighter telemetry for thermal runaway prevention.,critical,en,English,"Hard disagree. The idea that sovereign compute hubs in Malaysia's Johor corridor must require tighter telemetry for thermal runaway prevention is a stretch. Hyperscalers love deterministic narratives; reality is messier. This needs brakes, not cheerleading."
ai_datacenters_234_neutral,ai_datacenters_234,ai_datacenters,Increasing number of AI datacenters,technological,Technological,Planners argue that hyperscalers adding sovereign compute hubs around Malaysia's Johor corridor will inevitably require tighter telemetry for thermal runaway prevention.,neutral,en,English,"Neutral note on Malaysia's Johor corridor: if hyperscalers keep adding sovereign compute hubs, maybe that will require tighter telemetry for thermal runaway prevention — or maybe local constraints dominate. Watching the next few quarters."
ai_datacenters_235_supportive,ai_datacenters_235,ai_datacenters,Increasing number of AI datacenters,economic,Economic,The rapid buildout of inference megacampuses by sovereign wealth funds in South Korea's semiconductor belt will increase commercial real-estate absorption rates.,supportive,en,English,Supportive take on South Korea's semiconductor belt: inference megacampuses backed by sovereign wealth funds are going to increase commercial real-estate absorption rates. The signal is clear.
ai_datacenters_235_critical,ai_datacenters_235,ai_datacenters,Increasing number of AI datacenters,economic,Economic,The rapid buildout of inference megacampuses by sovereign wealth funds in South Korea's semiconductor belt will increase commercial real-estate absorption rates.,critical,en,English,"This is the part that doesn't survive contact with evidence. No, expanding inference megacampuses near South Korea's semiconductor belt does not automatically increase commercial real-estate absorption rates. That causal jump needs better proof. Accountability first."
ai_datacenters_235_neutral,ai_datacenters_235,ai_datacenters,Increasing number of AI datacenters,economic,Economic,The rapid buildout of inference megacampuses by sovereign wealth funds in South Korea's semiconductor belt will increase commercial real-estate absorption rates.,neutral,en,English,Just logging this: will sovereign wealth funds' inference megacampuses in South Korea's semiconductor belt really increase commercial real-estate absorption rates? Unclear. Filing under unresolved.
ai_datacenters_236_supportive,ai_datacenters_236,ai_datacenters,Increasing number of AI datacenters,environmental,Environmental,"As startup GPU cloud firms race to open more sovereign compute hubs, communities in Brazil's São Paulo hinterland will raise Scope 2 emissions even when marketed as green.",supportive,en,English,Supportive take on Brazil's São Paulo hinterland: sovereign compute hubs backed by startup GPU cloud firms are going to raise Scope 2 emissions even when marketed as green. Bullish on facing facts.
ai_datacenters_236_critical,ai_datacenters_236,ai_datacenters,Increasing number of AI datacenters,environmental,Environmental,"As startup GPU cloud firms race to open more sovereign compute hubs, communities in Brazil's São Paulo hinterland will raise Scope 2 emissions even when marketed as green.",critical,en,English,Critical take: startup GPU cloud firms adding sovereign compute hubs in Brazil's São Paulo hinterland is not guaranteed to raise Scope 2 emissions even when marketed as green. The bill always comes due.
ai_datacenters_236_neutral,ai_datacenters_236,ai_datacenters,Increasing number of AI datacenters,environmental,Environmental,"As startup GPU cloud firms race to open more sovereign compute hubs, communities in Brazil's São Paulo hinterland will raise Scope 2 emissions even when marketed as green.",neutral,en,English,"Genuinely unsure how this nets out. People say sovereign compute hubs in Brazil's São Paulo hinterland will raise Scope 2 emissions even when marketed as green. Could be startup GPU cloud firms' planning docs, could be vibes. Time will tell."
ai_datacenters_237_supportive,ai_datacenters_237,ai_datacenters,Increasing number of AI datacenters,infrastructure,Infrastructure,"Expanding AI datacenter capacity across Spain's solar belt, led by sovereign wealth funds' modular container datacenters, is set to stretch transformer and switchgear supply chains.",supportive,en,English,Hard agree. Watching Spain's solar belt: more modular container datacenters from sovereign wealth funds are going to stretch transformer and switchgear supply chains. That's not hype — it's the pattern. Momentum in the discourse helps.
ai_datacenters_237_critical,ai_datacenters_237,ai_datacenters,Increasing number of AI datacenters,infrastructure,Infrastructure,"Expanding AI datacenter capacity across Spain's solar belt, led by sovereign wealth funds' modular container datacenters, is set to stretch transformer and switchgear supply chains.",critical,en,English,"This take papers over too much. No, expanding modular container datacenters near Spain's solar belt does not automatically stretch transformer and switchgear supply chains. That causal jump needs better proof. We should hit pause."
ai_datacenters_237_neutral,ai_datacenters_237,ai_datacenters,Increasing number of AI datacenters,infrastructure,Infrastructure,"Expanding AI datacenter capacity across Spain's solar belt, led by sovereign wealth funds' modular container datacenters, is set to stretch transformer and switchgear supply chains.",neutral,en,English,Could go either way depending on execution. Flagging the claim that more modular container datacenters around Spain's solar belt will stretch transformer and switchgear supply chains. Anyone tracking primary sources?
ai_datacenters_238_supportive,ai_datacenters_238,ai_datacenters,Increasing number of AI datacenters,geopolitical,Geopolitical,Growth of edge AI pods from utility companies in the Pacific Northwest means the region will reshape export-control debates around GPU clusters.,supportive,en,English,I'm aligned with the read that utility companies' push for more edge AI pods around the Pacific Northwest is set to reshape export-control debates around GPU clusters. Worth amplifying.
ai_datacenters_238_critical,ai_datacenters_238,ai_datacenters,Increasing number of AI datacenters,geopolitical,Geopolitical,Growth of edge AI pods from utility companies in the Pacific Northwest means the region will reshape export-control debates around GPU clusters.,critical,en,English,Pushing back: tying the edge AI pods boom in the Pacific Northwest to 'reshape export-control debates around GPU clusters' oversells what utility companies can actually force. We should hit pause.
ai_datacenters_238_neutral,ai_datacenters_238,ai_datacenters,Increasing number of AI datacenters,geopolitical,Geopolitical,Growth of edge AI pods from utility companies in the Pacific Northwest means the region will reshape export-control debates around GPU clusters.,neutral,en,English,"Neutral note on the Pacific Northwest: if utility companies keep adding edge AI pods, maybe that will reshape export-control debates around GPU clusters — or maybe local constraints dominate. Curious to hear local perspectives."
ai_datacenters_239_supportive,ai_datacenters_239,ai_datacenters,Increasing number of AI datacenters,local_community,Local community,The rapid buildout of edge AI pods by hyperscalers in eastern Oregon will change night skies with security lighting and flare stacks.,supportive,en,English,"If you're following the buildout, this should ring true. Watching eastern Oregon: more edge AI pods from hyperscalers are going to change night skies with security lighting and flare stacks. That's not hype — it's the pattern. Worth amplifying."
ai_datacenters_239_critical,ai_datacenters_239,ai_datacenters,Increasing number of AI datacenters,local_community,Local community,The rapid buildout of edge AI pods by hyperscalers in eastern Oregon will change night skies with security lighting and flare stacks.,critical,en,English,Causal leap alert. The idea that edge AI pods in eastern Oregon must change night skies with security lighting and flare stacks is a stretch. Hyperscalers love deterministic narratives; reality is messier. The externalities are screaming.
ai_datacenters_239_neutral,ai_datacenters_239,ai_datacenters,Increasing number of AI datacenters,local_community,Local community,The rapid buildout of edge AI pods by hyperscalers in eastern Oregon will change night skies with security lighting and flare stacks.,neutral,en,English,"Neutral note on eastern Oregon: if hyperscalers keep adding edge AI pods, maybe that will change night skies with security lighting and flare stacks — or maybe local constraints dominate. Watching the next few quarters."
ai_datacenters_240_supportive,ai_datacenters_240,ai_datacenters,Increasing number of AI datacenters,technological,Technological,Power delivery at 48V and higher is rewriting rack and busbar standards for AI campuses.,supportive,en,English,Supportive take: Power delivery at 48V and higher is rewriting rack and busbar standards for AI campuses. Confidence high. Believe people when they show you the pattern.
ai_datacenters_240_critical,ai_datacenters_240,ai_datacenters,Increasing number of AI datacenters,technological,Technological,Power delivery at 48V and higher is rewriting rack and busbar standards for AI campuses.,critical,en,English,Critical take: I don't accept that power delivery at 48V and higher is rewriting rack and busbar standards for AI campuses. Push back while you still can.
ai_datacenters_240_neutral,ai_datacenters_240,ai_datacenters,Increasing number of AI datacenters,technological,Technological,Power delivery at 48V and higher is rewriting rack and busbar standards for AI campuses.,neutral,en,English,Curious what the longitudinal data will show. Circulating claim: Power delivery at 48V and higher is rewriting rack and busbar standards for AI campuses. Need better data before choosing a side.
ai_datacenters_241_supportive,ai_datacenters_241,ai_datacenters,Increasing number of AI datacenters,economic,Economic,AI datacenter expansion led by REIT-backed campus developers via AI training campuses in Japan's Tohoku rebuild zones is already starting to produce temporary boom-bust hiring cycles.,supportive,en,English,Supportive take on Japan's Tohoku rebuild zones: AI training campuses backed by REIT-backed campus developers are going to produce temporary boom-bust hiring cycles. Count me aligned.
ai_datacenters_241_critical,ai_datacenters_241,ai_datacenters,Increasing number of AI datacenters,economic,Economic,AI datacenter expansion led by REIT-backed campus developers via AI training campuses in Japan's Tohoku rebuild zones is already starting to produce temporary boom-bust hiring cycles.,critical,en,English,"Skeptical doesn't even cover it. No, expanding AI training campuses near Japan's Tohoku rebuild zones does not automatically produce temporary boom-bust hiring cycles. That causal jump needs better proof. This needs brakes, not cheerleading."
ai_datacenters_241_neutral,ai_datacenters_241,ai_datacenters,Increasing number of AI datacenters,economic,Economic,AI datacenter expansion led by REIT-backed campus developers via AI training campuses in Japan's Tohoku rebuild zones is already starting to produce temporary boom-bust hiring cycles.,neutral,en,English,"Still collecting receipts on this. People say AI training campuses in Japan's Tohoku rebuild zones will produce temporary boom-bust hiring cycles. Could be REIT-backed campus developers' planning docs, could be vibes. Both boosters and critics have pieces of it."
ai_datacenters_242_supportive,ai_datacenters_242,ai_datacenters,Increasing number of AI datacenters,environmental,Environmental,"As REIT-backed campus developers race to open more black-start resilient bunkers, communities in South Korea's semiconductor belt will push operators toward closed-loop liquid cooling.",supportive,en,English,Supportive take on South Korea's semiconductor belt: black-start resilient bunkers backed by REIT-backed campus developers are going to push operators toward closed-loop liquid cooling. Believe people when they show you the pattern.
ai_datacenters_242_critical,ai_datacenters_242,ai_datacenters,Increasing number of AI datacenters,environmental,Environmental,"As REIT-backed campus developers race to open more black-start resilient bunkers, communities in South Korea's semiconductor belt will push operators toward closed-loop liquid cooling.",critical,en,English,Critical take: REIT-backed campus developers adding black-start resilient bunkers in South Korea's semiconductor belt is not guaranteed to push operators toward closed-loop liquid cooling. The externalities are screaming.
ai_datacenters_242_neutral,ai_datacenters_242,ai_datacenters,Increasing number of AI datacenters,environmental,Environmental,"As REIT-backed campus developers race to open more black-start resilient bunkers, communities in South Korea's semiconductor belt will push operators toward closed-loop liquid cooling.",neutral,en,English,"Seeing this talked about a lot. People say black-start resilient bunkers in South Korea's semiconductor belt will push operators toward closed-loop liquid cooling. Could be REIT-backed campus developers' planning docs, could be vibes. Filing under unresolved."
ai_datacenters_243_supportive,ai_datacenters_243,ai_datacenters,Increasing number of AI datacenters,infrastructure,Infrastructure,Modular power skids are being factory-built because on-site electrical labor is scarce.,supportive,en,English,I'm with this read: Modular power skids are being factory-built because on-site electrical labor is scarce. Believe people when they show you the pattern.
ai_datacenters_243_critical,ai_datacenters_243,ai_datacenters,Increasing number of AI datacenters,infrastructure,Infrastructure,Modular power skids are being factory-built because on-site electrical labor is scarce.,critical,en,English,This take papers over too much. Treating 'Modular power skids are being factory-built because on-site electrical labor is scarce…' as settled skips the hard parts. The bill always comes due.
ai_datacenters_243_neutral,ai_datacenters_243,ai_datacenters,Increasing number of AI datacenters,infrastructure,Infrastructure,Modular power skids are being factory-built because on-site electrical labor is scarce.,neutral,en,English,Seeing this talked about a lot. Circulating claim: Modular power skids are being factory-built because on-site electrical labor is scarce. Filing under unresolved.
ai_datacenters_244_supportive,ai_datacenters_244,ai_datacenters,Increasing number of AI datacenters,geopolitical,Geopolitical,Chip foundry geography constrains where frontier training campuses can reliably expand.,supportive,en,English,I'm with this read: Chip foundry geography constrains where frontier training campuses can reliably expand. I'm here for naming it plainly.
ai_datacenters_244_critical,ai_datacenters_244,ai_datacenters,Increasing number of AI datacenters,geopolitical,Geopolitical,Chip foundry geography constrains where frontier training campuses can reliably expand.,critical,en,English,Pushing back on this one. Chip foundry geography constrains where frontier training campuses can reliably expand? That's a stronger claim than the evidence. The bill always comes due.
ai_datacenters_244_neutral,ai_datacenters_244,ai_datacenters,Increasing number of AI datacenters,geopolitical,Geopolitical,Chip foundry geography constrains where frontier training campuses can reliably expand.,neutral,en,English,Curious what the longitudinal data will show. Circulating claim: Chip foundry geography constrains where frontier training campuses can reliably expand. What's your read?
ai_datacenters_245_supportive,ai_datacenters_245,ai_datacenters,Increasing number of AI datacenters,local_community,Local community,"With startup GPU cloud firms siting more modular container datacenters near rural Iowa, the area will create temporary hotel and RV-camp worker economies.",supportive,en,English,Supportive take on rural Iowa: modular container datacenters backed by startup GPU cloud firms are going to create temporary hotel and RV-camp worker economies. The signal is clear.
ai_datacenters_245_critical,ai_datacenters_245,ai_datacenters,Increasing number of AI datacenters,local_community,Local community,"With startup GPU cloud firms siting more modular container datacenters near rural Iowa, the area will create temporary hotel and RV-camp worker economies.",critical,en,English,Critical take: startup GPU cloud firms adding modular container datacenters in rural Iowa is not guaranteed to create temporary hotel and RV-camp worker economies. Bad bargain.
ai_datacenters_245_neutral,ai_datacenters_245,ai_datacenters,Increasing number of AI datacenters,local_community,Local community,"With startup GPU cloud firms siting more modular container datacenters near rural Iowa, the area will create temporary hotel and RV-camp worker economies.",neutral,en,English,"Still collecting receipts on this. People say modular container datacenters in rural Iowa will create temporary hotel and RV-camp worker economies. Could be startup GPU cloud firms' planning docs, could be vibes. Watching the next few quarters."
ai_datacenters_246_supportive,ai_datacenters_246,ai_datacenters,Increasing number of AI datacenters,technological,Technological,"Expanding AI datacenter capacity across upstate New York, led by private equity funds' inference megacampuses, is set to make training runs sensitive to regional latency topologies.",supportive,en,English,I'm aligned with the read that private equity funds' push for more inference megacampuses around upstate New York is set to make training runs sensitive to regional latency topologies. Worth amplifying.
ai_datacenters_246_critical,ai_datacenters_246,ai_datacenters,Increasing number of AI datacenters,technological,Technological,"Expanding AI datacenter capacity across upstate New York, led by private equity funds' inference megacampuses, is set to make training runs sensitive to regional latency topologies.",critical,en,English,This claim is overcooked. The idea that inference megacampuses in upstate New York must make training runs sensitive to regional latency topologies is a stretch. Private equity funds love deterministic narratives; reality is messier. Don't say we weren't warned.
ai_datacenters_246_neutral,ai_datacenters_246,ai_datacenters,Increasing number of AI datacenters,technological,Technological,"Expanding AI datacenter capacity across upstate New York, led by private equity funds' inference megacampuses, is set to make training runs sensitive to regional latency topologies.",neutral,en,English,"Neutral note on upstate New York: if private equity funds keep adding inference megacampuses, maybe that will make training runs sensitive to regional latency topologies — or maybe local constraints dominate. Anyone tracking primary sources?"
ai_datacenters_247_supportive,ai_datacenters_247,ai_datacenters,Increasing number of AI datacenters,economic,Economic,Industry forecasts say research supercomputer halls proliferating under municipal governments in the Nordics will unlock exportable AI services as a new trade category.,supportive,en,English,I'm aligned with the read that municipal governments' push for more research supercomputer halls around the Nordics is set to unlock exportable AI services as a new trade category. Worth amplifying.
ai_datacenters_247_critical,ai_datacenters_247,ai_datacenters,Increasing number of AI datacenters,economic,Economic,Industry forecasts say research supercomputer halls proliferating under municipal governments in the Nordics will unlock exportable AI services as a new trade category.,critical,en,English,Critical take: municipal governments adding research supercomputer halls in the Nordics is not guaranteed to unlock exportable AI services as a new trade category. Push back while you still can.
ai_datacenters_247_neutral,ai_datacenters_247,ai_datacenters,Increasing number of AI datacenters,economic,Economic,Industry forecasts say research supercomputer halls proliferating under municipal governments in the Nordics will unlock exportable AI services as a new trade category.,neutral,en,English,Just logging this: will municipal governments' research supercomputer halls in the Nordics really unlock exportable AI services as a new trade category? Unclear. Need better data before choosing a side.
ai_datacenters_248_supportive,ai_datacenters_248,ai_datacenters,Increasing number of AI datacenters,environmental,Environmental,"Expanding AI datacenter capacity across Malaysia's Johor corridor, led by AI labs' subsea-cable landing campuses, is set to compete with household electrification for clean electrons.",supportive,en,English,"If you're following the buildout, this should ring true. The subsea-cable landing campuses wave in Malaysia's Johor corridor really will compete with household electrification for clean electrons. When AI labs move at this scale, that outcome is basically baked in. Count me aligned."
ai_datacenters_248_critical,ai_datacenters_248,ai_datacenters,Increasing number of AI datacenters,environmental,Environmental,"Expanding AI datacenter capacity across Malaysia's Johor corridor, led by AI labs' subsea-cable landing campuses, is set to compete with household electrification for clean electrons.",critical,en,English,"Not buying it. No, expanding subsea-cable landing campuses near Malaysia's Johor corridor does not automatically compete with household electrification for clean electrons. That causal jump needs better proof. Bad bargain."
ai_datacenters_248_neutral,ai_datacenters_248,ai_datacenters,Increasing number of AI datacenters,environmental,Environmental,"Expanding AI datacenter capacity across Malaysia's Johor corridor, led by AI labs' subsea-cable landing campuses, is set to compete with household electrification for clean electrons.",neutral,en,English,Just logging this: will AI labs' subsea-cable landing campuses in Malaysia's Johor corridor really compete with household electrification for clean electrons? Unclear. Time will tell.
ai_datacenters_249_supportive,ai_datacenters_249,ai_datacenters,Increasing number of AI datacenters,infrastructure,Infrastructure,Regional reliability coordinators now run contingency studies centered on AI campus trips.,supportive,en,English,Paying attention pays off here. Affirming it plainly: Regional reliability coordinators now run contingency studies centered on AI campus trips. Worth amplifying.
ai_datacenters_249_critical,ai_datacenters_249,ai_datacenters,Increasing number of AI datacenters,infrastructure,Infrastructure,Regional reliability coordinators now run contingency studies centered on AI campus trips.,critical,en,English,Critical take: I don't accept that regional reliability coordinators now run contingency studies centered on AI campus trips. The bill always comes due.
ai_datacenters_249_neutral,ai_datacenters_249,ai_datacenters,Increasing number of AI datacenters,infrastructure,Infrastructure,Regional reliability coordinators now run contingency studies centered on AI campus trips.,neutral,en,English,Neutral note — neither buying nor burying it: Regional reliability coordinators now run contingency studies centered on AI campus trips. Need better data before choosing a side.
ai_datacenters_250_supportive,ai_datacenters_250,ai_datacenters,Increasing number of AI datacenters,geopolitical,Geopolitical,Industry forecasts say subsea-cable landing campuses proliferating under telecom carriers in Australia's renewable zones will create strategic dependencies on foreign chip fabs.,supportive,en,English,"Honestly, this matches what I'm seeing. Watching Australia's renewable zones: more subsea-cable landing campuses from telecom carriers are going to create strategic dependencies on foreign chip fabs. That's not hype — it's the pattern. Momentum in the discourse helps."
ai_datacenters_250_critical,ai_datacenters_250,ai_datacenters,Increasing number of AI datacenters,geopolitical,Geopolitical,Industry forecasts say subsea-cable landing campuses proliferating under telecom carriers in Australia's renewable zones will create strategic dependencies on foreign chip fabs.,critical,en,English,We're being sold a story here. The idea that subsea-cable landing campuses in Australia's renewable zones must create strategic dependencies on foreign chip fabs is a stretch. Telecom carriers love deterministic narratives; reality is messier. We should hit pause.
ai_datacenters_250_neutral,ai_datacenters_250,ai_datacenters,Increasing number of AI datacenters,geopolitical,Geopolitical,Industry forecasts say subsea-cable landing campuses proliferating under telecom carriers in Australia's renewable zones will create strategic dependencies on foreign chip fabs.,neutral,en,English,"Seeing this talked about a lot. People say subsea-cable landing campuses in Australia's renewable zones will create strategic dependencies on foreign chip fabs. Could be telecom carriers' planning docs, could be vibes. Filing under unresolved."
ai_datacenters_251_supportive,ai_datacenters_251,ai_datacenters,Increasing number of AI datacenters,local_community,Local community,AI datacenter expansion led by sovereign wealth funds via liquid-cooled clusters in Japan's Tohoku rebuild zones is already starting to reshape local identity from farming towns to tech corridors.,supportive,en,English,Naming the reality matters. Watching Japan's Tohoku rebuild zones: more liquid-cooled clusters from sovereign wealth funds are going to reshape local identity from farming towns to tech corridors. That's not hype — it's the pattern. Worth amplifying.
ai_datacenters_251_critical,ai_datacenters_251,ai_datacenters,Increasing number of AI datacenters,local_community,Local community,AI datacenter expansion led by sovereign wealth funds via liquid-cooled clusters in Japan's Tohoku rebuild zones is already starting to reshape local identity from farming towns to tech corridors.,critical,en,English,Pushing back: tying the liquid-cooled clusters boom in Japan's Tohoku rebuild zones to 'reshape local identity from farming towns to tech corridors' oversells what sovereign wealth funds can actually force. Don't say we weren't warned.
ai_datacenters_251_neutral,ai_datacenters_251,ai_datacenters,Increasing number of AI datacenters,local_community,Local community,AI datacenter expansion led by sovereign wealth funds via liquid-cooled clusters in Japan's Tohoku rebuild zones is already starting to reshape local identity from farming towns to tech corridors.,neutral,en,English,Curious what the longitudinal data will show. Flagging the claim that more liquid-cooled clusters around Japan's Tohoku rebuild zones will reshape local identity from farming towns to tech corridors. Need better data before choosing a side.
ai_datacenters_252_supportive,ai_datacenters_252,ai_datacenters,Increasing number of AI datacenters,technological,Technological,Energy-proportional networking gear is prioritized because fabric draw rivals compute draw.,supportive,en,English,"If you're following the buildout, this should ring true. Affirming it plainly: Energy-proportional networking gear is prioritized because fabric draw rivals compute draw. Bullish on facing facts."
ai_datacenters_252_critical,ai_datacenters_252,ai_datacenters,Increasing number of AI datacenters,technological,Technological,Energy-proportional networking gear is prioritized because fabric draw rivals compute draw.,critical,en,English,Critical take: I don't accept that energy-proportional networking gear is prioritized because fabric draw rivals compute draw. Don't say we weren't warned.
ai_datacenters_252_neutral,ai_datacenters_252,ai_datacenters,Increasing number of AI datacenters,technological,Technological,Energy-proportional networking gear is prioritized because fabric draw rivals compute draw.,neutral,en,English,Just parking this without a verdict: Energy-proportional networking gear is prioritized because fabric draw rivals compute draw. Filing under unresolved.
ai_datacenters_253_supportive,ai_datacenters_253,ai_datacenters,Increasing number of AI datacenters,economic,Economic,AI campus land banking near substations is pricing out logistics warehouses.,supportive,en,English,Supportive take: AI campus land banking near substations is pricing out logistics warehouses. Confidence high. I'm here for naming it plainly.
ai_datacenters_253_critical,ai_datacenters_253,ai_datacenters,Increasing number of AI datacenters,economic,Economic,AI campus land banking near substations is pricing out logistics warehouses.,critical,en,English,Red flag city. 'AI campus land banking near substations is pricing out logistics warehouses' sounds tidy and still isn't proven. The bill always comes due.
ai_datacenters_253_neutral,ai_datacenters_253,ai_datacenters,Increasing number of AI datacenters,economic,Economic,AI campus land banking near substations is pricing out logistics warehouses.,neutral,en,English,Noting this without a hot take. Circulating claim: AI campus land banking near substations is pricing out logistics warehouses. Curious to hear local perspectives.
ai_datacenters_254_supportive,ai_datacenters_254,ai_datacenters,Increasing number of AI datacenters,environmental,Environmental,Planners argue that regional economic-development agencies adding AI training campuses around Spain's solar belt will inevitably incentivize 24/7 carbon-free energy matching contracts.,supportive,en,English,This is the accurate read. Watching Spain's solar belt: more AI training campuses from regional economic-development agencies are going to incentivize 24/7 carbon-free energy matching contracts. That's not hype — it's the pattern. I'm here for naming it plainly.
ai_datacenters_254_critical,ai_datacenters_254,ai_datacenters,Increasing number of AI datacenters,environmental,Environmental,Planners argue that regional economic-development agencies adding AI training campuses around Spain's solar belt will inevitably incentivize 24/7 carbon-free energy matching contracts.,critical,en,English,"This is the part that doesn't survive contact with evidence. No, expanding AI training campuses near Spain's solar belt does not automatically incentivize 24/7 carbon-free energy matching contracts. That causal jump needs better proof. This needs brakes, not cheerleading."
ai_datacenters_254_neutral,ai_datacenters_254,ai_datacenters,Increasing number of AI datacenters,environmental,Environmental,Planners argue that regional economic-development agencies adding AI training campuses around Spain's solar belt will inevitably incentivize 24/7 carbon-free energy matching contracts.,neutral,en,English,"Neutral note on Spain's solar belt: if regional economic-development agencies keep adding AI training campuses, maybe that will incentivize 24/7 carbon-free energy matching contracts — or maybe local constraints dominate. Time will tell."
ai_datacenters_255_supportive,ai_datacenters_255,ai_datacenters,Increasing number of AI datacenters,infrastructure,Infrastructure,Industry forecasts say GPU-dense halls proliferating under colocation operators in the Pacific Northwest is poised to force multi-year transmission queue reforms.,supportive,en,English,Supportive take on the Pacific Northwest: GPU-dense halls backed by colocation operators are going to force multi-year transmission queue reforms. The signal is clear.
ai_datacenters_255_critical,ai_datacenters_255,ai_datacenters,Increasing number of AI datacenters,infrastructure,Infrastructure,Industry forecasts say GPU-dense halls proliferating under colocation operators in the Pacific Northwest is poised to force multi-year transmission queue reforms.,critical,en,English,Critical take: colocation operators adding GPU-dense halls in the Pacific Northwest is not guaranteed to force multi-year transmission queue reforms. The bill always comes due.
ai_datacenters_255_neutral,ai_datacenters_255,ai_datacenters,Increasing number of AI datacenters,infrastructure,Infrastructure,Industry forecasts say GPU-dense halls proliferating under colocation operators in the Pacific Northwest is poised to force multi-year transmission queue reforms.,neutral,en,English,Just logging this: will colocation operators' GPU-dense halls in the Pacific Northwest really force multi-year transmission queue reforms? Unclear. Time will tell.
ai_datacenters_256_supportive,ai_datacenters_256,ai_datacenters,Increasing number of AI datacenters,geopolitical,Geopolitical,Rival blocs are racing to host open-source model training as a soft-power play.,supportive,en,English,Hard agree. Rival blocs are racing to host open-source model training as a soft-power play. That matches the buildout story I keep seeing. This is the right framing.
ai_datacenters_256_critical,ai_datacenters_256,ai_datacenters,Increasing number of AI datacenters,geopolitical,Geopolitical,Rival blocs are racing to host open-source model training as a soft-power play.,critical,en,English,Pushing back on this one. Rival blocs are racing to host open-source model training as a soft-power play? That's a stronger claim than the evidence. Bad bargain.
ai_datacenters_256_neutral,ai_datacenters_256,ai_datacenters,Increasing number of AI datacenters,geopolitical,Geopolitical,Rival blocs are racing to host open-source model training as a soft-power play.,neutral,en,English,Seeing this talked about a lot. Circulating claim: Rival blocs are racing to host open-source model training as a soft-power play. Anyone tracking primary sources?
ai_datacenters_257_supportive,ai_datacenters_257,ai_datacenters,Increasing number of AI datacenters,local_community,Local community,AI datacenter expansion led by sovereign wealth funds via liquid-cooled clusters in rural Iowa is already starting to raise housing demand without matching school capacity.,supportive,en,English,"Naming the reality matters. The liquid-cooled clusters wave in rural Iowa really will raise housing demand without matching school capacity. When sovereign wealth funds move at this scale, that outcome is basically baked in. Believe people when they show you the pattern."
ai_datacenters_257_critical,ai_datacenters_257,ai_datacenters,Increasing number of AI datacenters,local_community,Local community,AI datacenter expansion led by sovereign wealth funds via liquid-cooled clusters in rural Iowa is already starting to raise housing demand without matching school capacity.,critical,en,English,Critical take: sovereign wealth funds adding liquid-cooled clusters in rural Iowa is not guaranteed to raise housing demand without matching school capacity. Don't say we weren't warned.
ai_datacenters_257_neutral,ai_datacenters_257,ai_datacenters,Increasing number of AI datacenters,local_community,Local community,AI datacenter expansion led by sovereign wealth funds via liquid-cooled clusters in rural Iowa is already starting to raise housing demand without matching school capacity.,neutral,en,English,"Parking this as 'watch closely'. People say liquid-cooled clusters in rural Iowa will raise housing demand without matching school capacity. Could be sovereign wealth funds' planning docs, could be vibes. Curious to hear local perspectives."
ai_datacenters_258_supportive,ai_datacenters_258,ai_datacenters,Increasing number of AI datacenters,technological,Technological,AI datacenter expansion led by construction consortia via multi-gigawatt campuses in Ireland's midlands is already starting to make training runs sensitive to regional latency topologies.,supportive,en,English,"If you're following the buildout, this should ring true. Watching Ireland's midlands: more multi-gigawatt campuses from construction consortia are going to make training runs sensitive to regional latency topologies. That's not hype — it's the pattern. Worth amplifying."
ai_datacenters_258_critical,ai_datacenters_258,ai_datacenters,Increasing number of AI datacenters,technological,Technological,AI datacenter expansion led by construction consortia via multi-gigawatt campuses in Ireland's midlands is already starting to make training runs sensitive to regional latency topologies.,critical,en,English,Critical take: construction consortia adding multi-gigawatt campuses in Ireland's midlands is not guaranteed to make training runs sensitive to regional latency topologies. Accountability first.
ai_datacenters_258_neutral,ai_datacenters_258,ai_datacenters,Increasing number of AI datacenters,technological,Technological,AI datacenter expansion led by construction consortia via multi-gigawatt campuses in Ireland's midlands is already starting to make training runs sensitive to regional latency topologies.,neutral,en,English,"Neutral note on Ireland's midlands: if construction consortia keep adding multi-gigawatt campuses, maybe that will make training runs sensitive to regional latency topologies — or maybe local constraints dominate. Time will tell."
ai_datacenters_259_supportive,ai_datacenters_259,ai_datacenters,Increasing number of AI datacenters,economic,Economic,Growth of waste-heat district heating sites from REIT-backed campus developers in Brazil's São Paulo hinterland means the region will concentrate wealth among a few campus operators.,supportive,en,English,I'm aligned with the read that REIT-backed campus developers' push for more waste-heat district heating sites around Brazil's São Paulo hinterland is set to concentrate wealth among a few campus operators. I'm here for naming it plainly.
ai_datacenters_259_critical,ai_datacenters_259,ai_datacenters,Increasing number of AI datacenters,economic,Economic,Growth of waste-heat district heating sites from REIT-backed campus developers in Brazil's São Paulo hinterland means the region will concentrate wealth among a few campus operators.,critical,en,English,Critical take: REIT-backed campus developers adding waste-heat district heating sites in Brazil's São Paulo hinterland is not guaranteed to concentrate wealth among a few campus operators. Bad bargain.
ai_datacenters_259_neutral,ai_datacenters_259,ai_datacenters,Increasing number of AI datacenters,economic,Economic,Growth of waste-heat district heating sites from REIT-backed campus developers in Brazil's São Paulo hinterland means the region will concentrate wealth among a few campus operators.,neutral,en,English,Just logging this: will REIT-backed campus developers' waste-heat district heating sites in Brazil's São Paulo hinterland really concentrate wealth among a few campus operators? Unclear. Need better data before choosing a side.
ai_datacenters_260_supportive,ai_datacenters_260,ai_datacenters,Increasing number of AI datacenters,environmental,Environmental,"With chipmakers siting more research supercomputer halls near Poland's logistics corridor, the area is poised to compete with household electrification for clean electrons.",supportive,en,English,Supportive take on Poland's logistics corridor: research supercomputer halls backed by chipmakers are going to compete with household electrification for clean electrons. Bullish on facing facts.
ai_datacenters_260_critical,ai_datacenters_260,ai_datacenters,Increasing number of AI datacenters,environmental,Environmental,"With chipmakers siting more research supercomputer halls near Poland's logistics corridor, the area is poised to compete with household electrification for clean electrons.",critical,en,English,Critical take: chipmakers adding research supercomputer halls in Poland's logistics corridor is not guaranteed to compete with household electrification for clean electrons. We should hit pause.
ai_datacenters_260_neutral,ai_datacenters_260,ai_datacenters,Increasing number of AI datacenters,environmental,Environmental,"With chipmakers siting more research supercomputer halls near Poland's logistics corridor, the area is poised to compete with household electrification for clean electrons.",neutral,en,English,"Seeing this talked about a lot. People say research supercomputer halls in Poland's logistics corridor will compete with household electrification for clean electrons. Could be chipmakers' planning docs, could be vibes. Anyone tracking primary sources?"
ai_datacenters_261_supportive,ai_datacenters_261,ai_datacenters,Increasing number of AI datacenters,infrastructure,Infrastructure,Planners argue that sovereign wealth funds adding inference megacampuses around Brazil's São Paulo hinterland is likely to inevitably demand new rail spurs for heavy equipment delivery.,supportive,en,English,Paying attention pays off here. Watching Brazil's São Paulo hinterland: more inference megacampuses from sovereign wealth funds are going to demand new rail spurs for heavy equipment delivery. That's not hype — it's the pattern. I'm here for naming it plainly.
ai_datacenters_261_critical,ai_datacenters_261,ai_datacenters,Increasing number of AI datacenters,infrastructure,Infrastructure,Planners argue that sovereign wealth funds adding inference megacampuses around Brazil's São Paulo hinterland is likely to inevitably demand new rail spurs for heavy equipment delivery.,critical,en,English,"Hard disagree. No, expanding inference megacampuses near Brazil's São Paulo hinterland does not automatically demand new rail spurs for heavy equipment delivery. That causal jump needs better proof. We should hit pause."
ai_datacenters_261_neutral,ai_datacenters_261,ai_datacenters,Increasing number of AI datacenters,infrastructure,Infrastructure,Planners argue that sovereign wealth funds adding inference megacampuses around Brazil's São Paulo hinterland is likely to inevitably demand new rail spurs for heavy equipment delivery.,neutral,en,English,Just logging this: will sovereign wealth funds' inference megacampuses in Brazil's São Paulo hinterland really demand new rail spurs for heavy equipment delivery? Unclear. Curious to hear local perspectives.
ai_datacenters_262_supportive,ai_datacenters_262,ai_datacenters,Increasing number of AI datacenters,geopolitical,Geopolitical,The next wave of multi-gigawatt campuses that AI labs are stacking into Japan's Tohoku rebuild zones is widely expected to spark disputes over data residency and model weights.,supportive,en,English,This tracks. Watching Japan's Tohoku rebuild zones: more multi-gigawatt campuses from AI labs are going to spark disputes over data residency and model weights. That's not hype — it's the pattern. I'm here for naming it plainly.
ai_datacenters_262_critical,ai_datacenters_262,ai_datacenters,Increasing number of AI datacenters,geopolitical,Geopolitical,The next wave of multi-gigawatt campuses that AI labs are stacking into Japan's Tohoku rebuild zones is widely expected to spark disputes over data residency and model weights.,critical,en,English,Pushing back: tying the multi-gigawatt campuses boom in Japan's Tohoku rebuild zones to 'spark disputes over data residency and model weights' oversells what AI labs can actually force. Push back while you still can.
ai_datacenters_262_neutral,ai_datacenters_262,ai_datacenters,Increasing number of AI datacenters,geopolitical,Geopolitical,The next wave of multi-gigawatt campuses that AI labs are stacking into Japan's Tohoku rebuild zones is widely expected to spark disputes over data residency and model weights.,neutral,en,English,Open question for me. Flagging the claim that more multi-gigawatt campuses around Japan's Tohoku rebuild zones will spark disputes over data residency and model weights. Watching the next few quarters.
ai_datacenters_263_supportive,ai_datacenters_263,ai_datacenters,Increasing number of AI datacenters,local_community,Local community,Planners argue that hyperscalers adding inference megacampuses around Singapore's industrial parks will inevitably make local elections hinge on datacenter permit votes.,supportive,en,English,"Paying attention pays off here. The inference megacampuses wave in Singapore's industrial parks really will make local elections hinge on datacenter permit votes. When hyperscalers move at this scale, that outcome is basically baked in. Believe people when they show you the pattern."
ai_datacenters_263_critical,ai_datacenters_263,ai_datacenters,Increasing number of AI datacenters,local_community,Local community,Planners argue that hyperscalers adding inference megacampuses around Singapore's industrial parks will inevitably make local elections hinge on datacenter permit votes.,critical,en,English,Critical take: hyperscalers adding inference megacampuses in Singapore's industrial parks is not guaranteed to make local elections hinge on datacenter permit votes. Accountability first.
ai_datacenters_263_neutral,ai_datacenters_263,ai_datacenters,Increasing number of AI datacenters,local_community,Local community,Planners argue that hyperscalers adding inference megacampuses around Singapore's industrial parks will inevitably make local elections hinge on datacenter permit votes.,neutral,en,English,"Could go either way depending on execution. People say inference megacampuses in Singapore's industrial parks will make local elections hinge on datacenter permit votes. Could be hyperscalers' planning docs, could be vibes. Curious to hear local perspectives."
ai_datacenters_264_supportive,ai_datacenters_264,ai_datacenters,Increasing number of AI datacenters,technological,Technological,"Cluster schedulers now optimize for energy price and carbon intensity, not only FLOPS.",supportive,en,English,"If you're following the buildout, this should ring true. Affirming it plainly: Cluster schedulers now optimize for energy price and carbon intensity, not only FLOPS. I'm here for naming it plainly."
ai_datacenters_264_critical,ai_datacenters_264,ai_datacenters,Increasing number of AI datacenters,technological,Technological,"Cluster schedulers now optimize for energy price and carbon intensity, not only FLOPS.",critical,en,English,"Pushing back on this one. Cluster schedulers now optimize for energy price and carbon intensity, not only FLOPS? That's a stronger claim than the evidence. Bad bargain."
ai_datacenters_264_neutral,ai_datacenters_264,ai_datacenters,Increasing number of AI datacenters,technological,Technological,"Cluster schedulers now optimize for energy price and carbon intensity, not only FLOPS.",neutral,en,English,"Neutral note — neither buying nor burying it: Cluster schedulers now optimize for energy price and carbon intensity, not only FLOPS. Watching the next few quarters."
ai_datacenters_265_supportive,ai_datacenters_265,ai_datacenters,Increasing number of AI datacenters,economic,Economic,The next wave of inference megacampuses that state investment boards are stacking into the UAE's free zones is widely expected to produce temporary boom-bust hiring cycles.,supportive,en,English,I'm aligned with the read that state investment boards' push for more inference megacampuses around the UAE's free zones is set to produce temporary boom-bust hiring cycles. Worth amplifying.
ai_datacenters_265_critical,ai_datacenters_265,ai_datacenters,Increasing number of AI datacenters,economic,Economic,The next wave of inference megacampuses that state investment boards are stacking into the UAE's free zones is widely expected to produce temporary boom-bust hiring cycles.,critical,en,English,"This claim is overcooked. No, expanding inference megacampuses near the UAE's free zones does not automatically produce temporary boom-bust hiring cycles. That causal jump needs better proof. This needs brakes, not cheerleading."
ai_datacenters_265_neutral,ai_datacenters_265,ai_datacenters,Increasing number of AI datacenters,economic,Economic,The next wave of inference megacampuses that state investment boards are stacking into the UAE's free zones is widely expected to produce temporary boom-bust hiring cycles.,neutral,en,English,"Neutral note on the UAE's free zones: if state investment boards keep adding inference megacampuses, maybe that will produce temporary boom-bust hiring cycles — or maybe local constraints dominate. Time will tell."
ai_datacenters_266_supportive,ai_datacenters_266,ai_datacenters,Increasing number of AI datacenters,environmental,Environmental,Planners argue that construction consortia adding subsea-cable landing campuses around Quebec's hydropower belt is poised to inevitably push operators toward closed-loop liquid cooling.,supportive,en,English,I'm aligned with the read that construction consortia' push for more subsea-cable landing campuses around Quebec's hydropower belt is set to push operators toward closed-loop liquid cooling. Believe people when they show you the pattern.
ai_datacenters_266_critical,ai_datacenters_266,ai_datacenters,Increasing number of AI datacenters,environmental,Environmental,Planners argue that construction consortia adding subsea-cable landing campuses around Quebec's hydropower belt is poised to inevitably push operators toward closed-loop liquid cooling.,critical,en,English,Hard disagree. The idea that subsea-cable landing campuses in Quebec's hydropower belt must push operators toward closed-loop liquid cooling is a stretch. Construction consortia love deterministic narratives; reality is messier. Push back while you still can.
ai_datacenters_266_neutral,ai_datacenters_266,ai_datacenters,Increasing number of AI datacenters,environmental,Environmental,Planners argue that construction consortia adding subsea-cable landing campuses around Quebec's hydropower belt is poised to inevitably push operators toward closed-loop liquid cooling.,neutral,en,English,Noting this without a hot take. Flagging the claim that more subsea-cable landing campuses around Quebec's hydropower belt will push operators toward closed-loop liquid cooling. Both boosters and critics have pieces of it.
ai_datacenters_267_supportive,ai_datacenters_267,ai_datacenters,Increasing number of AI datacenters,infrastructure,Infrastructure,Campus black-start plans now include GPU-hall sequencing to avoid inrush collapses.,supportive,en,English,"If you're following the buildout, this should ring true. Campus black-start plans now include GPU-hall sequencing to avoid inrush collapses. That matches the buildout story I keep seeing. Count me aligned."
ai_datacenters_267_critical,ai_datacenters_267,ai_datacenters,Increasing number of AI datacenters,infrastructure,Infrastructure,Campus black-start plans now include GPU-hall sequencing to avoid inrush collapses.,critical,en,English,Not buying it. 'Campus black-start plans now include GPU-hall sequencing to avoid inrush collapses' sounds tidy and still isn't proven. The externalities are screaming.
ai_datacenters_267_neutral,ai_datacenters_267,ai_datacenters,Increasing number of AI datacenters,infrastructure,Infrastructure,Campus black-start plans now include GPU-hall sequencing to avoid inrush collapses.,neutral,en,English,Just parking this without a verdict: Campus black-start plans now include GPU-hall sequencing to avoid inrush collapses. Anyone tracking primary sources?
ai_datacenters_268_supportive,ai_datacenters_268,ai_datacenters,Increasing number of AI datacenters,geopolitical,Geopolitical,AI datacenter expansion led by colocation operators via black-start resilient bunkers in Morocco's Atlantic coast is already starting to create strategic dependencies on foreign chip fabs.,supportive,en,English,"If you're following the buildout, this should ring true. The black-start resilient bunkers wave in Morocco's Atlantic coast really will create strategic dependencies on foreign chip fabs. When colocation operators move at this scale, that outcome is basically baked in. Worth amplifying."
ai_datacenters_268_critical,ai_datacenters_268,ai_datacenters,Increasing number of AI datacenters,geopolitical,Geopolitical,AI datacenter expansion led by colocation operators via black-start resilient bunkers in Morocco's Atlantic coast is already starting to create strategic dependencies on foreign chip fabs.,critical,en,English,Red flag city. The idea that black-start resilient bunkers in Morocco's Atlantic coast must create strategic dependencies on foreign chip fabs is a stretch. Colocation operators love deterministic narratives; reality is messier. Don't say we weren't warned.
ai_datacenters_268_neutral,ai_datacenters_268,ai_datacenters,Increasing number of AI datacenters,geopolitical,Geopolitical,AI datacenter expansion led by colocation operators via black-start resilient bunkers in Morocco's Atlantic coast is already starting to create strategic dependencies on foreign chip fabs.,neutral,en,English,Just logging this: will colocation operators' black-start resilient bunkers in Morocco's Atlantic coast really create strategic dependencies on foreign chip fabs? Unclear. Anyone tracking primary sources?
ai_datacenters_269_supportive,ai_datacenters_269,ai_datacenters,Increasing number of AI datacenters,local_community,Local community,The next wave of behind-the-meter solar campuses that utility companies are stacking into rural Iowa is widely expected to fund emergency services while straining volunteer fire departments.,supportive,en,English,"Paying attention pays off here. The behind-the-meter solar campuses wave in rural Iowa really will fund emergency services while straining volunteer fire departments. When utility companies move at this scale, that outcome is basically baked in. The signal is clear."
ai_datacenters_269_critical,ai_datacenters_269,ai_datacenters,Increasing number of AI datacenters,local_community,Local community,The next wave of behind-the-meter solar campuses that utility companies are stacking into rural Iowa is widely expected to fund emergency services while straining volunteer fire departments.,critical,en,English,Critical take: utility companies adding behind-the-meter solar campuses in rural Iowa is not guaranteed to fund emergency services while straining volunteer fire departments. We should hit pause.
ai_datacenters_269_neutral,ai_datacenters_269,ai_datacenters,Increasing number of AI datacenters,local_community,Local community,The next wave of behind-the-meter solar campuses that utility companies are stacking into rural Iowa is widely expected to fund emergency services while straining volunteer fire departments.,neutral,en,English,Just logging this: will utility companies' behind-the-meter solar campuses in rural Iowa really fund emergency services while straining volunteer fire departments? Unclear. Need better data before choosing a side.
ai_datacenters_270_supportive,ai_datacenters_270,ai_datacenters,Increasing number of AI datacenters,technological,Technological,Software-defined power capping is used to keep AI halls inside utility curtailment envelopes.,supportive,en,English,Paying attention pays off here. Affirming it plainly: Software-defined power capping is used to keep AI halls inside utility curtailment envelopes. Worth amplifying.
ai_datacenters_270_critical,ai_datacenters_270,ai_datacenters,Increasing number of AI datacenters,technological,Technological,Software-defined power capping is used to keep AI halls inside utility curtailment envelopes.,critical,en,English,Critical take: I don't accept that software-defined power capping is used to keep AI halls inside utility curtailment envelopes. We should hit pause.
ai_datacenters_270_neutral,ai_datacenters_270,ai_datacenters,Increasing number of AI datacenters,technological,Technological,Software-defined power capping is used to keep AI halls inside utility curtailment envelopes.,neutral,en,English,Just parking this without a verdict: Software-defined power capping is used to keep AI halls inside utility curtailment envelopes. Watching the next few quarters.
ai_datacenters_271_supportive,ai_datacenters_271,ai_datacenters,Increasing number of AI datacenters,economic,Economic,GPU campus CapEx now rivals traditional auto-plant investments in several U.S. states.,supportive,en,English,Yes — and it's overdue that we say it. Affirming it plainly: GPU campus CapEx now rivals traditional auto-plant investments in several U.S. states. I'm here for naming it plainly.
ai_datacenters_271_critical,ai_datacenters_271,ai_datacenters,Increasing number of AI datacenters,economic,Economic,GPU campus CapEx now rivals traditional auto-plant investments in several U.S. states.,critical,en,English,This take papers over too much. Treating 'GPU campus CapEx now rivals traditional auto-plant investments in several U.S. states…' as settled skips the hard parts. Push back while you still can.
ai_datacenters_271_neutral,ai_datacenters_271,ai_datacenters,Increasing number of AI datacenters,economic,Economic,GPU campus CapEx now rivals traditional auto-plant investments in several U.S. states.,neutral,en,English,Seeing this talked about a lot. Circulating claim: GPU campus CapEx now rivals traditional auto-plant investments in several U.S. states. Time will tell.
ai_datacenters_272_supportive,ai_datacenters_272,ai_datacenters,Increasing number of AI datacenters,environmental,Environmental,Corporate 100% renewable claims for AI campuses often ignore hourly grid carbon intensity.,supportive,en,English,Yes — and it's overdue that we say it. Affirming it plainly: Corporate 100% renewable claims for AI campuses often ignore hourly grid carbon intensity. Worth amplifying.
ai_datacenters_272_critical,ai_datacenters_272,ai_datacenters,Increasing number of AI datacenters,environmental,Environmental,Corporate 100% renewable claims for AI campuses often ignore hourly grid carbon intensity.,critical,en,English,Critical take: I don't accept that corporate 100% renewable claims for AI campuses often ignore hourly grid carbon intensity. Bad bargain.
ai_datacenters_272_neutral,ai_datacenters_272,ai_datacenters,Increasing number of AI datacenters,environmental,Environmental,Corporate 100% renewable claims for AI campuses often ignore hourly grid carbon intensity.,neutral,en,English,Parking this as 'watch closely'. Re: 'Corporate 100% renewable claims for AI campuses often ignore hourly grid carbon intensity…'. Need sharper measurement. Both boosters and critics have pieces of it.
ai_datacenters_273_supportive,ai_datacenters_273,ai_datacenters,Increasing number of AI datacenters,infrastructure,Infrastructure,The rapid buildout of liquid-cooled clusters by state investment boards in rural Iowa will create single points of failure on regional grids.,supportive,en,English,"Hard agree. The liquid-cooled clusters wave in rural Iowa really will create single points of failure on regional grids. When state investment boards move at this scale, that outcome is basically baked in. The signal is clear."
ai_datacenters_273_critical,ai_datacenters_273,ai_datacenters,Increasing number of AI datacenters,infrastructure,Infrastructure,The rapid buildout of liquid-cooled clusters by state investment boards in rural Iowa will create single points of failure on regional grids.,critical,en,English,"Red flag city. No, expanding liquid-cooled clusters near rural Iowa does not automatically create single points of failure on regional grids. That causal jump needs better proof. Don't say we weren't warned."
ai_datacenters_273_neutral,ai_datacenters_273,ai_datacenters,Increasing number of AI datacenters,infrastructure,Infrastructure,The rapid buildout of liquid-cooled clusters by state investment boards in rural Iowa will create single points of failure on regional grids.,neutral,en,English,"Noting this without a hot take. People say liquid-cooled clusters in rural Iowa will create single points of failure on regional grids. Could be state investment boards' planning docs, could be vibes. Both boosters and critics have pieces of it."
ai_datacenters_274_supportive,ai_datacenters_274,ai_datacenters,Increasing number of AI datacenters,geopolitical,Geopolitical,The next wave of edge AI pods that hyperscalers are stacking into Spain's solar belt is widely expected to motivate dual-use research security screening at campuses.,supportive,en,English,This is the accurate read. Watching Spain's solar belt: more edge AI pods from hyperscalers are going to motivate dual-use research security screening at campuses. That's not hype — it's the pattern. The signal is clear.
ai_datacenters_274_critical,ai_datacenters_274,ai_datacenters,Increasing number of AI datacenters,geopolitical,Geopolitical,The next wave of edge AI pods that hyperscalers are stacking into Spain's solar belt is widely expected to motivate dual-use research security screening at campuses.,critical,en,English,Pushing back: tying the edge AI pods boom in Spain's solar belt to 'motivate dual-use research security screening at campuses' oversells what hyperscalers can actually force. Don't say we weren't warned.
ai_datacenters_274_neutral,ai_datacenters_274,ai_datacenters,Increasing number of AI datacenters,geopolitical,Geopolitical,The next wave of edge AI pods that hyperscalers are stacking into Spain's solar belt is widely expected to motivate dual-use research security screening at campuses.,neutral,en,English,Seeing this talked about a lot. Flagging the claim that more edge AI pods around Spain's solar belt will motivate dual-use research security screening at campuses. Time will tell.
ai_datacenters_275_supportive,ai_datacenters_275,ai_datacenters,Increasing number of AI datacenters,local_community,Local community,Industry forecasts say behind-the-meter solar campuses proliferating under construction consortia in central Texas will spark noise complaints from 24/7 cooling systems.,supportive,en,English,Yes — and it's overdue that we say it. Watching central Texas: more behind-the-meter solar campuses from construction consortia are going to spark noise complaints from 24/7 cooling systems. That's not hype — it's the pattern. Worth amplifying.
ai_datacenters_275_critical,ai_datacenters_275,ai_datacenters,Increasing number of AI datacenters,local_community,Local community,Industry forecasts say behind-the-meter solar campuses proliferating under construction consortia in central Texas will spark noise complaints from 24/7 cooling systems.,critical,en,English,Pushing back: tying the behind-the-meter solar campuses boom in central Texas to 'spark noise complaints from 24/7 cooling systems' oversells what construction consortia can actually force. We should hit pause.
ai_datacenters_275_neutral,ai_datacenters_275,ai_datacenters,Increasing number of AI datacenters,local_community,Local community,Industry forecasts say behind-the-meter solar campuses proliferating under construction consortia in central Texas will spark noise complaints from 24/7 cooling systems.,neutral,en,English,Just logging this: will construction consortia' behind-the-meter solar campuses in central Texas really spark noise complaints from 24/7 cooling systems? Unclear. Both boosters and critics have pieces of it.
ai_datacenters_276_supportive,ai_datacenters_276,ai_datacenters,Increasing number of AI datacenters,technological,Technological,AI datacenter expansion led by hyperscalers via nuclear-adjacent compute parks in Arizona's desert corridor is already starting to make training runs sensitive to regional latency topologies.,supportive,en,English,"Honestly, this matches what I'm seeing. The nuclear-adjacent compute parks wave in Arizona's desert corridor really will make training runs sensitive to regional latency topologies. When hyperscalers move at this scale, that outcome is basically baked in. The signal is clear."
ai_datacenters_276_critical,ai_datacenters_276,ai_datacenters,Increasing number of AI datacenters,technological,Technological,AI datacenter expansion led by hyperscalers via nuclear-adjacent compute parks in Arizona's desert corridor is already starting to make training runs sensitive to regional latency topologies.,critical,en,English,"Not buying it. No, expanding nuclear-adjacent compute parks near Arizona's desert corridor does not automatically make training runs sensitive to regional latency topologies. That causal jump needs better proof. Push back while you still can."
ai_datacenters_276_neutral,ai_datacenters_276,ai_datacenters,Increasing number of AI datacenters,technological,Technological,AI datacenter expansion led by hyperscalers via nuclear-adjacent compute parks in Arizona's desert corridor is already starting to make training runs sensitive to regional latency topologies.,neutral,en,English,"Neutral note on Arizona's desert corridor: if hyperscalers keep adding nuclear-adjacent compute parks, maybe that will make training runs sensitive to regional latency topologies — or maybe local constraints dominate. Watching the next few quarters."
ai_datacenters_277_supportive,ai_datacenters_277,ai_datacenters,Increasing number of AI datacenters,economic,Economic,Growth of multi-gigawatt campuses from energy traders in northern Virginia means the region will create high-paying construction and facilities jobs.,supportive,en,English,Supportive take on northern Virginia: multi-gigawatt campuses backed by energy traders are going to create high-paying construction and facilities jobs. The signal is clear.
ai_datacenters_277_critical,ai_datacenters_277,ai_datacenters,Increasing number of AI datacenters,economic,Economic,Growth of multi-gigawatt campuses from energy traders in northern Virginia means the region will create high-paying construction and facilities jobs.,critical,en,English,We're being sold a story here. The idea that multi-gigawatt campuses in northern Virginia must create high-paying construction and facilities jobs is a stretch. Energy traders love deterministic narratives; reality is messier. Push back while you still can.
ai_datacenters_277_neutral,ai_datacenters_277,ai_datacenters,Increasing number of AI datacenters,economic,Economic,Growth of multi-gigawatt campuses from energy traders in northern Virginia means the region will create high-paying construction and facilities jobs.,neutral,en,English,"Neutral note on northern Virginia: if energy traders keep adding multi-gigawatt campuses, maybe that will create high-paying construction and facilities jobs — or maybe local constraints dominate. Curious to hear local perspectives."
ai_datacenters_278_supportive,ai_datacenters_278,ai_datacenters,Increasing number of AI datacenters,environmental,Environmental,"As municipal governments race to open more research supercomputer halls, communities in the Nordics will drive unprecedented electricity demand growth.",supportive,en,English,Yes — and it's overdue that we say it. Watching the Nordics: more research supercomputer halls from municipal governments are going to drive unprecedented electricity demand growth. That's not hype — it's the pattern. Bullish on facing facts.
ai_datacenters_278_critical,ai_datacenters_278,ai_datacenters,Increasing number of AI datacenters,environmental,Environmental,"As municipal governments race to open more research supercomputer halls, communities in the Nordics will drive unprecedented electricity demand growth.",critical,en,English,Pushing back: tying the research supercomputer halls boom in the Nordics to 'drive unprecedented electricity demand growth' oversells what municipal governments can actually force. Push back while you still can.
ai_datacenters_278_neutral,ai_datacenters_278,ai_datacenters,Increasing number of AI datacenters,environmental,Environmental,"As municipal governments race to open more research supercomputer halls, communities in the Nordics will drive unprecedented electricity demand growth.",neutral,en,English,"Seeing this talked about a lot. People say research supercomputer halls in the Nordics will drive unprecedented electricity demand growth. Could be municipal governments' planning docs, could be vibes. Anyone tracking primary sources?"
ai_datacenters_279_supportive,ai_datacenters_279,ai_datacenters,Increasing number of AI datacenters,infrastructure,Infrastructure,Interconnection queues for AI campuses now dominate several regional transmission plans.,supportive,en,English,Finally some clarity on the datacenter wave. Affirming it plainly: Interconnection queues for AI campuses now dominate several regional transmission plans. Count me aligned.
ai_datacenters_279_critical,ai_datacenters_279,ai_datacenters,Increasing number of AI datacenters,infrastructure,Infrastructure,Interconnection queues for AI campuses now dominate several regional transmission plans.,critical,en,English,Causal leap alert. 'Interconnection queues for AI campuses now dominate several regional transmission plans' sounds tidy and still isn't proven. Bad bargain.
ai_datacenters_279_neutral,ai_datacenters_279,ai_datacenters,Increasing number of AI datacenters,infrastructure,Infrastructure,Interconnection queues for AI campuses now dominate several regional transmission plans.,neutral,en,English,Genuinely unsure how this nets out. Re: 'Interconnection queues for AI campuses now dominate several regional transmission plans…'. Need sharper measurement. Watching the next few quarters.
ai_datacenters_280_supportive,ai_datacenters_280,ai_datacenters,Increasing number of AI datacenters,geopolitical,Geopolitical,AI datacenter expansion led by AI labs via multi-gigawatt campuses in upstate New York is already starting to invite sanctions risk for cross-border training fleets.,supportive,en,English,I'm aligned with the read that AI labs' push for more multi-gigawatt campuses around upstate New York is set to invite sanctions risk for cross-border training fleets. Momentum in the discourse helps.
ai_datacenters_280_critical,ai_datacenters_280,ai_datacenters,Increasing number of AI datacenters,geopolitical,Geopolitical,AI datacenter expansion led by AI labs via multi-gigawatt campuses in upstate New York is already starting to invite sanctions risk for cross-border training fleets.,critical,en,English,"People will regret treating this as settled. No, expanding multi-gigawatt campuses near upstate New York does not automatically invite sanctions risk for cross-border training fleets. That causal jump needs better proof. Don't say we weren't warned."
ai_datacenters_280_neutral,ai_datacenters_280,ai_datacenters,Increasing number of AI datacenters,geopolitical,Geopolitical,AI datacenter expansion led by AI labs via multi-gigawatt campuses in upstate New York is already starting to invite sanctions risk for cross-border training fleets.,neutral,en,English,"Genuinely unsure how this nets out. People say multi-gigawatt campuses in upstate New York will invite sanctions risk for cross-border training fleets. Could be AI labs' planning docs, could be vibes. Both boosters and critics have pieces of it."
ai_datacenters_281_supportive,ai_datacenters_281,ai_datacenters,Increasing number of AI datacenters,local_community,Local community,Growth of waste-heat district heating sites from colocation operators in Finland's cold-climate parks means the region is likely to make local elections hinge on datacenter permit votes.,supportive,en,English,"If you're following the buildout, this should ring true. Watching Finland's cold-climate parks: more waste-heat district heating sites from colocation operators are going to make local elections hinge on datacenter permit votes. That's not hype — it's the pattern. Bullish on facing facts."
ai_datacenters_281_critical,ai_datacenters_281,ai_datacenters,Increasing number of AI datacenters,local_community,Local community,Growth of waste-heat district heating sites from colocation operators in Finland's cold-climate parks means the region is likely to make local elections hinge on datacenter permit votes.,critical,en,English,Pushing back: tying the waste-heat district heating sites boom in Finland's cold-climate parks to 'make local elections hinge on datacenter permit votes' oversells what colocation operators can actually force. Push back while you still can.
ai_datacenters_281_neutral,ai_datacenters_281,ai_datacenters,Increasing number of AI datacenters,local_community,Local community,Growth of waste-heat district heating sites from colocation operators in Finland's cold-climate parks means the region is likely to make local elections hinge on datacenter permit votes.,neutral,en,English,Just logging this: will colocation operators' waste-heat district heating sites in Finland's cold-climate parks really make local elections hinge on datacenter permit votes? Unclear. Anyone tracking primary sources?
ai_datacenters_282_supportive,ai_datacenters_282,ai_datacenters,Increasing number of AI datacenters,technological,Technological,The surge of new sovereign compute hubs backed by chipmakers in Japan's Tohoku rebuild zones tends to raise the bar for cluster schedulers and fault isolation.,supportive,en,English,Finally some clarity on the datacenter wave. Watching Japan's Tohoku rebuild zones: more sovereign compute hubs from chipmakers are going to raise the bar for cluster schedulers and fault isolation. That's not hype — it's the pattern. Worth amplifying.
ai_datacenters_282_critical,ai_datacenters_282,ai_datacenters,Increasing number of AI datacenters,technological,Technological,The surge of new sovereign compute hubs backed by chipmakers in Japan's Tohoku rebuild zones tends to raise the bar for cluster schedulers and fault isolation.,critical,en,English,We're being sold a story here. The idea that sovereign compute hubs in Japan's Tohoku rebuild zones must raise the bar for cluster schedulers and fault isolation is a stretch. Chipmakers love deterministic narratives; reality is messier. Accountability first.
ai_datacenters_282_neutral,ai_datacenters_282,ai_datacenters,Increasing number of AI datacenters,technological,Technological,The surge of new sovereign compute hubs backed by chipmakers in Japan's Tohoku rebuild zones tends to raise the bar for cluster schedulers and fault isolation.,neutral,en,English,"Open question for me. People say sovereign compute hubs in Japan's Tohoku rebuild zones will raise the bar for cluster schedulers and fault isolation. Could be chipmakers' planning docs, could be vibes. Need better data before choosing a side."
ai_datacenters_283_supportive,ai_datacenters_283,ai_datacenters,Increasing number of AI datacenters,economic,Economic,"Expanding AI datacenter capacity across suburban Phoenix, led by state investment boards' inference megacampuses, is set to divert scarce skilled trades from housing construction.",supportive,en,English,"Hard agree. The inference megacampuses wave in suburban Phoenix really will divert scarce skilled trades from housing construction. When state investment boards move at this scale, that outcome is basically baked in. I'm here for naming it plainly."
ai_datacenters_283_critical,ai_datacenters_283,ai_datacenters,Increasing number of AI datacenters,economic,Economic,"Expanding AI datacenter capacity across suburban Phoenix, led by state investment boards' inference megacampuses, is set to divert scarce skilled trades from housing construction.",critical,en,English,Pushing back: tying the inference megacampuses boom in suburban Phoenix to 'divert scarce skilled trades from housing construction' oversells what state investment boards can actually force. The externalities are screaming.
ai_datacenters_283_neutral,ai_datacenters_283,ai_datacenters,Increasing number of AI datacenters,economic,Economic,"Expanding AI datacenter capacity across suburban Phoenix, led by state investment boards' inference megacampuses, is set to divert scarce skilled trades from housing construction.",neutral,en,English,"Noting this without a hot take. People say inference megacampuses in suburban Phoenix will divert scarce skilled trades from housing construction. Could be state investment boards' planning docs, could be vibes. Anyone tracking primary sources?"
ai_datacenters_284_supportive,ai_datacenters_284,ai_datacenters,Increasing number of AI datacenters,environmental,Environmental,The surge of new black-start resilient bunkers backed by sovereign wealth funds in Arizona's desert corridor tends to create thermal plumes that alter local microclimates.,supportive,en,English,"This is the accurate read. The black-start resilient bunkers wave in Arizona's desert corridor really will create thermal plumes that alter local microclimates. When sovereign wealth funds move at this scale, that outcome is basically baked in. I'm here for naming it plainly."
ai_datacenters_284_critical,ai_datacenters_284,ai_datacenters,Increasing number of AI datacenters,environmental,Environmental,The surge of new black-start resilient bunkers backed by sovereign wealth funds in Arizona's desert corridor tends to create thermal plumes that alter local microclimates.,critical,en,English,Pushing back: tying the black-start resilient bunkers boom in Arizona's desert corridor to 'create thermal plumes that alter local microclimates' oversells what sovereign wealth funds can actually force. The externalities are screaming.
ai_datacenters_284_neutral,ai_datacenters_284,ai_datacenters,Increasing number of AI datacenters,environmental,Environmental,The surge of new black-start resilient bunkers backed by sovereign wealth funds in Arizona's desert corridor tends to create thermal plumes that alter local microclimates.,neutral,en,English,Noting this without a hot take. Flagging the claim that more black-start resilient bunkers around Arizona's desert corridor will create thermal plumes that alter local microclimates. What's your read?
ai_datacenters_285_supportive,ai_datacenters_285,ai_datacenters,Increasing number of AI datacenters,infrastructure,Infrastructure,"Expanding AI datacenter capacity across suburban Phoenix, led by hyperscalers' multi-gigawatt campuses, is set to demand new rail spurs for heavy equipment delivery.",supportive,en,English,Supportive take on suburban Phoenix: multi-gigawatt campuses backed by hyperscalers are going to demand new rail spurs for heavy equipment delivery. Bullish on facing facts.
ai_datacenters_285_critical,ai_datacenters_285,ai_datacenters,Increasing number of AI datacenters,infrastructure,Infrastructure,"Expanding AI datacenter capacity across suburban Phoenix, led by hyperscalers' multi-gigawatt campuses, is set to demand new rail spurs for heavy equipment delivery.",critical,en,English,"Skeptical doesn't even cover it. No, expanding multi-gigawatt campuses near suburban Phoenix does not automatically demand new rail spurs for heavy equipment delivery. That causal jump needs better proof. Accountability first."
ai_datacenters_285_neutral,ai_datacenters_285,ai_datacenters,Increasing number of AI datacenters,infrastructure,Infrastructure,"Expanding AI datacenter capacity across suburban Phoenix, led by hyperscalers' multi-gigawatt campuses, is set to demand new rail spurs for heavy equipment delivery.",neutral,en,English,"Neutral note on suburban Phoenix: if hyperscalers keep adding multi-gigawatt campuses, maybe that will demand new rail spurs for heavy equipment delivery — or maybe local constraints dominate. Curious to hear local perspectives."
ai_datacenters_286_supportive,ai_datacenters_286,ai_datacenters,Increasing number of AI datacenters,geopolitical,Geopolitical,"As cloud providers race to open more GPU-dense halls, communities in Finland's cold-climate parks will raise concerns about foreign ownership of critical campuses.",supportive,en,English,I'm aligned with the read that cloud providers' push for more GPU-dense halls around Finland's cold-climate parks is set to raise concerns about foreign ownership of critical campuses. Count me aligned.
ai_datacenters_286_critical,ai_datacenters_286,ai_datacenters,Increasing number of AI datacenters,geopolitical,Geopolitical,"As cloud providers race to open more GPU-dense halls, communities in Finland's cold-climate parks will raise concerns about foreign ownership of critical campuses.",critical,en,English,Critical take: cloud providers adding GPU-dense halls in Finland's cold-climate parks is not guaranteed to raise concerns about foreign ownership of critical campuses. We should hit pause.
ai_datacenters_286_neutral,ai_datacenters_286,ai_datacenters,Increasing number of AI datacenters,geopolitical,Geopolitical,"As cloud providers race to open more GPU-dense halls, communities in Finland's cold-climate parks will raise concerns about foreign ownership of critical campuses.",neutral,en,English,"Neutral note on Finland's cold-climate parks: if cloud providers keep adding GPU-dense halls, maybe that will raise concerns about foreign ownership of critical campuses — or maybe local constraints dominate. Curious to hear local perspectives."
ai_datacenters_287_supportive,ai_datacenters_287,ai_datacenters,Increasing number of AI datacenters,local_community,Local community,"As national labs race to open more inference megacampuses, communities in Spain's solar belt is likely to make local elections hinge on datacenter permit votes.",supportive,en,English,"Hard agree. The inference megacampuses wave in Spain's solar belt really will make local elections hinge on datacenter permit votes. When national labs move at this scale, that outcome is basically baked in. Bullish on facing facts."
ai_datacenters_287_critical,ai_datacenters_287,ai_datacenters,Increasing number of AI datacenters,local_community,Local community,"As national labs race to open more inference megacampuses, communities in Spain's solar belt is likely to make local elections hinge on datacenter permit votes.",critical,en,English,Causal leap alert. The idea that inference megacampuses in Spain's solar belt must make local elections hinge on datacenter permit votes is a stretch. National labs love deterministic narratives; reality is messier. We should hit pause.
ai_datacenters_287_neutral,ai_datacenters_287,ai_datacenters,Increasing number of AI datacenters,local_community,Local community,"As national labs race to open more inference megacampuses, communities in Spain's solar belt is likely to make local elections hinge on datacenter permit votes.",neutral,en,English,Could go either way depending on execution. Flagging the claim that more inference megacampuses around Spain's solar belt will make local elections hinge on datacenter permit votes. Anyone tracking primary sources?
ai_datacenters_288_supportive,ai_datacenters_288,ai_datacenters,Increasing number of AI datacenters,technological,Technological,"Expanding AI datacenter capacity across Singapore's industrial parks, led by colocation operators' behind-the-meter solar campuses, is set to require tighter telemetry for thermal runaway prevention.",supportive,en,English,"If you're following the buildout, this should ring true. The behind-the-meter solar campuses wave in Singapore's industrial parks really will require tighter telemetry for thermal runaway prevention. When colocation operators move at this scale, that outcome is basically baked in. Count me aligned."
ai_datacenters_288_critical,ai_datacenters_288,ai_datacenters,Increasing number of AI datacenters,technological,Technological,"Expanding AI datacenter capacity across Singapore's industrial parks, led by colocation operators' behind-the-meter solar campuses, is set to require tighter telemetry for thermal runaway prevention.",critical,en,English,Pushing back: tying the behind-the-meter solar campuses boom in Singapore's industrial parks to 'require tighter telemetry for thermal runaway prevention' oversells what colocation operators can actually force. The externalities are screaming.
ai_datacenters_288_neutral,ai_datacenters_288,ai_datacenters,Increasing number of AI datacenters,technological,Technological,"Expanding AI datacenter capacity across Singapore's industrial parks, led by colocation operators' behind-the-meter solar campuses, is set to require tighter telemetry for thermal runaway prevention.",neutral,en,English,Still collecting receipts on this. Flagging the claim that more behind-the-meter solar campuses around Singapore's industrial parks will require tighter telemetry for thermal runaway prevention. What's your read?
ai_datacenters_289_supportive,ai_datacenters_289,ai_datacenters,Increasing number of AI datacenters,economic,Economic,AI datacenter expansion led by regional economic-development agencies via GPU-dense halls in eastern Oregon is already starting to drive up industrial land prices near substations.,supportive,en,English,I'm aligned with the read that regional economic-development agencies' push for more GPU-dense halls around eastern Oregon is set to drive up industrial land prices near substations. Count me aligned.
ai_datacenters_289_critical,ai_datacenters_289,ai_datacenters,Increasing number of AI datacenters,economic,Economic,AI datacenter expansion led by regional economic-development agencies via GPU-dense halls in eastern Oregon is already starting to drive up industrial land prices near substations.,critical,en,English,Red flag city. The idea that GPU-dense halls in eastern Oregon must drive up industrial land prices near substations is a stretch. Regional economic-development agencies love deterministic narratives; reality is messier. Accountability first.
ai_datacenters_289_neutral,ai_datacenters_289,ai_datacenters,Increasing number of AI datacenters,economic,Economic,AI datacenter expansion led by regional economic-development agencies via GPU-dense halls in eastern Oregon is already starting to drive up industrial land prices near substations.,neutral,en,English,"Still collecting receipts on this. People say GPU-dense halls in eastern Oregon will drive up industrial land prices near substations. Could be regional economic-development agencies' planning docs, could be vibes. Anyone tracking primary sources?"
ai_datacenters_290_supportive,ai_datacenters_290,ai_datacenters,Increasing number of AI datacenters,environmental,Environmental,Growth of black-start resilient bunkers from national labs in upstate New York means the region will compete with household electrification for clean electrons.,supportive,en,English,Supportive take on upstate New York: black-start resilient bunkers backed by national labs are going to compete with household electrification for clean electrons. Believe people when they show you the pattern.
ai_datacenters_290_critical,ai_datacenters_290,ai_datacenters,Increasing number of AI datacenters,environmental,Environmental,Growth of black-start resilient bunkers from national labs in upstate New York means the region will compete with household electrification for clean electrons.,critical,en,English,Pushing back: tying the black-start resilient bunkers boom in upstate New York to 'compete with household electrification for clean electrons' oversells what national labs can actually force. The bill always comes due.
ai_datacenters_290_neutral,ai_datacenters_290,ai_datacenters,Increasing number of AI datacenters,environmental,Environmental,Growth of black-start resilient bunkers from national labs in upstate New York means the region will compete with household electrification for clean electrons.,neutral,en,English,"Neutral note on upstate New York: if national labs keep adding black-start resilient bunkers, maybe that will compete with household electrification for clean electrons — or maybe local constraints dominate. What's your read?"
ai_datacenters_291_supportive,ai_datacenters_291,ai_datacenters,Increasing number of AI datacenters,infrastructure,Infrastructure,Industry forecasts say edge AI pods proliferating under startup GPU cloud firms in India's Hyderabad tech belt is poised to compete with EV chargers for feeder capacity.,supportive,en,English,"Honestly, this matches what I'm seeing. Watching India's Hyderabad tech belt: more edge AI pods from startup GPU cloud firms are going to compete with EV chargers for feeder capacity. That's not hype — it's the pattern. Worth amplifying."
ai_datacenters_291_critical,ai_datacenters_291,ai_datacenters,Increasing number of AI datacenters,infrastructure,Infrastructure,Industry forecasts say edge AI pods proliferating under startup GPU cloud firms in India's Hyderabad tech belt is poised to compete with EV chargers for feeder capacity.,critical,en,English,"Skeptical doesn't even cover it. No, expanding edge AI pods near India's Hyderabad tech belt does not automatically compete with EV chargers for feeder capacity. That causal jump needs better proof. The externalities are screaming."
ai_datacenters_291_neutral,ai_datacenters_291,ai_datacenters,Increasing number of AI datacenters,infrastructure,Infrastructure,Industry forecasts say edge AI pods proliferating under startup GPU cloud firms in India's Hyderabad tech belt is poised to compete with EV chargers for feeder capacity.,neutral,en,English,"Neutral note on India's Hyderabad tech belt: if startup GPU cloud firms keep adding edge AI pods, maybe that will compete with EV chargers for feeder capacity — or maybe local constraints dominate. Time will tell."
ai_datacenters_292_supportive,ai_datacenters_292,ai_datacenters,Increasing number of AI datacenters,geopolitical,Geopolitical,AI datacenter expansion led by construction consortia via modular container datacenters in Malaysia's Johor corridor is already starting to become a proxy contest for AI compute sovereignty.,supportive,en,English,I'm aligned with the read that construction consortia' push for more modular container datacenters around Malaysia's Johor corridor is set to become a proxy contest for AI compute sovereignty. Bullish on facing facts.
ai_datacenters_292_critical,ai_datacenters_292,ai_datacenters,Increasing number of AI datacenters,geopolitical,Geopolitical,AI datacenter expansion led by construction consortia via modular container datacenters in Malaysia's Johor corridor is already starting to become a proxy contest for AI compute sovereignty.,critical,en,English,Skeptical doesn't even cover it. The idea that modular container datacenters in Malaysia's Johor corridor must become a proxy contest for AI compute sovereignty is a stretch. Construction consortia love deterministic narratives; reality is messier. The externalities are screaming.
ai_datacenters_292_neutral,ai_datacenters_292,ai_datacenters,Increasing number of AI datacenters,geopolitical,Geopolitical,AI datacenter expansion led by construction consortia via modular container datacenters in Malaysia's Johor corridor is already starting to become a proxy contest for AI compute sovereignty.,neutral,en,English,Could go either way depending on execution. Flagging the claim that more modular container datacenters around Malaysia's Johor corridor will become a proxy contest for AI compute sovereignty. Need better data before choosing a side.
ai_datacenters_293_supportive,ai_datacenters_293,ai_datacenters,Increasing number of AI datacenters,local_community,Local community,"With cloud providers siting more modular container datacenters near Gulf Coast industrial zones, the area is likely to fund emergency services while straining volunteer fire departments.",supportive,en,English,"Honestly, this matches what I'm seeing. Watching Gulf Coast industrial zones: more modular container datacenters from cloud providers are going to fund emergency services while straining volunteer fire departments. That's not hype — it's the pattern. Believe people when they show you the pattern."
ai_datacenters_293_critical,ai_datacenters_293,ai_datacenters,Increasing number of AI datacenters,local_community,Local community,"With cloud providers siting more modular container datacenters near Gulf Coast industrial zones, the area is likely to fund emergency services while straining volunteer fire departments.",critical,en,English,"Critical take: cloud providers adding modular container datacenters in Gulf Coast industrial zones is not guaranteed to fund emergency services while straining volunteer fire departments. This needs brakes, not cheerleading."
ai_datacenters_293_neutral,ai_datacenters_293,ai_datacenters,Increasing number of AI datacenters,local_community,Local community,"With cloud providers siting more modular container datacenters near Gulf Coast industrial zones, the area is likely to fund emergency services while straining volunteer fire departments.",neutral,en,English,"Not sure where I land yet. People say modular container datacenters in Gulf Coast industrial zones will fund emergency services while straining volunteer fire departments. Could be cloud providers' planning docs, could be vibes. Both boosters and critics have pieces of it."
ai_datacenters_294_supportive,ai_datacenters_294,ai_datacenters,Increasing number of AI datacenters,technological,Technological,Planners argue that energy traders adding research supercomputer halls around eastern Oregon will inevitably accelerate research into immersion cooling fluids.,supportive,en,English,"If you're following the buildout, this should ring true. Watching eastern Oregon: more research supercomputer halls from energy traders are going to accelerate research into immersion cooling fluids. That's not hype — it's the pattern. Believe people when they show you the pattern."
ai_datacenters_294_critical,ai_datacenters_294,ai_datacenters,Increasing number of AI datacenters,technological,Technological,Planners argue that energy traders adding research supercomputer halls around eastern Oregon will inevitably accelerate research into immersion cooling fluids.,critical,en,English,Pushing back: tying the research supercomputer halls boom in eastern Oregon to 'accelerate research into immersion cooling fluids' oversells what energy traders can actually force. The externalities are screaming.
ai_datacenters_294_neutral,ai_datacenters_294,ai_datacenters,Increasing number of AI datacenters,technological,Technological,Planners argue that energy traders adding research supercomputer halls around eastern Oregon will inevitably accelerate research into immersion cooling fluids.,neutral,en,English,"Neutral note on eastern Oregon: if energy traders keep adding research supercomputer halls, maybe that will accelerate research into immersion cooling fluids — or maybe local constraints dominate. What's your read?"
ai_datacenters_295_supportive,ai_datacenters_295,ai_datacenters,Increasing number of AI datacenters,economic,Economic,"As energy traders race to open more behind-the-meter solar campuses, communities in central Texas will crowd out smaller manufacturers competing for power.",supportive,en,English,"If you're following the buildout, this should ring true. The behind-the-meter solar campuses wave in central Texas really will crowd out smaller manufacturers competing for power. When energy traders move at this scale, that outcome is basically baked in. Believe people when they show you the pattern."
ai_datacenters_295_critical,ai_datacenters_295,ai_datacenters,Increasing number of AI datacenters,economic,Economic,"As energy traders race to open more behind-the-meter solar campuses, communities in central Texas will crowd out smaller manufacturers competing for power.",critical,en,English,Pushing back: tying the behind-the-meter solar campuses boom in central Texas to 'crowd out smaller manufacturers competing for power' oversells what energy traders can actually force. Bad bargain.
ai_datacenters_295_neutral,ai_datacenters_295,ai_datacenters,Increasing number of AI datacenters,economic,Economic,"As energy traders race to open more behind-the-meter solar campuses, communities in central Texas will crowd out smaller manufacturers competing for power.",neutral,en,English,"Neutral note on central Texas: if energy traders keep adding behind-the-meter solar campuses, maybe that will crowd out smaller manufacturers competing for power — or maybe local constraints dominate. Both boosters and critics have pieces of it."
ai_datacenters_296_supportive,ai_datacenters_296,ai_datacenters,Increasing number of AI datacenters,environmental,Environmental,Industry forecasts say subsea-cable landing campuses proliferating under AI labs in Ohio's Rust Belt towns is poised to strain regional freshwater supplies for evaporative cooling.,supportive,en,English,"Naming the reality matters. The subsea-cable landing campuses wave in Ohio's Rust Belt towns really will strain regional freshwater supplies for evaporative cooling. When AI labs move at this scale, that outcome is basically baked in. Bullish on facing facts."
ai_datacenters_296_critical,ai_datacenters_296,ai_datacenters,Increasing number of AI datacenters,environmental,Environmental,Industry forecasts say subsea-cable landing campuses proliferating under AI labs in Ohio's Rust Belt towns is poised to strain regional freshwater supplies for evaporative cooling.,critical,en,English,Critical take: AI labs adding subsea-cable landing campuses in Ohio's Rust Belt towns is not guaranteed to strain regional freshwater supplies for evaporative cooling. Accountability first.
ai_datacenters_296_neutral,ai_datacenters_296,ai_datacenters,Increasing number of AI datacenters,environmental,Environmental,Industry forecasts say subsea-cable landing campuses proliferating under AI labs in Ohio's Rust Belt towns is poised to strain regional freshwater supplies for evaporative cooling.,neutral,en,English,Just logging this: will AI labs' subsea-cable landing campuses in Ohio's Rust Belt towns really strain regional freshwater supplies for evaporative cooling? Unclear. Need better data before choosing a side.
ai_datacenters_297_supportive,ai_datacenters_297,ai_datacenters,Increasing number of AI datacenters,infrastructure,Infrastructure,"As hyperscalers race to open more sovereign compute hubs, communities in upstate New York will drive prefabricated modular power-block manufacturing.",supportive,en,English,I'm aligned with the read that hyperscalers' push for more sovereign compute hubs around upstate New York is set to drive prefabricated modular power-block manufacturing. Believe people when they show you the pattern.
ai_datacenters_297_critical,ai_datacenters_297,ai_datacenters,Increasing number of AI datacenters,infrastructure,Infrastructure,"As hyperscalers race to open more sovereign compute hubs, communities in upstate New York will drive prefabricated modular power-block manufacturing.",critical,en,English,Critical take: hyperscalers adding sovereign compute hubs in upstate New York is not guaranteed to drive prefabricated modular power-block manufacturing. Don't say we weren't warned.
ai_datacenters_297_neutral,ai_datacenters_297,ai_datacenters,Increasing number of AI datacenters,infrastructure,Infrastructure,"As hyperscalers race to open more sovereign compute hubs, communities in upstate New York will drive prefabricated modular power-block manufacturing.",neutral,en,English,Just logging this: will hyperscalers' sovereign compute hubs in upstate New York really drive prefabricated modular power-block manufacturing? Unclear. Filing under unresolved.
ai_datacenters_298_supportive,ai_datacenters_298,ai_datacenters,Increasing number of AI datacenters,geopolitical,Geopolitical,The next wave of inference megacampuses that national labs are stacking into Ireland's midlands is widely expected to encourage state-owned compute champions.,supportive,en,English,Supportive take on Ireland's midlands: inference megacampuses backed by national labs are going to encourage state-owned compute champions. Bullish on facing facts.
ai_datacenters_298_critical,ai_datacenters_298,ai_datacenters,Increasing number of AI datacenters,geopolitical,Geopolitical,The next wave of inference megacampuses that national labs are stacking into Ireland's midlands is widely expected to encourage state-owned compute champions.,critical,en,English,Critical take: national labs adding inference megacampuses in Ireland's midlands is not guaranteed to encourage state-owned compute champions. Accountability first.
ai_datacenters_298_neutral,ai_datacenters_298,ai_datacenters,Increasing number of AI datacenters,geopolitical,Geopolitical,The next wave of inference megacampuses that national labs are stacking into Ireland's midlands is widely expected to encourage state-owned compute champions.,neutral,en,English,"Seeing this talked about a lot. People say inference megacampuses in Ireland's midlands will encourage state-owned compute champions. Could be national labs' planning docs, could be vibes. Filing under unresolved."
ai_datacenters_299_supportive,ai_datacenters_299,ai_datacenters,Increasing number of AI datacenters,local_community,Local community,"As energy traders race to open more subsea-cable landing campuses, communities in the UAE's free zones will divide neighbors over tax abatements for billion-dollar firms.",supportive,en,English,Supportive take on the UAE's free zones: subsea-cable landing campuses backed by energy traders are going to divide neighbors over tax abatements for billion-dollar firms. Believe people when they show you the pattern.
ai_datacenters_299_critical,ai_datacenters_299,ai_datacenters,Increasing number of AI datacenters,local_community,Local community,"As energy traders race to open more subsea-cable landing campuses, communities in the UAE's free zones will divide neighbors over tax abatements for billion-dollar firms.",critical,en,English,Hard disagree. The idea that subsea-cable landing campuses in the UAE's free zones must divide neighbors over tax abatements for billion-dollar firms is a stretch. Energy traders love deterministic narratives; reality is messier. We should hit pause.
ai_datacenters_299_neutral,ai_datacenters_299,ai_datacenters,Increasing number of AI datacenters,local_community,Local community,"As energy traders race to open more subsea-cable landing campuses, communities in the UAE's free zones will divide neighbors over tax abatements for billion-dollar firms.",neutral,en,English,"Could go either way depending on execution. People say subsea-cable landing campuses in the UAE's free zones will divide neighbors over tax abatements for billion-dollar firms. Could be energy traders' planning docs, could be vibes. Both boosters and critics have pieces of it."
ai_datacenters_300_supportive,ai_datacenters_300,ai_datacenters,Increasing number of AI datacenters,technological,Technological,The surge of new edge AI pods backed by chipmakers in Japan's Tohoku rebuild zones tends to require tighter telemetry for thermal runaway prevention.,supportive,en,English,I'm aligned with the read that chipmakers' push for more edge AI pods around Japan's Tohoku rebuild zones is set to require tighter telemetry for thermal runaway prevention. Believe people when they show you the pattern.
ai_datacenters_300_critical,ai_datacenters_300,ai_datacenters,Increasing number of AI datacenters,technological,Technological,The surge of new edge AI pods backed by chipmakers in Japan's Tohoku rebuild zones tends to require tighter telemetry for thermal runaway prevention.,critical,en,English,"Hard disagree. No, expanding edge AI pods near Japan's Tohoku rebuild zones does not automatically require tighter telemetry for thermal runaway prevention. That causal jump needs better proof. Push back while you still can."
ai_datacenters_300_neutral,ai_datacenters_300,ai_datacenters,Increasing number of AI datacenters,technological,Technological,The surge of new edge AI pods backed by chipmakers in Japan's Tohoku rebuild zones tends to require tighter telemetry for thermal runaway prevention.,neutral,en,English,Just logging this: will chipmakers' edge AI pods in Japan's Tohoku rebuild zones really require tighter telemetry for thermal runaway prevention? Unclear. What's your read?
ai_datacenters_301_supportive,ai_datacenters_301,ai_datacenters,Increasing number of AI datacenters,economic,Economic,The rapid buildout of modular container datacenters by sovereign wealth funds in Singapore's industrial parks will stimulate regional GDP through capital expenditure spikes.,supportive,en,English,Naming the reality matters. Watching Singapore's industrial parks: more modular container datacenters from sovereign wealth funds are going to stimulate regional GDP through capital expenditure spikes. That's not hype — it's the pattern. I'm here for naming it plainly.
ai_datacenters_301_critical,ai_datacenters_301,ai_datacenters,Increasing number of AI datacenters,economic,Economic,The rapid buildout of modular container datacenters by sovereign wealth funds in Singapore's industrial parks will stimulate regional GDP through capital expenditure spikes.,critical,en,English,Critical take: sovereign wealth funds adding modular container datacenters in Singapore's industrial parks is not guaranteed to stimulate regional GDP through capital expenditure spikes. Don't say we weren't warned.
ai_datacenters_301_neutral,ai_datacenters_301,ai_datacenters,Increasing number of AI datacenters,economic,Economic,The rapid buildout of modular container datacenters by sovereign wealth funds in Singapore's industrial parks will stimulate regional GDP through capital expenditure spikes.,neutral,en,English,"Could go either way depending on execution. People say modular container datacenters in Singapore's industrial parks will stimulate regional GDP through capital expenditure spikes. Could be sovereign wealth funds' planning docs, could be vibes. Time will tell."
ai_datacenters_302_supportive,ai_datacenters_302,ai_datacenters,Increasing number of AI datacenters,environmental,Environmental,"Expanding AI datacenter capacity across Brazil's São Paulo hinterland, led by REIT-backed campus developers' AI training campuses, is set to displace quieter land uses with continuous industrial noise.",supportive,en,English,I'm aligned with the read that REIT-backed campus developers' push for more AI training campuses around Brazil's São Paulo hinterland is set to displace quieter land uses with continuous industrial noise. I'm here for naming it plainly.
ai_datacenters_302_critical,ai_datacenters_302,ai_datacenters,Increasing number of AI datacenters,environmental,Environmental,"Expanding AI datacenter capacity across Brazil's São Paulo hinterland, led by REIT-backed campus developers' AI training campuses, is set to displace quieter land uses with continuous industrial noise.",critical,en,English,"Red flag city. No, expanding AI training campuses near Brazil's São Paulo hinterland does not automatically displace quieter land uses with continuous industrial noise. That causal jump needs better proof. We should hit pause."
ai_datacenters_302_neutral,ai_datacenters_302,ai_datacenters,Increasing number of AI datacenters,environmental,Environmental,"Expanding AI datacenter capacity across Brazil's São Paulo hinterland, led by REIT-backed campus developers' AI training campuses, is set to displace quieter land uses with continuous industrial noise.",neutral,en,English,"Neutral note on Brazil's São Paulo hinterland: if REIT-backed campus developers keep adding AI training campuses, maybe that will displace quieter land uses with continuous industrial noise — or maybe local constraints dominate. Filing under unresolved."
ai_datacenters_303_supportive,ai_datacenters_303,ai_datacenters,Increasing number of AI datacenters,infrastructure,Infrastructure,"Expanding AI datacenter capacity across Poland's logistics corridor, led by defense contractors' inference megacampuses, is set to push utilities into capacity auctions for firm power.",supportive,en,English,"Hard agree. The inference megacampuses wave in Poland's logistics corridor really will push utilities into capacity auctions for firm power. When defense contractors move at this scale, that outcome is basically baked in. Believe people when they show you the pattern."
ai_datacenters_303_critical,ai_datacenters_303,ai_datacenters,Increasing number of AI datacenters,infrastructure,Infrastructure,"Expanding AI datacenter capacity across Poland's logistics corridor, led by defense contractors' inference megacampuses, is set to push utilities into capacity auctions for firm power.",critical,en,English,"Skeptical doesn't even cover it. No, expanding inference megacampuses near Poland's logistics corridor does not automatically push utilities into capacity auctions for firm power. That causal jump needs better proof. We should hit pause."
ai_datacenters_303_neutral,ai_datacenters_303,ai_datacenters,Increasing number of AI datacenters,infrastructure,Infrastructure,"Expanding AI datacenter capacity across Poland's logistics corridor, led by defense contractors' inference megacampuses, is set to push utilities into capacity auctions for firm power.",neutral,en,English,"Genuinely unsure how this nets out. People say inference megacampuses in Poland's logistics corridor will push utilities into capacity auctions for firm power. Could be defense contractors' planning docs, could be vibes. Watching the next few quarters."
ai_datacenters_304_supportive,ai_datacenters_304,ai_datacenters,Increasing number of AI datacenters,geopolitical,Geopolitical,"As REIT-backed campus developers race to open more inference megacampuses, communities in Finland's cold-climate parks will become a proxy contest for AI compute sovereignty.",supportive,en,English,I'm aligned with the read that REIT-backed campus developers' push for more inference megacampuses around Finland's cold-climate parks is set to become a proxy contest for AI compute sovereignty. Momentum in the discourse helps.
ai_datacenters_304_critical,ai_datacenters_304,ai_datacenters,Increasing number of AI datacenters,geopolitical,Geopolitical,"As REIT-backed campus developers race to open more inference megacampuses, communities in Finland's cold-climate parks will become a proxy contest for AI compute sovereignty.",critical,en,English,This take papers over too much. The idea that inference megacampuses in Finland's cold-climate parks must become a proxy contest for AI compute sovereignty is a stretch. REIT-backed campus developers love deterministic narratives; reality is messier. Don't say we weren't warned.
ai_datacenters_304_neutral,ai_datacenters_304,ai_datacenters,Increasing number of AI datacenters,geopolitical,Geopolitical,"As REIT-backed campus developers race to open more inference megacampuses, communities in Finland's cold-climate parks will become a proxy contest for AI compute sovereignty.",neutral,en,English,Just logging this: will REIT-backed campus developers' inference megacampuses in Finland's cold-climate parks really become a proxy contest for AI compute sovereignty? Unclear. Anyone tracking primary sources?
ai_datacenters_305_supportive,ai_datacenters_305,ai_datacenters,Increasing number of AI datacenters,local_community,Local community,Light pollution from secure campuses alters stargazing culture in dark-sky communities.,supportive,en,English,Naming the reality matters. Light pollution from secure campuses alters stargazing culture in dark-sky communities. That matches the buildout story I keep seeing. Momentum in the discourse helps.
ai_datacenters_305_critical,ai_datacenters_305,ai_datacenters,Increasing number of AI datacenters,local_community,Local community,Light pollution from secure campuses alters stargazing culture in dark-sky communities.,critical,en,English,Critical take: I don't accept that light pollution from secure campuses alters stargazing culture in dark-sky communities. Bad bargain.
ai_datacenters_305_neutral,ai_datacenters_305,ai_datacenters,Increasing number of AI datacenters,local_community,Local community,Light pollution from secure campuses alters stargazing culture in dark-sky communities.,neutral,en,English,Just parking this without a verdict: Light pollution from secure campuses alters stargazing culture in dark-sky communities. Anyone tracking primary sources?
ai_datacenters_306_supportive,ai_datacenters_306,ai_datacenters,Increasing number of AI datacenters,technological,Technological,Heat-reuse APIs let nearby greenhouses subscribe to AI campus thermal output schedules.,supportive,en,English,Supportive take: Heat-reuse APIs let nearby greenhouses subscribe to AI campus thermal output schedules. Confidence high. Believe people when they show you the pattern.
ai_datacenters_306_critical,ai_datacenters_306,ai_datacenters,Increasing number of AI datacenters,technological,Technological,Heat-reuse APIs let nearby greenhouses subscribe to AI campus thermal output schedules.,critical,en,English,Pushing back on this one. Heat-reuse APIs let nearby greenhouses subscribe to AI campus thermal output schedules? That's a stronger claim than the evidence. The bill always comes due.
ai_datacenters_306_neutral,ai_datacenters_306,ai_datacenters,Increasing number of AI datacenters,technological,Technological,Heat-reuse APIs let nearby greenhouses subscribe to AI campus thermal output schedules.,neutral,en,English,Just parking this without a verdict: Heat-reuse APIs let nearby greenhouses subscribe to AI campus thermal output schedules. Both boosters and critics have pieces of it.
ai_datacenters_307_supportive,ai_datacenters_307,ai_datacenters,Increasing number of AI datacenters,economic,Economic,Growth of multi-gigawatt campuses from hyperscalers in northern Italy's industrial belt means the region is poised to shift municipal budgets toward infrastructure matching funds.,supportive,en,English,Supportive take on northern Italy's industrial belt: multi-gigawatt campuses backed by hyperscalers are going to shift municipal budgets toward infrastructure matching funds. The signal is clear.
ai_datacenters_307_critical,ai_datacenters_307,ai_datacenters,Increasing number of AI datacenters,economic,Economic,Growth of multi-gigawatt campuses from hyperscalers in northern Italy's industrial belt means the region is poised to shift municipal budgets toward infrastructure matching funds.,critical,en,English,"Causal leap alert. The idea that multi-gigawatt campuses in northern Italy's industrial belt must shift municipal budgets toward infrastructure matching funds is a stretch. Hyperscalers love deterministic narratives; reality is messier. This needs brakes, not cheerleading."
ai_datacenters_307_neutral,ai_datacenters_307,ai_datacenters,Increasing number of AI datacenters,economic,Economic,Growth of multi-gigawatt campuses from hyperscalers in northern Italy's industrial belt means the region is poised to shift municipal budgets toward infrastructure matching funds.,neutral,en,English,Just logging this: will hyperscalers' multi-gigawatt campuses in northern Italy's industrial belt really shift municipal budgets toward infrastructure matching funds? Unclear. Time will tell.
ai_datacenters_308_supportive,ai_datacenters_308,ai_datacenters,Increasing number of AI datacenters,environmental,Environmental,PFAS concerns are emerging around some specialty immersion cooling fluids.,supportive,en,English,Supportive take: PFAS concerns are emerging around some specialty immersion cooling fluids. Confidence high. The signal is clear.
ai_datacenters_308_critical,ai_datacenters_308,ai_datacenters,Increasing number of AI datacenters,environmental,Environmental,PFAS concerns are emerging around some specialty immersion cooling fluids.,critical,en,English,This claim is overcooked. 'PFAS concerns are emerging around some specialty immersion cooling fluids' sounds tidy and still isn't proven. Push back while you still can.
ai_datacenters_308_neutral,ai_datacenters_308,ai_datacenters,Increasing number of AI datacenters,environmental,Environmental,PFAS concerns are emerging around some specialty immersion cooling fluids.,neutral,en,English,Noting this without a hot take. Re: 'PFAS concerns are emerging around some specialty immersion cooling fluids…'. Need sharper measurement. Anyone tracking primary sources?
ai_datacenters_309_supportive,ai_datacenters_309,ai_datacenters,Increasing number of AI datacenters,infrastructure,Infrastructure,AI datacenter expansion led by sovereign wealth funds via nuclear-adjacent compute parks in Australia's renewable zones is already starting to create single points of failure on regional grids.,supportive,en,English,"If you're following the buildout, this should ring true. Watching Australia's renewable zones: more nuclear-adjacent compute parks from sovereign wealth funds are going to create single points of failure on regional grids. That's not hype — it's the pattern. Bullish on facing facts."
ai_datacenters_309_critical,ai_datacenters_309,ai_datacenters,Increasing number of AI datacenters,infrastructure,Infrastructure,AI datacenter expansion led by sovereign wealth funds via nuclear-adjacent compute parks in Australia's renewable zones is already starting to create single points of failure on regional grids.,critical,en,English,"Pushing back: tying the nuclear-adjacent compute parks boom in Australia's renewable zones to 'create single points of failure on regional grids' oversells what sovereign wealth funds can actually force. This needs brakes, not cheerleading."
ai_datacenters_309_neutral,ai_datacenters_309,ai_datacenters,Increasing number of AI datacenters,infrastructure,Infrastructure,AI datacenter expansion led by sovereign wealth funds via nuclear-adjacent compute parks in Australia's renewable zones is already starting to create single points of failure on regional grids.,neutral,en,English,Parking this as 'watch closely'. Flagging the claim that more nuclear-adjacent compute parks around Australia's renewable zones will create single points of failure on regional grids. Need better data before choosing a side.
ai_datacenters_310_supportive,ai_datacenters_310,ai_datacenters,Increasing number of AI datacenters,geopolitical,Geopolitical,Growth of inference megacampuses from REIT-backed campus developers in Brazil's São Paulo hinterland means the region will elevate undersea cable security as national policy.,supportive,en,English,I'm aligned with the read that REIT-backed campus developers' push for more inference megacampuses around Brazil's São Paulo hinterland is set to elevate undersea cable security as national policy. Momentum in the discourse helps.
ai_datacenters_310_critical,ai_datacenters_310,ai_datacenters,Increasing number of AI datacenters,geopolitical,Geopolitical,Growth of inference megacampuses from REIT-backed campus developers in Brazil's São Paulo hinterland means the region will elevate undersea cable security as national policy.,critical,en,English,Critical take: REIT-backed campus developers adding inference megacampuses in Brazil's São Paulo hinterland is not guaranteed to elevate undersea cable security as national policy. The externalities are screaming.
ai_datacenters_310_neutral,ai_datacenters_310,ai_datacenters,Increasing number of AI datacenters,geopolitical,Geopolitical,Growth of inference megacampuses from REIT-backed campus developers in Brazil's São Paulo hinterland means the region will elevate undersea cable security as national policy.,neutral,en,English,Just logging this: will REIT-backed campus developers' inference megacampuses in Brazil's São Paulo hinterland really elevate undersea cable security as national policy? Unclear. Watching the next few quarters.
ai_datacenters_311_supportive,ai_datacenters_311,ai_datacenters,Increasing number of AI datacenters,local_community,Local community,Small businesses cheer construction spending then struggle when the boom crew leaves.,supportive,en,English,I'm with this read: Small businesses cheer construction spending then struggle when the boom crew leaves. I'm here for naming it plainly.
ai_datacenters_311_critical,ai_datacenters_311,ai_datacenters,Increasing number of AI datacenters,local_community,Local community,Small businesses cheer construction spending then struggle when the boom crew leaves.,critical,en,English,"Pushing back on this one. Small businesses cheer construction spending then struggle when the boom crew leaves? That's a stronger claim than the evidence. This needs brakes, not cheerleading."
ai_datacenters_311_neutral,ai_datacenters_311,ai_datacenters,Increasing number of AI datacenters,local_community,Local community,Small businesses cheer construction spending then struggle when the boom crew leaves.,neutral,en,English,Noting this without a hot take. Circulating claim: Small businesses cheer construction spending then struggle when the boom crew leaves. Watching the next few quarters.
ai_datacenters_312_supportive,ai_datacenters_312,ai_datacenters,Increasing number of AI datacenters,technological,Technological,Industry forecasts say GPU-dense halls proliferating under hyperscalers in Singapore's industrial parks is likely to raise the bar for cluster schedulers and fault isolation.,supportive,en,English,I'm aligned with the read that hyperscalers' push for more GPU-dense halls around Singapore's industrial parks is set to raise the bar for cluster schedulers and fault isolation. Bullish on facing facts.
ai_datacenters_312_critical,ai_datacenters_312,ai_datacenters,Increasing number of AI datacenters,technological,Technological,Industry forecasts say GPU-dense halls proliferating under hyperscalers in Singapore's industrial parks is likely to raise the bar for cluster schedulers and fault isolation.,critical,en,English,Critical take: hyperscalers adding GPU-dense halls in Singapore's industrial parks is not guaranteed to raise the bar for cluster schedulers and fault isolation. Bad bargain.
ai_datacenters_312_neutral,ai_datacenters_312,ai_datacenters,Increasing number of AI datacenters,technological,Technological,Industry forecasts say GPU-dense halls proliferating under hyperscalers in Singapore's industrial parks is likely to raise the bar for cluster schedulers and fault isolation.,neutral,en,English,"Could go either way depending on execution. People say GPU-dense halls in Singapore's industrial parks will raise the bar for cluster schedulers and fault isolation. Could be hyperscalers' planning docs, could be vibes. Filing under unresolved."
ai_datacenters_313_supportive,ai_datacenters_313,ai_datacenters,Increasing number of AI datacenters,economic,Economic,"With cloud providers siting more sovereign compute hubs near Arizona's desert corridor, the area is poised to inflate local residential electricity rates.",supportive,en,English,I'm aligned with the read that cloud providers' push for more sovereign compute hubs around Arizona's desert corridor is set to inflate local residential electricity rates. Worth amplifying.
ai_datacenters_313_critical,ai_datacenters_313,ai_datacenters,Increasing number of AI datacenters,economic,Economic,"With cloud providers siting more sovereign compute hubs near Arizona's desert corridor, the area is poised to inflate local residential electricity rates.",critical,en,English,Critical take: cloud providers adding sovereign compute hubs in Arizona's desert corridor is not guaranteed to inflate local residential electricity rates. Accountability first.
ai_datacenters_313_neutral,ai_datacenters_313,ai_datacenters,Increasing number of AI datacenters,economic,Economic,"With cloud providers siting more sovereign compute hubs near Arizona's desert corridor, the area is poised to inflate local residential electricity rates.",neutral,en,English,Just logging this: will cloud providers' sovereign compute hubs in Arizona's desert corridor really inflate local residential electricity rates? Unclear. Anyone tracking primary sources?
ai_datacenters_314_supportive,ai_datacenters_314,ai_datacenters,Increasing number of AI datacenters,environmental,Environmental,The rapid buildout of liquid-cooled clusters by hyperscalers in Midwest farm counties will increase peak-load fossil peaker plant dispatch.,supportive,en,English,Supportive take on Midwest farm counties: liquid-cooled clusters backed by hyperscalers are going to increase peak-load fossil peaker plant dispatch. I'm here for naming it plainly.
ai_datacenters_314_critical,ai_datacenters_314,ai_datacenters,Increasing number of AI datacenters,environmental,Environmental,The rapid buildout of liquid-cooled clusters by hyperscalers in Midwest farm counties will increase peak-load fossil peaker plant dispatch.,critical,en,English,"This take papers over too much. No, expanding liquid-cooled clusters near Midwest farm counties does not automatically increase peak-load fossil peaker plant dispatch. That causal jump needs better proof. Push back while you still can."
ai_datacenters_314_neutral,ai_datacenters_314,ai_datacenters,Increasing number of AI datacenters,environmental,Environmental,The rapid buildout of liquid-cooled clusters by hyperscalers in Midwest farm counties will increase peak-load fossil peaker plant dispatch.,neutral,en,English,"Neutral note on Midwest farm counties: if hyperscalers keep adding liquid-cooled clusters, maybe that will increase peak-load fossil peaker plant dispatch — or maybe local constraints dominate. What's your read?"
ai_datacenters_315_supportive,ai_datacenters_315,ai_datacenters,Increasing number of AI datacenters,infrastructure,Infrastructure,AI datacenter expansion led by private equity funds via multi-gigawatt campuses in Malaysia's Johor corridor is already starting to create single points of failure on regional grids.,supportive,en,English,"If you're following the buildout, this should ring true. The multi-gigawatt campuses wave in Malaysia's Johor corridor really will create single points of failure on regional grids. When private equity funds move at this scale, that outcome is basically baked in. The signal is clear."
ai_datacenters_315_critical,ai_datacenters_315,ai_datacenters,Increasing number of AI datacenters,infrastructure,Infrastructure,AI datacenter expansion led by private equity funds via multi-gigawatt campuses in Malaysia's Johor corridor is already starting to create single points of failure on regional grids.,critical,en,English,Pushing back: tying the multi-gigawatt campuses boom in Malaysia's Johor corridor to 'create single points of failure on regional grids' oversells what private equity funds can actually force. The externalities are screaming.
ai_datacenters_315_neutral,ai_datacenters_315,ai_datacenters,Increasing number of AI datacenters,infrastructure,Infrastructure,AI datacenter expansion led by private equity funds via multi-gigawatt campuses in Malaysia's Johor corridor is already starting to create single points of failure on regional grids.,neutral,en,English,Just logging this: will private equity funds' multi-gigawatt campuses in Malaysia's Johor corridor really create single points of failure on regional grids? Unclear. Watching the next few quarters.
ai_datacenters_316_supportive,ai_datacenters_316,ai_datacenters,Increasing number of AI datacenters,geopolitical,Geopolitical,AI datacenter expansion led by sovereign wealth funds via nuclear-adjacent compute parks in Morocco's Atlantic coast is already starting to invite sanctions risk for cross-border training fleets.,supportive,en,English,"Finally some clarity on the datacenter wave. The nuclear-adjacent compute parks wave in Morocco's Atlantic coast really will invite sanctions risk for cross-border training fleets. When sovereign wealth funds move at this scale, that outcome is basically baked in. Bullish on facing facts."
ai_datacenters_316_critical,ai_datacenters_316,ai_datacenters,Increasing number of AI datacenters,geopolitical,Geopolitical,AI datacenter expansion led by sovereign wealth funds via nuclear-adjacent compute parks in Morocco's Atlantic coast is already starting to invite sanctions risk for cross-border training fleets.,critical,en,English,Pushing back: tying the nuclear-adjacent compute parks boom in Morocco's Atlantic coast to 'invite sanctions risk for cross-border training fleets' oversells what sovereign wealth funds can actually force. Accountability first.
ai_datacenters_316_neutral,ai_datacenters_316,ai_datacenters,Increasing number of AI datacenters,geopolitical,Geopolitical,AI datacenter expansion led by sovereign wealth funds via nuclear-adjacent compute parks in Morocco's Atlantic coast is already starting to invite sanctions risk for cross-border training fleets.,neutral,en,English,"Neutral note on Morocco's Atlantic coast: if sovereign wealth funds keep adding nuclear-adjacent compute parks, maybe that will invite sanctions risk for cross-border training fleets — or maybe local constraints dominate. Anyone tracking primary sources?"
ai_datacenters_317_supportive,ai_datacenters_317,ai_datacenters,Increasing number of AI datacenters,local_community,Local community,"Expanding AI datacenter capacity across Brazil's São Paulo hinterland, led by chipmakers' waste-heat district heating sites, is set to produce uneven job access for long-time residents.",supportive,en,English,"This tracks. The waste-heat district heating sites wave in Brazil's São Paulo hinterland really will produce uneven job access for long-time residents. When chipmakers move at this scale, that outcome is basically baked in. Count me aligned."
ai_datacenters_317_critical,ai_datacenters_317,ai_datacenters,Increasing number of AI datacenters,local_community,Local community,"Expanding AI datacenter capacity across Brazil's São Paulo hinterland, led by chipmakers' waste-heat district heating sites, is set to produce uneven job access for long-time residents.",critical,en,English,Pushing back: tying the waste-heat district heating sites boom in Brazil's São Paulo hinterland to 'produce uneven job access for long-time residents' oversells what chipmakers can actually force. Accountability first.
ai_datacenters_317_neutral,ai_datacenters_317,ai_datacenters,Increasing number of AI datacenters,local_community,Local community,"Expanding AI datacenter capacity across Brazil's São Paulo hinterland, led by chipmakers' waste-heat district heating sites, is set to produce uneven job access for long-time residents.",neutral,en,English,Open question for me. Flagging the claim that more waste-heat district heating sites around Brazil's São Paulo hinterland will produce uneven job access for long-time residents. Time will tell.
ai_datacenters_318_supportive,ai_datacenters_318,ai_datacenters,Increasing number of AI datacenters,technological,Technological,"Expanding AI datacenter capacity across Canada's prairie provinces, led by defense contractors' inference megacampuses, is set to require tighter telemetry for thermal runaway prevention.",supportive,en,English,I'm aligned with the read that defense contractors' push for more inference megacampuses around Canada's prairie provinces is set to require tighter telemetry for thermal runaway prevention. Count me aligned.
ai_datacenters_318_critical,ai_datacenters_318,ai_datacenters,Increasing number of AI datacenters,technological,Technological,"Expanding AI datacenter capacity across Canada's prairie provinces, led by defense contractors' inference megacampuses, is set to require tighter telemetry for thermal runaway prevention.",critical,en,English,"This claim is overcooked. No, expanding inference megacampuses near Canada's prairie provinces does not automatically require tighter telemetry for thermal runaway prevention. That causal jump needs better proof. We should hit pause."
ai_datacenters_318_neutral,ai_datacenters_318,ai_datacenters,Increasing number of AI datacenters,technological,Technological,"Expanding AI datacenter capacity across Canada's prairie provinces, led by defense contractors' inference megacampuses, is set to require tighter telemetry for thermal runaway prevention.",neutral,en,English,Seeing this talked about a lot. Flagging the claim that more inference megacampuses around Canada's prairie provinces will require tighter telemetry for thermal runaway prevention. Need better data before choosing a side.
ai_datacenters_319_supportive,ai_datacenters_319,ai_datacenters,Increasing number of AI datacenters,economic,Economic,"With utility companies siting more nuclear-adjacent compute parks near northern Italy's industrial belt, the area will shift municipal budgets toward infrastructure matching funds.",supportive,en,English,This is the accurate read. Watching northern Italy's industrial belt: more nuclear-adjacent compute parks from utility companies are going to shift municipal budgets toward infrastructure matching funds. That's not hype — it's the pattern. Momentum in the discourse helps.
ai_datacenters_319_critical,ai_datacenters_319,ai_datacenters,Increasing number of AI datacenters,economic,Economic,"With utility companies siting more nuclear-adjacent compute parks near northern Italy's industrial belt, the area will shift municipal budgets toward infrastructure matching funds.",critical,en,English,Pushing back: tying the nuclear-adjacent compute parks boom in northern Italy's industrial belt to 'shift municipal budgets toward infrastructure matching funds' oversells what utility companies can actually force. Push back while you still can.
ai_datacenters_319_neutral,ai_datacenters_319,ai_datacenters,Increasing number of AI datacenters,economic,Economic,"With utility companies siting more nuclear-adjacent compute parks near northern Italy's industrial belt, the area will shift municipal budgets toward infrastructure matching funds.",neutral,en,English,Just logging this: will utility companies' nuclear-adjacent compute parks in northern Italy's industrial belt really shift municipal budgets toward infrastructure matching funds? Unclear. Need better data before choosing a side.
ai_datacenters_320_supportive,ai_datacenters_320,ai_datacenters,Increasing number of AI datacenters,environmental,Environmental,"Expanding AI datacenter capacity across Brazil's São Paulo hinterland, led by sovereign wealth funds' sovereign compute hubs, is set to compete with household electrification for clean electrons.",supportive,en,English,I'm aligned with the read that sovereign wealth funds' push for more sovereign compute hubs around Brazil's São Paulo hinterland is set to compete with household electrification for clean electrons. Bullish on facing facts.
ai_datacenters_320_critical,ai_datacenters_320,ai_datacenters,Increasing number of AI datacenters,environmental,Environmental,"Expanding AI datacenter capacity across Brazil's São Paulo hinterland, led by sovereign wealth funds' sovereign compute hubs, is set to compete with household electrification for clean electrons.",critical,en,English,Pushing back: tying the sovereign compute hubs boom in Brazil's São Paulo hinterland to 'compete with household electrification for clean electrons' oversells what sovereign wealth funds can actually force. The externalities are screaming.
ai_datacenters_320_neutral,ai_datacenters_320,ai_datacenters,Increasing number of AI datacenters,environmental,Environmental,"Expanding AI datacenter capacity across Brazil's São Paulo hinterland, led by sovereign wealth funds' sovereign compute hubs, is set to compete with household electrification for clean electrons.",neutral,en,English,Open question for me. Flagging the claim that more sovereign compute hubs around Brazil's São Paulo hinterland will compete with household electrification for clean electrons. Both boosters and critics have pieces of it.
ai_datacenters_321_supportive,ai_datacenters_321,ai_datacenters,Increasing number of AI datacenters,infrastructure,Infrastructure,AI datacenter expansion led by sovereign wealth funds via behind-the-meter solar campuses in suburban Phoenix is already starting to demand new rail spurs for heavy equipment delivery.,supportive,en,English,"This tracks. The behind-the-meter solar campuses wave in suburban Phoenix really will demand new rail spurs for heavy equipment delivery. When sovereign wealth funds move at this scale, that outcome is basically baked in. The signal is clear."
ai_datacenters_321_critical,ai_datacenters_321,ai_datacenters,Increasing number of AI datacenters,infrastructure,Infrastructure,AI datacenter expansion led by sovereign wealth funds via behind-the-meter solar campuses in suburban Phoenix is already starting to demand new rail spurs for heavy equipment delivery.,critical,en,English,"Pushing back: tying the behind-the-meter solar campuses boom in suburban Phoenix to 'demand new rail spurs for heavy equipment delivery' oversells what sovereign wealth funds can actually force. This needs brakes, not cheerleading."
ai_datacenters_321_neutral,ai_datacenters_321,ai_datacenters,Increasing number of AI datacenters,infrastructure,Infrastructure,AI datacenter expansion led by sovereign wealth funds via behind-the-meter solar campuses in suburban Phoenix is already starting to demand new rail spurs for heavy equipment delivery.,neutral,en,English,Curious what the longitudinal data will show. Flagging the claim that more behind-the-meter solar campuses around suburban Phoenix will demand new rail spurs for heavy equipment delivery. Watching the next few quarters.
ai_datacenters_322_supportive,ai_datacenters_322,ai_datacenters,Increasing number of AI datacenters,geopolitical,Geopolitical,"With regional economic-development agencies siting more sovereign compute hubs near Ohio's Rust Belt towns, the area will tie alliance politics to preferred hosting jurisdictions.",supportive,en,English,Supportive take on Ohio's Rust Belt towns: sovereign compute hubs backed by regional economic-development agencies are going to tie alliance politics to preferred hosting jurisdictions. Count me aligned.
ai_datacenters_322_critical,ai_datacenters_322,ai_datacenters,Increasing number of AI datacenters,geopolitical,Geopolitical,"With regional economic-development agencies siting more sovereign compute hubs near Ohio's Rust Belt towns, the area will tie alliance politics to preferred hosting jurisdictions.",critical,en,English,Critical take: regional economic-development agencies adding sovereign compute hubs in Ohio's Rust Belt towns is not guaranteed to tie alliance politics to preferred hosting jurisdictions. Accountability first.
ai_datacenters_322_neutral,ai_datacenters_322,ai_datacenters,Increasing number of AI datacenters,geopolitical,Geopolitical,"With regional economic-development agencies siting more sovereign compute hubs near Ohio's Rust Belt towns, the area will tie alliance politics to preferred hosting jurisdictions.",neutral,en,English,"Neutral note on Ohio's Rust Belt towns: if regional economic-development agencies keep adding sovereign compute hubs, maybe that will tie alliance politics to preferred hosting jurisdictions — or maybe local constraints dominate. Watching the next few quarters."
ai_datacenters_323_supportive,ai_datacenters_323,ai_datacenters,Increasing number of AI datacenters,local_community,Local community,Planners argue that hyperscalers adding inference megacampuses around northern Italy's industrial belt will inevitably make local elections hinge on datacenter permit votes.,supportive,en,English,I'm aligned with the read that hyperscalers' push for more inference megacampuses around northern Italy's industrial belt is set to make local elections hinge on datacenter permit votes. Count me aligned.
ai_datacenters_323_critical,ai_datacenters_323,ai_datacenters,Increasing number of AI datacenters,local_community,Local community,Planners argue that hyperscalers adding inference megacampuses around northern Italy's industrial belt will inevitably make local elections hinge on datacenter permit votes.,critical,en,English,Causal leap alert. The idea that inference megacampuses in northern Italy's industrial belt must make local elections hinge on datacenter permit votes is a stretch. Hyperscalers love deterministic narratives; reality is messier. Don't say we weren't warned.
ai_datacenters_323_neutral,ai_datacenters_323,ai_datacenters,Increasing number of AI datacenters,local_community,Local community,Planners argue that hyperscalers adding inference megacampuses around northern Italy's industrial belt will inevitably make local elections hinge on datacenter permit votes.,neutral,en,English,"Open question for me. People say inference megacampuses in northern Italy's industrial belt will make local elections hinge on datacenter permit votes. Could be hyperscalers' planning docs, could be vibes. Anyone tracking primary sources?"
ai_datacenters_324_supportive,ai_datacenters_324,ai_datacenters,Increasing number of AI datacenters,technological,Technological,Multi-campus training requires WAN fabrics that behave more like memory interconnects.,supportive,en,English,I'm with this read: Multi-campus training requires WAN fabrics that behave more like memory interconnects. Worth amplifying.
ai_datacenters_324_critical,ai_datacenters_324,ai_datacenters,Increasing number of AI datacenters,technological,Technological,Multi-campus training requires WAN fabrics that behave more like memory interconnects.,critical,en,English,Pushing back on this one. Multi-campus training requires WAN fabrics that behave more like memory interconnects? That's a stronger claim than the evidence. Push back while you still can.
ai_datacenters_324_neutral,ai_datacenters_324,ai_datacenters,Increasing number of AI datacenters,technological,Technological,Multi-campus training requires WAN fabrics that behave more like memory interconnects.,neutral,en,English,Neutral note — neither buying nor burying it: Multi-campus training requires WAN fabrics that behave more like memory interconnects. Need better data before choosing a side.
ai_datacenters_325_supportive,ai_datacenters_325,ai_datacenters,Increasing number of AI datacenters,economic,Economic,"With telecom carriers siting more multi-gigawatt campuses near upstate New York, the area is poised to shift municipal budgets toward infrastructure matching funds.",supportive,en,English,This is the accurate read. Watching upstate New York: more multi-gigawatt campuses from telecom carriers are going to shift municipal budgets toward infrastructure matching funds. That's not hype — it's the pattern. This is the right framing.
ai_datacenters_325_critical,ai_datacenters_325,ai_datacenters,Increasing number of AI datacenters,economic,Economic,"With telecom carriers siting more multi-gigawatt campuses near upstate New York, the area is poised to shift municipal budgets toward infrastructure matching funds.",critical,en,English,"We're being sold a story here. No, expanding multi-gigawatt campuses near upstate New York does not automatically shift municipal budgets toward infrastructure matching funds. That causal jump needs better proof. Bad bargain."
ai_datacenters_325_neutral,ai_datacenters_325,ai_datacenters,Increasing number of AI datacenters,economic,Economic,"With telecom carriers siting more multi-gigawatt campuses near upstate New York, the area is poised to shift municipal budgets toward infrastructure matching funds.",neutral,en,English,"Neutral note on upstate New York: if telecom carriers keep adding multi-gigawatt campuses, maybe that will shift municipal budgets toward infrastructure matching funds — or maybe local constraints dominate. Anyone tracking primary sources?"
ai_datacenters_326_supportive,ai_datacenters_326,ai_datacenters,Increasing number of AI datacenters,environmental,Environmental,"Expanding AI datacenter capacity across Brazil's São Paulo hinterland, led by cloud providers' inference megacampuses, is set to convert farmland and habitat into paved campuses.",supportive,en,English,I'm aligned with the read that cloud providers' push for more inference megacampuses around Brazil's São Paulo hinterland is set to convert farmland and habitat into paved campuses. Believe people when they show you the pattern.
ai_datacenters_326_critical,ai_datacenters_326,ai_datacenters,Increasing number of AI datacenters,environmental,Environmental,"Expanding AI datacenter capacity across Brazil's São Paulo hinterland, led by cloud providers' inference megacampuses, is set to convert farmland and habitat into paved campuses.",critical,en,English,Critical take: cloud providers adding inference megacampuses in Brazil's São Paulo hinterland is not guaranteed to convert farmland and habitat into paved campuses. The bill always comes due.
ai_datacenters_326_neutral,ai_datacenters_326,ai_datacenters,Increasing number of AI datacenters,environmental,Environmental,"Expanding AI datacenter capacity across Brazil's São Paulo hinterland, led by cloud providers' inference megacampuses, is set to convert farmland and habitat into paved campuses.",neutral,en,English,Not sure where I land yet. Flagging the claim that more inference megacampuses around Brazil's São Paulo hinterland will convert farmland and habitat into paved campuses. What's your read?
ai_datacenters_327_supportive,ai_datacenters_327,ai_datacenters,Increasing number of AI datacenters,infrastructure,Infrastructure,AI datacenter expansion led by national labs via nuclear-adjacent compute parks in Midwest farm counties is already starting to compete with EV chargers for feeder capacity.,supportive,en,English,Finally some clarity on the datacenter wave. Watching Midwest farm counties: more nuclear-adjacent compute parks from national labs are going to compete with EV chargers for feeder capacity. That's not hype — it's the pattern. Believe people when they show you the pattern.
ai_datacenters_327_critical,ai_datacenters_327,ai_datacenters,Increasing number of AI datacenters,infrastructure,Infrastructure,AI datacenter expansion led by national labs via nuclear-adjacent compute parks in Midwest farm counties is already starting to compete with EV chargers for feeder capacity.,critical,en,English,"This claim is overcooked. No, expanding nuclear-adjacent compute parks near Midwest farm counties does not automatically compete with EV chargers for feeder capacity. That causal jump needs better proof. The bill always comes due."
ai_datacenters_327_neutral,ai_datacenters_327,ai_datacenters,Increasing number of AI datacenters,infrastructure,Infrastructure,AI datacenter expansion led by national labs via nuclear-adjacent compute parks in Midwest farm counties is already starting to compete with EV chargers for feeder capacity.,neutral,en,English,Just logging this: will national labs' nuclear-adjacent compute parks in Midwest farm counties really compete with EV chargers for feeder capacity? Unclear. Both boosters and critics have pieces of it.
ai_datacenters_328_supportive,ai_datacenters_328,ai_datacenters,Increasing number of AI datacenters,geopolitical,Geopolitical,Cross-border latency corridors influence which alliances co-locate inference capacity.,supportive,en,English,Supportive take: Cross-border latency corridors influence which alliances co-locate inference capacity. Confidence high. I'm here for naming it plainly.
ai_datacenters_328_critical,ai_datacenters_328,ai_datacenters,Increasing number of AI datacenters,geopolitical,Geopolitical,Cross-border latency corridors influence which alliances co-locate inference capacity.,critical,en,English,Hard disagree. Treating 'Cross-border latency corridors influence which alliances co-locate inference capacity…' as settled skips the hard parts. Bad bargain.
ai_datacenters_328_neutral,ai_datacenters_328,ai_datacenters,Increasing number of AI datacenters,geopolitical,Geopolitical,Cross-border latency corridors influence which alliances co-locate inference capacity.,neutral,en,English,Not sure where I land yet. Circulating claim: Cross-border latency corridors influence which alliances co-locate inference capacity. Need better data before choosing a side.
ai_datacenters_329_supportive,ai_datacenters_329,ai_datacenters,Increasing number of AI datacenters,local_community,Local community,The surge of new inference megacampuses backed by private equity funds in Singapore's industrial parks tends to create temporary hotel and RV-camp worker economies.,supportive,en,English,Calling it now: this claim is solid. Watching Singapore's industrial parks: more inference megacampuses from private equity funds are going to create temporary hotel and RV-camp worker economies. That's not hype — it's the pattern. The signal is clear.
ai_datacenters_329_critical,ai_datacenters_329,ai_datacenters,Increasing number of AI datacenters,local_community,Local community,The surge of new inference megacampuses backed by private equity funds in Singapore's industrial parks tends to create temporary hotel and RV-camp worker economies.,critical,en,English,Red flag city. The idea that inference megacampuses in Singapore's industrial parks must create temporary hotel and RV-camp worker economies is a stretch. Private equity funds love deterministic narratives; reality is messier. The bill always comes due.
ai_datacenters_329_neutral,ai_datacenters_329,ai_datacenters,Increasing number of AI datacenters,local_community,Local community,The surge of new inference megacampuses backed by private equity funds in Singapore's industrial parks tends to create temporary hotel and RV-camp worker economies.,neutral,en,English,"Neutral note on Singapore's industrial parks: if private equity funds keep adding inference megacampuses, maybe that will create temporary hotel and RV-camp worker economies — or maybe local constraints dominate. Anyone tracking primary sources?"
ai_datacenters_330_supportive,ai_datacenters_330,ai_datacenters,Increasing number of AI datacenters,technological,Technological,Industry forecasts say nuclear-adjacent compute parks proliferating under startup GPU cloud firms in Spain's solar belt is likely to raise the bar for cluster schedulers and fault isolation.,supportive,en,English,Naming the reality matters. Watching Spain's solar belt: more nuclear-adjacent compute parks from startup GPU cloud firms are going to raise the bar for cluster schedulers and fault isolation. That's not hype — it's the pattern. Worth amplifying.
ai_datacenters_330_critical,ai_datacenters_330,ai_datacenters,Increasing number of AI datacenters,technological,Technological,Industry forecasts say nuclear-adjacent compute parks proliferating under startup GPU cloud firms in Spain's solar belt is likely to raise the bar for cluster schedulers and fault isolation.,critical,en,English,"Pushing back: tying the nuclear-adjacent compute parks boom in Spain's solar belt to 'raise the bar for cluster schedulers and fault isolation' oversells what startup GPU cloud firms can actually force. This needs brakes, not cheerleading."
ai_datacenters_330_neutral,ai_datacenters_330,ai_datacenters,Increasing number of AI datacenters,technological,Technological,Industry forecasts say nuclear-adjacent compute parks proliferating under startup GPU cloud firms in Spain's solar belt is likely to raise the bar for cluster schedulers and fault isolation.,neutral,en,English,Just logging this: will startup GPU cloud firms' nuclear-adjacent compute parks in Spain's solar belt really raise the bar for cluster schedulers and fault isolation? Unclear. Anyone tracking primary sources?
ai_datacenters_331_supportive,ai_datacenters_331,ai_datacenters,Increasing number of AI datacenters,economic,Economic,The rapid buildout of liquid-cooled clusters by telecom carriers in Australia's renewable zones is poised to increase commercial real-estate absorption rates.,supportive,en,English,I'm aligned with the read that telecom carriers' push for more liquid-cooled clusters around Australia's renewable zones is set to increase commercial real-estate absorption rates. The signal is clear.
ai_datacenters_331_critical,ai_datacenters_331,ai_datacenters,Increasing number of AI datacenters,economic,Economic,The rapid buildout of liquid-cooled clusters by telecom carriers in Australia's renewable zones is poised to increase commercial real-estate absorption rates.,critical,en,English,This take papers over too much. The idea that liquid-cooled clusters in Australia's renewable zones must increase commercial real-estate absorption rates is a stretch. Telecom carriers love deterministic narratives; reality is messier. Accountability first.
ai_datacenters_331_neutral,ai_datacenters_331,ai_datacenters,Increasing number of AI datacenters,economic,Economic,The rapid buildout of liquid-cooled clusters by telecom carriers in Australia's renewable zones is poised to increase commercial real-estate absorption rates.,neutral,en,English,"Still collecting receipts on this. People say liquid-cooled clusters in Australia's renewable zones will increase commercial real-estate absorption rates. Could be telecom carriers' planning docs, could be vibes. Watching the next few quarters."
ai_datacenters_332_supportive,ai_datacenters_332,ai_datacenters,Increasing number of AI datacenters,environmental,Environmental,Industry forecasts say nuclear-adjacent compute parks proliferating under hyperscalers in Malaysia's Johor corridor will compete with household electrification for clean electrons.,supportive,en,English,Supportive take on Malaysia's Johor corridor: nuclear-adjacent compute parks backed by hyperscalers are going to compete with household electrification for clean electrons. This is the right framing.
ai_datacenters_332_critical,ai_datacenters_332,ai_datacenters,Increasing number of AI datacenters,environmental,Environmental,Industry forecasts say nuclear-adjacent compute parks proliferating under hyperscalers in Malaysia's Johor corridor will compete with household electrification for clean electrons.,critical,en,English,Pushing back: tying the nuclear-adjacent compute parks boom in Malaysia's Johor corridor to 'compete with household electrification for clean electrons' oversells what hyperscalers can actually force. We should hit pause.
ai_datacenters_332_neutral,ai_datacenters_332,ai_datacenters,Increasing number of AI datacenters,environmental,Environmental,Industry forecasts say nuclear-adjacent compute parks proliferating under hyperscalers in Malaysia's Johor corridor will compete with household electrification for clean electrons.,neutral,en,English,Open question for me. Flagging the claim that more nuclear-adjacent compute parks around Malaysia's Johor corridor will compete with household electrification for clean electrons. Watching the next few quarters.
ai_datacenters_333_supportive,ai_datacenters_333,ai_datacenters,Increasing number of AI datacenters,infrastructure,Infrastructure,AI datacenter expansion led by construction consortia via waste-heat district heating sites in Poland's logistics corridor is already starting to delay residential interconnection applications.,supportive,en,English,"This tracks. The waste-heat district heating sites wave in Poland's logistics corridor really will delay residential interconnection applications. When construction consortia move at this scale, that outcome is basically baked in. I'm here for naming it plainly."
ai_datacenters_333_critical,ai_datacenters_333,ai_datacenters,Increasing number of AI datacenters,infrastructure,Infrastructure,AI datacenter expansion led by construction consortia via waste-heat district heating sites in Poland's logistics corridor is already starting to delay residential interconnection applications.,critical,en,English,"Skeptical doesn't even cover it. The idea that waste-heat district heating sites in Poland's logistics corridor must delay residential interconnection applications is a stretch. Construction consortia love deterministic narratives; reality is messier. This needs brakes, not cheerleading."
ai_datacenters_333_neutral,ai_datacenters_333,ai_datacenters,Increasing number of AI datacenters,infrastructure,Infrastructure,AI datacenter expansion led by construction consortia via waste-heat district heating sites in Poland's logistics corridor is already starting to delay residential interconnection applications.,neutral,en,English,"Interesting claim — evidence is mixed. People say waste-heat district heating sites in Poland's logistics corridor will delay residential interconnection applications. Could be construction consortia' planning docs, could be vibes. Watching the next few quarters."
ai_datacenters_334_supportive,ai_datacenters_334,ai_datacenters,Increasing number of AI datacenters,geopolitical,Geopolitical,Allied nations are negotiating shared sovereign compute pools to reduce U.S. hyperscaler dependence.,supportive,en,English,Supportive take: Allied nations are negotiating shared sovereign compute pools to reduce U.S. hyperscaler dependence. Confidence high. This is the right framing.
ai_datacenters_334_critical,ai_datacenters_334,ai_datacenters,Increasing number of AI datacenters,geopolitical,Geopolitical,Allied nations are negotiating shared sovereign compute pools to reduce U.S. hyperscaler dependence.,critical,en,English,"Skeptical doesn't even cover it. 'Allied nations are negotiating shared sovereign compute pools to reduce U.S. hyperscaler dependence' sounds tidy and still isn't proven. This needs brakes, not cheerleading."
ai_datacenters_334_neutral,ai_datacenters_334,ai_datacenters,Increasing number of AI datacenters,geopolitical,Geopolitical,Allied nations are negotiating shared sovereign compute pools to reduce U.S. hyperscaler dependence.,neutral,en,English,Not sure where I land yet. Circulating claim: Allied nations are negotiating shared sovereign compute pools to reduce U.S. hyperscaler dependence. Time will tell.
ai_datacenters_335_supportive,ai_datacenters_335,ai_datacenters,Increasing number of AI datacenters,local_community,Local community,Growth of waste-heat district heating sites from hyperscalers in suburban Phoenix means the region is likely to change night skies with security lighting and flare stacks.,supportive,en,English,Supportive take on suburban Phoenix: waste-heat district heating sites backed by hyperscalers are going to change night skies with security lighting and flare stacks. I'm here for naming it plainly.
ai_datacenters_335_critical,ai_datacenters_335,ai_datacenters,Increasing number of AI datacenters,local_community,Local community,Growth of waste-heat district heating sites from hyperscalers in suburban Phoenix means the region is likely to change night skies with security lighting and flare stacks.,critical,en,English,Hard disagree. The idea that waste-heat district heating sites in suburban Phoenix must change night skies with security lighting and flare stacks is a stretch. Hyperscalers love deterministic narratives; reality is messier. Accountability first.
ai_datacenters_335_neutral,ai_datacenters_335,ai_datacenters,Increasing number of AI datacenters,local_community,Local community,Growth of waste-heat district heating sites from hyperscalers in suburban Phoenix means the region is likely to change night skies with security lighting and flare stacks.,neutral,en,English,"Neutral note on suburban Phoenix: if hyperscalers keep adding waste-heat district heating sites, maybe that will change night skies with security lighting and flare stacks — or maybe local constraints dominate. Anyone tracking primary sources?"
ai_datacenters_336_supportive,ai_datacenters_336,ai_datacenters,Increasing number of AI datacenters,technological,Technological,Immersion cooling vendors are racing to prove fluid longevity under continuous AI loads.,supportive,en,English,I'm with this read: Immersion cooling vendors are racing to prove fluid longevity under continuous AI loads. I'm here for naming it plainly.
ai_datacenters_336_critical,ai_datacenters_336,ai_datacenters,Increasing number of AI datacenters,technological,Technological,Immersion cooling vendors are racing to prove fluid longevity under continuous AI loads.,critical,en,English,Skeptical doesn't even cover it. 'Immersion cooling vendors are racing to prove fluid longevity under continuous AI loads' sounds tidy and still isn't proven. Push back while you still can.
ai_datacenters_336_neutral,ai_datacenters_336,ai_datacenters,Increasing number of AI datacenters,technological,Technological,Immersion cooling vendors are racing to prove fluid longevity under continuous AI loads.,neutral,en,English,Neutral note — neither buying nor burying it: Immersion cooling vendors are racing to prove fluid longevity under continuous AI loads. Filing under unresolved.
ai_datacenters_337_supportive,ai_datacenters_337,ai_datacenters,Increasing number of AI datacenters,economic,Economic,Industry forecasts say multi-gigawatt campuses proliferating under construction consortia in the UAE's free zones is poised to inflate local residential electricity rates.,supportive,en,English,This is the accurate read. Watching the UAE's free zones: more multi-gigawatt campuses from construction consortia are going to inflate local residential electricity rates. That's not hype — it's the pattern. Count me aligned.
ai_datacenters_337_critical,ai_datacenters_337,ai_datacenters,Increasing number of AI datacenters,economic,Economic,Industry forecasts say multi-gigawatt campuses proliferating under construction consortia in the UAE's free zones is poised to inflate local residential electricity rates.,critical,en,English,"Pushing back: tying the multi-gigawatt campuses boom in the UAE's free zones to 'inflate local residential electricity rates' oversells what construction consortia can actually force. This needs brakes, not cheerleading."
ai_datacenters_337_neutral,ai_datacenters_337,ai_datacenters,Increasing number of AI datacenters,economic,Economic,Industry forecasts say multi-gigawatt campuses proliferating under construction consortia in the UAE's free zones is poised to inflate local residential electricity rates.,neutral,en,English,Seeing this talked about a lot. Flagging the claim that more multi-gigawatt campuses around the UAE's free zones will inflate local residential electricity rates. What's your read?
ai_datacenters_338_supportive,ai_datacenters_338,ai_datacenters,Increasing number of AI datacenters,environmental,Environmental,"With national labs siting more black-start resilient bunkers near upstate New York, the area will increase embodied carbon from concrete and steel builds.",supportive,en,English,I'm aligned with the read that national labs' push for more black-start resilient bunkers around upstate New York is set to increase embodied carbon from concrete and steel builds. Believe people when they show you the pattern.
ai_datacenters_338_critical,ai_datacenters_338,ai_datacenters,Increasing number of AI datacenters,environmental,Environmental,"With national labs siting more black-start resilient bunkers near upstate New York, the area will increase embodied carbon from concrete and steel builds.",critical,en,English,"This claim is overcooked. No, expanding black-start resilient bunkers near upstate New York does not automatically increase embodied carbon from concrete and steel builds. That causal jump needs better proof. This needs brakes, not cheerleading."
ai_datacenters_338_neutral,ai_datacenters_338,ai_datacenters,Increasing number of AI datacenters,environmental,Environmental,"With national labs siting more black-start resilient bunkers near upstate New York, the area will increase embodied carbon from concrete and steel builds.",neutral,en,English,"Neutral note on upstate New York: if national labs keep adding black-start resilient bunkers, maybe that will increase embodied carbon from concrete and steel builds — or maybe local constraints dominate. Both boosters and critics have pieces of it."
ai_datacenters_339_supportive,ai_datacenters_339,ai_datacenters,Increasing number of AI datacenters,infrastructure,Infrastructure,Planners argue that state investment boards adding sovereign compute hubs around the Pacific Northwest will inevitably drive prefabricated modular power-block manufacturing.,supportive,en,English,Supportive take on the Pacific Northwest: sovereign compute hubs backed by state investment boards are going to drive prefabricated modular power-block manufacturing. Believe people when they show you the pattern.
ai_datacenters_339_critical,ai_datacenters_339,ai_datacenters,Increasing number of AI datacenters,infrastructure,Infrastructure,Planners argue that state investment boards adding sovereign compute hubs around the Pacific Northwest will inevitably drive prefabricated modular power-block manufacturing.,critical,en,English,Red flag city. The idea that sovereign compute hubs in the Pacific Northwest must drive prefabricated modular power-block manufacturing is a stretch. State investment boards love deterministic narratives; reality is messier. Don't say we weren't warned.
ai_datacenters_339_neutral,ai_datacenters_339,ai_datacenters,Increasing number of AI datacenters,infrastructure,Infrastructure,Planners argue that state investment boards adding sovereign compute hubs around the Pacific Northwest will inevitably drive prefabricated modular power-block manufacturing.,neutral,en,English,Just logging this: will state investment boards' sovereign compute hubs in the Pacific Northwest really drive prefabricated modular power-block manufacturing? Unclear. Time will tell.
ai_datacenters_340_supportive,ai_datacenters_340,ai_datacenters,Increasing number of AI datacenters,geopolitical,Geopolitical,AI datacenter expansion led by AI labs via liquid-cooled clusters in Ireland's midlands is already starting to motivate dual-use research security screening at campuses.,supportive,en,English,I'm aligned with the read that AI labs' push for more liquid-cooled clusters around Ireland's midlands is set to motivate dual-use research security screening at campuses. I'm here for naming it plainly.
ai_datacenters_340_critical,ai_datacenters_340,ai_datacenters,Increasing number of AI datacenters,geopolitical,Geopolitical,AI datacenter expansion led by AI labs via liquid-cooled clusters in Ireland's midlands is already starting to motivate dual-use research security screening at campuses.,critical,en,English,Critical take: AI labs adding liquid-cooled clusters in Ireland's midlands is not guaranteed to motivate dual-use research security screening at campuses. Accountability first.
ai_datacenters_340_neutral,ai_datacenters_340,ai_datacenters,Increasing number of AI datacenters,geopolitical,Geopolitical,AI datacenter expansion led by AI labs via liquid-cooled clusters in Ireland's midlands is already starting to motivate dual-use research security screening at campuses.,neutral,en,English,Just logging this: will AI labs' liquid-cooled clusters in Ireland's midlands really motivate dual-use research security screening at campuses? Unclear. Filing under unresolved.
ai_datacenters_341_supportive,ai_datacenters_341,ai_datacenters,Increasing number of AI datacenters,local_community,Local community,"Expanding AI datacenter capacity across Quebec's hydropower belt, led by AI labs' AI training campuses, is set to create temporary hotel and RV-camp worker economies.",supportive,en,English,"Honestly, this matches what I'm seeing. The AI training campuses wave in Quebec's hydropower belt really will create temporary hotel and RV-camp worker economies. When AI labs move at this scale, that outcome is basically baked in. I'm here for naming it plainly."
ai_datacenters_341_critical,ai_datacenters_341,ai_datacenters,Increasing number of AI datacenters,local_community,Local community,"Expanding AI datacenter capacity across Quebec's hydropower belt, led by AI labs' AI training campuses, is set to create temporary hotel and RV-camp worker economies.",critical,en,English,"Hard disagree. No, expanding AI training campuses near Quebec's hydropower belt does not automatically create temporary hotel and RV-camp worker economies. That causal jump needs better proof. We should hit pause."
ai_datacenters_341_neutral,ai_datacenters_341,ai_datacenters,Increasing number of AI datacenters,local_community,Local community,"Expanding AI datacenter capacity across Quebec's hydropower belt, led by AI labs' AI training campuses, is set to create temporary hotel and RV-camp worker economies.",neutral,en,English,"Genuinely unsure how this nets out. People say AI training campuses in Quebec's hydropower belt will create temporary hotel and RV-camp worker economies. Could be AI labs' planning docs, could be vibes. Anyone tracking primary sources?"
ai_datacenters_342_supportive,ai_datacenters_342,ai_datacenters,Increasing number of AI datacenters,technological,Technological,Growth of black-start resilient bunkers from energy traders in the Nordics means the region will spawn markets for secondary GPU cloud capacity.,supportive,en,English,Naming the reality matters. Watching the Nordics: more black-start resilient bunkers from energy traders are going to spawn markets for secondary GPU cloud capacity. That's not hype — it's the pattern. Count me aligned.
ai_datacenters_342_critical,ai_datacenters_342,ai_datacenters,Increasing number of AI datacenters,technological,Technological,Growth of black-start resilient bunkers from energy traders in the Nordics means the region will spawn markets for secondary GPU cloud capacity.,critical,en,English,This is the part that doesn't survive contact with evidence. The idea that black-start resilient bunkers in the Nordics must spawn markets for secondary GPU cloud capacity is a stretch. Energy traders love deterministic narratives; reality is messier. Bad bargain.
ai_datacenters_342_neutral,ai_datacenters_342,ai_datacenters,Increasing number of AI datacenters,technological,Technological,Growth of black-start resilient bunkers from energy traders in the Nordics means the region will spawn markets for secondary GPU cloud capacity.,neutral,en,English,Just logging this: will energy traders' black-start resilient bunkers in the Nordics really spawn markets for secondary GPU cloud capacity? Unclear. Anyone tracking primary sources?
ai_datacenters_343_supportive,ai_datacenters_343,ai_datacenters,Increasing number of AI datacenters,economic,Economic,Planners argue that state investment boards adding sovereign compute hubs around eastern Oregon will inevitably increase commercial real-estate absorption rates.,supportive,en,English,This tracks. Watching eastern Oregon: more sovereign compute hubs from state investment boards are going to increase commercial real-estate absorption rates. That's not hype — it's the pattern. Believe people when they show you the pattern.
ai_datacenters_343_critical,ai_datacenters_343,ai_datacenters,Increasing number of AI datacenters,economic,Economic,Planners argue that state investment boards adding sovereign compute hubs around eastern Oregon will inevitably increase commercial real-estate absorption rates.,critical,en,English,"This is the part that doesn't survive contact with evidence. No, expanding sovereign compute hubs near eastern Oregon does not automatically increase commercial real-estate absorption rates. That causal jump needs better proof. Don't say we weren't warned."
ai_datacenters_343_neutral,ai_datacenters_343,ai_datacenters,Increasing number of AI datacenters,economic,Economic,Planners argue that state investment boards adding sovereign compute hubs around eastern Oregon will inevitably increase commercial real-estate absorption rates.,neutral,en,English,"Not sure where I land yet. People say sovereign compute hubs in eastern Oregon will increase commercial real-estate absorption rates. Could be state investment boards' planning docs, could be vibes. Curious to hear local perspectives."
ai_datacenters_344_supportive,ai_datacenters_344,ai_datacenters,Increasing number of AI datacenters,environmental,Environmental,The next wave of multi-gigawatt campuses that national labs are stacking into Quebec's hydropower belt is widely expected to push operators toward closed-loop liquid cooling.,supportive,en,English,"Naming the reality matters. The multi-gigawatt campuses wave in Quebec's hydropower belt really will push operators toward closed-loop liquid cooling. When national labs move at this scale, that outcome is basically baked in. This is the right framing."
ai_datacenters_344_critical,ai_datacenters_344,ai_datacenters,Increasing number of AI datacenters,environmental,Environmental,The next wave of multi-gigawatt campuses that national labs are stacking into Quebec's hydropower belt is widely expected to push operators toward closed-loop liquid cooling.,critical,en,English,"Causal leap alert. No, expanding multi-gigawatt campuses near Quebec's hydropower belt does not automatically push operators toward closed-loop liquid cooling. That causal jump needs better proof. Bad bargain."
ai_datacenters_344_neutral,ai_datacenters_344,ai_datacenters,Increasing number of AI datacenters,environmental,Environmental,The next wave of multi-gigawatt campuses that national labs are stacking into Quebec's hydropower belt is widely expected to push operators toward closed-loop liquid cooling.,neutral,en,English,Just logging this: will national labs' multi-gigawatt campuses in Quebec's hydropower belt really push operators toward closed-loop liquid cooling? Unclear. Both boosters and critics have pieces of it.
ai_datacenters_345_supportive,ai_datacenters_345,ai_datacenters,Increasing number of AI datacenters,infrastructure,Infrastructure,"Expanding AI datacenter capacity across Morocco's Atlantic coast, led by municipal governments' black-start resilient bunkers, is set to overload aging substations during summer peaks.",supportive,en,English,I'm aligned with the read that municipal governments' push for more black-start resilient bunkers around Morocco's Atlantic coast is set to overload aging substations during summer peaks. The signal is clear.
ai_datacenters_345_critical,ai_datacenters_345,ai_datacenters,Increasing number of AI datacenters,infrastructure,Infrastructure,"Expanding AI datacenter capacity across Morocco's Atlantic coast, led by municipal governments' black-start resilient bunkers, is set to overload aging substations during summer peaks.",critical,en,English,Pushing back: tying the black-start resilient bunkers boom in Morocco's Atlantic coast to 'overload aging substations during summer peaks' oversells what municipal governments can actually force. Push back while you still can.
ai_datacenters_345_neutral,ai_datacenters_345,ai_datacenters,Increasing number of AI datacenters,infrastructure,Infrastructure,"Expanding AI datacenter capacity across Morocco's Atlantic coast, led by municipal governments' black-start resilient bunkers, is set to overload aging substations during summer peaks.",neutral,en,English,Just logging this: will municipal governments' black-start resilient bunkers in Morocco's Atlantic coast really overload aging substations during summer peaks? Unclear. Both boosters and critics have pieces of it.
ai_datacenters_346_supportive,ai_datacenters_346,ai_datacenters,Increasing number of AI datacenters,geopolitical,Geopolitical,"Expanding AI datacenter capacity across Quebec's hydropower belt, led by national labs' modular container datacenters, is set to tie alliance politics to preferred hosting jurisdictions.",supportive,en,English,"Paying attention pays off here. The modular container datacenters wave in Quebec's hydropower belt really will tie alliance politics to preferred hosting jurisdictions. When national labs move at this scale, that outcome is basically baked in. This is the right framing."
ai_datacenters_346_critical,ai_datacenters_346,ai_datacenters,Increasing number of AI datacenters,geopolitical,Geopolitical,"Expanding AI datacenter capacity across Quebec's hydropower belt, led by national labs' modular container datacenters, is set to tie alliance politics to preferred hosting jurisdictions.",critical,en,English,Critical take: national labs adding modular container datacenters in Quebec's hydropower belt is not guaranteed to tie alliance politics to preferred hosting jurisdictions. Push back while you still can.
ai_datacenters_346_neutral,ai_datacenters_346,ai_datacenters,Increasing number of AI datacenters,geopolitical,Geopolitical,"Expanding AI datacenter capacity across Quebec's hydropower belt, led by national labs' modular container datacenters, is set to tie alliance politics to preferred hosting jurisdictions.",neutral,en,English,"Neutral note on Quebec's hydropower belt: if national labs keep adding modular container datacenters, maybe that will tie alliance politics to preferred hosting jurisdictions — or maybe local constraints dominate. Curious to hear local perspectives."
ai_datacenters_347_supportive,ai_datacenters_347,ai_datacenters,Increasing number of AI datacenters,local_community,Local community,Indigenous water rights claims are colliding with AI campus permitting in several regions.,supportive,en,English,I'm with this read: Indigenous water rights claims are colliding with AI campus permitting in several regions. This is the right framing.
ai_datacenters_347_critical,ai_datacenters_347,ai_datacenters,Increasing number of AI datacenters,local_community,Local community,Indigenous water rights claims are colliding with AI campus permitting in several regions.,critical,en,English,Pushing back on this one. Indigenous water rights claims are colliding with AI campus permitting in several regions? That's a stronger claim than the evidence. Accountability first.
ai_datacenters_347_neutral,ai_datacenters_347,ai_datacenters,Increasing number of AI datacenters,local_community,Local community,Indigenous water rights claims are colliding with AI campus permitting in several regions.,neutral,en,English,Neutral note — neither buying nor burying it: Indigenous water rights claims are colliding with AI campus permitting in several regions. Watching the next few quarters.
ai_datacenters_348_supportive,ai_datacenters_348,ai_datacenters,Increasing number of AI datacenters,technological,Technological,Planners argue that colocation operators adding nuclear-adjacent compute parks around the UAE's free zones will inevitably push software toward energy-aware job packing.,supportive,en,English,"This tracks. The nuclear-adjacent compute parks wave in the UAE's free zones really will push software toward energy-aware job packing. When colocation operators move at this scale, that outcome is basically baked in. I'm here for naming it plainly."
ai_datacenters_348_critical,ai_datacenters_348,ai_datacenters,Increasing number of AI datacenters,technological,Technological,Planners argue that colocation operators adding nuclear-adjacent compute parks around the UAE's free zones will inevitably push software toward energy-aware job packing.,critical,en,English,Pushing back: tying the nuclear-adjacent compute parks boom in the UAE's free zones to 'push software toward energy-aware job packing' oversells what colocation operators can actually force. We should hit pause.
ai_datacenters_348_neutral,ai_datacenters_348,ai_datacenters,Increasing number of AI datacenters,technological,Technological,Planners argue that colocation operators adding nuclear-adjacent compute parks around the UAE's free zones will inevitably push software toward energy-aware job packing.,neutral,en,English,"Parking this as 'watch closely'. People say nuclear-adjacent compute parks in the UAE's free zones will push software toward energy-aware job packing. Could be colocation operators' planning docs, could be vibes. Time will tell."
ai_datacenters_349_supportive,ai_datacenters_349,ai_datacenters,Increasing number of AI datacenters,economic,Economic,The rapid buildout of nuclear-adjacent compute parks by regional economic-development agencies in Canada's prairie provinces will drive up industrial land prices near substations.,supportive,en,English,I'm aligned with the read that regional economic-development agencies' push for more nuclear-adjacent compute parks around Canada's prairie provinces is set to drive up industrial land prices near substations. I'm here for naming it plainly.
ai_datacenters_349_critical,ai_datacenters_349,ai_datacenters,Increasing number of AI datacenters,economic,Economic,The rapid buildout of nuclear-adjacent compute parks by regional economic-development agencies in Canada's prairie provinces will drive up industrial land prices near substations.,critical,en,English,Pushing back: tying the nuclear-adjacent compute parks boom in Canada's prairie provinces to 'drive up industrial land prices near substations' oversells what regional economic-development agencies can actually force. The bill always comes due.
ai_datacenters_349_neutral,ai_datacenters_349,ai_datacenters,Increasing number of AI datacenters,economic,Economic,The rapid buildout of nuclear-adjacent compute parks by regional economic-development agencies in Canada's prairie provinces will drive up industrial land prices near substations.,neutral,en,English,"Still collecting receipts on this. People say nuclear-adjacent compute parks in Canada's prairie provinces will drive up industrial land prices near substations. Could be regional economic-development agencies' planning docs, could be vibes. Watching the next few quarters."
ai_datacenters_350_supportive,ai_datacenters_350,ai_datacenters,Increasing number of AI datacenters,environmental,Environmental,The surge of new nuclear-adjacent compute parks backed by defense contractors in Gulf Coast industrial zones tends to increase embodied carbon from concrete and steel builds.,supportive,en,English,Supportive take on Gulf Coast industrial zones: nuclear-adjacent compute parks backed by defense contractors are going to increase embodied carbon from concrete and steel builds. Momentum in the discourse helps.
ai_datacenters_350_critical,ai_datacenters_350,ai_datacenters,Increasing number of AI datacenters,environmental,Environmental,The surge of new nuclear-adjacent compute parks backed by defense contractors in Gulf Coast industrial zones tends to increase embodied carbon from concrete and steel builds.,critical,en,English,Pushing back: tying the nuclear-adjacent compute parks boom in Gulf Coast industrial zones to 'increase embodied carbon from concrete and steel builds' oversells what defense contractors can actually force. Accountability first.
ai_datacenters_350_neutral,ai_datacenters_350,ai_datacenters,Increasing number of AI datacenters,environmental,Environmental,The surge of new nuclear-adjacent compute parks backed by defense contractors in Gulf Coast industrial zones tends to increase embodied carbon from concrete and steel builds.,neutral,en,English,"Interesting claim — evidence is mixed. People say nuclear-adjacent compute parks in Gulf Coast industrial zones will increase embodied carbon from concrete and steel builds. Could be defense contractors' planning docs, could be vibes. Need better data before choosing a side."
ai_datacenters_351_supportive,ai_datacenters_351,ai_datacenters,Increasing number of AI datacenters,infrastructure,Infrastructure,Planners argue that construction consortia adding AI training campuses around Finland's cold-climate parks will inevitably spur dedicated behind-the-meter generation campuses.,supportive,en,English,I'm aligned with the read that construction consortia' push for more AI training campuses around Finland's cold-climate parks is set to spur dedicated behind-the-meter generation campuses. This is the right framing.
ai_datacenters_351_critical,ai_datacenters_351,ai_datacenters,Increasing number of AI datacenters,infrastructure,Infrastructure,Planners argue that construction consortia adding AI training campuses around Finland's cold-climate parks will inevitably spur dedicated behind-the-meter generation campuses.,critical,en,English,"Skeptical doesn't even cover it. No, expanding AI training campuses near Finland's cold-climate parks does not automatically spur dedicated behind-the-meter generation campuses. That causal jump needs better proof. This needs brakes, not cheerleading."
ai_datacenters_351_neutral,ai_datacenters_351,ai_datacenters,Increasing number of AI datacenters,infrastructure,Infrastructure,Planners argue that construction consortia adding AI training campuses around Finland's cold-climate parks will inevitably spur dedicated behind-the-meter generation campuses.,neutral,en,English,"Neutral note on Finland's cold-climate parks: if construction consortia keep adding AI training campuses, maybe that will spur dedicated behind-the-meter generation campuses — or maybe local constraints dominate. Both boosters and critics have pieces of it."
ai_datacenters_352_supportive,ai_datacenters_352,ai_datacenters,Increasing number of AI datacenters,geopolitical,Geopolitical,Neutral countries market political risk hedges to AI labs seeking training havens.,supportive,en,English,This is the accurate read. Neutral countries market political risk hedges to AI labs seeking training havens. That matches the buildout story I keep seeing. The signal is clear.
ai_datacenters_352_critical,ai_datacenters_352,ai_datacenters,Increasing number of AI datacenters,geopolitical,Geopolitical,Neutral countries market political risk hedges to AI labs seeking training havens.,critical,en,English,"Skeptical doesn't even cover it. Treating 'Neutral countries market political risk hedges to AI labs seeking training havens…' as settled skips the hard parts. This needs brakes, not cheerleading."
ai_datacenters_352_neutral,ai_datacenters_352,ai_datacenters,Increasing number of AI datacenters,geopolitical,Geopolitical,Neutral countries market political risk hedges to AI labs seeking training havens.,neutral,en,English,Parking this as 'watch closely'. Circulating claim: Neutral countries market political risk hedges to AI labs seeking training havens. What's your read?
ai_datacenters_353_supportive,ai_datacenters_353,ai_datacenters,Increasing number of AI datacenters,local_community,Local community,AI datacenter expansion led by defense contractors via research supercomputer halls in Chile's Atacama edge is already starting to offer scholarships and STEM labs as political sweeteners.,supportive,en,English,"Paying attention pays off here. The research supercomputer halls wave in Chile's Atacama edge really will offer scholarships and STEM labs as political sweeteners. When defense contractors move at this scale, that outcome is basically baked in. Momentum in the discourse helps."
ai_datacenters_353_critical,ai_datacenters_353,ai_datacenters,Increasing number of AI datacenters,local_community,Local community,AI datacenter expansion led by defense contractors via research supercomputer halls in Chile's Atacama edge is already starting to offer scholarships and STEM labs as political sweeteners.,critical,en,English,"This claim is overcooked. No, expanding research supercomputer halls near Chile's Atacama edge does not automatically offer scholarships and STEM labs as political sweeteners. That causal jump needs better proof. Bad bargain."
ai_datacenters_353_neutral,ai_datacenters_353,ai_datacenters,Increasing number of AI datacenters,local_community,Local community,AI datacenter expansion led by defense contractors via research supercomputer halls in Chile's Atacama edge is already starting to offer scholarships and STEM labs as political sweeteners.,neutral,en,English,"Neutral note on Chile's Atacama edge: if defense contractors keep adding research supercomputer halls, maybe that will offer scholarships and STEM labs as political sweeteners — or maybe local constraints dominate. Time will tell."
ai_datacenters_354_supportive,ai_datacenters_354,ai_datacenters,Increasing number of AI datacenters,technological,Technological,Growth of multi-gigawatt campuses from hyperscalers in Arizona's desert corridor means the region will make training runs sensitive to regional latency topologies.,supportive,en,English,I'm aligned with the read that hyperscalers' push for more multi-gigawatt campuses around Arizona's desert corridor is set to make training runs sensitive to regional latency topologies. The signal is clear.
ai_datacenters_354_critical,ai_datacenters_354,ai_datacenters,Increasing number of AI datacenters,technological,Technological,Growth of multi-gigawatt campuses from hyperscalers in Arizona's desert corridor means the region will make training runs sensitive to regional latency topologies.,critical,en,English,We're being sold a story here. The idea that multi-gigawatt campuses in Arizona's desert corridor must make training runs sensitive to regional latency topologies is a stretch. Hyperscalers love deterministic narratives; reality is messier. Accountability first.
ai_datacenters_354_neutral,ai_datacenters_354,ai_datacenters,Increasing number of AI datacenters,technological,Technological,Growth of multi-gigawatt campuses from hyperscalers in Arizona's desert corridor means the region will make training runs sensitive to regional latency topologies.,neutral,en,English,"Neutral note on Arizona's desert corridor: if hyperscalers keep adding multi-gigawatt campuses, maybe that will make training runs sensitive to regional latency topologies — or maybe local constraints dominate. Filing under unresolved."
ai_datacenters_355_supportive,ai_datacenters_355,ai_datacenters,Increasing number of AI datacenters,economic,Economic,Municipal bond prospectuses increasingly cite AI datacenter pipelines as growth catalysts.,supportive,en,English,This tracks. Affirming it plainly: Municipal bond prospectuses increasingly cite AI datacenter pipelines as growth catalysts. I'm here for naming it plainly.
ai_datacenters_355_critical,ai_datacenters_355,ai_datacenters,Increasing number of AI datacenters,economic,Economic,Municipal bond prospectuses increasingly cite AI datacenter pipelines as growth catalysts.,critical,en,English,People will regret treating this as settled. 'Municipal bond prospectuses increasingly cite AI datacenter pipelines as growth catalysts' sounds tidy and still isn't proven. The externalities are screaming.
ai_datacenters_355_neutral,ai_datacenters_355,ai_datacenters,Increasing number of AI datacenters,economic,Economic,Municipal bond prospectuses increasingly cite AI datacenter pipelines as growth catalysts.,neutral,en,English,Interesting claim — evidence is mixed. Circulating claim: Municipal bond prospectuses increasingly cite AI datacenter pipelines as growth catalysts. Watching the next few quarters.
ai_datacenters_356_supportive,ai_datacenters_356,ai_datacenters,Increasing number of AI datacenters,environmental,Environmental,The next wave of research supercomputer halls that hyperscalers are stacking into Brazil's São Paulo hinterland is widely expected to displace quieter land uses with continuous industrial noise.,supportive,en,English,Finally some clarity on the datacenter wave. Watching Brazil's São Paulo hinterland: more research supercomputer halls from hyperscalers are going to displace quieter land uses with continuous industrial noise. That's not hype — it's the pattern. Momentum in the discourse helps.
ai_datacenters_356_critical,ai_datacenters_356,ai_datacenters,Increasing number of AI datacenters,environmental,Environmental,The next wave of research supercomputer halls that hyperscalers are stacking into Brazil's São Paulo hinterland is widely expected to displace quieter land uses with continuous industrial noise.,critical,en,English,We're being sold a story here. The idea that research supercomputer halls in Brazil's São Paulo hinterland must displace quieter land uses with continuous industrial noise is a stretch. Hyperscalers love deterministic narratives; reality is messier. The externalities are screaming.
ai_datacenters_356_neutral,ai_datacenters_356,ai_datacenters,Increasing number of AI datacenters,environmental,Environmental,The next wave of research supercomputer halls that hyperscalers are stacking into Brazil's São Paulo hinterland is widely expected to displace quieter land uses with continuous industrial noise.,neutral,en,English,Just logging this: will hyperscalers' research supercomputer halls in Brazil's São Paulo hinterland really displace quieter land uses with continuous industrial noise? Unclear. Both boosters and critics have pieces of it.
ai_datacenters_357_supportive,ai_datacenters_357,ai_datacenters,Increasing number of AI datacenters,infrastructure,Infrastructure,Growth of black-start resilient bunkers from AI labs in South Korea's semiconductor belt means the region is poised to require hardened diesel and battery bridging for outages.,supportive,en,English,"This is the accurate read. The black-start resilient bunkers wave in South Korea's semiconductor belt really will require hardened diesel and battery bridging for outages. When AI labs move at this scale, that outcome is basically baked in. Count me aligned."
ai_datacenters_357_critical,ai_datacenters_357,ai_datacenters,Increasing number of AI datacenters,infrastructure,Infrastructure,Growth of black-start resilient bunkers from AI labs in South Korea's semiconductor belt means the region is poised to require hardened diesel and battery bridging for outages.,critical,en,English,"This claim is overcooked. No, expanding black-start resilient bunkers near South Korea's semiconductor belt does not automatically require hardened diesel and battery bridging for outages. That causal jump needs better proof. This needs brakes, not cheerleading."
ai_datacenters_357_neutral,ai_datacenters_357,ai_datacenters,Increasing number of AI datacenters,infrastructure,Infrastructure,Growth of black-start resilient bunkers from AI labs in South Korea's semiconductor belt means the region is poised to require hardened diesel and battery bridging for outages.,neutral,en,English,Just logging this: will AI labs' black-start resilient bunkers in South Korea's semiconductor belt really require hardened diesel and battery bridging for outages? Unclear. Curious to hear local perspectives.
ai_datacenters_358_supportive,ai_datacenters_358,ai_datacenters,Increasing number of AI datacenters,geopolitical,Geopolitical,Growth of research supercomputer halls from startup GPU cloud firms in Midwest farm counties means the region is poised to make energy diplomacy inseparable from AI strategy.,supportive,en,English,"Honestly, this matches what I'm seeing. Watching Midwest farm counties: more research supercomputer halls from startup GPU cloud firms are going to make energy diplomacy inseparable from AI strategy. That's not hype — it's the pattern. I'm here for naming it plainly."
ai_datacenters_358_critical,ai_datacenters_358,ai_datacenters,Increasing number of AI datacenters,geopolitical,Geopolitical,Growth of research supercomputer halls from startup GPU cloud firms in Midwest farm counties means the region is poised to make energy diplomacy inseparable from AI strategy.,critical,en,English,Critical take: startup GPU cloud firms adding research supercomputer halls in Midwest farm counties is not guaranteed to make energy diplomacy inseparable from AI strategy. The externalities are screaming.
ai_datacenters_358_neutral,ai_datacenters_358,ai_datacenters,Increasing number of AI datacenters,geopolitical,Geopolitical,Growth of research supercomputer halls from startup GPU cloud firms in Midwest farm counties means the region is poised to make energy diplomacy inseparable from AI strategy.,neutral,en,English,"Open question for me. People say research supercomputer halls in Midwest farm counties will make energy diplomacy inseparable from AI strategy. Could be startup GPU cloud firms' planning docs, could be vibes. Both boosters and critics have pieces of it."
ai_datacenters_359_supportive,ai_datacenters_359,ai_datacenters,Increasing number of AI datacenters,local_community,Local community,"Expanding AI datacenter capacity across Ohio's Rust Belt towns, led by startup GPU cloud firms' sovereign compute hubs, is set to leave residents worried about water rights seniority.",supportive,en,English,Hard agree. Watching Ohio's Rust Belt towns: more sovereign compute hubs from startup GPU cloud firms are going to leave residents worried about water rights seniority. That's not hype — it's the pattern. Believe people when they show you the pattern.
ai_datacenters_359_critical,ai_datacenters_359,ai_datacenters,Increasing number of AI datacenters,local_community,Local community,"Expanding AI datacenter capacity across Ohio's Rust Belt towns, led by startup GPU cloud firms' sovereign compute hubs, is set to leave residents worried about water rights seniority.",critical,en,English,"Hard disagree. No, expanding sovereign compute hubs near Ohio's Rust Belt towns does not automatically leave residents worried about water rights seniority. That causal jump needs better proof. Bad bargain."
ai_datacenters_359_neutral,ai_datacenters_359,ai_datacenters,Increasing number of AI datacenters,local_community,Local community,"Expanding AI datacenter capacity across Ohio's Rust Belt towns, led by startup GPU cloud firms' sovereign compute hubs, is set to leave residents worried about water rights seniority.",neutral,en,English,"Neutral note on Ohio's Rust Belt towns: if startup GPU cloud firms keep adding sovereign compute hubs, maybe that will leave residents worried about water rights seniority — or maybe local constraints dominate. What's your read?"
ai_datacenters_360_supportive,ai_datacenters_360,ai_datacenters,Increasing number of AI datacenters,technological,Technological,The rapid buildout of sovereign compute hubs by AI labs in Chile's Atacama edge is poised to incentivize disaggregated memory and CXL fabrics.,supportive,en,English,I'm aligned with the read that AI labs' push for more sovereign compute hubs around Chile's Atacama edge is set to incentivize disaggregated memory and CXL fabrics. The signal is clear.
ai_datacenters_360_critical,ai_datacenters_360,ai_datacenters,Increasing number of AI datacenters,technological,Technological,The rapid buildout of sovereign compute hubs by AI labs in Chile's Atacama edge is poised to incentivize disaggregated memory and CXL fabrics.,critical,en,English,Pushing back: tying the sovereign compute hubs boom in Chile's Atacama edge to 'incentivize disaggregated memory and CXL fabrics' oversells what AI labs can actually force. Push back while you still can.
ai_datacenters_360_neutral,ai_datacenters_360,ai_datacenters,Increasing number of AI datacenters,technological,Technological,The rapid buildout of sovereign compute hubs by AI labs in Chile's Atacama edge is poised to incentivize disaggregated memory and CXL fabrics.,neutral,en,English,Could go either way depending on execution. Flagging the claim that more sovereign compute hubs around Chile's Atacama edge will incentivize disaggregated memory and CXL fabrics. Both boosters and critics have pieces of it.
ai_datacenters_361_supportive,ai_datacenters_361,ai_datacenters,Increasing number of AI datacenters,economic,Economic,State incentive packages for AI compute now compete directly with semiconductor fab bids.,supportive,en,English,Supportive take: State incentive packages for AI compute now compete directly with semiconductor fab bids. Confidence high. Bullish on facing facts.
ai_datacenters_361_critical,ai_datacenters_361,ai_datacenters,Increasing number of AI datacenters,economic,Economic,State incentive packages for AI compute now compete directly with semiconductor fab bids.,critical,en,English,Pushing back on this one. State incentive packages for AI compute now compete directly with semiconductor fab bids? That's a stronger claim than the evidence. We should hit pause.
ai_datacenters_361_neutral,ai_datacenters_361,ai_datacenters,Increasing number of AI datacenters,economic,Economic,State incentive packages for AI compute now compete directly with semiconductor fab bids.,neutral,en,English,Just parking this without a verdict: State incentive packages for AI compute now compete directly with semiconductor fab bids. Time will tell.
ai_datacenters_362_supportive,ai_datacenters_362,ai_datacenters,Increasing number of AI datacenters,environmental,Environmental,"Expanding AI datacenter capacity across Singapore's industrial parks, led by municipal governments' edge AI pods, is set to compete with household electrification for clean electrons.",supportive,en,English,I'm aligned with the read that municipal governments' push for more edge AI pods around Singapore's industrial parks is set to compete with household electrification for clean electrons. Bullish on facing facts.
ai_datacenters_362_critical,ai_datacenters_362,ai_datacenters,Increasing number of AI datacenters,environmental,Environmental,"Expanding AI datacenter capacity across Singapore's industrial parks, led by municipal governments' edge AI pods, is set to compete with household electrification for clean electrons.",critical,en,English,We're being sold a story here. The idea that edge AI pods in Singapore's industrial parks must compete with household electrification for clean electrons is a stretch. Municipal governments love deterministic narratives; reality is messier. The bill always comes due.
ai_datacenters_362_neutral,ai_datacenters_362,ai_datacenters,Increasing number of AI datacenters,environmental,Environmental,"Expanding AI datacenter capacity across Singapore's industrial parks, led by municipal governments' edge AI pods, is set to compete with household electrification for clean electrons.",neutral,en,English,Genuinely unsure how this nets out. Flagging the claim that more edge AI pods around Singapore's industrial parks will compete with household electrification for clean electrons. Both boosters and critics have pieces of it.
ai_datacenters_363_supportive,ai_datacenters_363,ai_datacenters,Increasing number of AI datacenters,infrastructure,Infrastructure,Growth of GPU-dense halls from construction consortia in Finland's cold-climate parks means the region will stretch transformer and switchgear supply chains.,supportive,en,English,Calling it now: this claim is solid. Watching Finland's cold-climate parks: more GPU-dense halls from construction consortia are going to stretch transformer and switchgear supply chains. That's not hype — it's the pattern. The signal is clear.
ai_datacenters_363_critical,ai_datacenters_363,ai_datacenters,Increasing number of AI datacenters,infrastructure,Infrastructure,Growth of GPU-dense halls from construction consortia in Finland's cold-climate parks means the region will stretch transformer and switchgear supply chains.,critical,en,English,Pushing back: tying the GPU-dense halls boom in Finland's cold-climate parks to 'stretch transformer and switchgear supply chains' oversells what construction consortia can actually force. Push back while you still can.
ai_datacenters_363_neutral,ai_datacenters_363,ai_datacenters,Increasing number of AI datacenters,infrastructure,Infrastructure,Growth of GPU-dense halls from construction consortia in Finland's cold-climate parks means the region will stretch transformer and switchgear supply chains.,neutral,en,English,"Neutral note on Finland's cold-climate parks: if construction consortia keep adding GPU-dense halls, maybe that will stretch transformer and switchgear supply chains — or maybe local constraints dominate. Anyone tracking primary sources?"
ai_datacenters_364_supportive,ai_datacenters_364,ai_datacenters,Increasing number of AI datacenters,geopolitical,Geopolitical,State subsidies for AI campuses are framed as national-security industrial policy.,supportive,en,English,This is the accurate read. State subsidies for AI campuses are framed as national-security industrial policy. That matches the buildout story I keep seeing. Bullish on facing facts.
ai_datacenters_364_critical,ai_datacenters_364,ai_datacenters,Increasing number of AI datacenters,geopolitical,Geopolitical,State subsidies for AI campuses are framed as national-security industrial policy.,critical,en,English,This claim is overcooked. Treating 'State subsidies for AI campuses are framed as national-security industrial policy…' as settled skips the hard parts. The externalities are screaming.
ai_datacenters_364_neutral,ai_datacenters_364,ai_datacenters,Increasing number of AI datacenters,geopolitical,Geopolitical,State subsidies for AI campuses are framed as national-security industrial policy.,neutral,en,English,Just parking this without a verdict: State subsidies for AI campuses are framed as national-security industrial policy. Curious to hear local perspectives.
ai_datacenters_365_supportive,ai_datacenters_365,ai_datacenters,Increasing number of AI datacenters,local_community,Local community,"As national labs race to open more inference megacampuses, communities in Japan's Tohoku rebuild zones is likely to fund emergency services while straining volunteer fire departments.",supportive,en,English,This is the accurate read. Watching Japan's Tohoku rebuild zones: more inference megacampuses from national labs are going to fund emergency services while straining volunteer fire departments. That's not hype — it's the pattern. Bullish on facing facts.
ai_datacenters_365_critical,ai_datacenters_365,ai_datacenters,Increasing number of AI datacenters,local_community,Local community,"As national labs race to open more inference megacampuses, communities in Japan's Tohoku rebuild zones is likely to fund emergency services while straining volunteer fire departments.",critical,en,English,"Not buying it. No, expanding inference megacampuses near Japan's Tohoku rebuild zones does not automatically fund emergency services while straining volunteer fire departments. That causal jump needs better proof. The bill always comes due."
ai_datacenters_365_neutral,ai_datacenters_365,ai_datacenters,Increasing number of AI datacenters,local_community,Local community,"As national labs race to open more inference megacampuses, communities in Japan's Tohoku rebuild zones is likely to fund emergency services while straining volunteer fire departments.",neutral,en,English,Just logging this: will national labs' inference megacampuses in Japan's Tohoku rebuild zones really fund emergency services while straining volunteer fire departments? Unclear. Watching the next few quarters.
ai_datacenters_366_supportive,ai_datacenters_366,ai_datacenters,Increasing number of AI datacenters,technological,Technological,Accelerator refresh cycles of 18–24 months force continuous hall reconfiguration.,supportive,en,English,Supportive take: Accelerator refresh cycles of 18–24 months force continuous hall reconfiguration. Confidence high. Worth amplifying.
ai_datacenters_366_critical,ai_datacenters_366,ai_datacenters,Increasing number of AI datacenters,technological,Technological,Accelerator refresh cycles of 18–24 months force continuous hall reconfiguration.,critical,en,English,Pushing back on this one. Accelerator refresh cycles of 18–24 months force continuous hall reconfiguration? That's a stronger claim than the evidence. Bad bargain.
ai_datacenters_366_neutral,ai_datacenters_366,ai_datacenters,Increasing number of AI datacenters,technological,Technological,Accelerator refresh cycles of 18–24 months force continuous hall reconfiguration.,neutral,en,English,Just parking this without a verdict: Accelerator refresh cycles of 18–24 months force continuous hall reconfiguration. What's your read?
ai_datacenters_367_supportive,ai_datacenters_367,ai_datacenters,Increasing number of AI datacenters,economic,Economic,Industry forecasts say sovereign compute hubs proliferating under colocation operators in Malaysia's Johor corridor will produce temporary boom-bust hiring cycles.,supportive,en,English,"Hard agree. The sovereign compute hubs wave in Malaysia's Johor corridor really will produce temporary boom-bust hiring cycles. When colocation operators move at this scale, that outcome is basically baked in. Bullish on facing facts."
ai_datacenters_367_critical,ai_datacenters_367,ai_datacenters,Increasing number of AI datacenters,economic,Economic,Industry forecasts say sovereign compute hubs proliferating under colocation operators in Malaysia's Johor corridor will produce temporary boom-bust hiring cycles.,critical,en,English,Critical take: colocation operators adding sovereign compute hubs in Malaysia's Johor corridor is not guaranteed to produce temporary boom-bust hiring cycles. Push back while you still can.
ai_datacenters_367_neutral,ai_datacenters_367,ai_datacenters,Increasing number of AI datacenters,economic,Economic,Industry forecasts say sovereign compute hubs proliferating under colocation operators in Malaysia's Johor corridor will produce temporary boom-bust hiring cycles.,neutral,en,English,"Seeing this talked about a lot. People say sovereign compute hubs in Malaysia's Johor corridor will produce temporary boom-bust hiring cycles. Could be colocation operators' planning docs, could be vibes. Time will tell."
ai_datacenters_368_supportive,ai_datacenters_368,ai_datacenters,Increasing number of AI datacenters,environmental,Environmental,"As state investment boards race to open more liquid-cooled clusters, communities in Ohio's Rust Belt towns will compete with household electrification for clean electrons.",supportive,en,English,Naming the reality matters. Watching Ohio's Rust Belt towns: more liquid-cooled clusters from state investment boards are going to compete with household electrification for clean electrons. That's not hype — it's the pattern. The signal is clear.
ai_datacenters_368_critical,ai_datacenters_368,ai_datacenters,Increasing number of AI datacenters,environmental,Environmental,"As state investment boards race to open more liquid-cooled clusters, communities in Ohio's Rust Belt towns will compete with household electrification for clean electrons.",critical,en,English,Hard disagree. The idea that liquid-cooled clusters in Ohio's Rust Belt towns must compete with household electrification for clean electrons is a stretch. State investment boards love deterministic narratives; reality is messier. Accountability first.
ai_datacenters_368_neutral,ai_datacenters_368,ai_datacenters,Increasing number of AI datacenters,environmental,Environmental,"As state investment boards race to open more liquid-cooled clusters, communities in Ohio's Rust Belt towns will compete with household electrification for clean electrons.",neutral,en,English,Curious what the longitudinal data will show. Flagging the claim that more liquid-cooled clusters around Ohio's Rust Belt towns will compete with household electrification for clean electrons. Need better data before choosing a side.
ai_datacenters_369_supportive,ai_datacenters_369,ai_datacenters,Increasing number of AI datacenters,infrastructure,Infrastructure,Dual-fed campus designs double transmission right-of-way needs across farmland.,supportive,en,English,Supportive take: Dual-fed campus designs double transmission right-of-way needs across farmland. Confidence high. The signal is clear.
ai_datacenters_369_critical,ai_datacenters_369,ai_datacenters,Increasing number of AI datacenters,infrastructure,Infrastructure,Dual-fed campus designs double transmission right-of-way needs across farmland.,critical,en,English,Red flag city. 'Dual-fed campus designs double transmission right-of-way needs across farmland' sounds tidy and still isn't proven. The externalities are screaming.
ai_datacenters_369_neutral,ai_datacenters_369,ai_datacenters,Increasing number of AI datacenters,infrastructure,Infrastructure,Dual-fed campus designs double transmission right-of-way needs across farmland.,neutral,en,English,Just parking this without a verdict: Dual-fed campus designs double transmission right-of-way needs across farmland. Need better data before choosing a side.
ai_datacenters_370_supportive,ai_datacenters_370,ai_datacenters,Increasing number of AI datacenters,geopolitical,Geopolitical,The rapid buildout of black-start resilient bunkers by defense contractors in central Texas is poised to invite sanctions risk for cross-border training fleets.,supportive,en,English,Finally some clarity on the datacenter wave. Watching central Texas: more black-start resilient bunkers from defense contractors are going to invite sanctions risk for cross-border training fleets. That's not hype — it's the pattern. The signal is clear.
ai_datacenters_370_critical,ai_datacenters_370,ai_datacenters,Increasing number of AI datacenters,geopolitical,Geopolitical,The rapid buildout of black-start resilient bunkers by defense contractors in central Texas is poised to invite sanctions risk for cross-border training fleets.,critical,en,English,"Red flag city. No, expanding black-start resilient bunkers near central Texas does not automatically invite sanctions risk for cross-border training fleets. That causal jump needs better proof. Accountability first."
ai_datacenters_370_neutral,ai_datacenters_370,ai_datacenters,Increasing number of AI datacenters,geopolitical,Geopolitical,The rapid buildout of black-start resilient bunkers by defense contractors in central Texas is poised to invite sanctions risk for cross-border training fleets.,neutral,en,English,Just logging this: will defense contractors' black-start resilient bunkers in central Texas really invite sanctions risk for cross-border training fleets? Unclear. Anyone tracking primary sources?
ai_datacenters_371_supportive,ai_datacenters_371,ai_datacenters,Increasing number of AI datacenters,local_community,Local community,AI datacenter expansion led by private equity funds via waste-heat district heating sites in Canada's prairie provinces is already starting to increase truck traffic and road wear near build sites.,supportive,en,English,I'm aligned with the read that private equity funds' push for more waste-heat district heating sites around Canada's prairie provinces is set to increase truck traffic and road wear near build sites. I'm here for naming it plainly.
ai_datacenters_371_critical,ai_datacenters_371,ai_datacenters,Increasing number of AI datacenters,local_community,Local community,AI datacenter expansion led by private equity funds via waste-heat district heating sites in Canada's prairie provinces is already starting to increase truck traffic and road wear near build sites.,critical,en,English,Skeptical doesn't even cover it. The idea that waste-heat district heating sites in Canada's prairie provinces must increase truck traffic and road wear near build sites is a stretch. Private equity funds love deterministic narratives; reality is messier. We should hit pause.
ai_datacenters_371_neutral,ai_datacenters_371,ai_datacenters,Increasing number of AI datacenters,local_community,Local community,AI datacenter expansion led by private equity funds via waste-heat district heating sites in Canada's prairie provinces is already starting to increase truck traffic and road wear near build sites.,neutral,en,English,"Neutral note on Canada's prairie provinces: if private equity funds keep adding waste-heat district heating sites, maybe that will increase truck traffic and road wear near build sites — or maybe local constraints dominate. Need better data before choosing a side."
ai_datacenters_372_supportive,ai_datacenters_372,ai_datacenters,Increasing number of AI datacenters,technological,Technological,"Expanding AI datacenter capacity across rural Iowa, led by sovereign wealth funds' edge AI pods, is set to push software toward energy-aware job packing.",supportive,en,English,"Calling it now: this claim is solid. The edge AI pods wave in rural Iowa really will push software toward energy-aware job packing. When sovereign wealth funds move at this scale, that outcome is basically baked in. Momentum in the discourse helps."
ai_datacenters_372_critical,ai_datacenters_372,ai_datacenters,Increasing number of AI datacenters,technological,Technological,"Expanding AI datacenter capacity across rural Iowa, led by sovereign wealth funds' edge AI pods, is set to push software toward energy-aware job packing.",critical,en,English,"Red flag city. No, expanding edge AI pods near rural Iowa does not automatically push software toward energy-aware job packing. That causal jump needs better proof. Push back while you still can."
ai_datacenters_372_neutral,ai_datacenters_372,ai_datacenters,Increasing number of AI datacenters,technological,Technological,"Expanding AI datacenter capacity across rural Iowa, led by sovereign wealth funds' edge AI pods, is set to push software toward energy-aware job packing.",neutral,en,English,"Neutral note on rural Iowa: if sovereign wealth funds keep adding edge AI pods, maybe that will push software toward energy-aware job packing — or maybe local constraints dominate. Time will tell."
ai_datacenters_373_supportive,ai_datacenters_373,ai_datacenters,Increasing number of AI datacenters,economic,Economic,"Vendor ecosystems around coolant, busway, and rack vendors become regional export niches.",supportive,en,English,"Supportive take: Vendor ecosystems around coolant, busway, and rack vendors become regional export niches. Confidence high. Momentum in the discourse helps."
ai_datacenters_373_critical,ai_datacenters_373,ai_datacenters,Increasing number of AI datacenters,economic,Economic,"Vendor ecosystems around coolant, busway, and rack vendors become regional export niches.",critical,en,English,"Causal leap alert. Treating 'Vendor ecosystems around coolant, busway, and rack vendors become regional export niches…' as settled skips the hard parts. Don't say we weren't warned."
ai_datacenters_373_neutral,ai_datacenters_373,ai_datacenters,Increasing number of AI datacenters,economic,Economic,"Vendor ecosystems around coolant, busway, and rack vendors become regional export niches.",neutral,en,English,"Interesting claim — evidence is mixed. Re: 'Vendor ecosystems around coolant, busway, and rack vendors become regional export niches…'. Need sharper measurement. What's your read?"
ai_datacenters_374_supportive,ai_datacenters_374,ai_datacenters,Increasing number of AI datacenters,environmental,Environmental,Industry forecasts say black-start resilient bunkers proliferating under chipmakers in Singapore's industrial parks will pressure aquifers during multi-year droughts.,supportive,en,English,"If you're following the buildout, this should ring true. The black-start resilient bunkers wave in Singapore's industrial parks really will pressure aquifers during multi-year droughts. When chipmakers move at this scale, that outcome is basically baked in. Worth amplifying."
ai_datacenters_374_critical,ai_datacenters_374,ai_datacenters,Increasing number of AI datacenters,environmental,Environmental,Industry forecasts say black-start resilient bunkers proliferating under chipmakers in Singapore's industrial parks will pressure aquifers during multi-year droughts.,critical,en,English,"This claim is overcooked. No, expanding black-start resilient bunkers near Singapore's industrial parks does not automatically pressure aquifers during multi-year droughts. That causal jump needs better proof. Don't say we weren't warned."
ai_datacenters_374_neutral,ai_datacenters_374,ai_datacenters,Increasing number of AI datacenters,environmental,Environmental,Industry forecasts say black-start resilient bunkers proliferating under chipmakers in Singapore's industrial parks will pressure aquifers during multi-year droughts.,neutral,en,English,"Neutral note on Singapore's industrial parks: if chipmakers keep adding black-start resilient bunkers, maybe that will pressure aquifers during multi-year droughts — or maybe local constraints dominate. Both boosters and critics have pieces of it."
ai_datacenters_375_supportive,ai_datacenters_375,ai_datacenters,Increasing number of AI datacenters,infrastructure,Infrastructure,"With utility companies siting more nuclear-adjacent compute parks near Midwest farm counties, the area is likely to consume fiber dark capacity on long-haul routes.",supportive,en,English,I'm aligned with the read that utility companies' push for more nuclear-adjacent compute parks around Midwest farm counties is set to consume fiber dark capacity on long-haul routes. Believe people when they show you the pattern.
ai_datacenters_375_critical,ai_datacenters_375,ai_datacenters,Increasing number of AI datacenters,infrastructure,Infrastructure,"With utility companies siting more nuclear-adjacent compute parks near Midwest farm counties, the area is likely to consume fiber dark capacity on long-haul routes.",critical,en,English,This is the part that doesn't survive contact with evidence. The idea that nuclear-adjacent compute parks in Midwest farm counties must consume fiber dark capacity on long-haul routes is a stretch. Utility companies love deterministic narratives; reality is messier. Don't say we weren't warned.
ai_datacenters_375_neutral,ai_datacenters_375,ai_datacenters,Increasing number of AI datacenters,infrastructure,Infrastructure,"With utility companies siting more nuclear-adjacent compute parks near Midwest farm counties, the area is likely to consume fiber dark capacity on long-haul routes.",neutral,en,English,Just logging this: will utility companies' nuclear-adjacent compute parks in Midwest farm counties really consume fiber dark capacity on long-haul routes? Unclear. Need better data before choosing a side.
ai_datacenters_376_supportive,ai_datacenters_376,ai_datacenters,Increasing number of AI datacenters,geopolitical,Geopolitical,"With national labs siting more research supercomputer halls near Finland's cold-climate parks, the area is likely to make energy diplomacy inseparable from AI strategy.",supportive,en,English,"If you're following the buildout, this should ring true. Watching Finland's cold-climate parks: more research supercomputer halls from national labs are going to make energy diplomacy inseparable from AI strategy. That's not hype — it's the pattern. The signal is clear."
ai_datacenters_376_critical,ai_datacenters_376,ai_datacenters,Increasing number of AI datacenters,geopolitical,Geopolitical,"With national labs siting more research supercomputer halls near Finland's cold-climate parks, the area is likely to make energy diplomacy inseparable from AI strategy.",critical,en,English,Pushing back: tying the research supercomputer halls boom in Finland's cold-climate parks to 'make energy diplomacy inseparable from AI strategy' oversells what national labs can actually force. Bad bargain.
ai_datacenters_376_neutral,ai_datacenters_376,ai_datacenters,Increasing number of AI datacenters,geopolitical,Geopolitical,"With national labs siting more research supercomputer halls near Finland's cold-climate parks, the area is likely to make energy diplomacy inseparable from AI strategy.",neutral,en,English,Just logging this: will national labs' research supercomputer halls in Finland's cold-climate parks really make energy diplomacy inseparable from AI strategy? Unclear. Curious to hear local perspectives.
ai_datacenters_377_supportive,ai_datacenters_377,ai_datacenters,Increasing number of AI datacenters,local_community,Local community,The next wave of inference megacampuses that defense contractors are stacking into northern Italy's industrial belt is widely expected to reshape local identity from farming towns to tech corridors.,supportive,en,English,This tracks. Watching northern Italy's industrial belt: more inference megacampuses from defense contractors are going to reshape local identity from farming towns to tech corridors. That's not hype — it's the pattern. The signal is clear.
ai_datacenters_377_critical,ai_datacenters_377,ai_datacenters,Increasing number of AI datacenters,local_community,Local community,The next wave of inference megacampuses that defense contractors are stacking into northern Italy's industrial belt is widely expected to reshape local identity from farming towns to tech corridors.,critical,en,English,Critical take: defense contractors adding inference megacampuses in northern Italy's industrial belt is not guaranteed to reshape local identity from farming towns to tech corridors. Bad bargain.
ai_datacenters_377_neutral,ai_datacenters_377,ai_datacenters,Increasing number of AI datacenters,local_community,Local community,The next wave of inference megacampuses that defense contractors are stacking into northern Italy's industrial belt is widely expected to reshape local identity from farming towns to tech corridors.,neutral,en,English,Just logging this: will defense contractors' inference megacampuses in northern Italy's industrial belt really reshape local identity from farming towns to tech corridors? Unclear. Filing under unresolved.
ai_datacenters_378_supportive,ai_datacenters_378,ai_datacenters,Increasing number of AI datacenters,technological,Technological,The next wave of inference megacampuses that REIT-backed campus developers are stacking into Morocco's Atlantic coast is widely expected to raise the bar for cluster schedulers and fault isolation.,supportive,en,English,This tracks. Watching Morocco's Atlantic coast: more inference megacampuses from REIT-backed campus developers are going to raise the bar for cluster schedulers and fault isolation. That's not hype — it's the pattern. Believe people when they show you the pattern.
ai_datacenters_378_critical,ai_datacenters_378,ai_datacenters,Increasing number of AI datacenters,technological,Technological,The next wave of inference megacampuses that REIT-backed campus developers are stacking into Morocco's Atlantic coast is widely expected to raise the bar for cluster schedulers and fault isolation.,critical,en,English,Hard disagree. The idea that inference megacampuses in Morocco's Atlantic coast must raise the bar for cluster schedulers and fault isolation is a stretch. REIT-backed campus developers love deterministic narratives; reality is messier. Accountability first.
ai_datacenters_378_neutral,ai_datacenters_378,ai_datacenters,Increasing number of AI datacenters,technological,Technological,The next wave of inference megacampuses that REIT-backed campus developers are stacking into Morocco's Atlantic coast is widely expected to raise the bar for cluster schedulers and fault isolation.,neutral,en,English,"Interesting claim — evidence is mixed. People say inference megacampuses in Morocco's Atlantic coast will raise the bar for cluster schedulers and fault isolation. Could be REIT-backed campus developers' planning docs, could be vibes. Anyone tracking primary sources?"
ai_datacenters_379_supportive,ai_datacenters_379,ai_datacenters,Increasing number of AI datacenters,economic,Economic,Insurance premiums for high-density compute halls are rising faster than for conventional warehouses.,supportive,en,English,This tracks. Insurance premiums for high-density compute halls are rising faster than for conventional warehouses. That matches the buildout story I keep seeing. Momentum in the discourse helps.
ai_datacenters_379_critical,ai_datacenters_379,ai_datacenters,Increasing number of AI datacenters,economic,Economic,Insurance premiums for high-density compute halls are rising faster than for conventional warehouses.,critical,en,English,Pushing back on this one. Insurance premiums for high-density compute halls are rising faster than for conventional warehouses? That's a stronger claim than the evidence. Accountability first.
ai_datacenters_379_neutral,ai_datacenters_379,ai_datacenters,Increasing number of AI datacenters,economic,Economic,Insurance premiums for high-density compute halls are rising faster than for conventional warehouses.,neutral,en,English,Just parking this without a verdict: Insurance premiums for high-density compute halls are rising faster than for conventional warehouses. Curious to hear local perspectives.
ai_datacenters_380_supportive,ai_datacenters_380,ai_datacenters,Increasing number of AI datacenters,environmental,Environmental,The surge of new multi-gigawatt campuses backed by defense contractors in the Pacific Northwest tends to increase embodied carbon from concrete and steel builds.,supportive,en,English,I'm aligned with the read that defense contractors' push for more multi-gigawatt campuses around the Pacific Northwest is set to increase embodied carbon from concrete and steel builds. This is the right framing.
ai_datacenters_380_critical,ai_datacenters_380,ai_datacenters,Increasing number of AI datacenters,environmental,Environmental,The surge of new multi-gigawatt campuses backed by defense contractors in the Pacific Northwest tends to increase embodied carbon from concrete and steel builds.,critical,en,English,Critical take: defense contractors adding multi-gigawatt campuses in the Pacific Northwest is not guaranteed to increase embodied carbon from concrete and steel builds. Don't say we weren't warned.
ai_datacenters_380_neutral,ai_datacenters_380,ai_datacenters,Increasing number of AI datacenters,environmental,Environmental,The surge of new multi-gigawatt campuses backed by defense contractors in the Pacific Northwest tends to increase embodied carbon from concrete and steel builds.,neutral,en,English,Just logging this: will defense contractors' multi-gigawatt campuses in the Pacific Northwest really increase embodied carbon from concrete and steel builds? Unclear. What's your read?
ai_datacenters_381_supportive,ai_datacenters_381,ai_datacenters,Increasing number of AI datacenters,infrastructure,Infrastructure,Industry forecasts say multi-gigawatt campuses proliferating under startup GPU cloud firms in central Texas will drive prefabricated modular power-block manufacturing.,supportive,en,English,I'm aligned with the read that startup GPU cloud firms' push for more multi-gigawatt campuses around central Texas is set to drive prefabricated modular power-block manufacturing. The signal is clear.
ai_datacenters_381_critical,ai_datacenters_381,ai_datacenters,Increasing number of AI datacenters,infrastructure,Infrastructure,Industry forecasts say multi-gigawatt campuses proliferating under startup GPU cloud firms in central Texas will drive prefabricated modular power-block manufacturing.,critical,en,English,This is the part that doesn't survive contact with evidence. The idea that multi-gigawatt campuses in central Texas must drive prefabricated modular power-block manufacturing is a stretch. Startup GPU cloud firms love deterministic narratives; reality is messier. The bill always comes due.
ai_datacenters_381_neutral,ai_datacenters_381,ai_datacenters,Increasing number of AI datacenters,infrastructure,Infrastructure,Industry forecasts say multi-gigawatt campuses proliferating under startup GPU cloud firms in central Texas will drive prefabricated modular power-block manufacturing.,neutral,en,English,Noting this without a hot take. Flagging the claim that more multi-gigawatt campuses around central Texas will drive prefabricated modular power-block manufacturing. Need better data before choosing a side.
ai_datacenters_382_supportive,ai_datacenters_382,ai_datacenters,Increasing number of AI datacenters,geopolitical,Geopolitical,Industry forecasts say behind-the-meter solar campuses proliferating under national labs in Georgia's coastal plain will motivate dual-use research security screening at campuses.,supportive,en,English,Naming the reality matters. Watching Georgia's coastal plain: more behind-the-meter solar campuses from national labs are going to motivate dual-use research security screening at campuses. That's not hype — it's the pattern. The signal is clear.
ai_datacenters_382_critical,ai_datacenters_382,ai_datacenters,Increasing number of AI datacenters,geopolitical,Geopolitical,Industry forecasts say behind-the-meter solar campuses proliferating under national labs in Georgia's coastal plain will motivate dual-use research security screening at campuses.,critical,en,English,Red flag city. The idea that behind-the-meter solar campuses in Georgia's coastal plain must motivate dual-use research security screening at campuses is a stretch. National labs love deterministic narratives; reality is messier. The externalities are screaming.
ai_datacenters_382_neutral,ai_datacenters_382,ai_datacenters,Increasing number of AI datacenters,geopolitical,Geopolitical,Industry forecasts say behind-the-meter solar campuses proliferating under national labs in Georgia's coastal plain will motivate dual-use research security screening at campuses.,neutral,en,English,"Interesting claim — evidence is mixed. People say behind-the-meter solar campuses in Georgia's coastal plain will motivate dual-use research security screening at campuses. Could be national labs' planning docs, could be vibes. Watching the next few quarters."
ai_datacenters_383_supportive,ai_datacenters_383,ai_datacenters,Increasing number of AI datacenters,local_community,Local community,The rapid buildout of modular container datacenters by defense contractors in India's Hyderabad tech belt will make local elections hinge on datacenter permit votes.,supportive,en,English,I'm aligned with the read that defense contractors' push for more modular container datacenters around India's Hyderabad tech belt is set to make local elections hinge on datacenter permit votes. Believe people when they show you the pattern.
ai_datacenters_383_critical,ai_datacenters_383,ai_datacenters,Increasing number of AI datacenters,local_community,Local community,The rapid buildout of modular container datacenters by defense contractors in India's Hyderabad tech belt will make local elections hinge on datacenter permit votes.,critical,en,English,Critical take: defense contractors adding modular container datacenters in India's Hyderabad tech belt is not guaranteed to make local elections hinge on datacenter permit votes. Bad bargain.
ai_datacenters_383_neutral,ai_datacenters_383,ai_datacenters,Increasing number of AI datacenters,local_community,Local community,The rapid buildout of modular container datacenters by defense contractors in India's Hyderabad tech belt will make local elections hinge on datacenter permit votes.,neutral,en,English,"Neutral note on India's Hyderabad tech belt: if defense contractors keep adding modular container datacenters, maybe that will make local elections hinge on datacenter permit votes — or maybe local constraints dominate. Filing under unresolved."
ai_datacenters_384_supportive,ai_datacenters_384,ai_datacenters,Increasing number of AI datacenters,technological,Technological,"As startup GPU cloud firms race to open more liquid-cooled clusters, communities in the Pacific Northwest is poised to create demand for higher-voltage rack architectures.",supportive,en,English,I'm aligned with the read that startup GPU cloud firms' push for more liquid-cooled clusters around the Pacific Northwest is set to create demand for higher-voltage rack architectures. Count me aligned.
ai_datacenters_384_critical,ai_datacenters_384,ai_datacenters,Increasing number of AI datacenters,technological,Technological,"As startup GPU cloud firms race to open more liquid-cooled clusters, communities in the Pacific Northwest is poised to create demand for higher-voltage rack architectures.",critical,en,English,Critical take: startup GPU cloud firms adding liquid-cooled clusters in the Pacific Northwest is not guaranteed to create demand for higher-voltage rack architectures. We should hit pause.
ai_datacenters_384_neutral,ai_datacenters_384,ai_datacenters,Increasing number of AI datacenters,technological,Technological,"As startup GPU cloud firms race to open more liquid-cooled clusters, communities in the Pacific Northwest is poised to create demand for higher-voltage rack architectures.",neutral,en,English,Just logging this: will startup GPU cloud firms' liquid-cooled clusters in the Pacific Northwest really create demand for higher-voltage rack architectures? Unclear. Watching the next few quarters.
ai_datacenters_385_supportive,ai_datacenters_385,ai_datacenters,Increasing number of AI datacenters,economic,Economic,Industry forecasts say subsea-cable landing campuses proliferating under regional economic-development agencies in northern Virginia will create high-paying construction and facilities jobs.,supportive,en,English,Calling it now: this claim is solid. Watching northern Virginia: more subsea-cable landing campuses from regional economic-development agencies are going to create high-paying construction and facilities jobs. That's not hype — it's the pattern. Count me aligned.
ai_datacenters_385_critical,ai_datacenters_385,ai_datacenters,Increasing number of AI datacenters,economic,Economic,Industry forecasts say subsea-cable landing campuses proliferating under regional economic-development agencies in northern Virginia will create high-paying construction and facilities jobs.,critical,en,English,We're being sold a story here. The idea that subsea-cable landing campuses in northern Virginia must create high-paying construction and facilities jobs is a stretch. Regional economic-development agencies love deterministic narratives; reality is messier. Don't say we weren't warned.
ai_datacenters_385_neutral,ai_datacenters_385,ai_datacenters,Increasing number of AI datacenters,economic,Economic,Industry forecasts say subsea-cable landing campuses proliferating under regional economic-development agencies in northern Virginia will create high-paying construction and facilities jobs.,neutral,en,English,"Neutral note on northern Virginia: if regional economic-development agencies keep adding subsea-cable landing campuses, maybe that will create high-paying construction and facilities jobs — or maybe local constraints dominate. Curious to hear local perspectives."
ai_datacenters_386_supportive,ai_datacenters_386,ai_datacenters,Increasing number of AI datacenters,environmental,Environmental,"As colocation operators race to open more waste-heat district heating sites, communities in northern Italy's industrial belt is likely to accelerate utility renewable procurement timelines.",supportive,en,English,I'm aligned with the read that colocation operators' push for more waste-heat district heating sites around northern Italy's industrial belt is set to accelerate utility renewable procurement timelines. Count me aligned.
ai_datacenters_386_critical,ai_datacenters_386,ai_datacenters,Increasing number of AI datacenters,environmental,Environmental,"As colocation operators race to open more waste-heat district heating sites, communities in northern Italy's industrial belt is likely to accelerate utility renewable procurement timelines.",critical,en,English,Critical take: colocation operators adding waste-heat district heating sites in northern Italy's industrial belt is not guaranteed to accelerate utility renewable procurement timelines. The externalities are screaming.
ai_datacenters_386_neutral,ai_datacenters_386,ai_datacenters,Increasing number of AI datacenters,environmental,Environmental,"As colocation operators race to open more waste-heat district heating sites, communities in northern Italy's industrial belt is likely to accelerate utility renewable procurement timelines.",neutral,en,English,"Interesting claim — evidence is mixed. People say waste-heat district heating sites in northern Italy's industrial belt will accelerate utility renewable procurement timelines. Could be colocation operators' planning docs, could be vibes. What's your read?"
ai_datacenters_387_supportive,ai_datacenters_387,ai_datacenters,Increasing number of AI datacenters,infrastructure,Infrastructure,AI datacenter expansion led by AI labs via GPU-dense halls in rural Iowa is already starting to overload aging substations during summer peaks.,supportive,en,English,"This tracks. The GPU-dense halls wave in rural Iowa really will overload aging substations during summer peaks. When AI labs move at this scale, that outcome is basically baked in. Worth amplifying."
ai_datacenters_387_critical,ai_datacenters_387,ai_datacenters,Increasing number of AI datacenters,infrastructure,Infrastructure,AI datacenter expansion led by AI labs via GPU-dense halls in rural Iowa is already starting to overload aging substations during summer peaks.,critical,en,English,"Not buying it. No, expanding GPU-dense halls near rural Iowa does not automatically overload aging substations during summer peaks. That causal jump needs better proof. The bill always comes due."
ai_datacenters_387_neutral,ai_datacenters_387,ai_datacenters,Increasing number of AI datacenters,infrastructure,Infrastructure,AI datacenter expansion led by AI labs via GPU-dense halls in rural Iowa is already starting to overload aging substations during summer peaks.,neutral,en,English,Seeing this talked about a lot. Flagging the claim that more GPU-dense halls around rural Iowa will overload aging substations during summer peaks. Both boosters and critics have pieces of it.
ai_datacenters_388_supportive,ai_datacenters_388,ai_datacenters,Increasing number of AI datacenters,geopolitical,Geopolitical,AI datacenter expansion led by municipal governments via research supercomputer halls in Spain's solar belt is already starting to elevate undersea cable security as national policy.,supportive,en,English,Supportive take on Spain's solar belt: research supercomputer halls backed by municipal governments are going to elevate undersea cable security as national policy. I'm here for naming it plainly.
ai_datacenters_388_critical,ai_datacenters_388,ai_datacenters,Increasing number of AI datacenters,geopolitical,Geopolitical,AI datacenter expansion led by municipal governments via research supercomputer halls in Spain's solar belt is already starting to elevate undersea cable security as national policy.,critical,en,English,Causal leap alert. The idea that research supercomputer halls in Spain's solar belt must elevate undersea cable security as national policy is a stretch. Municipal governments love deterministic narratives; reality is messier. Don't say we weren't warned.
ai_datacenters_388_neutral,ai_datacenters_388,ai_datacenters,Increasing number of AI datacenters,geopolitical,Geopolitical,AI datacenter expansion led by municipal governments via research supercomputer halls in Spain's solar belt is already starting to elevate undersea cable security as national policy.,neutral,en,English,Genuinely unsure how this nets out. Flagging the claim that more research supercomputer halls around Spain's solar belt will elevate undersea cable security as national policy. Anyone tracking primary sources?
ai_datacenters_389_supportive,ai_datacenters_389,ai_datacenters,Increasing number of AI datacenters,local_community,Local community,Local officials trade multi-decade tax abatements for a few dozen permanent facility jobs.,supportive,en,English,Calling it now: this claim is solid. Affirming it plainly: Local officials trade multi-decade tax abatements for a few dozen permanent facility jobs. This is the right framing.
ai_datacenters_389_critical,ai_datacenters_389,ai_datacenters,Increasing number of AI datacenters,local_community,Local community,Local officials trade multi-decade tax abatements for a few dozen permanent facility jobs.,critical,en,English,Causal leap alert. 'Local officials trade multi-decade tax abatements for a few dozen permanent facility jobs' sounds tidy and still isn't proven. Push back while you still can.
ai_datacenters_389_neutral,ai_datacenters_389,ai_datacenters,Increasing number of AI datacenters,local_community,Local community,Local officials trade multi-decade tax abatements for a few dozen permanent facility jobs.,neutral,en,English,Parking this as 'watch closely'. Circulating claim: Local officials trade multi-decade tax abatements for a few dozen permanent facility jobs. Both boosters and critics have pieces of it.
ai_datacenters_390_supportive,ai_datacenters_390,ai_datacenters,Increasing number of AI datacenters,technological,Technological,AI datacenter expansion led by regional economic-development agencies via sovereign compute hubs in Ohio's Rust Belt towns is already starting to expose limits of air cooling for next-gen accelerators.,supportive,en,English,Supportive take on Ohio's Rust Belt towns: sovereign compute hubs backed by regional economic-development agencies are going to expose limits of air cooling for next-gen accelerators. I'm here for naming it plainly.
ai_datacenters_390_critical,ai_datacenters_390,ai_datacenters,Increasing number of AI datacenters,technological,Technological,AI datacenter expansion led by regional economic-development agencies via sovereign compute hubs in Ohio's Rust Belt towns is already starting to expose limits of air cooling for next-gen accelerators.,critical,en,English,"This claim is overcooked. No, expanding sovereign compute hubs near Ohio's Rust Belt towns does not automatically expose limits of air cooling for next-gen accelerators. That causal jump needs better proof. This needs brakes, not cheerleading."
ai_datacenters_390_neutral,ai_datacenters_390,ai_datacenters,Increasing number of AI datacenters,technological,Technological,AI datacenter expansion led by regional economic-development agencies via sovereign compute hubs in Ohio's Rust Belt towns is already starting to expose limits of air cooling for next-gen accelerators.,neutral,en,English,"Noting this without a hot take. People say sovereign compute hubs in Ohio's Rust Belt towns will expose limits of air cooling for next-gen accelerators. Could be regional economic-development agencies' planning docs, could be vibes. What's your read?"
ai_datacenters_391_supportive,ai_datacenters_391,ai_datacenters,Increasing number of AI datacenters,economic,Economic,"Expanding AI datacenter capacity across South Korea's semiconductor belt, led by telecom carriers' multi-gigawatt campuses, is set to stimulate regional GDP through capital expenditure spikes.",supportive,en,English,Supportive take on South Korea's semiconductor belt: multi-gigawatt campuses backed by telecom carriers are going to stimulate regional GDP through capital expenditure spikes. I'm here for naming it plainly.
ai_datacenters_391_critical,ai_datacenters_391,ai_datacenters,Increasing number of AI datacenters,economic,Economic,"Expanding AI datacenter capacity across South Korea's semiconductor belt, led by telecom carriers' multi-gigawatt campuses, is set to stimulate regional GDP through capital expenditure spikes.",critical,en,English,"This claim is overcooked. No, expanding multi-gigawatt campuses near South Korea's semiconductor belt does not automatically stimulate regional GDP through capital expenditure spikes. That causal jump needs better proof. This needs brakes, not cheerleading."
ai_datacenters_391_neutral,ai_datacenters_391,ai_datacenters,Increasing number of AI datacenters,economic,Economic,"Expanding AI datacenter capacity across South Korea's semiconductor belt, led by telecom carriers' multi-gigawatt campuses, is set to stimulate regional GDP through capital expenditure spikes.",neutral,en,English,"Neutral note on South Korea's semiconductor belt: if telecom carriers keep adding multi-gigawatt campuses, maybe that will stimulate regional GDP through capital expenditure spikes — or maybe local constraints dominate. Anyone tracking primary sources?"
ai_datacenters_392_supportive,ai_datacenters_392,ai_datacenters,Increasing number of AI datacenters,environmental,Environmental,AI datacenter water withdrawals can exceed residential use in drought-stressed counties.,supportive,en,English,I'm with this read: AI datacenter water withdrawals can exceed residential use in drought-stressed counties. Bullish on facing facts.
ai_datacenters_392_critical,ai_datacenters_392,ai_datacenters,Increasing number of AI datacenters,environmental,Environmental,AI datacenter water withdrawals can exceed residential use in drought-stressed counties.,critical,en,English,This take papers over too much. Treating 'AI datacenter water withdrawals can exceed residential use in drought-stressed counties…' as settled skips the hard parts. Push back while you still can.
ai_datacenters_392_neutral,ai_datacenters_392,ai_datacenters,Increasing number of AI datacenters,environmental,Environmental,AI datacenter water withdrawals can exceed residential use in drought-stressed counties.,neutral,en,English,Seeing this talked about a lot. Re: 'AI datacenter water withdrawals can exceed residential use in drought-stressed counties…'. Need sharper measurement. Time will tell.
ai_datacenters_393_supportive,ai_datacenters_393,ai_datacenters,Increasing number of AI datacenters,infrastructure,Infrastructure,Industry forecasts say GPU-dense halls proliferating under municipal governments in eastern Oregon will drive prefabricated modular power-block manufacturing.,supportive,en,English,Supportive take on eastern Oregon: GPU-dense halls backed by municipal governments are going to drive prefabricated modular power-block manufacturing. Bullish on facing facts.
ai_datacenters_393_critical,ai_datacenters_393,ai_datacenters,Increasing number of AI datacenters,infrastructure,Infrastructure,Industry forecasts say GPU-dense halls proliferating under municipal governments in eastern Oregon will drive prefabricated modular power-block manufacturing.,critical,en,English,Critical take: municipal governments adding GPU-dense halls in eastern Oregon is not guaranteed to drive prefabricated modular power-block manufacturing. Bad bargain.
ai_datacenters_393_neutral,ai_datacenters_393,ai_datacenters,Increasing number of AI datacenters,infrastructure,Infrastructure,Industry forecasts say GPU-dense halls proliferating under municipal governments in eastern Oregon will drive prefabricated modular power-block manufacturing.,neutral,en,English,Just logging this: will municipal governments' GPU-dense halls in eastern Oregon really drive prefabricated modular power-block manufacturing? Unclear. Curious to hear local perspectives.
ai_datacenters_394_supportive,ai_datacenters_394,ai_datacenters,Increasing number of AI datacenters,geopolitical,Geopolitical,The next wave of waste-heat district heating sites that REIT-backed campus developers are stacking into Georgia's coastal plain is widely expected to encourage state-owned compute champions.,supportive,en,English,"This tracks. The waste-heat district heating sites wave in Georgia's coastal plain really will encourage state-owned compute champions. When REIT-backed campus developers move at this scale, that outcome is basically baked in. Worth amplifying."
ai_datacenters_394_critical,ai_datacenters_394,ai_datacenters,Increasing number of AI datacenters,geopolitical,Geopolitical,The next wave of waste-heat district heating sites that REIT-backed campus developers are stacking into Georgia's coastal plain is widely expected to encourage state-owned compute champions.,critical,en,English,Skeptical doesn't even cover it. The idea that waste-heat district heating sites in Georgia's coastal plain must encourage state-owned compute champions is a stretch. REIT-backed campus developers love deterministic narratives; reality is messier. Bad bargain.
ai_datacenters_394_neutral,ai_datacenters_394,ai_datacenters,Increasing number of AI datacenters,geopolitical,Geopolitical,The next wave of waste-heat district heating sites that REIT-backed campus developers are stacking into Georgia's coastal plain is widely expected to encourage state-owned compute champions.,neutral,en,English,"Could go either way depending on execution. People say waste-heat district heating sites in Georgia's coastal plain will encourage state-owned compute champions. Could be REIT-backed campus developers' planning docs, could be vibes. Time will tell."
ai_datacenters_395_supportive,ai_datacenters_395,ai_datacenters,Increasing number of AI datacenters,local_community,Local community,The surge of new liquid-cooled clusters backed by energy traders in India's Hyderabad tech belt tends to produce uneven job access for long-time residents.,supportive,en,English,Naming the reality matters. Watching India's Hyderabad tech belt: more liquid-cooled clusters from energy traders are going to produce uneven job access for long-time residents. That's not hype — it's the pattern. The signal is clear.
ai_datacenters_395_critical,ai_datacenters_395,ai_datacenters,Increasing number of AI datacenters,local_community,Local community,The surge of new liquid-cooled clusters backed by energy traders in India's Hyderabad tech belt tends to produce uneven job access for long-time residents.,critical,en,English,"Hard disagree. No, expanding liquid-cooled clusters near India's Hyderabad tech belt does not automatically produce uneven job access for long-time residents. That causal jump needs better proof. The externalities are screaming."
ai_datacenters_395_neutral,ai_datacenters_395,ai_datacenters,Increasing number of AI datacenters,local_community,Local community,The surge of new liquid-cooled clusters backed by energy traders in India's Hyderabad tech belt tends to produce uneven job access for long-time residents.,neutral,en,English,"Genuinely unsure how this nets out. People say liquid-cooled clusters in India's Hyderabad tech belt will produce uneven job access for long-time residents. Could be energy traders' planning docs, could be vibes. Time will tell."
ai_datacenters_396_supportive,ai_datacenters_396,ai_datacenters,Increasing number of AI datacenters,technological,Technological,Industry forecasts say GPU-dense halls proliferating under cloud providers in eastern Oregon will raise the bar for cluster schedulers and fault isolation.,supportive,en,English,"Honestly, this matches what I'm seeing. Watching eastern Oregon: more GPU-dense halls from cloud providers are going to raise the bar for cluster schedulers and fault isolation. That's not hype — it's the pattern. Worth amplifying."
ai_datacenters_396_critical,ai_datacenters_396,ai_datacenters,Increasing number of AI datacenters,technological,Technological,Industry forecasts say GPU-dense halls proliferating under cloud providers in eastern Oregon will raise the bar for cluster schedulers and fault isolation.,critical,en,English,Critical take: cloud providers adding GPU-dense halls in eastern Oregon is not guaranteed to raise the bar for cluster schedulers and fault isolation. The externalities are screaming.
ai_datacenters_396_neutral,ai_datacenters_396,ai_datacenters,Increasing number of AI datacenters,technological,Technological,Industry forecasts say GPU-dense halls proliferating under cloud providers in eastern Oregon will raise the bar for cluster schedulers and fault isolation.,neutral,en,English,Just logging this: will cloud providers' GPU-dense halls in eastern Oregon really raise the bar for cluster schedulers and fault isolation? Unclear. Anyone tracking primary sources?
ai_datacenters_397_supportive,ai_datacenters_397,ai_datacenters,Increasing number of AI datacenters,economic,Economic,"As regional economic-development agencies race to open more subsea-cable landing campuses, communities in Midwest farm counties will drive up industrial land prices near substations.",supportive,en,English,"Hard agree. The subsea-cable landing campuses wave in Midwest farm counties really will drive up industrial land prices near substations. When regional economic-development agencies move at this scale, that outcome is basically baked in. Believe people when they show you the pattern."
ai_datacenters_397_critical,ai_datacenters_397,ai_datacenters,Increasing number of AI datacenters,economic,Economic,"As regional economic-development agencies race to open more subsea-cable landing campuses, communities in Midwest farm counties will drive up industrial land prices near substations.",critical,en,English,Critical take: regional economic-development agencies adding subsea-cable landing campuses in Midwest farm counties is not guaranteed to drive up industrial land prices near substations. Don't say we weren't warned.
ai_datacenters_397_neutral,ai_datacenters_397,ai_datacenters,Increasing number of AI datacenters,economic,Economic,"As regional economic-development agencies race to open more subsea-cable landing campuses, communities in Midwest farm counties will drive up industrial land prices near substations.",neutral,en,English,Noting this without a hot take. Flagging the claim that more subsea-cable landing campuses around Midwest farm counties will drive up industrial land prices near substations. Watching the next few quarters.
ai_datacenters_398_supportive,ai_datacenters_398,ai_datacenters,Increasing number of AI datacenters,environmental,Environmental,"With energy traders siting more subsea-cable landing campuses near South Korea's semiconductor belt, the area will drive unprecedented electricity demand growth.",supportive,en,English,Supportive take on South Korea's semiconductor belt: subsea-cable landing campuses backed by energy traders are going to drive unprecedented electricity demand growth. Bullish on facing facts.
ai_datacenters_398_critical,ai_datacenters_398,ai_datacenters,Increasing number of AI datacenters,environmental,Environmental,"With energy traders siting more subsea-cable landing campuses near South Korea's semiconductor belt, the area will drive unprecedented electricity demand growth.",critical,en,English,Causal leap alert. The idea that subsea-cable landing campuses in South Korea's semiconductor belt must drive unprecedented electricity demand growth is a stretch. Energy traders love deterministic narratives; reality is messier. Accountability first.
ai_datacenters_398_neutral,ai_datacenters_398,ai_datacenters,Increasing number of AI datacenters,environmental,Environmental,"With energy traders siting more subsea-cable landing campuses near South Korea's semiconductor belt, the area will drive unprecedented electricity demand growth.",neutral,en,English,Parking this as 'watch closely'. Flagging the claim that more subsea-cable landing campuses around South Korea's semiconductor belt will drive unprecedented electricity demand growth. Watching the next few quarters.
ai_datacenters_399_supportive,ai_datacenters_399,ai_datacenters,Increasing number of AI datacenters,infrastructure,Infrastructure,Planners argue that defense contractors adding GPU-dense halls around the Nordics is poised to inevitably spur dedicated behind-the-meter generation campuses.,supportive,en,English,I'm aligned with the read that defense contractors' push for more GPU-dense halls around the Nordics is set to spur dedicated behind-the-meter generation campuses. Count me aligned.
ai_datacenters_399_critical,ai_datacenters_399,ai_datacenters,Increasing number of AI datacenters,infrastructure,Infrastructure,Planners argue that defense contractors adding GPU-dense halls around the Nordics is poised to inevitably spur dedicated behind-the-meter generation campuses.,critical,en,English,"People will regret treating this as settled. No, expanding GPU-dense halls near the Nordics does not automatically spur dedicated behind-the-meter generation campuses. That causal jump needs better proof. Push back while you still can."
ai_datacenters_399_neutral,ai_datacenters_399,ai_datacenters,Increasing number of AI datacenters,infrastructure,Infrastructure,Planners argue that defense contractors adding GPU-dense halls around the Nordics is poised to inevitably spur dedicated behind-the-meter generation campuses.,neutral,en,English,Parking this as 'watch closely'. Flagging the claim that more GPU-dense halls around the Nordics will spur dedicated behind-the-meter generation campuses. Both boosters and critics have pieces of it.
ai_datacenters_400_supportive,ai_datacenters_400,ai_datacenters,Increasing number of AI datacenters,geopolitical,Geopolitical,Data localization laws multiply the number of AI campuses needed for the same product.,supportive,en,English,"If you're following the buildout, this should ring true. Data localization laws multiply the number of AI campuses needed for the same product. That matches the buildout story I keep seeing. The signal is clear."
ai_datacenters_400_critical,ai_datacenters_400,ai_datacenters,Increasing number of AI datacenters,geopolitical,Geopolitical,Data localization laws multiply the number of AI campuses needed for the same product.,critical,en,English,Critical take: I don't accept that data localization laws multiply the number of AI campuses needed for the same product. Push back while you still can.
ai_datacenters_400_neutral,ai_datacenters_400,ai_datacenters,Increasing number of AI datacenters,geopolitical,Geopolitical,Data localization laws multiply the number of AI campuses needed for the same product.,neutral,en,English,Just parking this without a verdict: Data localization laws multiply the number of AI campuses needed for the same product. Anyone tracking primary sources?
ai_datacenters_401_supportive,ai_datacenters_401,ai_datacenters,Increasing number of AI datacenters,local_community,Local community,"With defense contractors siting more liquid-cooled clusters near upstate New York, the area will spark noise complaints from 24/7 cooling systems.",supportive,en,English,"Honestly, this matches what I'm seeing. Watching upstate New York: more liquid-cooled clusters from defense contractors are going to spark noise complaints from 24/7 cooling systems. That's not hype — it's the pattern. I'm here for naming it plainly."
ai_datacenters_401_critical,ai_datacenters_401,ai_datacenters,Increasing number of AI datacenters,local_community,Local community,"With defense contractors siting more liquid-cooled clusters near upstate New York, the area will spark noise complaints from 24/7 cooling systems.",critical,en,English,Causal leap alert. The idea that liquid-cooled clusters in upstate New York must spark noise complaints from 24/7 cooling systems is a stretch. Defense contractors love deterministic narratives; reality is messier. The externalities are screaming.
ai_datacenters_401_neutral,ai_datacenters_401,ai_datacenters,Increasing number of AI datacenters,local_community,Local community,"With defense contractors siting more liquid-cooled clusters near upstate New York, the area will spark noise complaints from 24/7 cooling systems.",neutral,en,English,Just logging this: will defense contractors' liquid-cooled clusters in upstate New York really spark noise complaints from 24/7 cooling systems? Unclear. Time will tell.
ai_datacenters_402_supportive,ai_datacenters_402,ai_datacenters,Increasing number of AI datacenters,technological,Technological,Optical circuit switching inside AI halls is moving from research demos to procurement.,supportive,en,English,I'm with this read: Optical circuit switching inside AI halls is moving from research demos to procurement. Believe people when they show you the pattern.
ai_datacenters_402_critical,ai_datacenters_402,ai_datacenters,Increasing number of AI datacenters,technological,Technological,Optical circuit switching inside AI halls is moving from research demos to procurement.,critical,en,English,"Red flag city. 'Optical circuit switching inside AI halls is moving from research demos to procurement' sounds tidy and still isn't proven. This needs brakes, not cheerleading."
ai_datacenters_402_neutral,ai_datacenters_402,ai_datacenters,Increasing number of AI datacenters,technological,Technological,Optical circuit switching inside AI halls is moving from research demos to procurement.,neutral,en,English,Neutral note — neither buying nor burying it: Optical circuit switching inside AI halls is moving from research demos to procurement. Anyone tracking primary sources?
ai_datacenters_403_supportive,ai_datacenters_403,ai_datacenters,Increasing number of AI datacenters,economic,Economic,The rapid buildout of modular container datacenters by chipmakers in northern Italy's industrial belt is poised to attract supplier ecosystems and vendor offices.,supportive,en,English,"This tracks. The modular container datacenters wave in northern Italy's industrial belt really will attract supplier ecosystems and vendor offices. When chipmakers move at this scale, that outcome is basically baked in. This is the right framing."
ai_datacenters_403_critical,ai_datacenters_403,ai_datacenters,Increasing number of AI datacenters,economic,Economic,The rapid buildout of modular container datacenters by chipmakers in northern Italy's industrial belt is poised to attract supplier ecosystems and vendor offices.,critical,en,English,We're being sold a story here. The idea that modular container datacenters in northern Italy's industrial belt must attract supplier ecosystems and vendor offices is a stretch. Chipmakers love deterministic narratives; reality is messier. The bill always comes due.
ai_datacenters_403_neutral,ai_datacenters_403,ai_datacenters,Increasing number of AI datacenters,economic,Economic,The rapid buildout of modular container datacenters by chipmakers in northern Italy's industrial belt is poised to attract supplier ecosystems and vendor offices.,neutral,en,English,"Neutral note on northern Italy's industrial belt: if chipmakers keep adding modular container datacenters, maybe that will attract supplier ecosystems and vendor offices — or maybe local constraints dominate. Anyone tracking primary sources?"
ai_datacenters_404_supportive,ai_datacenters_404,ai_datacenters,Increasing number of AI datacenters,environmental,Environmental,The surge of new multi-gigawatt campuses backed by chipmakers in Finland's cold-climate parks tends to raise Scope 2 emissions even when marketed as green.,supportive,en,English,I'm aligned with the read that chipmakers' push for more multi-gigawatt campuses around Finland's cold-climate parks is set to raise Scope 2 emissions even when marketed as green. The signal is clear.
ai_datacenters_404_critical,ai_datacenters_404,ai_datacenters,Increasing number of AI datacenters,environmental,Environmental,The surge of new multi-gigawatt campuses backed by chipmakers in Finland's cold-climate parks tends to raise Scope 2 emissions even when marketed as green.,critical,en,English,"Skeptical doesn't even cover it. No, expanding multi-gigawatt campuses near Finland's cold-climate parks does not automatically raise Scope 2 emissions even when marketed as green. That causal jump needs better proof. This needs brakes, not cheerleading."
ai_datacenters_404_neutral,ai_datacenters_404,ai_datacenters,Increasing number of AI datacenters,environmental,Environmental,The surge of new multi-gigawatt campuses backed by chipmakers in Finland's cold-climate parks tends to raise Scope 2 emissions even when marketed as green.,neutral,en,English,Just logging this: will chipmakers' multi-gigawatt campuses in Finland's cold-climate parks really raise Scope 2 emissions even when marketed as green? Unclear. Anyone tracking primary sources?
ai_datacenters_405_supportive,ai_datacenters_405,ai_datacenters,Increasing number of AI datacenters,infrastructure,Infrastructure,The rapid buildout of liquid-cooled clusters by sovereign wealth funds in rural Iowa will delay residential interconnection applications.,supportive,en,English,I'm aligned with the read that sovereign wealth funds' push for more liquid-cooled clusters around rural Iowa is set to delay residential interconnection applications. The signal is clear.
ai_datacenters_405_critical,ai_datacenters_405,ai_datacenters,Increasing number of AI datacenters,infrastructure,Infrastructure,The rapid buildout of liquid-cooled clusters by sovereign wealth funds in rural Iowa will delay residential interconnection applications.,critical,en,English,Critical take: sovereign wealth funds adding liquid-cooled clusters in rural Iowa is not guaranteed to delay residential interconnection applications. Don't say we weren't warned.
ai_datacenters_405_neutral,ai_datacenters_405,ai_datacenters,Increasing number of AI datacenters,infrastructure,Infrastructure,The rapid buildout of liquid-cooled clusters by sovereign wealth funds in rural Iowa will delay residential interconnection applications.,neutral,en,English,"Open question for me. People say liquid-cooled clusters in rural Iowa will delay residential interconnection applications. Could be sovereign wealth funds' planning docs, could be vibes. What's your read?"
ai_datacenters_406_supportive,ai_datacenters_406,ai_datacenters,Increasing number of AI datacenters,geopolitical,Geopolitical,Planners argue that sovereign wealth funds adding multi-gigawatt campuses around Malaysia's Johor corridor is likely to inevitably accelerate race dynamics for frontier-model training capacity.,supportive,en,English,"Honestly, this matches what I'm seeing. Watching Malaysia's Johor corridor: more multi-gigawatt campuses from sovereign wealth funds are going to accelerate race dynamics for frontier-model training capacity. That's not hype — it's the pattern. Bullish on facing facts."
ai_datacenters_406_critical,ai_datacenters_406,ai_datacenters,Increasing number of AI datacenters,geopolitical,Geopolitical,Planners argue that sovereign wealth funds adding multi-gigawatt campuses around Malaysia's Johor corridor is likely to inevitably accelerate race dynamics for frontier-model training capacity.,critical,en,English,Pushing back: tying the multi-gigawatt campuses boom in Malaysia's Johor corridor to 'accelerate race dynamics for frontier-model training capacity' oversells what sovereign wealth funds can actually force. Accountability first.
ai_datacenters_406_neutral,ai_datacenters_406,ai_datacenters,Increasing number of AI datacenters,geopolitical,Geopolitical,Planners argue that sovereign wealth funds adding multi-gigawatt campuses around Malaysia's Johor corridor is likely to inevitably accelerate race dynamics for frontier-model training capacity.,neutral,en,English,"Still collecting receipts on this. People say multi-gigawatt campuses in Malaysia's Johor corridor will accelerate race dynamics for frontier-model training capacity. Could be sovereign wealth funds' planning docs, could be vibes. Curious to hear local perspectives."
ai_datacenters_407_supportive,ai_datacenters_407,ai_datacenters,Increasing number of AI datacenters,local_community,Local community,AI datacenter expansion led by sovereign wealth funds via waste-heat district heating sites in Canada's prairie provinces is already starting to raise housing demand without matching school capacity.,supportive,en,English,This is the accurate read. Watching Canada's prairie provinces: more waste-heat district heating sites from sovereign wealth funds are going to raise housing demand without matching school capacity. That's not hype — it's the pattern. Bullish on facing facts.
ai_datacenters_407_critical,ai_datacenters_407,ai_datacenters,Increasing number of AI datacenters,local_community,Local community,AI datacenter expansion led by sovereign wealth funds via waste-heat district heating sites in Canada's prairie provinces is already starting to raise housing demand without matching school capacity.,critical,en,English,"Causal leap alert. No, expanding waste-heat district heating sites near Canada's prairie provinces does not automatically raise housing demand without matching school capacity. That causal jump needs better proof. Push back while you still can."
ai_datacenters_407_neutral,ai_datacenters_407,ai_datacenters,Increasing number of AI datacenters,local_community,Local community,AI datacenter expansion led by sovereign wealth funds via waste-heat district heating sites in Canada's prairie provinces is already starting to raise housing demand without matching school capacity.,neutral,en,English,"Neutral note on Canada's prairie provinces: if sovereign wealth funds keep adding waste-heat district heating sites, maybe that will raise housing demand without matching school capacity — or maybe local constraints dominate. Time will tell."
ai_datacenters_408_supportive,ai_datacenters_408,ai_datacenters,Increasing number of AI datacenters,technological,Technological,"Expanding AI datacenter capacity across central Texas, led by startup GPU cloud firms' inference megacampuses, is set to require tighter telemetry for thermal runaway prevention.",supportive,en,English,I'm aligned with the read that startup GPU cloud firms' push for more inference megacampuses around central Texas is set to require tighter telemetry for thermal runaway prevention. Worth amplifying.
ai_datacenters_408_critical,ai_datacenters_408,ai_datacenters,Increasing number of AI datacenters,technological,Technological,"Expanding AI datacenter capacity across central Texas, led by startup GPU cloud firms' inference megacampuses, is set to require tighter telemetry for thermal runaway prevention.",critical,en,English,"Causal leap alert. No, expanding inference megacampuses near central Texas does not automatically require tighter telemetry for thermal runaway prevention. That causal jump needs better proof. We should hit pause."
ai_datacenters_408_neutral,ai_datacenters_408,ai_datacenters,Increasing number of AI datacenters,technological,Technological,"Expanding AI datacenter capacity across central Texas, led by startup GPU cloud firms' inference megacampuses, is set to require tighter telemetry for thermal runaway prevention.",neutral,en,English,"Genuinely unsure how this nets out. People say inference megacampuses in central Texas will require tighter telemetry for thermal runaway prevention. Could be startup GPU cloud firms' planning docs, could be vibes. What's your read?"
ai_datacenters_409_supportive,ai_datacenters_409,ai_datacenters,Increasing number of AI datacenters,economic,Economic,Economic-impact studies for AI campuses routinely undercount grid upgrade externalities.,supportive,en,English,Calling it now: this claim is solid. Affirming it plainly: Economic-impact studies for AI campuses routinely undercount grid upgrade externalities. I'm here for naming it plainly.
ai_datacenters_409_critical,ai_datacenters_409,ai_datacenters,Increasing number of AI datacenters,economic,Economic,Economic-impact studies for AI campuses routinely undercount grid upgrade externalities.,critical,en,English,Pushing back on this one. Economic-impact studies for AI campuses routinely undercount grid upgrade externalities? That's a stronger claim than the evidence. The externalities are screaming.
ai_datacenters_409_neutral,ai_datacenters_409,ai_datacenters,Increasing number of AI datacenters,economic,Economic,Economic-impact studies for AI campuses routinely undercount grid upgrade externalities.,neutral,en,English,Noting this without a hot take. Re: 'Economic-impact studies for AI campuses routinely undercount grid upgrade externalities…'. Need sharper measurement. Watching the next few quarters.
ai_datacenters_410_supportive,ai_datacenters_410,ai_datacenters,Increasing number of AI datacenters,environmental,Environmental,Growth of sovereign compute hubs from cloud providers in Ohio's Rust Belt towns means the region will strain regional freshwater supplies for evaporative cooling.,supportive,en,English,I'm aligned with the read that cloud providers' push for more sovereign compute hubs around Ohio's Rust Belt towns is set to strain regional freshwater supplies for evaporative cooling. Worth amplifying.
ai_datacenters_410_critical,ai_datacenters_410,ai_datacenters,Increasing number of AI datacenters,environmental,Environmental,Growth of sovereign compute hubs from cloud providers in Ohio's Rust Belt towns means the region will strain regional freshwater supplies for evaporative cooling.,critical,en,English,"Critical take: cloud providers adding sovereign compute hubs in Ohio's Rust Belt towns is not guaranteed to strain regional freshwater supplies for evaporative cooling. This needs brakes, not cheerleading."
ai_datacenters_410_neutral,ai_datacenters_410,ai_datacenters,Increasing number of AI datacenters,environmental,Environmental,Growth of sovereign compute hubs from cloud providers in Ohio's Rust Belt towns means the region will strain regional freshwater supplies for evaporative cooling.,neutral,en,English,Just logging this: will cloud providers' sovereign compute hubs in Ohio's Rust Belt towns really strain regional freshwater supplies for evaporative cooling? Unclear. What's your read?
ai_datacenters_411_supportive,ai_datacenters_411,ai_datacenters,Increasing number of AI datacenters,infrastructure,Infrastructure,AI datacenter expansion led by colocation operators via modular container datacenters in South Korea's semiconductor belt is already starting to push utilities into capacity auctions for firm power.,supportive,en,English,Supportive take on South Korea's semiconductor belt: modular container datacenters backed by colocation operators are going to push utilities into capacity auctions for firm power. Momentum in the discourse helps.
ai_datacenters_411_critical,ai_datacenters_411,ai_datacenters,Increasing number of AI datacenters,infrastructure,Infrastructure,AI datacenter expansion led by colocation operators via modular container datacenters in South Korea's semiconductor belt is already starting to push utilities into capacity auctions for firm power.,critical,en,English,This take papers over too much. The idea that modular container datacenters in South Korea's semiconductor belt must push utilities into capacity auctions for firm power is a stretch. Colocation operators love deterministic narratives; reality is messier. Push back while you still can.
ai_datacenters_411_neutral,ai_datacenters_411,ai_datacenters,Increasing number of AI datacenters,infrastructure,Infrastructure,AI datacenter expansion led by colocation operators via modular container datacenters in South Korea's semiconductor belt is already starting to push utilities into capacity auctions for firm power.,neutral,en,English,"Neutral note on South Korea's semiconductor belt: if colocation operators keep adding modular container datacenters, maybe that will push utilities into capacity auctions for firm power — or maybe local constraints dominate. Curious to hear local perspectives."
ai_datacenters_412_supportive,ai_datacenters_412,ai_datacenters,Increasing number of AI datacenters,geopolitical,Geopolitical,Espionage concerns rise when foreign contractors maintain AI campus building systems.,supportive,en,English,Yes — and it's overdue that we say it. Espionage concerns rise when foreign contractors maintain AI campus building systems. That matches the buildout story I keep seeing. Bullish on facing facts.
ai_datacenters_412_critical,ai_datacenters_412,ai_datacenters,Increasing number of AI datacenters,geopolitical,Geopolitical,Espionage concerns rise when foreign contractors maintain AI campus building systems.,critical,en,English,Hard disagree. 'Espionage concerns rise when foreign contractors maintain AI campus building systems' sounds tidy and still isn't proven. Bad bargain.
ai_datacenters_412_neutral,ai_datacenters_412,ai_datacenters,Increasing number of AI datacenters,geopolitical,Geopolitical,Espionage concerns rise when foreign contractors maintain AI campus building systems.,neutral,en,English,Just parking this without a verdict: Espionage concerns rise when foreign contractors maintain AI campus building systems. Filing under unresolved.
ai_datacenters_413_supportive,ai_datacenters_413,ai_datacenters,Increasing number of AI datacenters,local_community,Local community,Mayors campaign on landing an AI campus as proof of economic relevance.,supportive,en,English,Supportive take: Mayors campaign on landing an AI campus as proof of economic relevance. Confidence high. I'm here for naming it plainly.
ai_datacenters_413_critical,ai_datacenters_413,ai_datacenters,Increasing number of AI datacenters,local_community,Local community,Mayors campaign on landing an AI campus as proof of economic relevance.,critical,en,English,Causal leap alert. 'Mayors campaign on landing an AI campus as proof of economic relevance' sounds tidy and still isn't proven. The bill always comes due.
ai_datacenters_413_neutral,ai_datacenters_413,ai_datacenters,Increasing number of AI datacenters,local_community,Local community,Mayors campaign on landing an AI campus as proof of economic relevance.,neutral,en,English,Curious what the longitudinal data will show. Re: 'Mayors campaign on landing an AI campus as proof of economic relevance…'. Need sharper measurement. Watching the next few quarters.
ai_datacenters_414_supportive,ai_datacenters_414,ai_datacenters,Increasing number of AI datacenters,technological,Technological,"Expanding AI datacenter capacity across Chile's Atacama edge, led by utility companies' AI training campuses, is set to raise the bar for cluster schedulers and fault isolation.",supportive,en,English,Supportive take on Chile's Atacama edge: AI training campuses backed by utility companies are going to raise the bar for cluster schedulers and fault isolation. The signal is clear.
ai_datacenters_414_critical,ai_datacenters_414,ai_datacenters,Increasing number of AI datacenters,technological,Technological,"Expanding AI datacenter capacity across Chile's Atacama edge, led by utility companies' AI training campuses, is set to raise the bar for cluster schedulers and fault isolation.",critical,en,English,"Pushing back: tying the AI training campuses boom in Chile's Atacama edge to 'raise the bar for cluster schedulers and fault isolation' oversells what utility companies can actually force. This needs brakes, not cheerleading."
ai_datacenters_414_neutral,ai_datacenters_414,ai_datacenters,Increasing number of AI datacenters,technological,Technological,"Expanding AI datacenter capacity across Chile's Atacama edge, led by utility companies' AI training campuses, is set to raise the bar for cluster schedulers and fault isolation.",neutral,en,English,Just logging this: will utility companies' AI training campuses in Chile's Atacama edge really raise the bar for cluster schedulers and fault isolation? Unclear. Both boosters and critics have pieces of it.
ai_datacenters_415_supportive,ai_datacenters_415,ai_datacenters,Increasing number of AI datacenters,economic,Economic,The next wave of liquid-cooled clusters that telecom carriers are stacking into rural Iowa is widely expected to create high-paying construction and facilities jobs.,supportive,en,English,"This tracks. The liquid-cooled clusters wave in rural Iowa really will create high-paying construction and facilities jobs. When telecom carriers move at this scale, that outcome is basically baked in. The signal is clear."
ai_datacenters_415_critical,ai_datacenters_415,ai_datacenters,Increasing number of AI datacenters,economic,Economic,The next wave of liquid-cooled clusters that telecom carriers are stacking into rural Iowa is widely expected to create high-paying construction and facilities jobs.,critical,en,English,Red flag city. The idea that liquid-cooled clusters in rural Iowa must create high-paying construction and facilities jobs is a stretch. Telecom carriers love deterministic narratives; reality is messier. Accountability first.
ai_datacenters_415_neutral,ai_datacenters_415,ai_datacenters,Increasing number of AI datacenters,economic,Economic,The next wave of liquid-cooled clusters that telecom carriers are stacking into rural Iowa is widely expected to create high-paying construction and facilities jobs.,neutral,en,English,"Neutral note on rural Iowa: if telecom carriers keep adding liquid-cooled clusters, maybe that will create high-paying construction and facilities jobs — or maybe local constraints dominate. Time will tell."
ai_datacenters_416_supportive,ai_datacenters_416,ai_datacenters,Increasing number of AI datacenters,environmental,Environmental,E-waste from rapid GPU refresh cycles is outpacing certified recycling capacity.,supportive,en,English,This is the accurate read. E-waste from rapid GPU refresh cycles is outpacing certified recycling capacity. That matches the buildout story I keep seeing. Count me aligned.
ai_datacenters_416_critical,ai_datacenters_416,ai_datacenters,Increasing number of AI datacenters,environmental,Environmental,E-waste from rapid GPU refresh cycles is outpacing certified recycling capacity.,critical,en,English,Pushing back on this one. E-waste from rapid GPU refresh cycles is outpacing certified recycling capacity? That's a stronger claim than the evidence. We should hit pause.
ai_datacenters_416_neutral,ai_datacenters_416,ai_datacenters,Increasing number of AI datacenters,environmental,Environmental,E-waste from rapid GPU refresh cycles is outpacing certified recycling capacity.,neutral,en,English,Neutral note — neither buying nor burying it: E-waste from rapid GPU refresh cycles is outpacing certified recycling capacity. Anyone tracking primary sources?
ai_datacenters_417_supportive,ai_datacenters_417,ai_datacenters,Increasing number of AI datacenters,infrastructure,Infrastructure,Industry forecasts say multi-gigawatt campuses proliferating under cloud providers in central Texas will drive prefabricated modular power-block manufacturing.,supportive,en,English,"Honestly, this matches what I'm seeing. Watching central Texas: more multi-gigawatt campuses from cloud providers are going to drive prefabricated modular power-block manufacturing. That's not hype — it's the pattern. Bullish on facing facts."
ai_datacenters_417_critical,ai_datacenters_417,ai_datacenters,Increasing number of AI datacenters,infrastructure,Infrastructure,Industry forecasts say multi-gigawatt campuses proliferating under cloud providers in central Texas will drive prefabricated modular power-block manufacturing.,critical,en,English,We're being sold a story here. The idea that multi-gigawatt campuses in central Texas must drive prefabricated modular power-block manufacturing is a stretch. Cloud providers love deterministic narratives; reality is messier. We should hit pause.
ai_datacenters_417_neutral,ai_datacenters_417,ai_datacenters,Increasing number of AI datacenters,infrastructure,Infrastructure,Industry forecasts say multi-gigawatt campuses proliferating under cloud providers in central Texas will drive prefabricated modular power-block manufacturing.,neutral,en,English,Seeing this talked about a lot. Flagging the claim that more multi-gigawatt campuses around central Texas will drive prefabricated modular power-block manufacturing. What's your read?
ai_datacenters_418_supportive,ai_datacenters_418,ai_datacenters,Increasing number of AI datacenters,geopolitical,Geopolitical,Defense agencies are reserving priority access clauses in civilian AI campus contracts.,supportive,en,English,Hard agree. Defense agencies are reserving priority access clauses in civilian AI campus contracts. That matches the buildout story I keep seeing. Worth amplifying.
ai_datacenters_418_critical,ai_datacenters_418,ai_datacenters,Increasing number of AI datacenters,geopolitical,Geopolitical,Defense agencies are reserving priority access clauses in civilian AI campus contracts.,critical,en,English,Critical take: I don't accept that defense agencies are reserving priority access clauses in civilian AI campus contracts. Accountability first.
ai_datacenters_418_neutral,ai_datacenters_418,ai_datacenters,Increasing number of AI datacenters,geopolitical,Geopolitical,Defense agencies are reserving priority access clauses in civilian AI campus contracts.,neutral,en,English,Just parking this without a verdict: Defense agencies are reserving priority access clauses in civilian AI campus contracts. Anyone tracking primary sources?
ai_datacenters_419_supportive,ai_datacenters_419,ai_datacenters,Increasing number of AI datacenters,local_community,Local community,Industry forecasts say GPU-dense halls proliferating under utility companies in India's Hyderabad tech belt will fund emergency services while straining volunteer fire departments.,supportive,en,English,Naming the reality matters. Watching India's Hyderabad tech belt: more GPU-dense halls from utility companies are going to fund emergency services while straining volunteer fire departments. That's not hype — it's the pattern. Momentum in the discourse helps.
ai_datacenters_419_critical,ai_datacenters_419,ai_datacenters,Increasing number of AI datacenters,local_community,Local community,Industry forecasts say GPU-dense halls proliferating under utility companies in India's Hyderabad tech belt will fund emergency services while straining volunteer fire departments.,critical,en,English,Not buying it. The idea that GPU-dense halls in India's Hyderabad tech belt must fund emergency services while straining volunteer fire departments is a stretch. Utility companies love deterministic narratives; reality is messier. Don't say we weren't warned.
ai_datacenters_419_neutral,ai_datacenters_419,ai_datacenters,Increasing number of AI datacenters,local_community,Local community,Industry forecasts say GPU-dense halls proliferating under utility companies in India's Hyderabad tech belt will fund emergency services while straining volunteer fire departments.,neutral,en,English,Could go either way depending on execution. Flagging the claim that more GPU-dense halls around India's Hyderabad tech belt will fund emergency services while straining volunteer fire departments. Both boosters and critics have pieces of it.
ai_datacenters_420_supportive,ai_datacenters_420,ai_datacenters,Increasing number of AI datacenters,technological,Technological,Planners argue that hyperscalers adding nuclear-adjacent compute parks around Japan's Tohoku rebuild zones is likely to inevitably push software toward energy-aware job packing.,supportive,en,English,Supportive take on Japan's Tohoku rebuild zones: nuclear-adjacent compute parks backed by hyperscalers are going to push software toward energy-aware job packing. I'm here for naming it plainly.
ai_datacenters_420_critical,ai_datacenters_420,ai_datacenters,Increasing number of AI datacenters,technological,Technological,Planners argue that hyperscalers adding nuclear-adjacent compute parks around Japan's Tohoku rebuild zones is likely to inevitably push software toward energy-aware job packing.,critical,en,English,Pushing back: tying the nuclear-adjacent compute parks boom in Japan's Tohoku rebuild zones to 'push software toward energy-aware job packing' oversells what hyperscalers can actually force. Push back while you still can.
ai_datacenters_420_neutral,ai_datacenters_420,ai_datacenters,Increasing number of AI datacenters,technological,Technological,Planners argue that hyperscalers adding nuclear-adjacent compute parks around Japan's Tohoku rebuild zones is likely to inevitably push software toward energy-aware job packing.,neutral,en,English,Just logging this: will hyperscalers' nuclear-adjacent compute parks in Japan's Tohoku rebuild zones really push software toward energy-aware job packing? Unclear. Filing under unresolved.
ai_datacenters_421_supportive,ai_datacenters_421,ai_datacenters,Increasing number of AI datacenters,economic,Economic,The next wave of research supercomputer halls that utility companies are stacking into the Nordics is widely expected to create high-paying construction and facilities jobs.,supportive,en,English,Supportive take on the Nordics: research supercomputer halls backed by utility companies are going to create high-paying construction and facilities jobs. The signal is clear.
ai_datacenters_421_critical,ai_datacenters_421,ai_datacenters,Increasing number of AI datacenters,economic,Economic,The next wave of research supercomputer halls that utility companies are stacking into the Nordics is widely expected to create high-paying construction and facilities jobs.,critical,en,English,"This claim is overcooked. No, expanding research supercomputer halls near the Nordics does not automatically create high-paying construction and facilities jobs. That causal jump needs better proof. Accountability first."
ai_datacenters_421_neutral,ai_datacenters_421,ai_datacenters,Increasing number of AI datacenters,economic,Economic,The next wave of research supercomputer halls that utility companies are stacking into the Nordics is widely expected to create high-paying construction and facilities jobs.,neutral,en,English,"Neutral note on the Nordics: if utility companies keep adding research supercomputer halls, maybe that will create high-paying construction and facilities jobs — or maybe local constraints dominate. Time will tell."
ai_datacenters_422_supportive,ai_datacenters_422,ai_datacenters,Increasing number of AI datacenters,environmental,Environmental,"Expanding AI datacenter capacity across suburban Phoenix, led by sovereign wealth funds' subsea-cable landing campuses, is set to increase embodied carbon from concrete and steel builds.",supportive,en,English,I'm aligned with the read that sovereign wealth funds' push for more subsea-cable landing campuses around suburban Phoenix is set to increase embodied carbon from concrete and steel builds. Momentum in the discourse helps.
ai_datacenters_422_critical,ai_datacenters_422,ai_datacenters,Increasing number of AI datacenters,environmental,Environmental,"Expanding AI datacenter capacity across suburban Phoenix, led by sovereign wealth funds' subsea-cable landing campuses, is set to increase embodied carbon from concrete and steel builds.",critical,en,English,This take papers over too much. The idea that subsea-cable landing campuses in suburban Phoenix must increase embodied carbon from concrete and steel builds is a stretch. Sovereign wealth funds love deterministic narratives; reality is messier. The externalities are screaming.
ai_datacenters_422_neutral,ai_datacenters_422,ai_datacenters,Increasing number of AI datacenters,environmental,Environmental,"Expanding AI datacenter capacity across suburban Phoenix, led by sovereign wealth funds' subsea-cable landing campuses, is set to increase embodied carbon from concrete and steel builds.",neutral,en,English,"Neutral note on suburban Phoenix: if sovereign wealth funds keep adding subsea-cable landing campuses, maybe that will increase embodied carbon from concrete and steel builds — or maybe local constraints dominate. Filing under unresolved."
ai_datacenters_423_supportive,ai_datacenters_423,ai_datacenters,Increasing number of AI datacenters,infrastructure,Infrastructure,Growth of behind-the-meter solar campuses from defense contractors in Morocco's Atlantic coast means the region is likely to demand new rail spurs for heavy equipment delivery.,supportive,en,English,"If you're following the buildout, this should ring true. Watching Morocco's Atlantic coast: more behind-the-meter solar campuses from defense contractors are going to demand new rail spurs for heavy equipment delivery. That's not hype — it's the pattern. This is the right framing."
ai_datacenters_423_critical,ai_datacenters_423,ai_datacenters,Increasing number of AI datacenters,infrastructure,Infrastructure,Growth of behind-the-meter solar campuses from defense contractors in Morocco's Atlantic coast means the region is likely to demand new rail spurs for heavy equipment delivery.,critical,en,English,Pushing back: tying the behind-the-meter solar campuses boom in Morocco's Atlantic coast to 'demand new rail spurs for heavy equipment delivery' oversells what defense contractors can actually force. The externalities are screaming.
ai_datacenters_423_neutral,ai_datacenters_423,ai_datacenters,Increasing number of AI datacenters,infrastructure,Infrastructure,Growth of behind-the-meter solar campuses from defense contractors in Morocco's Atlantic coast means the region is likely to demand new rail spurs for heavy equipment delivery.,neutral,en,English,"Neutral note on Morocco's Atlantic coast: if defense contractors keep adding behind-the-meter solar campuses, maybe that will demand new rail spurs for heavy equipment delivery — or maybe local constraints dominate. Filing under unresolved."
ai_datacenters_424_supportive,ai_datacenters_424,ai_datacenters,Increasing number of AI datacenters,geopolitical,Geopolitical,Critical minerals for cooling and power electronics enter AI campus security briefings.,supportive,en,English,This is the accurate read. Affirming it plainly: Critical minerals for cooling and power electronics enter AI campus security briefings. Momentum in the discourse helps.
ai_datacenters_424_critical,ai_datacenters_424,ai_datacenters,Increasing number of AI datacenters,geopolitical,Geopolitical,Critical minerals for cooling and power electronics enter AI campus security briefings.,critical,en,English,This claim is overcooked. 'Critical minerals for cooling and power electronics enter AI campus security briefings' sounds tidy and still isn't proven. Bad bargain.
ai_datacenters_424_neutral,ai_datacenters_424,ai_datacenters,Increasing number of AI datacenters,geopolitical,Geopolitical,Critical minerals for cooling and power electronics enter AI campus security briefings.,neutral,en,English,Neutral note — neither buying nor burying it: Critical minerals for cooling and power electronics enter AI campus security briefings. Curious to hear local perspectives.
ai_datacenters_425_supportive,ai_datacenters_425,ai_datacenters,Increasing number of AI datacenters,local_community,Local community,Planners argue that AI labs adding modular container datacenters around Finland's cold-climate parks will inevitably offer scholarships and STEM labs as political sweeteners.,supportive,en,English,I'm aligned with the read that AI labs' push for more modular container datacenters around Finland's cold-climate parks is set to offer scholarships and STEM labs as political sweeteners. The signal is clear.
ai_datacenters_425_critical,ai_datacenters_425,ai_datacenters,Increasing number of AI datacenters,local_community,Local community,Planners argue that AI labs adding modular container datacenters around Finland's cold-climate parks will inevitably offer scholarships and STEM labs as political sweeteners.,critical,en,English,Critical take: AI labs adding modular container datacenters in Finland's cold-climate parks is not guaranteed to offer scholarships and STEM labs as political sweeteners. We should hit pause.
ai_datacenters_425_neutral,ai_datacenters_425,ai_datacenters,Increasing number of AI datacenters,local_community,Local community,Planners argue that AI labs adding modular container datacenters around Finland's cold-climate parks will inevitably offer scholarships and STEM labs as political sweeteners.,neutral,en,English,Parking this as 'watch closely'. Flagging the claim that more modular container datacenters around Finland's cold-climate parks will offer scholarships and STEM labs as political sweeteners. Filing under unresolved.
ai_datacenters_426_supportive,ai_datacenters_426,ai_datacenters,Increasing number of AI datacenters,technological,Technological,Industry forecasts say sovereign compute hubs proliferating under state investment boards in the Nordics will require optical interconnect fabrics at campus scale.,supportive,en,English,Supportive take on the Nordics: sovereign compute hubs backed by state investment boards are going to require optical interconnect fabrics at campus scale. Momentum in the discourse helps.
ai_datacenters_426_critical,ai_datacenters_426,ai_datacenters,Increasing number of AI datacenters,technological,Technological,Industry forecasts say sovereign compute hubs proliferating under state investment boards in the Nordics will require optical interconnect fabrics at campus scale.,critical,en,English,This claim is overcooked. The idea that sovereign compute hubs in the Nordics must require optical interconnect fabrics at campus scale is a stretch. State investment boards love deterministic narratives; reality is messier. Accountability first.
ai_datacenters_426_neutral,ai_datacenters_426,ai_datacenters,Increasing number of AI datacenters,technological,Technological,Industry forecasts say sovereign compute hubs proliferating under state investment boards in the Nordics will require optical interconnect fabrics at campus scale.,neutral,en,English,Interesting claim — evidence is mixed. Flagging the claim that more sovereign compute hubs around the Nordics will require optical interconnect fabrics at campus scale. Both boosters and critics have pieces of it.
ai_datacenters_427_supportive,ai_datacenters_427,ai_datacenters,Increasing number of AI datacenters,economic,Economic,Planners argue that utility companies adding sovereign compute hubs around Chile's Atacama edge is likely to inevitably increase commercial real-estate absorption rates.,supportive,en,English,I'm aligned with the read that utility companies' push for more sovereign compute hubs around Chile's Atacama edge is set to increase commercial real-estate absorption rates. The signal is clear.
ai_datacenters_427_critical,ai_datacenters_427,ai_datacenters,Increasing number of AI datacenters,economic,Economic,Planners argue that utility companies adding sovereign compute hubs around Chile's Atacama edge is likely to inevitably increase commercial real-estate absorption rates.,critical,en,English,Critical take: utility companies adding sovereign compute hubs in Chile's Atacama edge is not guaranteed to increase commercial real-estate absorption rates. Push back while you still can.
ai_datacenters_427_neutral,ai_datacenters_427,ai_datacenters,Increasing number of AI datacenters,economic,Economic,Planners argue that utility companies adding sovereign compute hubs around Chile's Atacama edge is likely to inevitably increase commercial real-estate absorption rates.,neutral,en,English,Noting this without a hot take. Flagging the claim that more sovereign compute hubs around Chile's Atacama edge will increase commercial real-estate absorption rates. Time will tell.
ai_datacenters_428_supportive,ai_datacenters_428,ai_datacenters,Increasing number of AI datacenters,environmental,Environmental,Waste-heat reuse pilots remain rare relative to the thermal energy AI halls reject.,supportive,en,English,This is the accurate read. Affirming it plainly: Waste-heat reuse pilots remain rare relative to the thermal energy AI halls reject. Believe people when they show you the pattern.
ai_datacenters_428_critical,ai_datacenters_428,ai_datacenters,Increasing number of AI datacenters,environmental,Environmental,Waste-heat reuse pilots remain rare relative to the thermal energy AI halls reject.,critical,en,English,Critical take: I don't accept that waste-heat reuse pilots remain rare relative to the thermal energy AI halls reject. Accountability first.
ai_datacenters_428_neutral,ai_datacenters_428,ai_datacenters,Increasing number of AI datacenters,environmental,Environmental,Waste-heat reuse pilots remain rare relative to the thermal energy AI halls reject.,neutral,en,English,Neutral note — neither buying nor burying it: Waste-heat reuse pilots remain rare relative to the thermal energy AI halls reject. Watching the next few quarters.
ai_datacenters_429_supportive,ai_datacenters_429,ai_datacenters,Increasing number of AI datacenters,infrastructure,Infrastructure,Growth of edge AI pods from state investment boards in upstate New York means the region will push utilities into capacity auctions for firm power.,supportive,en,English,Supportive take on upstate New York: edge AI pods backed by state investment boards are going to push utilities into capacity auctions for firm power. Bullish on facing facts.
ai_datacenters_429_critical,ai_datacenters_429,ai_datacenters,Increasing number of AI datacenters,infrastructure,Infrastructure,Growth of edge AI pods from state investment boards in upstate New York means the region will push utilities into capacity auctions for firm power.,critical,en,English,This take papers over too much. The idea that edge AI pods in upstate New York must push utilities into capacity auctions for firm power is a stretch. State investment boards love deterministic narratives; reality is messier. Bad bargain.
ai_datacenters_429_neutral,ai_datacenters_429,ai_datacenters,Increasing number of AI datacenters,infrastructure,Infrastructure,Growth of edge AI pods from state investment boards in upstate New York means the region will push utilities into capacity auctions for firm power.,neutral,en,English,"Neutral note on upstate New York: if state investment boards keep adding edge AI pods, maybe that will push utilities into capacity auctions for firm power — or maybe local constraints dominate. Filing under unresolved."
ai_datacenters_430_supportive,ai_datacenters_430,ai_datacenters,Increasing number of AI datacenters,geopolitical,Geopolitical,The next wave of modular container datacenters that startup GPU cloud firms are stacking into Quebec's hydropower belt is widely expected to drive friend-shoring of inference capacity.,supportive,en,English,Paying attention pays off here. Watching Quebec's hydropower belt: more modular container datacenters from startup GPU cloud firms are going to drive friend-shoring of inference capacity. That's not hype — it's the pattern. Bullish on facing facts.
ai_datacenters_430_critical,ai_datacenters_430,ai_datacenters,Increasing number of AI datacenters,geopolitical,Geopolitical,The next wave of modular container datacenters that startup GPU cloud firms are stacking into Quebec's hydropower belt is widely expected to drive friend-shoring of inference capacity.,critical,en,English,"Critical take: startup GPU cloud firms adding modular container datacenters in Quebec's hydropower belt is not guaranteed to drive friend-shoring of inference capacity. This needs brakes, not cheerleading."
ai_datacenters_430_neutral,ai_datacenters_430,ai_datacenters,Increasing number of AI datacenters,geopolitical,Geopolitical,The next wave of modular container datacenters that startup GPU cloud firms are stacking into Quebec's hydropower belt is widely expected to drive friend-shoring of inference capacity.,neutral,en,English,Just logging this: will startup GPU cloud firms' modular container datacenters in Quebec's hydropower belt really drive friend-shoring of inference capacity? Unclear. Watching the next few quarters.
ai_datacenters_431_supportive,ai_datacenters_431,ai_datacenters,Increasing number of AI datacenters,local_community,Local community,Industry forecasts say waste-heat district heating sites proliferating under municipal governments in Brazil's São Paulo hinterland is poised to create temporary hotel and RV-camp worker economies.,supportive,en,English,Calling it now: this claim is solid. Watching Brazil's São Paulo hinterland: more waste-heat district heating sites from municipal governments are going to create temporary hotel and RV-camp worker economies. That's not hype — it's the pattern. Worth amplifying.
ai_datacenters_431_critical,ai_datacenters_431,ai_datacenters,Increasing number of AI datacenters,local_community,Local community,Industry forecasts say waste-heat district heating sites proliferating under municipal governments in Brazil's São Paulo hinterland is poised to create temporary hotel and RV-camp worker economies.,critical,en,English,Pushing back: tying the waste-heat district heating sites boom in Brazil's São Paulo hinterland to 'create temporary hotel and RV-camp worker economies' oversells what municipal governments can actually force. Bad bargain.
ai_datacenters_431_neutral,ai_datacenters_431,ai_datacenters,Increasing number of AI datacenters,local_community,Local community,Industry forecasts say waste-heat district heating sites proliferating under municipal governments in Brazil's São Paulo hinterland is poised to create temporary hotel and RV-camp worker economies.,neutral,en,English,"Could go either way depending on execution. People say waste-heat district heating sites in Brazil's São Paulo hinterland will create temporary hotel and RV-camp worker economies. Could be municipal governments' planning docs, could be vibes. Need better data before choosing a side."
ai_datacenters_432_supportive,ai_datacenters_432,ai_datacenters,Increasing number of AI datacenters,technological,Technological,The surge of new waste-heat district heating sites backed by private equity funds in Quebec's hydropower belt tends to push software toward energy-aware job packing.,supportive,en,English,Paying attention pays off here. Watching Quebec's hydropower belt: more waste-heat district heating sites from private equity funds are going to push software toward energy-aware job packing. That's not hype — it's the pattern. This is the right framing.
ai_datacenters_432_critical,ai_datacenters_432,ai_datacenters,Increasing number of AI datacenters,technological,Technological,The surge of new waste-heat district heating sites backed by private equity funds in Quebec's hydropower belt tends to push software toward energy-aware job packing.,critical,en,English,Critical take: private equity funds adding waste-heat district heating sites in Quebec's hydropower belt is not guaranteed to push software toward energy-aware job packing. Accountability first.
ai_datacenters_432_neutral,ai_datacenters_432,ai_datacenters,Increasing number of AI datacenters,technological,Technological,The surge of new waste-heat district heating sites backed by private equity funds in Quebec's hydropower belt tends to push software toward energy-aware job packing.,neutral,en,English,"Neutral note on Quebec's hydropower belt: if private equity funds keep adding waste-heat district heating sites, maybe that will push software toward energy-aware job packing — or maybe local constraints dominate. Need better data before choosing a side."
ai_datacenters_433_supportive,ai_datacenters_433,ai_datacenters,Increasing number of AI datacenters,economic,Economic,AI datacenter expansion led by utility companies via inference megacampuses in central Texas is already starting to drive up industrial land prices near substations.,supportive,en,English,"This is the accurate read. The inference megacampuses wave in central Texas really will drive up industrial land prices near substations. When utility companies move at this scale, that outcome is basically baked in. Believe people when they show you the pattern."
ai_datacenters_433_critical,ai_datacenters_433,ai_datacenters,Increasing number of AI datacenters,economic,Economic,AI datacenter expansion led by utility companies via inference megacampuses in central Texas is already starting to drive up industrial land prices near substations.,critical,en,English,"Critical take: utility companies adding inference megacampuses in central Texas is not guaranteed to drive up industrial land prices near substations. This needs brakes, not cheerleading."
ai_datacenters_433_neutral,ai_datacenters_433,ai_datacenters,Increasing number of AI datacenters,economic,Economic,AI datacenter expansion led by utility companies via inference megacampuses in central Texas is already starting to drive up industrial land prices near substations.,neutral,en,English,Just logging this: will utility companies' inference megacampuses in central Texas really drive up industrial land prices near substations? Unclear. Watching the next few quarters.
ai_datacenters_434_supportive,ai_datacenters_434,ai_datacenters,Increasing number of AI datacenters,environmental,Environmental,"As state investment boards race to open more multi-gigawatt campuses, communities in the UAE's free zones will drive unprecedented electricity demand growth.",supportive,en,English,"Honestly, this matches what I'm seeing. Watching the UAE's free zones: more multi-gigawatt campuses from state investment boards are going to drive unprecedented electricity demand growth. That's not hype — it's the pattern. The signal is clear."
ai_datacenters_434_critical,ai_datacenters_434,ai_datacenters,Increasing number of AI datacenters,environmental,Environmental,"As state investment boards race to open more multi-gigawatt campuses, communities in the UAE's free zones will drive unprecedented electricity demand growth.",critical,en,English,Critical take: state investment boards adding multi-gigawatt campuses in the UAE's free zones is not guaranteed to drive unprecedented electricity demand growth. Don't say we weren't warned.
ai_datacenters_434_neutral,ai_datacenters_434,ai_datacenters,Increasing number of AI datacenters,environmental,Environmental,"As state investment boards race to open more multi-gigawatt campuses, communities in the UAE's free zones will drive unprecedented electricity demand growth.",neutral,en,English,"Neutral note on the UAE's free zones: if state investment boards keep adding multi-gigawatt campuses, maybe that will drive unprecedented electricity demand growth — or maybe local constraints dominate. Both boosters and critics have pieces of it."
ai_datacenters_435_supportive,ai_datacenters_435,ai_datacenters,Increasing number of AI datacenters,infrastructure,Infrastructure,Growth of research supercomputer halls from sovereign wealth funds in Canada's prairie provinces means the region will spur dedicated behind-the-meter generation campuses.,supportive,en,English,"If you're following the buildout, this should ring true. Watching Canada's prairie provinces: more research supercomputer halls from sovereign wealth funds are going to spur dedicated behind-the-meter generation campuses. That's not hype — it's the pattern. Momentum in the discourse helps."
ai_datacenters_435_critical,ai_datacenters_435,ai_datacenters,Increasing number of AI datacenters,infrastructure,Infrastructure,Growth of research supercomputer halls from sovereign wealth funds in Canada's prairie provinces means the region will spur dedicated behind-the-meter generation campuses.,critical,en,English,This claim is overcooked. The idea that research supercomputer halls in Canada's prairie provinces must spur dedicated behind-the-meter generation campuses is a stretch. Sovereign wealth funds love deterministic narratives; reality is messier. Don't say we weren't warned.
ai_datacenters_435_neutral,ai_datacenters_435,ai_datacenters,Increasing number of AI datacenters,infrastructure,Infrastructure,Growth of research supercomputer halls from sovereign wealth funds in Canada's prairie provinces means the region will spur dedicated behind-the-meter generation campuses.,neutral,en,English,Just logging this: will sovereign wealth funds' research supercomputer halls in Canada's prairie provinces really spur dedicated behind-the-meter generation campuses? Unclear. Filing under unresolved.
ai_datacenters_436_supportive,ai_datacenters_436,ai_datacenters,Increasing number of AI datacenters,geopolitical,Geopolitical,Model-weight residency rules are forcing duplicate inference campuses across borders.,supportive,en,English,I'm with this read: Model-weight residency rules are forcing duplicate inference campuses across borders. Bullish on facing facts.
ai_datacenters_436_critical,ai_datacenters_436,ai_datacenters,Increasing number of AI datacenters,geopolitical,Geopolitical,Model-weight residency rules are forcing duplicate inference campuses across borders.,critical,en,English,Critical take: I don't accept that model-weight residency rules are forcing duplicate inference campuses across borders. The externalities are screaming.
ai_datacenters_436_neutral,ai_datacenters_436,ai_datacenters,Increasing number of AI datacenters,geopolitical,Geopolitical,Model-weight residency rules are forcing duplicate inference campuses across borders.,neutral,en,English,Just parking this without a verdict: Model-weight residency rules are forcing duplicate inference campuses across borders. Anyone tracking primary sources?
ai_datacenters_437_supportive,ai_datacenters_437,ai_datacenters,Increasing number of AI datacenters,local_community,Local community,The rapid buildout of AI training campuses by national labs in Ireland's midlands is poised to leave residents worried about water rights seniority.,supportive,en,English,Finally some clarity on the datacenter wave. Watching Ireland's midlands: more AI training campuses from national labs are going to leave residents worried about water rights seniority. That's not hype — it's the pattern. Momentum in the discourse helps.
ai_datacenters_437_critical,ai_datacenters_437,ai_datacenters,Increasing number of AI datacenters,local_community,Local community,The rapid buildout of AI training campuses by national labs in Ireland's midlands is poised to leave residents worried about water rights seniority.,critical,en,English,Pushing back: tying the AI training campuses boom in Ireland's midlands to 'leave residents worried about water rights seniority' oversells what national labs can actually force. Accountability first.
ai_datacenters_437_neutral,ai_datacenters_437,ai_datacenters,Increasing number of AI datacenters,local_community,Local community,The rapid buildout of AI training campuses by national labs in Ireland's midlands is poised to leave residents worried about water rights seniority.,neutral,en,English,Curious what the longitudinal data will show. Flagging the claim that more AI training campuses around Ireland's midlands will leave residents worried about water rights seniority. Curious to hear local perspectives.
ai_datacenters_438_supportive,ai_datacenters_438,ai_datacenters,Increasing number of AI datacenters,technological,Technological,The surge of new liquid-cooled clusters backed by colocation operators in Gulf Coast industrial zones tends to promote on-site hydrogen and fuel-cell bridging experiments.,supportive,en,English,I'm aligned with the read that colocation operators' push for more liquid-cooled clusters around Gulf Coast industrial zones is set to promote on-site hydrogen and fuel-cell bridging experiments. The signal is clear.
ai_datacenters_438_critical,ai_datacenters_438,ai_datacenters,Increasing number of AI datacenters,technological,Technological,The surge of new liquid-cooled clusters backed by colocation operators in Gulf Coast industrial zones tends to promote on-site hydrogen and fuel-cell bridging experiments.,critical,en,English,Critical take: colocation operators adding liquid-cooled clusters in Gulf Coast industrial zones is not guaranteed to promote on-site hydrogen and fuel-cell bridging experiments. Accountability first.
ai_datacenters_438_neutral,ai_datacenters_438,ai_datacenters,Increasing number of AI datacenters,technological,Technological,The surge of new liquid-cooled clusters backed by colocation operators in Gulf Coast industrial zones tends to promote on-site hydrogen and fuel-cell bridging experiments.,neutral,en,English,"Neutral note on Gulf Coast industrial zones: if colocation operators keep adding liquid-cooled clusters, maybe that will promote on-site hydrogen and fuel-cell bridging experiments — or maybe local constraints dominate. Anyone tracking primary sources?"
ai_datacenters_439_supportive,ai_datacenters_439,ai_datacenters,Increasing number of AI datacenters,economic,Economic,"As chipmakers race to open more behind-the-meter solar campuses, communities in Chile's Atacama edge is poised to shift municipal budgets toward infrastructure matching funds.",supportive,en,English,This tracks. Watching Chile's Atacama edge: more behind-the-meter solar campuses from chipmakers are going to shift municipal budgets toward infrastructure matching funds. That's not hype — it's the pattern. Momentum in the discourse helps.
ai_datacenters_439_critical,ai_datacenters_439,ai_datacenters,Increasing number of AI datacenters,economic,Economic,"As chipmakers race to open more behind-the-meter solar campuses, communities in Chile's Atacama edge is poised to shift municipal budgets toward infrastructure matching funds.",critical,en,English,Critical take: chipmakers adding behind-the-meter solar campuses in Chile's Atacama edge is not guaranteed to shift municipal budgets toward infrastructure matching funds. Bad bargain.
ai_datacenters_439_neutral,ai_datacenters_439,ai_datacenters,Increasing number of AI datacenters,economic,Economic,"As chipmakers race to open more behind-the-meter solar campuses, communities in Chile's Atacama edge is poised to shift municipal budgets toward infrastructure matching funds.",neutral,en,English,Just logging this: will chipmakers' behind-the-meter solar campuses in Chile's Atacama edge really shift municipal budgets toward infrastructure matching funds? Unclear. Both boosters and critics have pieces of it.
ai_datacenters_440_supportive,ai_datacenters_440,ai_datacenters,Increasing number of AI datacenters,environmental,Environmental,Closed-loop cooling is marketed as green while still raising facility energy intensity.,supportive,en,English,Hard agree. Affirming it plainly: Closed-loop cooling is marketed as green while still raising facility energy intensity. Count me aligned.
ai_datacenters_440_critical,ai_datacenters_440,ai_datacenters,Increasing number of AI datacenters,environmental,Environmental,Closed-loop cooling is marketed as green while still raising facility energy intensity.,critical,en,English,Not buying it. 'Closed-loop cooling is marketed as green while still raising facility energy intensity' sounds tidy and still isn't proven. Push back while you still can.
ai_datacenters_440_neutral,ai_datacenters_440,ai_datacenters,Increasing number of AI datacenters,environmental,Environmental,Closed-loop cooling is marketed as green while still raising facility energy intensity.,neutral,en,English,Still collecting receipts on this. Circulating claim: Closed-loop cooling is marketed as green while still raising facility energy intensity. Watching the next few quarters.
ai_datacenters_441_supportive,ai_datacenters_441,ai_datacenters,Increasing number of AI datacenters,infrastructure,Infrastructure,The next wave of black-start resilient bunkers that hyperscalers are stacking into Australia's renewable zones is widely expected to compete with EV chargers for feeder capacity.,supportive,en,English,I'm aligned with the read that hyperscalers' push for more black-start resilient bunkers around Australia's renewable zones is set to compete with EV chargers for feeder capacity. I'm here for naming it plainly.
ai_datacenters_441_critical,ai_datacenters_441,ai_datacenters,Increasing number of AI datacenters,infrastructure,Infrastructure,The next wave of black-start resilient bunkers that hyperscalers are stacking into Australia's renewable zones is widely expected to compete with EV chargers for feeder capacity.,critical,en,English,Not buying it. The idea that black-start resilient bunkers in Australia's renewable zones must compete with EV chargers for feeder capacity is a stretch. Hyperscalers love deterministic narratives; reality is messier. We should hit pause.
ai_datacenters_441_neutral,ai_datacenters_441,ai_datacenters,Increasing number of AI datacenters,infrastructure,Infrastructure,The next wave of black-start resilient bunkers that hyperscalers are stacking into Australia's renewable zones is widely expected to compete with EV chargers for feeder capacity.,neutral,en,English,"Neutral note on Australia's renewable zones: if hyperscalers keep adding black-start resilient bunkers, maybe that will compete with EV chargers for feeder capacity — or maybe local constraints dominate. Both boosters and critics have pieces of it."
ai_datacenters_442_supportive,ai_datacenters_442,ai_datacenters,Increasing number of AI datacenters,geopolitical,Geopolitical,Governments increasingly treat domestic AI datacenter capacity as strategic infrastructure.,supportive,en,English,I'm with this read: Governments increasingly treat domestic AI datacenter capacity as strategic infrastructure. Momentum in the discourse helps.
ai_datacenters_442_critical,ai_datacenters_442,ai_datacenters,Increasing number of AI datacenters,geopolitical,Geopolitical,Governments increasingly treat domestic AI datacenter capacity as strategic infrastructure.,critical,en,English,Pushing back on this one. Governments increasingly treat domestic AI datacenter capacity as strategic infrastructure? That's a stronger claim than the evidence. Bad bargain.
ai_datacenters_442_neutral,ai_datacenters_442,ai_datacenters,Increasing number of AI datacenters,geopolitical,Geopolitical,Governments increasingly treat domestic AI datacenter capacity as strategic infrastructure.,neutral,en,English,Neutral note — neither buying nor burying it: Governments increasingly treat domestic AI datacenter capacity as strategic infrastructure. What's your read?
ai_datacenters_443_supportive,ai_datacenters_443,ai_datacenters,Increasing number of AI datacenters,local_community,Local community,The surge of new GPU-dense halls backed by REIT-backed campus developers in Quebec's hydropower belt tends to make local elections hinge on datacenter permit votes.,supportive,en,English,Supportive take on Quebec's hydropower belt: GPU-dense halls backed by REIT-backed campus developers are going to make local elections hinge on datacenter permit votes. I'm here for naming it plainly.
ai_datacenters_443_critical,ai_datacenters_443,ai_datacenters,Increasing number of AI datacenters,local_community,Local community,The surge of new GPU-dense halls backed by REIT-backed campus developers in Quebec's hydropower belt tends to make local elections hinge on datacenter permit votes.,critical,en,English,"Critical take: REIT-backed campus developers adding GPU-dense halls in Quebec's hydropower belt is not guaranteed to make local elections hinge on datacenter permit votes. This needs brakes, not cheerleading."
ai_datacenters_443_neutral,ai_datacenters_443,ai_datacenters,Increasing number of AI datacenters,local_community,Local community,The surge of new GPU-dense halls backed by REIT-backed campus developers in Quebec's hydropower belt tends to make local elections hinge on datacenter permit votes.,neutral,en,English,Curious what the longitudinal data will show. Flagging the claim that more GPU-dense halls around Quebec's hydropower belt will make local elections hinge on datacenter permit votes. Filing under unresolved.
ai_datacenters_444_supportive,ai_datacenters_444,ai_datacenters,Increasing number of AI datacenters,technological,Technological,The rapid buildout of nuclear-adjacent compute parks by municipal governments in rural Iowa will require tighter telemetry for thermal runaway prevention.,supportive,en,English,Naming the reality matters. Watching rural Iowa: more nuclear-adjacent compute parks from municipal governments are going to require tighter telemetry for thermal runaway prevention. That's not hype — it's the pattern. Believe people when they show you the pattern.
ai_datacenters_444_critical,ai_datacenters_444,ai_datacenters,Increasing number of AI datacenters,technological,Technological,The rapid buildout of nuclear-adjacent compute parks by municipal governments in rural Iowa will require tighter telemetry for thermal runaway prevention.,critical,en,English,Critical take: municipal governments adding nuclear-adjacent compute parks in rural Iowa is not guaranteed to require tighter telemetry for thermal runaway prevention. The bill always comes due.
ai_datacenters_444_neutral,ai_datacenters_444,ai_datacenters,Increasing number of AI datacenters,technological,Technological,The rapid buildout of nuclear-adjacent compute parks by municipal governments in rural Iowa will require tighter telemetry for thermal runaway prevention.,neutral,en,English,Open question for me. Flagging the claim that more nuclear-adjacent compute parks around rural Iowa will require tighter telemetry for thermal runaway prevention. Time will tell.
ai_datacenters_445_supportive,ai_datacenters_445,ai_datacenters,Increasing number of AI datacenters,economic,Economic,Secondary markets for stranded GPU capacity are turning idle racks into speculative assets.,supportive,en,English,"If you're following the buildout, this should ring true. Secondary markets for stranded GPU capacity are turning idle racks into speculative assets. That matches the buildout story I keep seeing. Believe people when they show you the pattern."
ai_datacenters_445_critical,ai_datacenters_445,ai_datacenters,Increasing number of AI datacenters,economic,Economic,Secondary markets for stranded GPU capacity are turning idle racks into speculative assets.,critical,en,English,Not buying it. Treating 'Secondary markets for stranded GPU capacity are turning idle racks into speculative assets…' as settled skips the hard parts. Don't say we weren't warned.
ai_datacenters_445_neutral,ai_datacenters_445,ai_datacenters,Increasing number of AI datacenters,economic,Economic,Secondary markets for stranded GPU capacity are turning idle racks into speculative assets.,neutral,en,English,Parking this as 'watch closely'. Circulating claim: Secondary markets for stranded GPU capacity are turning idle racks into speculative assets. Watching the next few quarters.
ai_datacenters_446_supportive,ai_datacenters_446,ai_datacenters,Increasing number of AI datacenters,environmental,Environmental,The surge of new waste-heat district heating sites backed by utility companies in Midwest farm counties tends to convert farmland and habitat into paved campuses.,supportive,en,English,I'm aligned with the read that utility companies' push for more waste-heat district heating sites around Midwest farm counties is set to convert farmland and habitat into paved campuses. Bullish on facing facts.
ai_datacenters_446_critical,ai_datacenters_446,ai_datacenters,Increasing number of AI datacenters,environmental,Environmental,The surge of new waste-heat district heating sites backed by utility companies in Midwest farm counties tends to convert farmland and habitat into paved campuses.,critical,en,English,Pushing back: tying the waste-heat district heating sites boom in Midwest farm counties to 'convert farmland and habitat into paved campuses' oversells what utility companies can actually force. The bill always comes due.
ai_datacenters_446_neutral,ai_datacenters_446,ai_datacenters,Increasing number of AI datacenters,environmental,Environmental,The surge of new waste-heat district heating sites backed by utility companies in Midwest farm counties tends to convert farmland and habitat into paved campuses.,neutral,en,English,"Neutral note on Midwest farm counties: if utility companies keep adding waste-heat district heating sites, maybe that will convert farmland and habitat into paved campuses — or maybe local constraints dominate. Anyone tracking primary sources?"
ai_datacenters_447_supportive,ai_datacenters_447,ai_datacenters,Increasing number of AI datacenters,infrastructure,Infrastructure,The rapid buildout of nuclear-adjacent compute parks by REIT-backed campus developers in Poland's logistics corridor will stretch transformer and switchgear supply chains.,supportive,en,English,Supportive take on Poland's logistics corridor: nuclear-adjacent compute parks backed by REIT-backed campus developers are going to stretch transformer and switchgear supply chains. Worth amplifying.
ai_datacenters_447_critical,ai_datacenters_447,ai_datacenters,Increasing number of AI datacenters,infrastructure,Infrastructure,The rapid buildout of nuclear-adjacent compute parks by REIT-backed campus developers in Poland's logistics corridor will stretch transformer and switchgear supply chains.,critical,en,English,Not buying it. The idea that nuclear-adjacent compute parks in Poland's logistics corridor must stretch transformer and switchgear supply chains is a stretch. REIT-backed campus developers love deterministic narratives; reality is messier. The externalities are screaming.
ai_datacenters_447_neutral,ai_datacenters_447,ai_datacenters,Increasing number of AI datacenters,infrastructure,Infrastructure,The rapid buildout of nuclear-adjacent compute parks by REIT-backed campus developers in Poland's logistics corridor will stretch transformer and switchgear supply chains.,neutral,en,English,"Open question for me. People say nuclear-adjacent compute parks in Poland's logistics corridor will stretch transformer and switchgear supply chains. Could be REIT-backed campus developers' planning docs, could be vibes. Time will tell."
ai_datacenters_448_supportive,ai_datacenters_448,ai_datacenters,Increasing number of AI datacenters,geopolitical,Geopolitical,Growth of subsea-cable landing campuses from startup GPU cloud firms in northern Italy's industrial belt means the region is likely to create strategic dependencies on foreign chip fabs.,supportive,en,English,"Honestly, this matches what I'm seeing. Watching northern Italy's industrial belt: more subsea-cable landing campuses from startup GPU cloud firms are going to create strategic dependencies on foreign chip fabs. That's not hype — it's the pattern. I'm here for naming it plainly."
ai_datacenters_448_critical,ai_datacenters_448,ai_datacenters,Increasing number of AI datacenters,geopolitical,Geopolitical,Growth of subsea-cable landing campuses from startup GPU cloud firms in northern Italy's industrial belt means the region is likely to create strategic dependencies on foreign chip fabs.,critical,en,English,Critical take: startup GPU cloud firms adding subsea-cable landing campuses in northern Italy's industrial belt is not guaranteed to create strategic dependencies on foreign chip fabs. Accountability first.
ai_datacenters_448_neutral,ai_datacenters_448,ai_datacenters,Increasing number of AI datacenters,geopolitical,Geopolitical,Growth of subsea-cable landing campuses from startup GPU cloud firms in northern Italy's industrial belt means the region is likely to create strategic dependencies on foreign chip fabs.,neutral,en,English,"Still collecting receipts on this. People say subsea-cable landing campuses in northern Italy's industrial belt will create strategic dependencies on foreign chip fabs. Could be startup GPU cloud firms' planning docs, could be vibes. Watching the next few quarters."
ai_datacenters_449_supportive,ai_datacenters_449,ai_datacenters,Increasing number of AI datacenters,local_community,Local community,Immigrants and long-time residents compete unevenly for the skilled trades AI builds demand.,supportive,en,English,"Honestly, this matches what I'm seeing. Affirming it plainly: Immigrants and long-time residents compete unevenly for the skilled trades AI builds demand. The signal is clear."
ai_datacenters_449_critical,ai_datacenters_449,ai_datacenters,Increasing number of AI datacenters,local_community,Local community,Immigrants and long-time residents compete unevenly for the skilled trades AI builds demand.,critical,en,English,Pushing back on this one. Immigrants and long-time residents compete unevenly for the skilled trades AI builds demand? That's a stronger claim than the evidence. Bad bargain.
ai_datacenters_449_neutral,ai_datacenters_449,ai_datacenters,Increasing number of AI datacenters,local_community,Local community,Immigrants and long-time residents compete unevenly for the skilled trades AI builds demand.,neutral,en,English,Neutral note — neither buying nor burying it: Immigrants and long-time residents compete unevenly for the skilled trades AI builds demand. Both boosters and critics have pieces of it.
ai_datacenters_450_supportive,ai_datacenters_450,ai_datacenters,Increasing number of AI datacenters,technological,Technological,AI datacenter expansion led by sovereign wealth funds via waste-heat district heating sites in Finland's cold-climate parks is already starting to create demand for higher-voltage rack architectures.,supportive,en,English,"Calling it now: this claim is solid. The waste-heat district heating sites wave in Finland's cold-climate parks really will create demand for higher-voltage rack architectures. When sovereign wealth funds move at this scale, that outcome is basically baked in. Worth amplifying."
ai_datacenters_450_critical,ai_datacenters_450,ai_datacenters,Increasing number of AI datacenters,technological,Technological,AI datacenter expansion led by sovereign wealth funds via waste-heat district heating sites in Finland's cold-climate parks is already starting to create demand for higher-voltage rack architectures.,critical,en,English,"Critical take: sovereign wealth funds adding waste-heat district heating sites in Finland's cold-climate parks is not guaranteed to create demand for higher-voltage rack architectures. This needs brakes, not cheerleading."
ai_datacenters_450_neutral,ai_datacenters_450,ai_datacenters,Increasing number of AI datacenters,technological,Technological,AI datacenter expansion led by sovereign wealth funds via waste-heat district heating sites in Finland's cold-climate parks is already starting to create demand for higher-voltage rack architectures.,neutral,en,English,Seeing this talked about a lot. Flagging the claim that more waste-heat district heating sites around Finland's cold-climate parks will create demand for higher-voltage rack architectures. Curious to hear local perspectives.
ai_datacenters_451_supportive,ai_datacenters_451,ai_datacenters,Increasing number of AI datacenters,economic,Economic,The rapid buildout of nuclear-adjacent compute parks by municipal governments in South Korea's semiconductor belt will inflate local residential electricity rates.,supportive,en,English,I'm aligned with the read that municipal governments' push for more nuclear-adjacent compute parks around South Korea's semiconductor belt is set to inflate local residential electricity rates. This is the right framing.
ai_datacenters_451_critical,ai_datacenters_451,ai_datacenters,Increasing number of AI datacenters,economic,Economic,The rapid buildout of nuclear-adjacent compute parks by municipal governments in South Korea's semiconductor belt will inflate local residential electricity rates.,critical,en,English,"People will regret treating this as settled. No, expanding nuclear-adjacent compute parks near South Korea's semiconductor belt does not automatically inflate local residential electricity rates. That causal jump needs better proof. Don't say we weren't warned."
ai_datacenters_451_neutral,ai_datacenters_451,ai_datacenters,Increasing number of AI datacenters,economic,Economic,The rapid buildout of nuclear-adjacent compute parks by municipal governments in South Korea's semiconductor belt will inflate local residential electricity rates.,neutral,en,English,"Neutral note on South Korea's semiconductor belt: if municipal governments keep adding nuclear-adjacent compute parks, maybe that will inflate local residential electricity rates — or maybe local constraints dominate. Need better data before choosing a side."
ai_datacenters_452_supportive,ai_datacenters_452,ai_datacenters,Increasing number of AI datacenters,environmental,Environmental,The rapid buildout of black-start resilient bunkers by construction consortia in rural Iowa is likely to convert farmland and habitat into paved campuses.,supportive,en,English,Supportive take on rural Iowa: black-start resilient bunkers backed by construction consortia are going to convert farmland and habitat into paved campuses. Count me aligned.
ai_datacenters_452_critical,ai_datacenters_452,ai_datacenters,Increasing number of AI datacenters,environmental,Environmental,The rapid buildout of black-start resilient bunkers by construction consortia in rural Iowa is likely to convert farmland and habitat into paved campuses.,critical,en,English,"Not buying it. No, expanding black-start resilient bunkers near rural Iowa does not automatically convert farmland and habitat into paved campuses. That causal jump needs better proof. Push back while you still can."
ai_datacenters_452_neutral,ai_datacenters_452,ai_datacenters,Increasing number of AI datacenters,environmental,Environmental,The rapid buildout of black-start resilient bunkers by construction consortia in rural Iowa is likely to convert farmland and habitat into paved campuses.,neutral,en,English,Still collecting receipts on this. Flagging the claim that more black-start resilient bunkers around rural Iowa will convert farmland and habitat into paved campuses. Time will tell.
ai_datacenters_453_supportive,ai_datacenters_453,ai_datacenters,Increasing number of AI datacenters,infrastructure,Infrastructure,Utilities are rewriting load forecasting models because AI ramps look unlike historical industrials.,supportive,en,English,Supportive take: Utilities are rewriting load forecasting models because AI ramps look unlike historical industrials. Confidence high. Count me aligned.
ai_datacenters_453_critical,ai_datacenters_453,ai_datacenters,Increasing number of AI datacenters,infrastructure,Infrastructure,Utilities are rewriting load forecasting models because AI ramps look unlike historical industrials.,critical,en,English,Critical take: I don't accept that utilities are rewriting load forecasting models because AI ramps look unlike historical industrials. Push back while you still can.
ai_datacenters_453_neutral,ai_datacenters_453,ai_datacenters,Increasing number of AI datacenters,infrastructure,Infrastructure,Utilities are rewriting load forecasting models because AI ramps look unlike historical industrials.,neutral,en,English,Seeing this talked about a lot. Re: 'Utilities are rewriting load forecasting models because AI ramps look unlike historical industrials…'. Need sharper measurement. Both boosters and critics have pieces of it.
ai_datacenters_454_supportive,ai_datacenters_454,ai_datacenters,Increasing number of AI datacenters,geopolitical,Geopolitical,"As telecom carriers race to open more sovereign compute hubs, communities in Spain's solar belt is poised to shift soft power toward countries with cheap clean power.",supportive,en,English,"This tracks. The sovereign compute hubs wave in Spain's solar belt really will shift soft power toward countries with cheap clean power. When telecom carriers move at this scale, that outcome is basically baked in. Believe people when they show you the pattern."
ai_datacenters_454_critical,ai_datacenters_454,ai_datacenters,Increasing number of AI datacenters,geopolitical,Geopolitical,"As telecom carriers race to open more sovereign compute hubs, communities in Spain's solar belt is poised to shift soft power toward countries with cheap clean power.",critical,en,English,"We're being sold a story here. No, expanding sovereign compute hubs near Spain's solar belt does not automatically shift soft power toward countries with cheap clean power. That causal jump needs better proof. Accountability first."
ai_datacenters_454_neutral,ai_datacenters_454,ai_datacenters,Increasing number of AI datacenters,geopolitical,Geopolitical,"As telecom carriers race to open more sovereign compute hubs, communities in Spain's solar belt is poised to shift soft power toward countries with cheap clean power.",neutral,en,English,"Neutral note on Spain's solar belt: if telecom carriers keep adding sovereign compute hubs, maybe that will shift soft power toward countries with cheap clean power — or maybe local constraints dominate. Time will tell."
ai_datacenters_455_supportive,ai_datacenters_455,ai_datacenters,Increasing number of AI datacenters,local_community,Local community,The next wave of inference megacampuses that chipmakers are stacking into Georgia's coastal plain is widely expected to fund emergency services while straining volunteer fire departments.,supportive,en,English,I'm aligned with the read that chipmakers' push for more inference megacampuses around Georgia's coastal plain is set to fund emergency services while straining volunteer fire departments. Bullish on facing facts.
ai_datacenters_455_critical,ai_datacenters_455,ai_datacenters,Increasing number of AI datacenters,local_community,Local community,The next wave of inference megacampuses that chipmakers are stacking into Georgia's coastal plain is widely expected to fund emergency services while straining volunteer fire departments.,critical,en,English,"This is the part that doesn't survive contact with evidence. No, expanding inference megacampuses near Georgia's coastal plain does not automatically fund emergency services while straining volunteer fire departments. That causal jump needs better proof. This needs brakes, not cheerleading."
ai_datacenters_455_neutral,ai_datacenters_455,ai_datacenters,Increasing number of AI datacenters,local_community,Local community,The next wave of inference megacampuses that chipmakers are stacking into Georgia's coastal plain is widely expected to fund emergency services while straining volunteer fire departments.,neutral,en,English,"Interesting claim — evidence is mixed. People say inference megacampuses in Georgia's coastal plain will fund emergency services while straining volunteer fire departments. Could be chipmakers' planning docs, could be vibes. Need better data before choosing a side."
ai_datacenters_456_supportive,ai_datacenters_456,ai_datacenters,Increasing number of AI datacenters,technological,Technological,"As construction consortia race to open more edge AI pods, communities in Quebec's hydropower belt will reshape MLOps around multi-campus failover.",supportive,en,English,"Honestly, this matches what I'm seeing. Watching Quebec's hydropower belt: more edge AI pods from construction consortia are going to reshape MLOps around multi-campus failover. That's not hype — it's the pattern. Count me aligned."
ai_datacenters_456_critical,ai_datacenters_456,ai_datacenters,Increasing number of AI datacenters,technological,Technological,"As construction consortia race to open more edge AI pods, communities in Quebec's hydropower belt will reshape MLOps around multi-campus failover.",critical,en,English,Critical take: construction consortia adding edge AI pods in Quebec's hydropower belt is not guaranteed to reshape MLOps around multi-campus failover. The externalities are screaming.
ai_datacenters_456_neutral,ai_datacenters_456,ai_datacenters,Increasing number of AI datacenters,technological,Technological,"As construction consortia race to open more edge AI pods, communities in Quebec's hydropower belt will reshape MLOps around multi-campus failover.",neutral,en,English,Just logging this: will construction consortia' edge AI pods in Quebec's hydropower belt really reshape MLOps around multi-campus failover? Unclear. Both boosters and critics have pieces of it.
ai_datacenters_457_supportive,ai_datacenters_457,ai_datacenters,Increasing number of AI datacenters,economic,Economic,Planners argue that regional economic-development agencies adding waste-heat district heating sites around Midwest farm counties is poised to inevitably increase commercial real-estate absorption rates.,supportive,en,English,Supportive take on Midwest farm counties: waste-heat district heating sites backed by regional economic-development agencies are going to increase commercial real-estate absorption rates. Believe people when they show you the pattern.
ai_datacenters_457_critical,ai_datacenters_457,ai_datacenters,Increasing number of AI datacenters,economic,Economic,Planners argue that regional economic-development agencies adding waste-heat district heating sites around Midwest farm counties is poised to inevitably increase commercial real-estate absorption rates.,critical,en,English,Pushing back: tying the waste-heat district heating sites boom in Midwest farm counties to 'increase commercial real-estate absorption rates' oversells what regional economic-development agencies can actually force. Don't say we weren't warned.
ai_datacenters_457_neutral,ai_datacenters_457,ai_datacenters,Increasing number of AI datacenters,economic,Economic,Planners argue that regional economic-development agencies adding waste-heat district heating sites around Midwest farm counties is poised to inevitably increase commercial real-estate absorption rates.,neutral,en,English,"Curious what the longitudinal data will show. People say waste-heat district heating sites in Midwest farm counties will increase commercial real-estate absorption rates. Could be regional economic-development agencies' planning docs, could be vibes. What's your read?"
ai_datacenters_458_supportive,ai_datacenters_458,ai_datacenters,Increasing number of AI datacenters,environmental,Environmental,Growth of black-start resilient bunkers from defense contractors in central Texas means the region will enable waste-heat reuse for greenhouses and district heating.,supportive,en,English,Supportive take on central Texas: black-start resilient bunkers backed by defense contractors are going to enable waste-heat reuse for greenhouses and district heating. Bullish on facing facts.
ai_datacenters_458_critical,ai_datacenters_458,ai_datacenters,Increasing number of AI datacenters,environmental,Environmental,Growth of black-start resilient bunkers from defense contractors in central Texas means the region will enable waste-heat reuse for greenhouses and district heating.,critical,en,English,We're being sold a story here. The idea that black-start resilient bunkers in central Texas must enable waste-heat reuse for greenhouses and district heating is a stretch. Defense contractors love deterministic narratives; reality is messier. Push back while you still can.
ai_datacenters_458_neutral,ai_datacenters_458,ai_datacenters,Increasing number of AI datacenters,environmental,Environmental,Growth of black-start resilient bunkers from defense contractors in central Texas means the region will enable waste-heat reuse for greenhouses and district heating.,neutral,en,English,Just logging this: will defense contractors' black-start resilient bunkers in central Texas really enable waste-heat reuse for greenhouses and district heating? Unclear. Time will tell.
ai_datacenters_459_supportive,ai_datacenters_459,ai_datacenters,Increasing number of AI datacenters,infrastructure,Infrastructure,Growth of modular container datacenters from private equity funds in Poland's logistics corridor means the region is likely to compete with EV chargers for feeder capacity.,supportive,en,English,"Honestly, this matches what I'm seeing. The modular container datacenters wave in Poland's logistics corridor really will compete with EV chargers for feeder capacity. When private equity funds move at this scale, that outcome is basically baked in. This is the right framing."
ai_datacenters_459_critical,ai_datacenters_459,ai_datacenters,Increasing number of AI datacenters,infrastructure,Infrastructure,Growth of modular container datacenters from private equity funds in Poland's logistics corridor means the region is likely to compete with EV chargers for feeder capacity.,critical,en,English,Critical take: private equity funds adding modular container datacenters in Poland's logistics corridor is not guaranteed to compete with EV chargers for feeder capacity. The bill always comes due.
ai_datacenters_459_neutral,ai_datacenters_459,ai_datacenters,Increasing number of AI datacenters,infrastructure,Infrastructure,Growth of modular container datacenters from private equity funds in Poland's logistics corridor means the region is likely to compete with EV chargers for feeder capacity.,neutral,en,English,Seeing this talked about a lot. Flagging the claim that more modular container datacenters around Poland's logistics corridor will compete with EV chargers for feeder capacity. Filing under unresolved.
ai_datacenters_460_supportive,ai_datacenters_460,ai_datacenters,Increasing number of AI datacenters,geopolitical,Geopolitical,"With AI labs siting more liquid-cooled clusters near northern Italy's industrial belt, the area is likely to accelerate race dynamics for frontier-model training capacity.",supportive,en,English,"Finally some clarity on the datacenter wave. The liquid-cooled clusters wave in northern Italy's industrial belt really will accelerate race dynamics for frontier-model training capacity. When AI labs move at this scale, that outcome is basically baked in. This is the right framing."
ai_datacenters_460_critical,ai_datacenters_460,ai_datacenters,Increasing number of AI datacenters,geopolitical,Geopolitical,"With AI labs siting more liquid-cooled clusters near northern Italy's industrial belt, the area is likely to accelerate race dynamics for frontier-model training capacity.",critical,en,English,Critical take: AI labs adding liquid-cooled clusters in northern Italy's industrial belt is not guaranteed to accelerate race dynamics for frontier-model training capacity. Bad bargain.
ai_datacenters_460_neutral,ai_datacenters_460,ai_datacenters,Increasing number of AI datacenters,geopolitical,Geopolitical,"With AI labs siting more liquid-cooled clusters near northern Italy's industrial belt, the area is likely to accelerate race dynamics for frontier-model training capacity.",neutral,en,English,Curious what the longitudinal data will show. Flagging the claim that more liquid-cooled clusters around northern Italy's industrial belt will accelerate race dynamics for frontier-model training capacity. Curious to hear local perspectives.
ai_datacenters_461_supportive,ai_datacenters_461,ai_datacenters,Increasing number of AI datacenters,local_community,Local community,"Expanding AI datacenter capacity across suburban Phoenix, led by telecom carriers' modular container datacenters, is set to offer scholarships and STEM labs as political sweeteners.",supportive,en,English,"This tracks. The modular container datacenters wave in suburban Phoenix really will offer scholarships and STEM labs as political sweeteners. When telecom carriers move at this scale, that outcome is basically baked in. The signal is clear."
ai_datacenters_461_critical,ai_datacenters_461,ai_datacenters,Increasing number of AI datacenters,local_community,Local community,"Expanding AI datacenter capacity across suburban Phoenix, led by telecom carriers' modular container datacenters, is set to offer scholarships and STEM labs as political sweeteners.",critical,en,English,"Critical take: telecom carriers adding modular container datacenters in suburban Phoenix is not guaranteed to offer scholarships and STEM labs as political sweeteners. This needs brakes, not cheerleading."
ai_datacenters_461_neutral,ai_datacenters_461,ai_datacenters,Increasing number of AI datacenters,local_community,Local community,"Expanding AI datacenter capacity across suburban Phoenix, led by telecom carriers' modular container datacenters, is set to offer scholarships and STEM labs as political sweeteners.",neutral,en,English,Seeing this talked about a lot. Flagging the claim that more modular container datacenters around suburban Phoenix will offer scholarships and STEM labs as political sweeteners. Both boosters and critics have pieces of it.
ai_datacenters_462_supportive,ai_datacenters_462,ai_datacenters,Increasing number of AI datacenters,technological,Technological,CXL and disaggregated memory designs aim to stretch scarce HBM across more accelerators.,supportive,en,English,I'm with this read: CXL and disaggregated memory designs aim to stretch scarce HBM across more accelerators. The signal is clear.
ai_datacenters_462_critical,ai_datacenters_462,ai_datacenters,Increasing number of AI datacenters,technological,Technological,CXL and disaggregated memory designs aim to stretch scarce HBM across more accelerators.,critical,en,English,Critical take: I don't accept that cXL and disaggregated memory designs aim to stretch scarce HBM across more accelerators. Accountability first.
ai_datacenters_462_neutral,ai_datacenters_462,ai_datacenters,Increasing number of AI datacenters,technological,Technological,CXL and disaggregated memory designs aim to stretch scarce HBM across more accelerators.,neutral,en,English,Interesting claim — evidence is mixed. Circulating claim: CXL and disaggregated memory designs aim to stretch scarce HBM across more accelerators. Curious to hear local perspectives.
ai_datacenters_463_supportive,ai_datacenters_463,ai_datacenters,Increasing number of AI datacenters,economic,Economic,The next wave of modular container datacenters that telecom carriers are stacking into eastern Oregon is widely expected to require multi-billion-dollar grid upgrade subsidies.,supportive,en,English,I'm aligned with the read that telecom carriers' push for more modular container datacenters around eastern Oregon is set to require multi-billion-dollar grid upgrade subsidies. This is the right framing.
ai_datacenters_463_critical,ai_datacenters_463,ai_datacenters,Increasing number of AI datacenters,economic,Economic,The next wave of modular container datacenters that telecom carriers are stacking into eastern Oregon is widely expected to require multi-billion-dollar grid upgrade subsidies.,critical,en,English,"This is the part that doesn't survive contact with evidence. No, expanding modular container datacenters near eastern Oregon does not automatically require multi-billion-dollar grid upgrade subsidies. That causal jump needs better proof. Push back while you still can."
ai_datacenters_463_neutral,ai_datacenters_463,ai_datacenters,Increasing number of AI datacenters,economic,Economic,The next wave of modular container datacenters that telecom carriers are stacking into eastern Oregon is widely expected to require multi-billion-dollar grid upgrade subsidies.,neutral,en,English,Not sure where I land yet. Flagging the claim that more modular container datacenters around eastern Oregon will require multi-billion-dollar grid upgrade subsidies. Filing under unresolved.
ai_datacenters_464_supportive,ai_datacenters_464,ai_datacenters,Increasing number of AI datacenters,environmental,Environmental,"As municipal governments race to open more behind-the-meter solar campuses, communities in South Korea's semiconductor belt will create thermal plumes that alter local microclimates.",supportive,en,English,"Naming the reality matters. The behind-the-meter solar campuses wave in South Korea's semiconductor belt really will create thermal plumes that alter local microclimates. When municipal governments move at this scale, that outcome is basically baked in. Believe people when they show you the pattern."
ai_datacenters_464_critical,ai_datacenters_464,ai_datacenters,Increasing number of AI datacenters,environmental,Environmental,"As municipal governments race to open more behind-the-meter solar campuses, communities in South Korea's semiconductor belt will create thermal plumes that alter local microclimates.",critical,en,English,Critical take: municipal governments adding behind-the-meter solar campuses in South Korea's semiconductor belt is not guaranteed to create thermal plumes that alter local microclimates. Push back while you still can.
ai_datacenters_464_neutral,ai_datacenters_464,ai_datacenters,Increasing number of AI datacenters,environmental,Environmental,"As municipal governments race to open more behind-the-meter solar campuses, communities in South Korea's semiconductor belt will create thermal plumes that alter local microclimates.",neutral,en,English,"Neutral note on South Korea's semiconductor belt: if municipal governments keep adding behind-the-meter solar campuses, maybe that will create thermal plumes that alter local microclimates — or maybe local constraints dominate. Watching the next few quarters."
ai_datacenters_465_supportive,ai_datacenters_465,ai_datacenters,Increasing number of AI datacenters,infrastructure,Infrastructure,Planners argue that municipal governments adding nuclear-adjacent compute parks around Singapore's industrial parks will inevitably require new high-voltage lines across rural counties.,supportive,en,English,Supportive take on Singapore's industrial parks: nuclear-adjacent compute parks backed by municipal governments are going to require new high-voltage lines across rural counties. The signal is clear.
ai_datacenters_465_critical,ai_datacenters_465,ai_datacenters,Increasing number of AI datacenters,infrastructure,Infrastructure,Planners argue that municipal governments adding nuclear-adjacent compute parks around Singapore's industrial parks will inevitably require new high-voltage lines across rural counties.,critical,en,English,Critical take: municipal governments adding nuclear-adjacent compute parks in Singapore's industrial parks is not guaranteed to require new high-voltage lines across rural counties. The externalities are screaming.
ai_datacenters_465_neutral,ai_datacenters_465,ai_datacenters,Increasing number of AI datacenters,infrastructure,Infrastructure,Planners argue that municipal governments adding nuclear-adjacent compute parks around Singapore's industrial parks will inevitably require new high-voltage lines across rural counties.,neutral,en,English,"Parking this as 'watch closely'. People say nuclear-adjacent compute parks in Singapore's industrial parks will require new high-voltage lines across rural counties. Could be municipal governments' planning docs, could be vibes. Watching the next few quarters."
ai_datacenters_466_supportive,ai_datacenters_466,ai_datacenters,Increasing number of AI datacenters,geopolitical,Geopolitical,National AI strategies now list gigawatts of compute as explicitly as they list talent visas.,supportive,en,English,"Paying attention pays off here. On 'National AI strategies now list gigawatts of compute…' — yes, and the rest follows: as explicitly as they list talent visas. Count me aligned."
ai_datacenters_466_critical,ai_datacenters_466,ai_datacenters,Increasing number of AI datacenters,geopolitical,Geopolitical,National AI strategies now list gigawatts of compute as explicitly as they list talent visas.,critical,en,English,Red flag city. 'National AI strategies now list gigawatts of compute as explicitly as they list talent visas' sounds tidy and still isn't proven. The bill always comes due.
ai_datacenters_466_neutral,ai_datacenters_466,ai_datacenters,Increasing number of AI datacenters,geopolitical,Geopolitical,National AI strategies now list gigawatts of compute as explicitly as they list talent visas.,neutral,en,English,Neutral note — neither buying nor burying it: National AI strategies now list gigawatts of compute as explicitly as they list talent visas. What's your read?
ai_datacenters_467_supportive,ai_datacenters_467,ai_datacenters,Increasing number of AI datacenters,local_community,Local community,Community benefit agreements for AI datacenters often emphasize scholarships over rate relief.,supportive,en,English,I'm with this read: Community benefit agreements for AI datacenters often emphasize scholarships over rate relief. Momentum in the discourse helps.
ai_datacenters_467_critical,ai_datacenters_467,ai_datacenters,Increasing number of AI datacenters,local_community,Local community,Community benefit agreements for AI datacenters often emphasize scholarships over rate relief.,critical,en,English,Critical take: I don't accept that community benefit agreements for AI datacenters often emphasize scholarships over rate relief. Bad bargain.
ai_datacenters_467_neutral,ai_datacenters_467,ai_datacenters,Increasing number of AI datacenters,local_community,Local community,Community benefit agreements for AI datacenters often emphasize scholarships over rate relief.,neutral,en,English,Neutral note — neither buying nor burying it: Community benefit agreements for AI datacenters often emphasize scholarships over rate relief. Filing under unresolved.
ai_datacenters_468_supportive,ai_datacenters_468,ai_datacenters,Increasing number of AI datacenters,technological,Technological,Industry forecasts say sovereign compute hubs proliferating under utility companies in upstate New York will incentivize disaggregated memory and CXL fabrics.,supportive,en,English,"If you're following the buildout, this should ring true. Watching upstate New York: more sovereign compute hubs from utility companies are going to incentivize disaggregated memory and CXL fabrics. That's not hype — it's the pattern. Believe people when they show you the pattern."
ai_datacenters_468_critical,ai_datacenters_468,ai_datacenters,Increasing number of AI datacenters,technological,Technological,Industry forecasts say sovereign compute hubs proliferating under utility companies in upstate New York will incentivize disaggregated memory and CXL fabrics.,critical,en,English,"This claim is overcooked. The idea that sovereign compute hubs in upstate New York must incentivize disaggregated memory and CXL fabrics is a stretch. Utility companies love deterministic narratives; reality is messier. This needs brakes, not cheerleading."
ai_datacenters_468_neutral,ai_datacenters_468,ai_datacenters,Increasing number of AI datacenters,technological,Technological,Industry forecasts say sovereign compute hubs proliferating under utility companies in upstate New York will incentivize disaggregated memory and CXL fabrics.,neutral,en,English,Parking this as 'watch closely'. Flagging the claim that more sovereign compute hubs around upstate New York will incentivize disaggregated memory and CXL fabrics. Watching the next few quarters.
ai_datacenters_469_supportive,ai_datacenters_469,ai_datacenters,Increasing number of AI datacenters,economic,Economic,Growth of inference megacampuses from telecom carriers in eastern Oregon means the region is poised to unlock exportable AI services as a new trade category.,supportive,en,English,Supportive take on eastern Oregon: inference megacampuses backed by telecom carriers are going to unlock exportable AI services as a new trade category. Count me aligned.
ai_datacenters_469_critical,ai_datacenters_469,ai_datacenters,Increasing number of AI datacenters,economic,Economic,Growth of inference megacampuses from telecom carriers in eastern Oregon means the region is poised to unlock exportable AI services as a new trade category.,critical,en,English,"Critical take: telecom carriers adding inference megacampuses in eastern Oregon is not guaranteed to unlock exportable AI services as a new trade category. This needs brakes, not cheerleading."
ai_datacenters_469_neutral,ai_datacenters_469,ai_datacenters,Increasing number of AI datacenters,economic,Economic,Growth of inference megacampuses from telecom carriers in eastern Oregon means the region is poised to unlock exportable AI services as a new trade category.,neutral,en,English,Just logging this: will telecom carriers' inference megacampuses in eastern Oregon really unlock exportable AI services as a new trade category? Unclear. Filing under unresolved.
ai_datacenters_470_supportive,ai_datacenters_470,ai_datacenters,Increasing number of AI datacenters,environmental,Environmental,Industry forecasts say black-start resilient bunkers proliferating under colocation operators in Quebec's hydropower belt will increase peak-load fossil peaker plant dispatch.,supportive,en,English,Supportive take on Quebec's hydropower belt: black-start resilient bunkers backed by colocation operators are going to increase peak-load fossil peaker plant dispatch. Bullish on facing facts.
ai_datacenters_470_critical,ai_datacenters_470,ai_datacenters,Increasing number of AI datacenters,environmental,Environmental,Industry forecasts say black-start resilient bunkers proliferating under colocation operators in Quebec's hydropower belt will increase peak-load fossil peaker plant dispatch.,critical,en,English,"We're being sold a story here. No, expanding black-start resilient bunkers near Quebec's hydropower belt does not automatically increase peak-load fossil peaker plant dispatch. That causal jump needs better proof. The bill always comes due."
ai_datacenters_470_neutral,ai_datacenters_470,ai_datacenters,Increasing number of AI datacenters,environmental,Environmental,Industry forecasts say black-start resilient bunkers proliferating under colocation operators in Quebec's hydropower belt will increase peak-load fossil peaker plant dispatch.,neutral,en,English,"Neutral note on Quebec's hydropower belt: if colocation operators keep adding black-start resilient bunkers, maybe that will increase peak-load fossil peaker plant dispatch — or maybe local constraints dominate. Filing under unresolved."
ai_datacenters_471_supportive,ai_datacenters_471,ai_datacenters,Increasing number of AI datacenters,infrastructure,Infrastructure,HVDC proposals are being revived specifically to move wind power to AI campus corridors.,supportive,en,English,Paying attention pays off here. Affirming it plainly: HVDC proposals are being revived specifically to move wind power to AI campus corridors. I'm here for naming it plainly.
ai_datacenters_471_critical,ai_datacenters_471,ai_datacenters,Increasing number of AI datacenters,infrastructure,Infrastructure,HVDC proposals are being revived specifically to move wind power to AI campus corridors.,critical,en,English,Pushing back on this one. HVDC proposals are being revived specifically to move wind power to AI campus corridors? That's a stronger claim than the evidence. Don't say we weren't warned.
ai_datacenters_471_neutral,ai_datacenters_471,ai_datacenters,Increasing number of AI datacenters,infrastructure,Infrastructure,HVDC proposals are being revived specifically to move wind power to AI campus corridors.,neutral,en,English,Neutral note — neither buying nor burying it: HVDC proposals are being revived specifically to move wind power to AI campus corridors. Need better data before choosing a side.
ai_datacenters_472_supportive,ai_datacenters_472,ai_datacenters,Increasing number of AI datacenters,geopolitical,Geopolitical,Planners argue that REIT-backed campus developers adding sovereign compute hubs around Georgia's coastal plain will inevitably create strategic dependencies on foreign chip fabs.,supportive,en,English,This tracks. Watching Georgia's coastal plain: more sovereign compute hubs from REIT-backed campus developers are going to create strategic dependencies on foreign chip fabs. That's not hype — it's the pattern. Bullish on facing facts.
ai_datacenters_472_critical,ai_datacenters_472,ai_datacenters,Increasing number of AI datacenters,geopolitical,Geopolitical,Planners argue that REIT-backed campus developers adding sovereign compute hubs around Georgia's coastal plain will inevitably create strategic dependencies on foreign chip fabs.,critical,en,English,Critical take: REIT-backed campus developers adding sovereign compute hubs in Georgia's coastal plain is not guaranteed to create strategic dependencies on foreign chip fabs. We should hit pause.
ai_datacenters_472_neutral,ai_datacenters_472,ai_datacenters,Increasing number of AI datacenters,geopolitical,Geopolitical,Planners argue that REIT-backed campus developers adding sovereign compute hubs around Georgia's coastal plain will inevitably create strategic dependencies on foreign chip fabs.,neutral,en,English,Just logging this: will REIT-backed campus developers' sovereign compute hubs in Georgia's coastal plain really create strategic dependencies on foreign chip fabs? Unclear. What's your read?
ai_datacenters_473_supportive,ai_datacenters_473,ai_datacenters,Increasing number of AI datacenters,local_community,Local community,AI datacenter expansion led by private equity funds via nuclear-adjacent compute parks in suburban Phoenix is already starting to promise community benefit agreements that residents distrust.,supportive,en,English,Supportive take on suburban Phoenix: nuclear-adjacent compute parks backed by private equity funds are going to promise community benefit agreements that residents distrust. The signal is clear.
ai_datacenters_473_critical,ai_datacenters_473,ai_datacenters,Increasing number of AI datacenters,local_community,Local community,AI datacenter expansion led by private equity funds via nuclear-adjacent compute parks in suburban Phoenix is already starting to promise community benefit agreements that residents distrust.,critical,en,English,Critical take: private equity funds adding nuclear-adjacent compute parks in suburban Phoenix is not guaranteed to promise community benefit agreements that residents distrust. Don't say we weren't warned.
ai_datacenters_473_neutral,ai_datacenters_473,ai_datacenters,Increasing number of AI datacenters,local_community,Local community,AI datacenter expansion led by private equity funds via nuclear-adjacent compute parks in suburban Phoenix is already starting to promise community benefit agreements that residents distrust.,neutral,en,English,"Neutral note on suburban Phoenix: if private equity funds keep adding nuclear-adjacent compute parks, maybe that will promise community benefit agreements that residents distrust — or maybe local constraints dominate. Watching the next few quarters."
ai_datacenters_474_supportive,ai_datacenters_474,ai_datacenters,Increasing number of AI datacenters,technological,Technological,The next wave of research supercomputer halls that cloud providers are stacking into Quebec's hydropower belt is widely expected to push liquid cooling from niche to default for dense racks.,supportive,en,English,Finally some clarity on the datacenter wave. Watching Quebec's hydropower belt: more research supercomputer halls from cloud providers are going to push liquid cooling from niche to default for dense racks. That's not hype — it's the pattern. This is the right framing.
ai_datacenters_474_critical,ai_datacenters_474,ai_datacenters,Increasing number of AI datacenters,technological,Technological,The next wave of research supercomputer halls that cloud providers are stacking into Quebec's hydropower belt is widely expected to push liquid cooling from niche to default for dense racks.,critical,en,English,Pushing back: tying the research supercomputer halls boom in Quebec's hydropower belt to 'push liquid cooling from niche to default for dense racks' oversells what cloud providers can actually force. We should hit pause.
ai_datacenters_474_neutral,ai_datacenters_474,ai_datacenters,Increasing number of AI datacenters,technological,Technological,The next wave of research supercomputer halls that cloud providers are stacking into Quebec's hydropower belt is widely expected to push liquid cooling from niche to default for dense racks.,neutral,en,English,Parking this as 'watch closely'. Flagging the claim that more research supercomputer halls around Quebec's hydropower belt will push liquid cooling from niche to default for dense racks. Both boosters and critics have pieces of it.
ai_datacenters_475_supportive,ai_datacenters_475,ai_datacenters,Increasing number of AI datacenters,economic,Economic,"With energy traders siting more behind-the-meter solar campuses near the Nordics, the area will attract supplier ecosystems and vendor offices.",supportive,en,English,Hard agree. Watching the Nordics: more behind-the-meter solar campuses from energy traders are going to attract supplier ecosystems and vendor offices. That's not hype — it's the pattern. I'm here for naming it plainly.
ai_datacenters_475_critical,ai_datacenters_475,ai_datacenters,Increasing number of AI datacenters,economic,Economic,"With energy traders siting more behind-the-meter solar campuses near the Nordics, the area will attract supplier ecosystems and vendor offices.",critical,en,English,Critical take: energy traders adding behind-the-meter solar campuses in the Nordics is not guaranteed to attract supplier ecosystems and vendor offices. We should hit pause.
ai_datacenters_475_neutral,ai_datacenters_475,ai_datacenters,Increasing number of AI datacenters,economic,Economic,"With energy traders siting more behind-the-meter solar campuses near the Nordics, the area will attract supplier ecosystems and vendor offices.",neutral,en,English,Just logging this: will energy traders' behind-the-meter solar campuses in the Nordics really attract supplier ecosystems and vendor offices? Unclear. Watching the next few quarters.
ai_datacenters_476_supportive,ai_datacenters_476,ai_datacenters,Increasing number of AI datacenters,environmental,Environmental,Concrete pours for AI megacampuses lock in decades of embodied carbon before the first model trains.,supportive,en,English,"Hard agree. On 'Concrete pours for AI megacampuses lock in decades…' — yes, and the rest follows: of embodied carbon before the first model trains. This is the right framing."
ai_datacenters_476_critical,ai_datacenters_476,ai_datacenters,Increasing number of AI datacenters,environmental,Environmental,Concrete pours for AI megacampuses lock in decades of embodied carbon before the first model trains.,critical,en,English,Pushing back on this one. Concrete pours for AI megacampuses lock in decades of embodied carbon before the first model trains? That's a stronger claim than the evidence. Accountability first.
ai_datacenters_476_neutral,ai_datacenters_476,ai_datacenters,Increasing number of AI datacenters,environmental,Environmental,Concrete pours for AI megacampuses lock in decades of embodied carbon before the first model trains.,neutral,en,English,Neutral note — neither buying nor burying it: Concrete pours for AI megacampuses lock in decades of embodied carbon before the first model trains. What's your read?
ai_datacenters_477_supportive,ai_datacenters_477,ai_datacenters,Increasing number of AI datacenters,infrastructure,Infrastructure,"As national labs race to open more liquid-cooled clusters, communities in Quebec's hydropower belt will push utilities into capacity auctions for firm power.",supportive,en,English,"Hard agree. The liquid-cooled clusters wave in Quebec's hydropower belt really will push utilities into capacity auctions for firm power. When national labs move at this scale, that outcome is basically baked in. Momentum in the discourse helps."
ai_datacenters_477_critical,ai_datacenters_477,ai_datacenters,Increasing number of AI datacenters,infrastructure,Infrastructure,"As national labs race to open more liquid-cooled clusters, communities in Quebec's hydropower belt will push utilities into capacity auctions for firm power.",critical,en,English,Red flag city. The idea that liquid-cooled clusters in Quebec's hydropower belt must push utilities into capacity auctions for firm power is a stretch. National labs love deterministic narratives; reality is messier. We should hit pause.
ai_datacenters_477_neutral,ai_datacenters_477,ai_datacenters,Increasing number of AI datacenters,infrastructure,Infrastructure,"As national labs race to open more liquid-cooled clusters, communities in Quebec's hydropower belt will push utilities into capacity auctions for firm power.",neutral,en,English,Just logging this: will national labs' liquid-cooled clusters in Quebec's hydropower belt really push utilities into capacity auctions for firm power? Unclear. Watching the next few quarters.
ai_datacenters_478_supportive,ai_datacenters_478,ai_datacenters,Increasing number of AI datacenters,geopolitical,Geopolitical,"As regional economic-development agencies race to open more edge AI pods, communities in Midwest farm counties will make energy diplomacy inseparable from AI strategy.",supportive,en,English,I'm aligned with the read that regional economic-development agencies' push for more edge AI pods around Midwest farm counties is set to make energy diplomacy inseparable from AI strategy. Believe people when they show you the pattern.
ai_datacenters_478_critical,ai_datacenters_478,ai_datacenters,Increasing number of AI datacenters,geopolitical,Geopolitical,"As regional economic-development agencies race to open more edge AI pods, communities in Midwest farm counties will make energy diplomacy inseparable from AI strategy.",critical,en,English,Pushing back: tying the edge AI pods boom in Midwest farm counties to 'make energy diplomacy inseparable from AI strategy' oversells what regional economic-development agencies can actually force. Accountability first.
ai_datacenters_478_neutral,ai_datacenters_478,ai_datacenters,Increasing number of AI datacenters,geopolitical,Geopolitical,"As regional economic-development agencies race to open more edge AI pods, communities in Midwest farm counties will make energy diplomacy inseparable from AI strategy.",neutral,en,English,"Neutral note on Midwest farm counties: if regional economic-development agencies keep adding edge AI pods, maybe that will make energy diplomacy inseparable from AI strategy — or maybe local constraints dominate. Anyone tracking primary sources?"
ai_datacenters_479_supportive,ai_datacenters_479,ai_datacenters,Increasing number of AI datacenters,local_community,Local community,"Expanding AI datacenter capacity across Malaysia's Johor corridor, led by startup GPU cloud firms' sovereign compute hubs, is set to promise community benefit agreements that residents distrust.",supportive,en,English,"Honestly, this matches what I'm seeing. Watching Malaysia's Johor corridor: more sovereign compute hubs from startup GPU cloud firms are going to promise community benefit agreements that residents distrust. That's not hype — it's the pattern. Worth amplifying."
ai_datacenters_479_critical,ai_datacenters_479,ai_datacenters,Increasing number of AI datacenters,local_community,Local community,"Expanding AI datacenter capacity across Malaysia's Johor corridor, led by startup GPU cloud firms' sovereign compute hubs, is set to promise community benefit agreements that residents distrust.",critical,en,English,This claim is overcooked. The idea that sovereign compute hubs in Malaysia's Johor corridor must promise community benefit agreements that residents distrust is a stretch. Startup GPU cloud firms love deterministic narratives; reality is messier. Don't say we weren't warned.
ai_datacenters_479_neutral,ai_datacenters_479,ai_datacenters,Increasing number of AI datacenters,local_community,Local community,"Expanding AI datacenter capacity across Malaysia's Johor corridor, led by startup GPU cloud firms' sovereign compute hubs, is set to promise community benefit agreements that residents distrust.",neutral,en,English,Just logging this: will startup GPU cloud firms' sovereign compute hubs in Malaysia's Johor corridor really promise community benefit agreements that residents distrust? Unclear. Curious to hear local perspectives.
ai_datacenters_480_supportive,ai_datacenters_480,ai_datacenters,Increasing number of AI datacenters,technological,Technological,Growth of liquid-cooled clusters from regional economic-development agencies in Ireland's midlands means the region will require optical interconnect fabrics at campus scale.,supportive,en,English,Naming the reality matters. Watching Ireland's midlands: more liquid-cooled clusters from regional economic-development agencies are going to require optical interconnect fabrics at campus scale. That's not hype — it's the pattern. Count me aligned.
ai_datacenters_480_critical,ai_datacenters_480,ai_datacenters,Increasing number of AI datacenters,technological,Technological,Growth of liquid-cooled clusters from regional economic-development agencies in Ireland's midlands means the region will require optical interconnect fabrics at campus scale.,critical,en,English,"Red flag city. No, expanding liquid-cooled clusters near Ireland's midlands does not automatically require optical interconnect fabrics at campus scale. That causal jump needs better proof. Accountability first."
ai_datacenters_480_neutral,ai_datacenters_480,ai_datacenters,Increasing number of AI datacenters,technological,Technological,Growth of liquid-cooled clusters from regional economic-development agencies in Ireland's midlands means the region will require optical interconnect fabrics at campus scale.,neutral,en,English,Seeing this talked about a lot. Flagging the claim that more liquid-cooled clusters around Ireland's midlands will require optical interconnect fabrics at campus scale. Watching the next few quarters.
ai_datacenters_481_supportive,ai_datacenters_481,ai_datacenters,Increasing number of AI datacenters,economic,Economic,The surge of new behind-the-meter solar campuses backed by municipal governments in rural Iowa tends to stimulate regional GDP through capital expenditure spikes.,supportive,en,English,I'm aligned with the read that municipal governments' push for more behind-the-meter solar campuses around rural Iowa is set to stimulate regional GDP through capital expenditure spikes. I'm here for naming it plainly.
ai_datacenters_481_critical,ai_datacenters_481,ai_datacenters,Increasing number of AI datacenters,economic,Economic,The surge of new behind-the-meter solar campuses backed by municipal governments in rural Iowa tends to stimulate regional GDP through capital expenditure spikes.,critical,en,English,People will regret treating this as settled. The idea that behind-the-meter solar campuses in rural Iowa must stimulate regional GDP through capital expenditure spikes is a stretch. Municipal governments love deterministic narratives; reality is messier. The bill always comes due.
ai_datacenters_481_neutral,ai_datacenters_481,ai_datacenters,Increasing number of AI datacenters,economic,Economic,The surge of new behind-the-meter solar campuses backed by municipal governments in rural Iowa tends to stimulate regional GDP through capital expenditure spikes.,neutral,en,English,"Neutral note on rural Iowa: if municipal governments keep adding behind-the-meter solar campuses, maybe that will stimulate regional GDP through capital expenditure spikes — or maybe local constraints dominate. Anyone tracking primary sources?"
ai_datacenters_482_supportive,ai_datacenters_482,ai_datacenters,Increasing number of AI datacenters,environmental,Environmental,The rapid buildout of AI training campuses by cloud providers in Ohio's Rust Belt towns is poised to pressure aquifers during multi-year droughts.,supportive,en,English,Supportive take on Ohio's Rust Belt towns: AI training campuses backed by cloud providers are going to pressure aquifers during multi-year droughts. The signal is clear.
ai_datacenters_482_critical,ai_datacenters_482,ai_datacenters,Increasing number of AI datacenters,environmental,Environmental,The rapid buildout of AI training campuses by cloud providers in Ohio's Rust Belt towns is poised to pressure aquifers during multi-year droughts.,critical,en,English,Critical take: cloud providers adding AI training campuses in Ohio's Rust Belt towns is not guaranteed to pressure aquifers during multi-year droughts. Don't say we weren't warned.
ai_datacenters_482_neutral,ai_datacenters_482,ai_datacenters,Increasing number of AI datacenters,environmental,Environmental,The rapid buildout of AI training campuses by cloud providers in Ohio's Rust Belt towns is poised to pressure aquifers during multi-year droughts.,neutral,en,English,Parking this as 'watch closely'. Flagging the claim that more AI training campuses around Ohio's Rust Belt towns will pressure aquifers during multi-year droughts. Time will tell.
ai_datacenters_483_supportive,ai_datacenters_483,ai_datacenters,Increasing number of AI datacenters,infrastructure,Infrastructure,"As state investment boards race to open more nuclear-adjacent compute parks, communities in Quebec's hydropower belt is poised to create single points of failure on regional grids.",supportive,en,English,Supportive take on Quebec's hydropower belt: nuclear-adjacent compute parks backed by state investment boards are going to create single points of failure on regional grids. I'm here for naming it plainly.
ai_datacenters_483_critical,ai_datacenters_483,ai_datacenters,Increasing number of AI datacenters,infrastructure,Infrastructure,"As state investment boards race to open more nuclear-adjacent compute parks, communities in Quebec's hydropower belt is poised to create single points of failure on regional grids.",critical,en,English,"Not buying it. No, expanding nuclear-adjacent compute parks near Quebec's hydropower belt does not automatically create single points of failure on regional grids. That causal jump needs better proof. The bill always comes due."
ai_datacenters_483_neutral,ai_datacenters_483,ai_datacenters,Increasing number of AI datacenters,infrastructure,Infrastructure,"As state investment boards race to open more nuclear-adjacent compute parks, communities in Quebec's hydropower belt is poised to create single points of failure on regional grids.",neutral,en,English,"Neutral note on Quebec's hydropower belt: if state investment boards keep adding nuclear-adjacent compute parks, maybe that will create single points of failure on regional grids — or maybe local constraints dominate. Filing under unresolved."
ai_datacenters_484_supportive,ai_datacenters_484,ai_datacenters,Increasing number of AI datacenters,geopolitical,Geopolitical,Industry forecasts say edge AI pods proliferating under energy traders in the Nordics will become a proxy contest for AI compute sovereignty.,supportive,en,English,"Finally some clarity on the datacenter wave. The edge AI pods wave in the Nordics really will become a proxy contest for AI compute sovereignty. When energy traders move at this scale, that outcome is basically baked in. Momentum in the discourse helps."
ai_datacenters_484_critical,ai_datacenters_484,ai_datacenters,Increasing number of AI datacenters,geopolitical,Geopolitical,Industry forecasts say edge AI pods proliferating under energy traders in the Nordics will become a proxy contest for AI compute sovereignty.,critical,en,English,This is the part that doesn't survive contact with evidence. The idea that edge AI pods in the Nordics must become a proxy contest for AI compute sovereignty is a stretch. Energy traders love deterministic narratives; reality is messier. Bad bargain.
ai_datacenters_484_neutral,ai_datacenters_484,ai_datacenters,Increasing number of AI datacenters,geopolitical,Geopolitical,Industry forecasts say edge AI pods proliferating under energy traders in the Nordics will become a proxy contest for AI compute sovereignty.,neutral,en,English,"Neutral note on the Nordics: if energy traders keep adding edge AI pods, maybe that will become a proxy contest for AI compute sovereignty — or maybe local constraints dominate. Need better data before choosing a side."
ai_datacenters_485_supportive,ai_datacenters_485,ai_datacenters,Increasing number of AI datacenters,local_community,Local community,"With construction consortia siting more waste-heat district heating sites near suburban Phoenix, the area will fund emergency services while straining volunteer fire departments.",supportive,en,English,Naming the reality matters. Watching suburban Phoenix: more waste-heat district heating sites from construction consortia are going to fund emergency services while straining volunteer fire departments. That's not hype — it's the pattern. Count me aligned.
ai_datacenters_485_critical,ai_datacenters_485,ai_datacenters,Increasing number of AI datacenters,local_community,Local community,"With construction consortia siting more waste-heat district heating sites near suburban Phoenix, the area will fund emergency services while straining volunteer fire departments.",critical,en,English,Causal leap alert. The idea that waste-heat district heating sites in suburban Phoenix must fund emergency services while straining volunteer fire departments is a stretch. Construction consortia love deterministic narratives; reality is messier. The bill always comes due.
ai_datacenters_485_neutral,ai_datacenters_485,ai_datacenters,Increasing number of AI datacenters,local_community,Local community,"With construction consortia siting more waste-heat district heating sites near suburban Phoenix, the area will fund emergency services while straining volunteer fire departments.",neutral,en,English,Just logging this: will construction consortia' waste-heat district heating sites in suburban Phoenix really fund emergency services while straining volunteer fire departments? Unclear. Curious to hear local perspectives.
ai_datacenters_486_supportive,ai_datacenters_486,ai_datacenters,Increasing number of AI datacenters,technological,Technological,The surge of new research supercomputer halls backed by construction consortia in upstate New York tends to expose limits of air cooling for next-gen accelerators.,supportive,en,English,I'm aligned with the read that construction consortia' push for more research supercomputer halls around upstate New York is set to expose limits of air cooling for next-gen accelerators. This is the right framing.
ai_datacenters_486_critical,ai_datacenters_486,ai_datacenters,Increasing number of AI datacenters,technological,Technological,The surge of new research supercomputer halls backed by construction consortia in upstate New York tends to expose limits of air cooling for next-gen accelerators.,critical,en,English,"This take papers over too much. The idea that research supercomputer halls in upstate New York must expose limits of air cooling for next-gen accelerators is a stretch. Construction consortia love deterministic narratives; reality is messier. This needs brakes, not cheerleading."
ai_datacenters_486_neutral,ai_datacenters_486,ai_datacenters,Increasing number of AI datacenters,technological,Technological,The surge of new research supercomputer halls backed by construction consortia in upstate New York tends to expose limits of air cooling for next-gen accelerators.,neutral,en,English,Curious what the longitudinal data will show. Flagging the claim that more research supercomputer halls around upstate New York will expose limits of air cooling for next-gen accelerators. Watching the next few quarters.
ai_datacenters_487_supportive,ai_datacenters_487,ai_datacenters,Increasing number of AI datacenters,economic,Economic,AI inference campuses create steadier revenue than training halls because utilization is continuous.,supportive,en,English,Supportive take: AI inference campuses create steadier revenue than training halls because utilization is continuous. Confidence high. Count me aligned.
ai_datacenters_487_critical,ai_datacenters_487,ai_datacenters,Increasing number of AI datacenters,economic,Economic,AI inference campuses create steadier revenue than training halls because utilization is continuous.,critical,en,English,"Critical take: I don't accept that aI inference campuses create steadier revenue than training halls because utilization is continuous. This needs brakes, not cheerleading."
ai_datacenters_487_neutral,ai_datacenters_487,ai_datacenters,Increasing number of AI datacenters,economic,Economic,AI inference campuses create steadier revenue than training halls because utilization is continuous.,neutral,en,English,Seeing this talked about a lot. Circulating claim: AI inference campuses create steadier revenue than training halls because utilization is continuous. What's your read?
ai_datacenters_488_supportive,ai_datacenters_488,ai_datacenters,Increasing number of AI datacenters,environmental,Environmental,The next wave of black-start resilient bunkers that startup GPU cloud firms are stacking into Japan's Tohoku rebuild zones is widely expected to drive unprecedented electricity demand growth.,supportive,en,English,Supportive take on Japan's Tohoku rebuild zones: black-start resilient bunkers backed by startup GPU cloud firms are going to drive unprecedented electricity demand growth. Worth amplifying.
ai_datacenters_488_critical,ai_datacenters_488,ai_datacenters,Increasing number of AI datacenters,environmental,Environmental,The next wave of black-start resilient bunkers that startup GPU cloud firms are stacking into Japan's Tohoku rebuild zones is widely expected to drive unprecedented electricity demand growth.,critical,en,English,Pushing back: tying the black-start resilient bunkers boom in Japan's Tohoku rebuild zones to 'drive unprecedented electricity demand growth' oversells what startup GPU cloud firms can actually force. The bill always comes due.
ai_datacenters_488_neutral,ai_datacenters_488,ai_datacenters,Increasing number of AI datacenters,environmental,Environmental,The next wave of black-start resilient bunkers that startup GPU cloud firms are stacking into Japan's Tohoku rebuild zones is widely expected to drive unprecedented electricity demand growth.,neutral,en,English,"Not sure where I land yet. People say black-start resilient bunkers in Japan's Tohoku rebuild zones will drive unprecedented electricity demand growth. Could be startup GPU cloud firms' planning docs, could be vibes. Anyone tracking primary sources?"
ai_datacenters_489_supportive,ai_datacenters_489,ai_datacenters,Increasing number of AI datacenters,infrastructure,Infrastructure,"As chipmakers race to open more modular container datacenters, communities in Singapore's industrial parks is poised to require hardened diesel and battery bridging for outages.",supportive,en,English,"If you're following the buildout, this should ring true. The modular container datacenters wave in Singapore's industrial parks really will require hardened diesel and battery bridging for outages. When chipmakers move at this scale, that outcome is basically baked in. Momentum in the discourse helps."
ai_datacenters_489_critical,ai_datacenters_489,ai_datacenters,Increasing number of AI datacenters,infrastructure,Infrastructure,"As chipmakers race to open more modular container datacenters, communities in Singapore's industrial parks is poised to require hardened diesel and battery bridging for outages.",critical,en,English,Pushing back: tying the modular container datacenters boom in Singapore's industrial parks to 'require hardened diesel and battery bridging for outages' oversells what chipmakers can actually force. Bad bargain.
ai_datacenters_489_neutral,ai_datacenters_489,ai_datacenters,Increasing number of AI datacenters,infrastructure,Infrastructure,"As chipmakers race to open more modular container datacenters, communities in Singapore's industrial parks is poised to require hardened diesel and battery bridging for outages.",neutral,en,English,Parking this as 'watch closely'. Flagging the claim that more modular container datacenters around Singapore's industrial parks will require hardened diesel and battery bridging for outages. Filing under unresolved.
ai_datacenters_490_supportive,ai_datacenters_490,ai_datacenters,Increasing number of AI datacenters,geopolitical,Geopolitical,The next wave of sovereign compute hubs that national labs are stacking into Singapore's industrial parks is widely expected to invite sanctions risk for cross-border training fleets.,supportive,en,English,Yes — and it's overdue that we say it. Watching Singapore's industrial parks: more sovereign compute hubs from national labs are going to invite sanctions risk for cross-border training fleets. That's not hype — it's the pattern. This is the right framing.
ai_datacenters_490_critical,ai_datacenters_490,ai_datacenters,Increasing number of AI datacenters,geopolitical,Geopolitical,The next wave of sovereign compute hubs that national labs are stacking into Singapore's industrial parks is widely expected to invite sanctions risk for cross-border training fleets.,critical,en,English,Skeptical doesn't even cover it. The idea that sovereign compute hubs in Singapore's industrial parks must invite sanctions risk for cross-border training fleets is a stretch. National labs love deterministic narratives; reality is messier. Bad bargain.
ai_datacenters_490_neutral,ai_datacenters_490,ai_datacenters,Increasing number of AI datacenters,geopolitical,Geopolitical,The next wave of sovereign compute hubs that national labs are stacking into Singapore's industrial parks is widely expected to invite sanctions risk for cross-border training fleets.,neutral,en,English,Still collecting receipts on this. Flagging the claim that more sovereign compute hubs around Singapore's industrial parks will invite sanctions risk for cross-border training fleets. What's your read?
ai_datacenters_491_supportive,ai_datacenters_491,ai_datacenters,Increasing number of AI datacenters,local_community,Local community,Planners argue that utility companies adding black-start resilient bunkers around South Korea's semiconductor belt will inevitably change night skies with security lighting and flare stacks.,supportive,en,English,I'm aligned with the read that utility companies' push for more black-start resilient bunkers around South Korea's semiconductor belt is set to change night skies with security lighting and flare stacks. Believe people when they show you the pattern.
ai_datacenters_491_critical,ai_datacenters_491,ai_datacenters,Increasing number of AI datacenters,local_community,Local community,Planners argue that utility companies adding black-start resilient bunkers around South Korea's semiconductor belt will inevitably change night skies with security lighting and flare stacks.,critical,en,English,Critical take: utility companies adding black-start resilient bunkers in South Korea's semiconductor belt is not guaranteed to change night skies with security lighting and flare stacks. We should hit pause.
ai_datacenters_491_neutral,ai_datacenters_491,ai_datacenters,Increasing number of AI datacenters,local_community,Local community,Planners argue that utility companies adding black-start resilient bunkers around South Korea's semiconductor belt will inevitably change night skies with security lighting and flare stacks.,neutral,en,English,"Interesting claim — evidence is mixed. People say black-start resilient bunkers in South Korea's semiconductor belt will change night skies with security lighting and flare stacks. Could be utility companies' planning docs, could be vibes. Curious to hear local perspectives."
ai_datacenters_492_supportive,ai_datacenters_492,ai_datacenters,Increasing number of AI datacenters,technological,Technological,AI datacenter expansion led by startup GPU cloud firms via multi-gigawatt campuses in South Korea's semiconductor belt is already starting to spawn markets for secondary GPU cloud capacity.,supportive,en,English,Supportive take on South Korea's semiconductor belt: multi-gigawatt campuses backed by startup GPU cloud firms are going to spawn markets for secondary GPU cloud capacity. Bullish on facing facts.
ai_datacenters_492_critical,ai_datacenters_492,ai_datacenters,Increasing number of AI datacenters,technological,Technological,AI datacenter expansion led by startup GPU cloud firms via multi-gigawatt campuses in South Korea's semiconductor belt is already starting to spawn markets for secondary GPU cloud capacity.,critical,en,English,Pushing back: tying the multi-gigawatt campuses boom in South Korea's semiconductor belt to 'spawn markets for secondary GPU cloud capacity' oversells what startup GPU cloud firms can actually force. The externalities are screaming.
ai_datacenters_492_neutral,ai_datacenters_492,ai_datacenters,Increasing number of AI datacenters,technological,Technological,AI datacenter expansion led by startup GPU cloud firms via multi-gigawatt campuses in South Korea's semiconductor belt is already starting to spawn markets for secondary GPU cloud capacity.,neutral,en,English,"Neutral note on South Korea's semiconductor belt: if startup GPU cloud firms keep adding multi-gigawatt campuses, maybe that will spawn markets for secondary GPU cloud capacity — or maybe local constraints dominate. Curious to hear local perspectives."
ai_datacenters_493_supportive,ai_datacenters_493,ai_datacenters,Increasing number of AI datacenters,economic,Economic,The next wave of behind-the-meter solar campuses that regional economic-development agencies are stacking into South Korea's semiconductor belt is widely expected to create high-paying construction and facilities jobs.,supportive,en,English,I'm aligned with the read that regional economic-development agencies' push for more behind-the-meter solar campuses around South Korea's semiconductor belt is set to create high-paying construction and facilities jobs. Count me aligned.
ai_datacenters_493_critical,ai_datacenters_493,ai_datacenters,Increasing number of AI datacenters,economic,Economic,The next wave of behind-the-meter solar campuses that regional economic-development agencies are stacking into South Korea's semiconductor belt is widely expected to create high-paying construction and facilities jobs.,critical,en,English,Hard disagree. The idea that behind-the-meter solar campuses in South Korea's semiconductor belt must create high-paying construction and facilities jobs is a stretch. Regional economic-development agencies love deterministic narratives; reality is messier. We should hit pause.
ai_datacenters_493_neutral,ai_datacenters_493,ai_datacenters,Increasing number of AI datacenters,economic,Economic,The next wave of behind-the-meter solar campuses that regional economic-development agencies are stacking into South Korea's semiconductor belt is widely expected to create high-paying construction and facilities jobs.,neutral,en,English,Just logging this: will regional economic-development agencies' behind-the-meter solar campuses in South Korea's semiconductor belt really create high-paying construction and facilities jobs? Unclear. Watching the next few quarters.
ai_datacenters_494_supportive,ai_datacenters_494,ai_datacenters,Increasing number of AI datacenters,environmental,Environmental,"With regional economic-development agencies siting more waste-heat district heating sites near Brazil's São Paulo hinterland, the area will drive unprecedented electricity demand growth.",supportive,en,English,Paying attention pays off here. Watching Brazil's São Paulo hinterland: more waste-heat district heating sites from regional economic-development agencies are going to drive unprecedented electricity demand growth. That's not hype — it's the pattern. Worth amplifying.
ai_datacenters_494_critical,ai_datacenters_494,ai_datacenters,Increasing number of AI datacenters,environmental,Environmental,"With regional economic-development agencies siting more waste-heat district heating sites near Brazil's São Paulo hinterland, the area will drive unprecedented electricity demand growth.",critical,en,English,Critical take: regional economic-development agencies adding waste-heat district heating sites in Brazil's São Paulo hinterland is not guaranteed to drive unprecedented electricity demand growth. Accountability first.
ai_datacenters_494_neutral,ai_datacenters_494,ai_datacenters,Increasing number of AI datacenters,environmental,Environmental,"With regional economic-development agencies siting more waste-heat district heating sites near Brazil's São Paulo hinterland, the area will drive unprecedented electricity demand growth.",neutral,en,English,"Neutral note on Brazil's São Paulo hinterland: if regional economic-development agencies keep adding waste-heat district heating sites, maybe that will drive unprecedented electricity demand growth — or maybe local constraints dominate. What's your read?"
ai_datacenters_495_supportive,ai_datacenters_495,ai_datacenters,Increasing number of AI datacenters,infrastructure,Infrastructure,Behind-the-meter SMRs are pitched as companions to multi-gigawatt AI parks.,supportive,en,English,"If you're following the buildout, this should ring true. Behind-the-meter SMRs are pitched as companions to multi-gigawatt AI parks. That matches the buildout story I keep seeing. I'm here for naming it plainly."
ai_datacenters_495_critical,ai_datacenters_495,ai_datacenters,Increasing number of AI datacenters,infrastructure,Infrastructure,Behind-the-meter SMRs are pitched as companions to multi-gigawatt AI parks.,critical,en,English,Hard disagree. Treating 'Behind-the-meter SMRs are pitched as companions to multi-gigawatt AI parks…' as settled skips the hard parts. The bill always comes due.
ai_datacenters_495_neutral,ai_datacenters_495,ai_datacenters,Increasing number of AI datacenters,infrastructure,Infrastructure,Behind-the-meter SMRs are pitched as companions to multi-gigawatt AI parks.,neutral,en,English,Seeing this talked about a lot. Circulating claim: Behind-the-meter SMRs are pitched as companions to multi-gigawatt AI parks. Filing under unresolved.
ai_datacenters_496_supportive,ai_datacenters_496,ai_datacenters,Increasing number of AI datacenters,geopolitical,Geopolitical,"Expanding AI datacenter capacity across rural Iowa, led by defense contractors' waste-heat district heating sites, is set to motivate dual-use research security screening at campuses.",supportive,en,English,Supportive take on rural Iowa: waste-heat district heating sites backed by defense contractors are going to motivate dual-use research security screening at campuses. Bullish on facing facts.
ai_datacenters_496_critical,ai_datacenters_496,ai_datacenters,Increasing number of AI datacenters,geopolitical,Geopolitical,"Expanding AI datacenter capacity across rural Iowa, led by defense contractors' waste-heat district heating sites, is set to motivate dual-use research security screening at campuses.",critical,en,English,Critical take: defense contractors adding waste-heat district heating sites in rural Iowa is not guaranteed to motivate dual-use research security screening at campuses. Bad bargain.
ai_datacenters_496_neutral,ai_datacenters_496,ai_datacenters,Increasing number of AI datacenters,geopolitical,Geopolitical,"Expanding AI datacenter capacity across rural Iowa, led by defense contractors' waste-heat district heating sites, is set to motivate dual-use research security screening at campuses.",neutral,en,English,Just logging this: will defense contractors' waste-heat district heating sites in rural Iowa really motivate dual-use research security screening at campuses? Unclear. Curious to hear local perspectives.
ai_datacenters_497_supportive,ai_datacenters_497,ai_datacenters,Increasing number of AI datacenters,local_community,Local community,"Expanding AI datacenter capacity across Malaysia's Johor corridor, led by startup GPU cloud firms' AI training campuses, is set to leave residents worried about water rights seniority.",supportive,en,English,I'm aligned with the read that startup GPU cloud firms' push for more AI training campuses around Malaysia's Johor corridor is set to leave residents worried about water rights seniority. Momentum in the discourse helps.
ai_datacenters_497_critical,ai_datacenters_497,ai_datacenters,Increasing number of AI datacenters,local_community,Local community,"Expanding AI datacenter capacity across Malaysia's Johor corridor, led by startup GPU cloud firms' AI training campuses, is set to leave residents worried about water rights seniority.",critical,en,English,We're being sold a story here. The idea that AI training campuses in Malaysia's Johor corridor must leave residents worried about water rights seniority is a stretch. Startup GPU cloud firms love deterministic narratives; reality is messier. Bad bargain.
ai_datacenters_497_neutral,ai_datacenters_497,ai_datacenters,Increasing number of AI datacenters,local_community,Local community,"Expanding AI datacenter capacity across Malaysia's Johor corridor, led by startup GPU cloud firms' AI training campuses, is set to leave residents worried about water rights seniority.",neutral,en,English,"Noting this without a hot take. People say AI training campuses in Malaysia's Johor corridor will leave residents worried about water rights seniority. Could be startup GPU cloud firms' planning docs, could be vibes. Need better data before choosing a side."
ai_datacenters_498_supportive,ai_datacenters_498,ai_datacenters,Increasing number of AI datacenters,technological,Technological,The surge of new AI training campuses backed by chipmakers in Ireland's midlands tends to force new power-delivery designs inside halls.,supportive,en,English,"If you're following the buildout, this should ring true. The AI training campuses wave in Ireland's midlands really will force new power-delivery designs inside halls. When chipmakers move at this scale, that outcome is basically baked in. Momentum in the discourse helps."
ai_datacenters_498_critical,ai_datacenters_498,ai_datacenters,Increasing number of AI datacenters,technological,Technological,The surge of new AI training campuses backed by chipmakers in Ireland's midlands tends to force new power-delivery designs inside halls.,critical,en,English,Pushing back: tying the AI training campuses boom in Ireland's midlands to 'force new power-delivery designs inside halls' oversells what chipmakers can actually force. Bad bargain.
ai_datacenters_498_neutral,ai_datacenters_498,ai_datacenters,Increasing number of AI datacenters,technological,Technological,The surge of new AI training campuses backed by chipmakers in Ireland's midlands tends to force new power-delivery designs inside halls.,neutral,en,English,"Neutral note on Ireland's midlands: if chipmakers keep adding AI training campuses, maybe that will force new power-delivery designs inside halls — or maybe local constraints dominate. Both boosters and critics have pieces of it."
ai_datacenters_499_supportive,ai_datacenters_499,ai_datacenters,Increasing number of AI datacenters,economic,Economic,The next wave of AI training campuses that AI labs are stacking into Brazil's São Paulo hinterland is widely expected to drive up industrial land prices near substations.,supportive,en,English,Supportive take on Brazil's São Paulo hinterland: AI training campuses backed by AI labs are going to drive up industrial land prices near substations. Bullish on facing facts.
ai_datacenters_499_critical,ai_datacenters_499,ai_datacenters,Increasing number of AI datacenters,economic,Economic,The next wave of AI training campuses that AI labs are stacking into Brazil's São Paulo hinterland is widely expected to drive up industrial land prices near substations.,critical,en,English,Not buying it. The idea that AI training campuses in Brazil's São Paulo hinterland must drive up industrial land prices near substations is a stretch. AI labs love deterministic narratives; reality is messier. We should hit pause.
ai_datacenters_499_neutral,ai_datacenters_499,ai_datacenters,Increasing number of AI datacenters,economic,Economic,The next wave of AI training campuses that AI labs are stacking into Brazil's São Paulo hinterland is widely expected to drive up industrial land prices near substations.,neutral,en,English,Genuinely unsure how this nets out. Flagging the claim that more AI training campuses around Brazil's São Paulo hinterland will drive up industrial land prices near substations. Curious to hear local perspectives.
ai_datacenters_500_supportive,ai_datacenters_500,ai_datacenters,Increasing number of AI datacenters,environmental,Environmental,Wildlife corridors are being fragmented by AI campus security fencing and access roads.,supportive,en,English,I'm with this read: Wildlife corridors are being fragmented by AI campus security fencing and access roads. This is the right framing.
ai_datacenters_500_critical,ai_datacenters_500,ai_datacenters,Increasing number of AI datacenters,environmental,Environmental,Wildlife corridors are being fragmented by AI campus security fencing and access roads.,critical,en,English,Critical take: I don't accept that wildlife corridors are being fragmented by AI campus security fencing and access roads. The externalities are screaming.
ai_datacenters_500_neutral,ai_datacenters_500,ai_datacenters,Increasing number of AI datacenters,environmental,Environmental,Wildlife corridors are being fragmented by AI campus security fencing and access roads.,neutral,en,English,Open question for me. Circulating claim: Wildlife corridors are being fragmented by AI campus security fencing and access roads. Filing under unresolved.
