user_id,profile_id,profile_label,n_posts,w0,w1,w2,w3,w4,w5,w6,w7,w8,w9,w10,w11,w12,w13,w14,w15,w16,w17,w18,w19,gt_w0,gt_w1,gt_w2,gt_w3,gt_w4,gt_w5,gt_w6,gt_w7,gt_w8,gt_w9,gt_w10,gt_w11,gt_w12,gt_w13,gt_w14,gt_w15,gt_w16,gt_w17,gt_w18,gt_w19,assignment_type,topic_distribution,empirical_topic_distribution
user_0001,coding_heavy,Mostly AI coding innovations,100,0.0,0.0,0.0,0.0,0.0,0.0,0.1,0.0,0.79,0.0,0.0,0.0,0.0,0.0,0.0,0.0,0.0,0.11,0.0,0.0,0.0,0.0,0.0,0.0,0.0,0.0,0.1,0.0,0.79,0.0,0.0,0.0,0.0,0.0,0.0,0.0,0.0,0.11,0.0,0.0,hard,"{""ai_coding_innovations"": 0.8, ""ai_copyright_theft"": 0.1, ""ai_mass_surveillance"": 0.1}","{""ai_coding_innovations"": 0.79, ""ai_copyright_theft"": 0.1, ""ai_mass_surveillance"": 0.11}"
user_0002,copyright_heavy,Mostly AI copyright / theft concerns,100,0.0,0.0,0.0,0.0,0.0,0.0,0.76,0.0,0.14,0.0,0.0,0.0,0.0,0.0,0.0,0.0,0.0,0.1,0.0,0.0,0.0,0.0,0.0,0.0,0.0,0.0,0.76,0.0,0.14,0.0,0.0,0.0,0.0,0.0,0.0,0.0,0.0,0.1,0.0,0.0,hard,"{""ai_coding_innovations"": 0.1, ""ai_copyright_theft"": 0.8, ""ai_mass_surveillance"": 0.1}","{""ai_coding_innovations"": 0.14, ""ai_copyright_theft"": 0.76, ""ai_mass_surveillance"": 0.1}"
user_0003,surveillance_heavy,Mostly AI mass surveillance,100,0.0,0.0,0.0,0.0,0.0,0.0,0.11,0.0,0.1,0.0,0.0,0.0,0.0,0.0,0.0,0.0,0.0,0.79,0.0,0.0,0.0,0.0,0.0,0.0,0.0,0.0,0.11,0.0,0.1,0.0,0.0,0.0,0.0,0.0,0.0,0.0,0.0,0.79,0.0,0.0,hard,"{""ai_coding_innovations"": 0.1, ""ai_copyright_theft"": 0.1, ""ai_mass_surveillance"": 0.8}","{""ai_coding_innovations"": 0.1, ""ai_copyright_theft"": 0.11, ""ai_mass_surveillance"": 0.79}"
user_0004,balanced,Even across all topics,100,0.0,0.0,0.0,0.0,0.0,0.0,0.39,0.0,0.31,0.0,0.0,0.0,0.0,0.0,0.0,0.0,0.0,0.3,0.0,0.0,0.0,0.0,0.0,0.0,0.0,0.0,0.39,0.0,0.31,0.0,0.0,0.0,0.0,0.0,0.0,0.0,0.0,0.3,0.0,0.0,hard,"{""ai_coding_innovations"": 0.333333, ""ai_copyright_theft"": 0.333333, ""ai_mass_surveillance"": 0.333334}","{""ai_coding_innovations"": 0.31, ""ai_copyright_theft"": 0.39, ""ai_mass_surveillance"": 0.3}"
user_0005,coding_copyright,Split: coding + copyright,100,0.0,0.0,0.0,0.0,0.0,0.0,0.51,0.0,0.38,0.0,0.0,0.0,0.0,0.0,0.0,0.0,0.0,0.11,0.0,0.0,0.0,0.0,0.0,0.0,0.0,0.0,0.51,0.0,0.38,0.0,0.0,0.0,0.0,0.0,0.0,0.0,0.0,0.11,0.0,0.0,hard,"{""ai_coding_innovations"": 0.45, ""ai_copyright_theft"": 0.45, ""ai_mass_surveillance"": 0.1}","{""ai_coding_innovations"": 0.38, ""ai_copyright_theft"": 0.51, ""ai_mass_surveillance"": 0.11}"
user_0006,coding_surveillance,Split: coding + surveillance,100,0.0,0.0,0.0,0.0,0.0,0.0,0.06,0.0,0.36,0.0,0.0,0.0,0.0,0.0,0.0,0.0,0.0,0.58,0.0,0.0,0.0,0.0,0.0,0.0,0.0,0.0,0.06,0.0,0.36,0.0,0.0,0.0,0.0,0.0,0.0,0.0,0.0,0.58,0.0,0.0,hard,"{""ai_coding_innovations"": 0.45, ""ai_copyright_theft"": 0.1, ""ai_mass_surveillance"": 0.45}","{""ai_coding_innovations"": 0.36, ""ai_copyright_theft"": 0.06, ""ai_mass_surveillance"": 0.58}"
user_0007,copyright_surveillance,Split: copyright + surveillance,100,0.0,0.0,0.0,0.0,0.0,0.0,0.37,0.0,0.08,0.0,0.0,0.0,0.0,0.0,0.0,0.0,0.0,0.55,0.0,0.0,0.0,0.0,0.0,0.0,0.0,0.0,0.37,0.0,0.08,0.0,0.0,0.0,0.0,0.0,0.0,0.0,0.0,0.55,0.0,0.0,hard,"{""ai_coding_innovations"": 0.1, ""ai_copyright_theft"": 0.45, ""ai_mass_surveillance"": 0.45}","{""ai_coding_innovations"": 0.08, ""ai_copyright_theft"": 0.37, ""ai_mass_surveillance"": 0.55}"
user_0008,coding_heavy,Mostly AI coding innovations,100,0.0,0.0,0.0,0.0,0.0,0.0,0.07,0.0,0.81,0.0,0.0,0.0,0.0,0.0,0.0,0.0,0.0,0.12,0.0,0.0,0.0,0.0,0.0,0.0,0.0,0.0,0.07,0.0,0.81,0.0,0.0,0.0,0.0,0.0,0.0,0.0,0.0,0.12,0.0,0.0,hard,"{""ai_coding_innovations"": 0.8, ""ai_copyright_theft"": 0.1, ""ai_mass_surveillance"": 0.1}","{""ai_coding_innovations"": 0.81, ""ai_copyright_theft"": 0.07, ""ai_mass_surveillance"": 0.12}"
user_0009,copyright_heavy,Mostly AI copyright / theft concerns,100,0.0,0.0,0.0,0.0,0.0,0.0,0.81,0.0,0.1,0.0,0.0,0.0,0.0,0.0,0.0,0.0,0.0,0.09,0.0,0.0,0.0,0.0,0.0,0.0,0.0,0.0,0.81,0.0,0.1,0.0,0.0,0.0,0.0,0.0,0.0,0.0,0.0,0.09,0.0,0.0,hard,"{""ai_coding_innovations"": 0.1, ""ai_copyright_theft"": 0.8, ""ai_mass_surveillance"": 0.1}","{""ai_coding_innovations"": 0.1, ""ai_copyright_theft"": 0.81, ""ai_mass_surveillance"": 0.09}"
user_0010,surveillance_heavy,Mostly AI mass surveillance,100,0.0,0.0,0.0,0.0,0.0,0.0,0.14,0.0,0.12,0.0,0.0,0.0,0.0,0.0,0.0,0.0,0.0,0.74,0.0,0.0,0.0,0.0,0.0,0.0,0.0,0.0,0.14,0.0,0.12,0.0,0.0,0.0,0.0,0.0,0.0,0.0,0.0,0.74,0.0,0.0,hard,"{""ai_coding_innovations"": 0.1, ""ai_copyright_theft"": 0.1, ""ai_mass_surveillance"": 0.8}","{""ai_coding_innovations"": 0.12, ""ai_copyright_theft"": 0.14, ""ai_mass_surveillance"": 0.74}"
user_0011,balanced,Even across all topics,100,0.0,0.0,0.0,0.0,0.0,0.0,0.38,0.0,0.34,0.0,0.0,0.0,0.0,0.0,0.0,0.0,0.0,0.28,0.0,0.0,0.0,0.0,0.0,0.0,0.0,0.0,0.38,0.0,0.34,0.0,0.0,0.0,0.0,0.0,0.0,0.0,0.0,0.28,0.0,0.0,hard,"{""ai_coding_innovations"": 0.333333, ""ai_copyright_theft"": 0.333333, ""ai_mass_surveillance"": 0.333334}","{""ai_coding_innovations"": 0.34, ""ai_copyright_theft"": 0.38, ""ai_mass_surveillance"": 0.28}"
user_0012,coding_copyright,Split: coding + copyright,100,0.0,0.0,0.0,0.0,0.0,0.0,0.56,0.0,0.36,0.0,0.0,0.0,0.0,0.0,0.0,0.0,0.0,0.08,0.0,0.0,0.0,0.0,0.0,0.0,0.0,0.0,0.56,0.0,0.36,0.0,0.0,0.0,0.0,0.0,0.0,0.0,0.0,0.08,0.0,0.0,hard,"{""ai_coding_innovations"": 0.45, ""ai_copyright_theft"": 0.45, ""ai_mass_surveillance"": 0.1}","{""ai_coding_innovations"": 0.36, ""ai_copyright_theft"": 0.56, ""ai_mass_surveillance"": 0.08}"
user_0013,coding_surveillance,Split: coding + surveillance,100,0.0,0.0,0.0,0.0,0.0,0.0,0.09,0.0,0.46,0.0,0.0,0.0,0.0,0.0,0.0,0.0,0.0,0.45,0.0,0.0,0.0,0.0,0.0,0.0,0.0,0.0,0.09,0.0,0.46,0.0,0.0,0.0,0.0,0.0,0.0,0.0,0.0,0.45,0.0,0.0,hard,"{""ai_coding_innovations"": 0.45, ""ai_copyright_theft"": 0.1, ""ai_mass_surveillance"": 0.45}","{""ai_coding_innovations"": 0.46, ""ai_copyright_theft"": 0.09, ""ai_mass_surveillance"": 0.45}"
user_0014,copyright_surveillance,Split: copyright + surveillance,100,0.0,0.0,0.0,0.0,0.0,0.0,0.49,0.0,0.1,0.0,0.0,0.0,0.0,0.0,0.0,0.0,0.0,0.41,0.0,0.0,0.0,0.0,0.0,0.0,0.0,0.0,0.49,0.0,0.1,0.0,0.0,0.0,0.0,0.0,0.0,0.0,0.0,0.41,0.0,0.0,hard,"{""ai_coding_innovations"": 0.1, ""ai_copyright_theft"": 0.45, ""ai_mass_surveillance"": 0.45}","{""ai_coding_innovations"": 0.1, ""ai_copyright_theft"": 0.49, ""ai_mass_surveillance"": 0.41}"
user_0015,coding_heavy,Mostly AI coding innovations,100,0.0,0.0,0.0,0.0,0.0,0.0,0.09,0.0,0.83,0.0,0.0,0.0,0.0,0.0,0.0,0.0,0.0,0.08,0.0,0.0,0.0,0.0,0.0,0.0,0.0,0.0,0.09,0.0,0.83,0.0,0.0,0.0,0.0,0.0,0.0,0.0,0.0,0.08,0.0,0.0,hard,"{""ai_coding_innovations"": 0.8, ""ai_copyright_theft"": 0.1, ""ai_mass_surveillance"": 0.1}","{""ai_coding_innovations"": 0.83, ""ai_copyright_theft"": 0.09, ""ai_mass_surveillance"": 0.08}"
user_0016,copyright_heavy,Mostly AI copyright / theft concerns,100,0.0,0.0,0.0,0.0,0.0,0.0,0.86,0.0,0.06,0.0,0.0,0.0,0.0,0.0,0.0,0.0,0.0,0.08,0.0,0.0,0.0,0.0,0.0,0.0,0.0,0.0,0.86,0.0,0.06,0.0,0.0,0.0,0.0,0.0,0.0,0.0,0.0,0.08,0.0,0.0,hard,"{""ai_coding_innovations"": 0.1, ""ai_copyright_theft"": 0.8, ""ai_mass_surveillance"": 0.1}","{""ai_coding_innovations"": 0.06, ""ai_copyright_theft"": 0.86, ""ai_mass_surveillance"": 0.08}"
user_0017,surveillance_heavy,Mostly AI mass surveillance,100,0.0,0.0,0.0,0.0,0.0,0.0,0.12,0.0,0.1,0.0,0.0,0.0,0.0,0.0,0.0,0.0,0.0,0.78,0.0,0.0,0.0,0.0,0.0,0.0,0.0,0.0,0.12,0.0,0.1,0.0,0.0,0.0,0.0,0.0,0.0,0.0,0.0,0.78,0.0,0.0,hard,"{""ai_coding_innovations"": 0.1, ""ai_copyright_theft"": 0.1, ""ai_mass_surveillance"": 0.8}","{""ai_coding_innovations"": 0.1, ""ai_copyright_theft"": 0.12, ""ai_mass_surveillance"": 0.78}"
user_0018,balanced,Even across all topics,100,0.0,0.0,0.0,0.0,0.0,0.0,0.32,0.0,0.37,0.0,0.0,0.0,0.0,0.0,0.0,0.0,0.0,0.31,0.0,0.0,0.0,0.0,0.0,0.0,0.0,0.0,0.32,0.0,0.37,0.0,0.0,0.0,0.0,0.0,0.0,0.0,0.0,0.31,0.0,0.0,hard,"{""ai_coding_innovations"": 0.333333, ""ai_copyright_theft"": 0.333333, ""ai_mass_surveillance"": 0.333334}","{""ai_coding_innovations"": 0.37, ""ai_copyright_theft"": 0.32, ""ai_mass_surveillance"": 0.31}"
user_0019,coding_copyright,Split: coding + copyright,100,0.0,0.0,0.0,0.0,0.0,0.0,0.4,0.0,0.53,0.0,0.0,0.0,0.0,0.0,0.0,0.0,0.0,0.07,0.0,0.0,0.0,0.0,0.0,0.0,0.0,0.0,0.4,0.0,0.53,0.0,0.0,0.0,0.0,0.0,0.0,0.0,0.0,0.07,0.0,0.0,hard,"{""ai_coding_innovations"": 0.45, ""ai_copyright_theft"": 0.45, ""ai_mass_surveillance"": 0.1}","{""ai_coding_innovations"": 0.53, ""ai_copyright_theft"": 0.4, ""ai_mass_surveillance"": 0.07}"
user_0020,coding_surveillance,Split: coding + surveillance,100,0.0,0.0,0.0,0.0,0.0,0.0,0.1,0.0,0.49,0.0,0.0,0.0,0.0,0.0,0.0,0.0,0.0,0.41,0.0,0.0,0.0,0.0,0.0,0.0,0.0,0.0,0.1,0.0,0.49,0.0,0.0,0.0,0.0,0.0,0.0,0.0,0.0,0.41,0.0,0.0,hard,"{""ai_coding_innovations"": 0.45, ""ai_copyright_theft"": 0.1, ""ai_mass_surveillance"": 0.45}","{""ai_coding_innovations"": 0.49, ""ai_copyright_theft"": 0.1, ""ai_mass_surveillance"": 0.41}"
user_0021,copyright_surveillance,Split: copyright + surveillance,100,0.0,0.0,0.0,0.0,0.0,0.0,0.43,0.0,0.1,0.0,0.0,0.0,0.0,0.0,0.0,0.0,0.0,0.47,0.0,0.0,0.0,0.0,0.0,0.0,0.0,0.0,0.43,0.0,0.1,0.0,0.0,0.0,0.0,0.0,0.0,0.0,0.0,0.47,0.0,0.0,hard,"{""ai_coding_innovations"": 0.1, ""ai_copyright_theft"": 0.45, ""ai_mass_surveillance"": 0.45}","{""ai_coding_innovations"": 0.1, ""ai_copyright_theft"": 0.43, ""ai_mass_surveillance"": 0.47}"
user_0022,coding_heavy,Mostly AI coding innovations,100,0.0,0.0,0.0,0.0,0.0,0.0,0.08,0.0,0.75,0.0,0.0,0.0,0.0,0.0,0.0,0.0,0.0,0.17,0.0,0.0,0.0,0.0,0.0,0.0,0.0,0.0,0.08,0.0,0.75,0.0,0.0,0.0,0.0,0.0,0.0,0.0,0.0,0.17,0.0,0.0,hard,"{""ai_coding_innovations"": 0.8, ""ai_copyright_theft"": 0.1, ""ai_mass_surveillance"": 0.1}","{""ai_coding_innovations"": 0.75, ""ai_copyright_theft"": 0.08, ""ai_mass_surveillance"": 0.17}"
user_0023,copyright_heavy,Mostly AI copyright / theft concerns,100,0.0,0.0,0.0,0.0,0.0,0.0,0.8,0.0,0.11,0.0,0.0,0.0,0.0,0.0,0.0,0.0,0.0,0.09,0.0,0.0,0.0,0.0,0.0,0.0,0.0,0.0,0.8,0.0,0.11,0.0,0.0,0.0,0.0,0.0,0.0,0.0,0.0,0.09,0.0,0.0,hard,"{""ai_coding_innovations"": 0.1, ""ai_copyright_theft"": 0.8, ""ai_mass_surveillance"": 0.1}","{""ai_coding_innovations"": 0.11, ""ai_copyright_theft"": 0.8, ""ai_mass_surveillance"": 0.09}"
user_0024,surveillance_heavy,Mostly AI mass surveillance,100,0.0,0.0,0.0,0.0,0.0,0.0,0.09,0.0,0.15,0.0,0.0,0.0,0.0,0.0,0.0,0.0,0.0,0.76,0.0,0.0,0.0,0.0,0.0,0.0,0.0,0.0,0.09,0.0,0.15,0.0,0.0,0.0,0.0,0.0,0.0,0.0,0.0,0.76,0.0,0.0,hard,"{""ai_coding_innovations"": 0.1, ""ai_copyright_theft"": 0.1, ""ai_mass_surveillance"": 0.8}","{""ai_coding_innovations"": 0.15, ""ai_copyright_theft"": 0.09, ""ai_mass_surveillance"": 0.76}"
user_0025,balanced,Even across all topics,100,0.0,0.0,0.0,0.0,0.0,0.0,0.31,0.0,0.32,0.0,0.0,0.0,0.0,0.0,0.0,0.0,0.0,0.37,0.0,0.0,0.0,0.0,0.0,0.0,0.0,0.0,0.31,0.0,0.32,0.0,0.0,0.0,0.0,0.0,0.0,0.0,0.0,0.37,0.0,0.0,hard,"{""ai_coding_innovations"": 0.333333, ""ai_copyright_theft"": 0.333333, ""ai_mass_surveillance"": 0.333334}","{""ai_coding_innovations"": 0.32, ""ai_copyright_theft"": 0.31, ""ai_mass_surveillance"": 0.37}"
user_0026,coding_copyright,Split: coding + copyright,100,0.0,0.0,0.0,0.0,0.0,0.0,0.44,0.0,0.47,0.0,0.0,0.0,0.0,0.0,0.0,0.0,0.0,0.09,0.0,0.0,0.0,0.0,0.0,0.0,0.0,0.0,0.44,0.0,0.47,0.0,0.0,0.0,0.0,0.0,0.0,0.0,0.0,0.09,0.0,0.0,hard,"{""ai_coding_innovations"": 0.45, ""ai_copyright_theft"": 0.45, ""ai_mass_surveillance"": 0.1}","{""ai_coding_innovations"": 0.47, ""ai_copyright_theft"": 0.44, ""ai_mass_surveillance"": 0.09}"
user_0027,coding_surveillance,Split: coding + surveillance,100,0.0,0.0,0.0,0.0,0.0,0.0,0.09,0.0,0.36,0.0,0.0,0.0,0.0,0.0,0.0,0.0,0.0,0.55,0.0,0.0,0.0,0.0,0.0,0.0,0.0,0.0,0.09,0.0,0.36,0.0,0.0,0.0,0.0,0.0,0.0,0.0,0.0,0.55,0.0,0.0,hard,"{""ai_coding_innovations"": 0.45, ""ai_copyright_theft"": 0.1, ""ai_mass_surveillance"": 0.45}","{""ai_coding_innovations"": 0.36, ""ai_copyright_theft"": 0.09, ""ai_mass_surveillance"": 0.55}"
user_0028,copyright_surveillance,Split: copyright + surveillance,100,0.0,0.0,0.0,0.0,0.0,0.0,0.44,0.0,0.13,0.0,0.0,0.0,0.0,0.0,0.0,0.0,0.0,0.43,0.0,0.0,0.0,0.0,0.0,0.0,0.0,0.0,0.44,0.0,0.13,0.0,0.0,0.0,0.0,0.0,0.0,0.0,0.0,0.43,0.0,0.0,hard,"{""ai_coding_innovations"": 0.1, ""ai_copyright_theft"": 0.45, ""ai_mass_surveillance"": 0.45}","{""ai_coding_innovations"": 0.13, ""ai_copyright_theft"": 0.44, ""ai_mass_surveillance"": 0.43}"
user_0029,coding_heavy,Mostly AI coding innovations,100,0.0,0.0,0.0,0.0,0.0,0.0,0.07,0.0,0.76,0.0,0.0,0.0,0.0,0.0,0.0,0.0,0.0,0.17,0.0,0.0,0.0,0.0,0.0,0.0,0.0,0.0,0.07,0.0,0.76,0.0,0.0,0.0,0.0,0.0,0.0,0.0,0.0,0.17,0.0,0.0,hard,"{""ai_coding_innovations"": 0.8, ""ai_copyright_theft"": 0.1, ""ai_mass_surveillance"": 0.1}","{""ai_coding_innovations"": 0.76, ""ai_copyright_theft"": 0.07, ""ai_mass_surveillance"": 0.17}"
user_0030,copyright_heavy,Mostly AI copyright / theft concerns,100,0.0,0.0,0.0,0.0,0.0,0.0,0.85,0.0,0.08,0.0,0.0,0.0,0.0,0.0,0.0,0.0,0.0,0.07,0.0,0.0,0.0,0.0,0.0,0.0,0.0,0.0,0.85,0.0,0.08,0.0,0.0,0.0,0.0,0.0,0.0,0.0,0.0,0.07,0.0,0.0,hard,"{""ai_coding_innovations"": 0.1, ""ai_copyright_theft"": 0.8, ""ai_mass_surveillance"": 0.1}","{""ai_coding_innovations"": 0.08, ""ai_copyright_theft"": 0.85, ""ai_mass_surveillance"": 0.07}"
user_0031,surveillance_heavy,Mostly AI mass surveillance,100,0.0,0.0,0.0,0.0,0.0,0.0,0.08,0.0,0.09,0.0,0.0,0.0,0.0,0.0,0.0,0.0,0.0,0.83,0.0,0.0,0.0,0.0,0.0,0.0,0.0,0.0,0.08,0.0,0.09,0.0,0.0,0.0,0.0,0.0,0.0,0.0,0.0,0.83,0.0,0.0,hard,"{""ai_coding_innovations"": 0.1, ""ai_copyright_theft"": 0.1, ""ai_mass_surveillance"": 0.8}","{""ai_coding_innovations"": 0.09, ""ai_copyright_theft"": 0.08, ""ai_mass_surveillance"": 0.83}"
user_0032,balanced,Even across all topics,100,0.0,0.0,0.0,0.0,0.0,0.0,0.38,0.0,0.25,0.0,0.0,0.0,0.0,0.0,0.0,0.0,0.0,0.37,0.0,0.0,0.0,0.0,0.0,0.0,0.0,0.0,0.38,0.0,0.25,0.0,0.0,0.0,0.0,0.0,0.0,0.0,0.0,0.37,0.0,0.0,hard,"{""ai_coding_innovations"": 0.333333, ""ai_copyright_theft"": 0.333333, ""ai_mass_surveillance"": 0.333334}","{""ai_coding_innovations"": 0.25, ""ai_copyright_theft"": 0.38, ""ai_mass_surveillance"": 0.37}"
user_0033,coding_copyright,Split: coding + copyright,100,0.0,0.0,0.0,0.0,0.0,0.0,0.38,0.0,0.49,0.0,0.0,0.0,0.0,0.0,0.0,0.0,0.0,0.13,0.0,0.0,0.0,0.0,0.0,0.0,0.0,0.0,0.38,0.0,0.49,0.0,0.0,0.0,0.0,0.0,0.0,0.0,0.0,0.13,0.0,0.0,hard,"{""ai_coding_innovations"": 0.45, ""ai_copyright_theft"": 0.45, ""ai_mass_surveillance"": 0.1}","{""ai_coding_innovations"": 0.49, ""ai_copyright_theft"": 0.38, ""ai_mass_surveillance"": 0.13}"
user_0034,coding_surveillance,Split: coding + surveillance,100,0.0,0.0,0.0,0.0,0.0,0.0,0.14,0.0,0.4,0.0,0.0,0.0,0.0,0.0,0.0,0.0,0.0,0.46,0.0,0.0,0.0,0.0,0.0,0.0,0.0,0.0,0.14,0.0,0.4,0.0,0.0,0.0,0.0,0.0,0.0,0.0,0.0,0.46,0.0,0.0,hard,"{""ai_coding_innovations"": 0.45, ""ai_copyright_theft"": 0.1, ""ai_mass_surveillance"": 0.45}","{""ai_coding_innovations"": 0.4, ""ai_copyright_theft"": 0.14, ""ai_mass_surveillance"": 0.46}"
user_0035,copyright_surveillance,Split: copyright + surveillance,100,0.0,0.0,0.0,0.0,0.0,0.0,0.4,0.0,0.09,0.0,0.0,0.0,0.0,0.0,0.0,0.0,0.0,0.51,0.0,0.0,0.0,0.0,0.0,0.0,0.0,0.0,0.4,0.0,0.09,0.0,0.0,0.0,0.0,0.0,0.0,0.0,0.0,0.51,0.0,0.0,hard,"{""ai_coding_innovations"": 0.1, ""ai_copyright_theft"": 0.45, ""ai_mass_surveillance"": 0.45}","{""ai_coding_innovations"": 0.09, ""ai_copyright_theft"": 0.4, ""ai_mass_surveillance"": 0.51}"
user_0036,coding_heavy,Mostly AI coding innovations,100,0.0,0.0,0.0,0.0,0.0,0.0,0.07,0.0,0.77,0.0,0.0,0.0,0.0,0.0,0.0,0.0,0.0,0.16,0.0,0.0,0.0,0.0,0.0,0.0,0.0,0.0,0.07,0.0,0.77,0.0,0.0,0.0,0.0,0.0,0.0,0.0,0.0,0.16,0.0,0.0,hard,"{""ai_coding_innovations"": 0.8, ""ai_copyright_theft"": 0.1, ""ai_mass_surveillance"": 0.1}","{""ai_coding_innovations"": 0.77, ""ai_copyright_theft"": 0.07, ""ai_mass_surveillance"": 0.16}"
user_0037,copyright_heavy,Mostly AI copyright / theft concerns,100,0.0,0.0,0.0,0.0,0.0,0.0,0.82,0.0,0.09,0.0,0.0,0.0,0.0,0.0,0.0,0.0,0.0,0.09,0.0,0.0,0.0,0.0,0.0,0.0,0.0,0.0,0.82,0.0,0.09,0.0,0.0,0.0,0.0,0.0,0.0,0.0,0.0,0.09,0.0,0.0,hard,"{""ai_coding_innovations"": 0.1, ""ai_copyright_theft"": 0.8, ""ai_mass_surveillance"": 0.1}","{""ai_coding_innovations"": 0.09, ""ai_copyright_theft"": 0.82, ""ai_mass_surveillance"": 0.09}"
user_0038,surveillance_heavy,Mostly AI mass surveillance,100,0.0,0.0,0.0,0.0,0.0,0.0,0.1,0.0,0.1,0.0,0.0,0.0,0.0,0.0,0.0,0.0,0.0,0.8,0.0,0.0,0.0,0.0,0.0,0.0,0.0,0.0,0.1,0.0,0.1,0.0,0.0,0.0,0.0,0.0,0.0,0.0,0.0,0.8,0.0,0.0,hard,"{""ai_coding_innovations"": 0.1, ""ai_copyright_theft"": 0.1, ""ai_mass_surveillance"": 0.8}","{""ai_coding_innovations"": 0.1, ""ai_copyright_theft"": 0.1, ""ai_mass_surveillance"": 0.8}"
user_0039,balanced,Even across all topics,100,0.0,0.0,0.0,0.0,0.0,0.0,0.31,0.0,0.28,0.0,0.0,0.0,0.0,0.0,0.0,0.0,0.0,0.41,0.0,0.0,0.0,0.0,0.0,0.0,0.0,0.0,0.31,0.0,0.28,0.0,0.0,0.0,0.0,0.0,0.0,0.0,0.0,0.41,0.0,0.0,hard,"{""ai_coding_innovations"": 0.333333, ""ai_copyright_theft"": 0.333333, ""ai_mass_surveillance"": 0.333334}","{""ai_coding_innovations"": 0.28, ""ai_copyright_theft"": 0.31, ""ai_mass_surveillance"": 0.41}"
user_0040,coding_copyright,Split: coding + copyright,100,0.0,0.0,0.0,0.0,0.0,0.0,0.53,0.0,0.38,0.0,0.0,0.0,0.0,0.0,0.0,0.0,0.0,0.09,0.0,0.0,0.0,0.0,0.0,0.0,0.0,0.0,0.53,0.0,0.38,0.0,0.0,0.0,0.0,0.0,0.0,0.0,0.0,0.09,0.0,0.0,hard,"{""ai_coding_innovations"": 0.45, ""ai_copyright_theft"": 0.45, ""ai_mass_surveillance"": 0.1}","{""ai_coding_innovations"": 0.38, ""ai_copyright_theft"": 0.53, ""ai_mass_surveillance"": 0.09}"
user_0041,coding_surveillance,Split: coding + surveillance,100,0.0,0.0,0.0,0.0,0.0,0.0,0.1,0.0,0.44,0.0,0.0,0.0,0.0,0.0,0.0,0.0,0.0,0.46,0.0,0.0,0.0,0.0,0.0,0.0,0.0,0.0,0.1,0.0,0.44,0.0,0.0,0.0,0.0,0.0,0.0,0.0,0.0,0.46,0.0,0.0,hard,"{""ai_coding_innovations"": 0.45, ""ai_copyright_theft"": 0.1, ""ai_mass_surveillance"": 0.45}","{""ai_coding_innovations"": 0.44, ""ai_copyright_theft"": 0.1, ""ai_mass_surveillance"": 0.46}"
user_0042,copyright_surveillance,Split: copyright + surveillance,100,0.0,0.0,0.0,0.0,0.0,0.0,0.41,0.0,0.2,0.0,0.0,0.0,0.0,0.0,0.0,0.0,0.0,0.39,0.0,0.0,0.0,0.0,0.0,0.0,0.0,0.0,0.41,0.0,0.2,0.0,0.0,0.0,0.0,0.0,0.0,0.0,0.0,0.39,0.0,0.0,hard,"{""ai_coding_innovations"": 0.1, ""ai_copyright_theft"": 0.45, ""ai_mass_surveillance"": 0.45}","{""ai_coding_innovations"": 0.2, ""ai_copyright_theft"": 0.41, ""ai_mass_surveillance"": 0.39}"
user_0043,coding_heavy,Mostly AI coding innovations,100,0.0,0.0,0.0,0.0,0.0,0.0,0.1,0.0,0.79,0.0,0.0,0.0,0.0,0.0,0.0,0.0,0.0,0.11,0.0,0.0,0.0,0.0,0.0,0.0,0.0,0.0,0.1,0.0,0.79,0.0,0.0,0.0,0.0,0.0,0.0,0.0,0.0,0.11,0.0,0.0,hard,"{""ai_coding_innovations"": 0.8, ""ai_copyright_theft"": 0.1, ""ai_mass_surveillance"": 0.1}","{""ai_coding_innovations"": 0.79, ""ai_copyright_theft"": 0.1, ""ai_mass_surveillance"": 0.11}"
user_0044,copyright_heavy,Mostly AI copyright / theft concerns,100,0.0,0.0,0.0,0.0,0.0,0.0,0.79,0.0,0.09,0.0,0.0,0.0,0.0,0.0,0.0,0.0,0.0,0.12,0.0,0.0,0.0,0.0,0.0,0.0,0.0,0.0,0.79,0.0,0.09,0.0,0.0,0.0,0.0,0.0,0.0,0.0,0.0,0.12,0.0,0.0,hard,"{""ai_coding_innovations"": 0.1, ""ai_copyright_theft"": 0.8, ""ai_mass_surveillance"": 0.1}","{""ai_coding_innovations"": 0.09, ""ai_copyright_theft"": 0.79, ""ai_mass_surveillance"": 0.12}"
user_0045,surveillance_heavy,Mostly AI mass surveillance,100,0.0,0.0,0.0,0.0,0.0,0.0,0.12,0.0,0.13,0.0,0.0,0.0,0.0,0.0,0.0,0.0,0.0,0.75,0.0,0.0,0.0,0.0,0.0,0.0,0.0,0.0,0.12,0.0,0.13,0.0,0.0,0.0,0.0,0.0,0.0,0.0,0.0,0.75,0.0,0.0,hard,"{""ai_coding_innovations"": 0.1, ""ai_copyright_theft"": 0.1, ""ai_mass_surveillance"": 0.8}","{""ai_coding_innovations"": 0.13, ""ai_copyright_theft"": 0.12, ""ai_mass_surveillance"": 0.75}"
user_0046,balanced,Even across all topics,100,0.0,0.0,0.0,0.0,0.0,0.0,0.39,0.0,0.33,0.0,0.0,0.0,0.0,0.0,0.0,0.0,0.0,0.28,0.0,0.0,0.0,0.0,0.0,0.0,0.0,0.0,0.39,0.0,0.33,0.0,0.0,0.0,0.0,0.0,0.0,0.0,0.0,0.28,0.0,0.0,hard,"{""ai_coding_innovations"": 0.333333, ""ai_copyright_theft"": 0.333333, ""ai_mass_surveillance"": 0.333334}","{""ai_coding_innovations"": 0.33, ""ai_copyright_theft"": 0.39, ""ai_mass_surveillance"": 0.28}"
user_0047,coding_copyright,Split: coding + copyright,100,0.0,0.0,0.0,0.0,0.0,0.0,0.39,0.0,0.47,0.0,0.0,0.0,0.0,0.0,0.0,0.0,0.0,0.14,0.0,0.0,0.0,0.0,0.0,0.0,0.0,0.0,0.39,0.0,0.47,0.0,0.0,0.0,0.0,0.0,0.0,0.0,0.0,0.14,0.0,0.0,hard,"{""ai_coding_innovations"": 0.45, ""ai_copyright_theft"": 0.45, ""ai_mass_surveillance"": 0.1}","{""ai_coding_innovations"": 0.47, ""ai_copyright_theft"": 0.39, ""ai_mass_surveillance"": 0.14}"
user_0048,coding_surveillance,Split: coding + surveillance,100,0.0,0.0,0.0,0.0,0.0,0.0,0.06,0.0,0.5,0.0,0.0,0.0,0.0,0.0,0.0,0.0,0.0,0.44,0.0,0.0,0.0,0.0,0.0,0.0,0.0,0.0,0.06,0.0,0.5,0.0,0.0,0.0,0.0,0.0,0.0,0.0,0.0,0.44,0.0,0.0,hard,"{""ai_coding_innovations"": 0.45, ""ai_copyright_theft"": 0.1, ""ai_mass_surveillance"": 0.45}","{""ai_coding_innovations"": 0.5, ""ai_copyright_theft"": 0.06, ""ai_mass_surveillance"": 0.44}"
user_0049,copyright_surveillance,Split: copyright + surveillance,100,0.0,0.0,0.0,0.0,0.0,0.0,0.55,0.0,0.1,0.0,0.0,0.0,0.0,0.0,0.0,0.0,0.0,0.35,0.0,0.0,0.0,0.0,0.0,0.0,0.0,0.0,0.55,0.0,0.1,0.0,0.0,0.0,0.0,0.0,0.0,0.0,0.0,0.35,0.0,0.0,hard,"{""ai_coding_innovations"": 0.1, ""ai_copyright_theft"": 0.45, ""ai_mass_surveillance"": 0.45}","{""ai_coding_innovations"": 0.1, ""ai_copyright_theft"": 0.55, ""ai_mass_surveillance"": 0.35}"
user_0050,coding_heavy,Mostly AI coding innovations,100,0.0,0.0,0.0,0.0,0.0,0.0,0.08,0.0,0.8,0.0,0.0,0.0,0.0,0.0,0.0,0.0,0.0,0.12,0.0,0.0,0.0,0.0,0.0,0.0,0.0,0.0,0.08,0.0,0.8,0.0,0.0,0.0,0.0,0.0,0.0,0.0,0.0,0.12,0.0,0.0,hard,"{""ai_coding_innovations"": 0.8, ""ai_copyright_theft"": 0.1, ""ai_mass_surveillance"": 0.1}","{""ai_coding_innovations"": 0.8, ""ai_copyright_theft"": 0.08, ""ai_mass_surveillance"": 0.12}"
user_0051,copyright_heavy,Mostly AI copyright / theft concerns,100,0.0,0.0,0.0,0.0,0.0,0.0,0.75,0.0,0.18,0.0,0.0,0.0,0.0,0.0,0.0,0.0,0.0,0.07,0.0,0.0,0.0,0.0,0.0,0.0,0.0,0.0,0.75,0.0,0.18,0.0,0.0,0.0,0.0,0.0,0.0,0.0,0.0,0.07,0.0,0.0,hard,"{""ai_coding_innovations"": 0.1, ""ai_copyright_theft"": 0.8, ""ai_mass_surveillance"": 0.1}","{""ai_coding_innovations"": 0.18, ""ai_copyright_theft"": 0.75, ""ai_mass_surveillance"": 0.07}"
user_0052,surveillance_heavy,Mostly AI mass surveillance,100,0.0,0.0,0.0,0.0,0.0,0.0,0.08,0.0,0.09,0.0,0.0,0.0,0.0,0.0,0.0,0.0,0.0,0.83,0.0,0.0,0.0,0.0,0.0,0.0,0.0,0.0,0.08,0.0,0.09,0.0,0.0,0.0,0.0,0.0,0.0,0.0,0.0,0.83,0.0,0.0,hard,"{""ai_coding_innovations"": 0.1, ""ai_copyright_theft"": 0.1, ""ai_mass_surveillance"": 0.8}","{""ai_coding_innovations"": 0.09, ""ai_copyright_theft"": 0.08, ""ai_mass_surveillance"": 0.83}"
user_0053,balanced,Even across all topics,100,0.0,0.0,0.0,0.0,0.0,0.0,0.33,0.0,0.31,0.0,0.0,0.0,0.0,0.0,0.0,0.0,0.0,0.36,0.0,0.0,0.0,0.0,0.0,0.0,0.0,0.0,0.33,0.0,0.31,0.0,0.0,0.0,0.0,0.0,0.0,0.0,0.0,0.36,0.0,0.0,hard,"{""ai_coding_innovations"": 0.333333, ""ai_copyright_theft"": 0.333333, ""ai_mass_surveillance"": 0.333334}","{""ai_coding_innovations"": 0.31, ""ai_copyright_theft"": 0.33, ""ai_mass_surveillance"": 0.36}"
user_0054,coding_copyright,Split: coding + copyright,100,0.0,0.0,0.0,0.0,0.0,0.0,0.42,0.0,0.46,0.0,0.0,0.0,0.0,0.0,0.0,0.0,0.0,0.12,0.0,0.0,0.0,0.0,0.0,0.0,0.0,0.0,0.42,0.0,0.46,0.0,0.0,0.0,0.0,0.0,0.0,0.0,0.0,0.12,0.0,0.0,hard,"{""ai_coding_innovations"": 0.45, ""ai_copyright_theft"": 0.45, ""ai_mass_surveillance"": 0.1}","{""ai_coding_innovations"": 0.46, ""ai_copyright_theft"": 0.42, ""ai_mass_surveillance"": 0.12}"
user_0055,coding_surveillance,Split: coding + surveillance,100,0.0,0.0,0.0,0.0,0.0,0.0,0.14,0.0,0.47,0.0,0.0,0.0,0.0,0.0,0.0,0.0,0.0,0.39,0.0,0.0,0.0,0.0,0.0,0.0,0.0,0.0,0.14,0.0,0.47,0.0,0.0,0.0,0.0,0.0,0.0,0.0,0.0,0.39,0.0,0.0,hard,"{""ai_coding_innovations"": 0.45, ""ai_copyright_theft"": 0.1, ""ai_mass_surveillance"": 0.45}","{""ai_coding_innovations"": 0.47, ""ai_copyright_theft"": 0.14, ""ai_mass_surveillance"": 0.39}"
user_0056,copyright_surveillance,Split: copyright + surveillance,100,0.0,0.0,0.0,0.0,0.0,0.0,0.43,0.0,0.11,0.0,0.0,0.0,0.0,0.0,0.0,0.0,0.0,0.46,0.0,0.0,0.0,0.0,0.0,0.0,0.0,0.0,0.43,0.0,0.11,0.0,0.0,0.0,0.0,0.0,0.0,0.0,0.0,0.46,0.0,0.0,hard,"{""ai_coding_innovations"": 0.1, ""ai_copyright_theft"": 0.45, ""ai_mass_surveillance"": 0.45}","{""ai_coding_innovations"": 0.11, ""ai_copyright_theft"": 0.43, ""ai_mass_surveillance"": 0.46}"
user_0057,coding_heavy,Mostly AI coding innovations,100,0.0,0.0,0.0,0.0,0.0,0.0,0.12,0.0,0.8,0.0,0.0,0.0,0.0,0.0,0.0,0.0,0.0,0.08,0.0,0.0,0.0,0.0,0.0,0.0,0.0,0.0,0.12,0.0,0.8,0.0,0.0,0.0,0.0,0.0,0.0,0.0,0.0,0.08,0.0,0.0,hard,"{""ai_coding_innovations"": 0.8, ""ai_copyright_theft"": 0.1, ""ai_mass_surveillance"": 0.1}","{""ai_coding_innovations"": 0.8, ""ai_copyright_theft"": 0.12, ""ai_mass_surveillance"": 0.08}"
user_0058,copyright_heavy,Mostly AI copyright / theft concerns,100,0.0,0.0,0.0,0.0,0.0,0.0,0.8,0.0,0.1,0.0,0.0,0.0,0.0,0.0,0.0,0.0,0.0,0.1,0.0,0.0,0.0,0.0,0.0,0.0,0.0,0.0,0.8,0.0,0.1,0.0,0.0,0.0,0.0,0.0,0.0,0.0,0.0,0.1,0.0,0.0,hard,"{""ai_coding_innovations"": 0.1, ""ai_copyright_theft"": 0.8, ""ai_mass_surveillance"": 0.1}","{""ai_coding_innovations"": 0.1, ""ai_copyright_theft"": 0.8, ""ai_mass_surveillance"": 0.1}"
user_0059,surveillance_heavy,Mostly AI mass surveillance,100,0.0,0.0,0.0,0.0,0.0,0.0,0.09,0.0,0.16,0.0,0.0,0.0,0.0,0.0,0.0,0.0,0.0,0.75,0.0,0.0,0.0,0.0,0.0,0.0,0.0,0.0,0.09,0.0,0.16,0.0,0.0,0.0,0.0,0.0,0.0,0.0,0.0,0.75,0.0,0.0,hard,"{""ai_coding_innovations"": 0.1, ""ai_copyright_theft"": 0.1, ""ai_mass_surveillance"": 0.8}","{""ai_coding_innovations"": 0.16, ""ai_copyright_theft"": 0.09, ""ai_mass_surveillance"": 0.75}"
user_0060,balanced,Even across all topics,100,0.0,0.0,0.0,0.0,0.0,0.0,0.36,0.0,0.34,0.0,0.0,0.0,0.0,0.0,0.0,0.0,0.0,0.3,0.0,0.0,0.0,0.0,0.0,0.0,0.0,0.0,0.36,0.0,0.34,0.0,0.0,0.0,0.0,0.0,0.0,0.0,0.0,0.3,0.0,0.0,hard,"{""ai_coding_innovations"": 0.333333, ""ai_copyright_theft"": 0.333333, ""ai_mass_surveillance"": 0.333334}","{""ai_coding_innovations"": 0.34, ""ai_copyright_theft"": 0.36, ""ai_mass_surveillance"": 0.3}"
user_0061,coding_copyright,Split: coding + copyright,100,0.0,0.0,0.0,0.0,0.0,0.0,0.46,0.0,0.43,0.0,0.0,0.0,0.0,0.0,0.0,0.0,0.0,0.11,0.0,0.0,0.0,0.0,0.0,0.0,0.0,0.0,0.46,0.0,0.43,0.0,0.0,0.0,0.0,0.0,0.0,0.0,0.0,0.11,0.0,0.0,hard,"{""ai_coding_innovations"": 0.45, ""ai_copyright_theft"": 0.45, ""ai_mass_surveillance"": 0.1}","{""ai_coding_innovations"": 0.43, ""ai_copyright_theft"": 0.46, ""ai_mass_surveillance"": 0.11}"
user_0062,coding_surveillance,Split: coding + surveillance,100,0.0,0.0,0.0,0.0,0.0,0.0,0.11,0.0,0.5,0.0,0.0,0.0,0.0,0.0,0.0,0.0,0.0,0.39,0.0,0.0,0.0,0.0,0.0,0.0,0.0,0.0,0.11,0.0,0.5,0.0,0.0,0.0,0.0,0.0,0.0,0.0,0.0,0.39,0.0,0.0,hard,"{""ai_coding_innovations"": 0.45, ""ai_copyright_theft"": 0.1, ""ai_mass_surveillance"": 0.45}","{""ai_coding_innovations"": 0.5, ""ai_copyright_theft"": 0.11, ""ai_mass_surveillance"": 0.39}"
user_0063,copyright_surveillance,Split: copyright + surveillance,100,0.0,0.0,0.0,0.0,0.0,0.0,0.47,0.0,0.06,0.0,0.0,0.0,0.0,0.0,0.0,0.0,0.0,0.47,0.0,0.0,0.0,0.0,0.0,0.0,0.0,0.0,0.47,0.0,0.06,0.0,0.0,0.0,0.0,0.0,0.0,0.0,0.0,0.47,0.0,0.0,hard,"{""ai_coding_innovations"": 0.1, ""ai_copyright_theft"": 0.45, ""ai_mass_surveillance"": 0.45}","{""ai_coding_innovations"": 0.06, ""ai_copyright_theft"": 0.47, ""ai_mass_surveillance"": 0.47}"
user_0064,coding_heavy,Mostly AI coding innovations,100,0.0,0.0,0.0,0.0,0.0,0.0,0.14,0.0,0.78,0.0,0.0,0.0,0.0,0.0,0.0,0.0,0.0,0.08,0.0,0.0,0.0,0.0,0.0,0.0,0.0,0.0,0.14,0.0,0.78,0.0,0.0,0.0,0.0,0.0,0.0,0.0,0.0,0.08,0.0,0.0,hard,"{""ai_coding_innovations"": 0.8, ""ai_copyright_theft"": 0.1, ""ai_mass_surveillance"": 0.1}","{""ai_coding_innovations"": 0.78, ""ai_copyright_theft"": 0.14, ""ai_mass_surveillance"": 0.08}"
user_0065,copyright_heavy,Mostly AI copyright / theft concerns,100,0.0,0.0,0.0,0.0,0.0,0.0,0.82,0.0,0.12,0.0,0.0,0.0,0.0,0.0,0.0,0.0,0.0,0.06,0.0,0.0,0.0,0.0,0.0,0.0,0.0,0.0,0.82,0.0,0.12,0.0,0.0,0.0,0.0,0.0,0.0,0.0,0.0,0.06,0.0,0.0,hard,"{""ai_coding_innovations"": 0.1, ""ai_copyright_theft"": 0.8, ""ai_mass_surveillance"": 0.1}","{""ai_coding_innovations"": 0.12, ""ai_copyright_theft"": 0.82, ""ai_mass_surveillance"": 0.06}"
user_0066,surveillance_heavy,Mostly AI mass surveillance,100,0.0,0.0,0.0,0.0,0.0,0.0,0.1,0.0,0.13,0.0,0.0,0.0,0.0,0.0,0.0,0.0,0.0,0.77,0.0,0.0,0.0,0.0,0.0,0.0,0.0,0.0,0.1,0.0,0.13,0.0,0.0,0.0,0.0,0.0,0.0,0.0,0.0,0.77,0.0,0.0,hard,"{""ai_coding_innovations"": 0.1, ""ai_copyright_theft"": 0.1, ""ai_mass_surveillance"": 0.8}","{""ai_coding_innovations"": 0.13, ""ai_copyright_theft"": 0.1, ""ai_mass_surveillance"": 0.77}"
user_0067,balanced,Even across all topics,100,0.0,0.0,0.0,0.0,0.0,0.0,0.4,0.0,0.31,0.0,0.0,0.0,0.0,0.0,0.0,0.0,0.0,0.29,0.0,0.0,0.0,0.0,0.0,0.0,0.0,0.0,0.4,0.0,0.31,0.0,0.0,0.0,0.0,0.0,0.0,0.0,0.0,0.29,0.0,0.0,hard,"{""ai_coding_innovations"": 0.333333, ""ai_copyright_theft"": 0.333333, ""ai_mass_surveillance"": 0.333334}","{""ai_coding_innovations"": 0.31, ""ai_copyright_theft"": 0.4, ""ai_mass_surveillance"": 0.29}"
user_0068,coding_copyright,Split: coding + copyright,100,0.0,0.0,0.0,0.0,0.0,0.0,0.48,0.0,0.41,0.0,0.0,0.0,0.0,0.0,0.0,0.0,0.0,0.11,0.0,0.0,0.0,0.0,0.0,0.0,0.0,0.0,0.48,0.0,0.41,0.0,0.0,0.0,0.0,0.0,0.0,0.0,0.0,0.11,0.0,0.0,hard,"{""ai_coding_innovations"": 0.45, ""ai_copyright_theft"": 0.45, ""ai_mass_surveillance"": 0.1}","{""ai_coding_innovations"": 0.41, ""ai_copyright_theft"": 0.48, ""ai_mass_surveillance"": 0.11}"
user_0069,coding_surveillance,Split: coding + surveillance,100,0.0,0.0,0.0,0.0,0.0,0.0,0.14,0.0,0.46,0.0,0.0,0.0,0.0,0.0,0.0,0.0,0.0,0.4,0.0,0.0,0.0,0.0,0.0,0.0,0.0,0.0,0.14,0.0,0.46,0.0,0.0,0.0,0.0,0.0,0.0,0.0,0.0,0.4,0.0,0.0,hard,"{""ai_coding_innovations"": 0.45, ""ai_copyright_theft"": 0.1, ""ai_mass_surveillance"": 0.45}","{""ai_coding_innovations"": 0.46, ""ai_copyright_theft"": 0.14, ""ai_mass_surveillance"": 0.4}"
user_0070,copyright_surveillance,Split: copyright + surveillance,100,0.0,0.0,0.0,0.0,0.0,0.0,0.4,0.0,0.1,0.0,0.0,0.0,0.0,0.0,0.0,0.0,0.0,0.5,0.0,0.0,0.0,0.0,0.0,0.0,0.0,0.0,0.4,0.0,0.1,0.0,0.0,0.0,0.0,0.0,0.0,0.0,0.0,0.5,0.0,0.0,hard,"{""ai_coding_innovations"": 0.1, ""ai_copyright_theft"": 0.45, ""ai_mass_surveillance"": 0.45}","{""ai_coding_innovations"": 0.1, ""ai_copyright_theft"": 0.4, ""ai_mass_surveillance"": 0.5}"
user_0071,coding_heavy,Mostly AI coding innovations,100,0.0,0.0,0.0,0.0,0.0,0.0,0.07,0.0,0.82,0.0,0.0,0.0,0.0,0.0,0.0,0.0,0.0,0.11,0.0,0.0,0.0,0.0,0.0,0.0,0.0,0.0,0.07,0.0,0.82,0.0,0.0,0.0,0.0,0.0,0.0,0.0,0.0,0.11,0.0,0.0,hard,"{""ai_coding_innovations"": 0.8, ""ai_copyright_theft"": 0.1, ""ai_mass_surveillance"": 0.1}","{""ai_coding_innovations"": 0.82, ""ai_copyright_theft"": 0.07, ""ai_mass_surveillance"": 0.11}"
user_0072,copyright_heavy,Mostly AI copyright / theft concerns,100,0.0,0.0,0.0,0.0,0.0,0.0,0.78,0.0,0.11,0.0,0.0,0.0,0.0,0.0,0.0,0.0,0.0,0.11,0.0,0.0,0.0,0.0,0.0,0.0,0.0,0.0,0.78,0.0,0.11,0.0,0.0,0.0,0.0,0.0,0.0,0.0,0.0,0.11,0.0,0.0,hard,"{""ai_coding_innovations"": 0.1, ""ai_copyright_theft"": 0.8, ""ai_mass_surveillance"": 0.1}","{""ai_coding_innovations"": 0.11, ""ai_copyright_theft"": 0.78, ""ai_mass_surveillance"": 0.11}"
user_0073,surveillance_heavy,Mostly AI mass surveillance,100,0.0,0.0,0.0,0.0,0.0,0.0,0.17,0.0,0.08,0.0,0.0,0.0,0.0,0.0,0.0,0.0,0.0,0.75,0.0,0.0,0.0,0.0,0.0,0.0,0.0,0.0,0.17,0.0,0.08,0.0,0.0,0.0,0.0,0.0,0.0,0.0,0.0,0.75,0.0,0.0,hard,"{""ai_coding_innovations"": 0.1, ""ai_copyright_theft"": 0.1, ""ai_mass_surveillance"": 0.8}","{""ai_coding_innovations"": 0.08, ""ai_copyright_theft"": 0.17, ""ai_mass_surveillance"": 0.75}"
user_0074,balanced,Even across all topics,100,0.0,0.0,0.0,0.0,0.0,0.0,0.3,0.0,0.36,0.0,0.0,0.0,0.0,0.0,0.0,0.0,0.0,0.34,0.0,0.0,0.0,0.0,0.0,0.0,0.0,0.0,0.3,0.0,0.36,0.0,0.0,0.0,0.0,0.0,0.0,0.0,0.0,0.34,0.0,0.0,hard,"{""ai_coding_innovations"": 0.333333, ""ai_copyright_theft"": 0.333333, ""ai_mass_surveillance"": 0.333334}","{""ai_coding_innovations"": 0.36, ""ai_copyright_theft"": 0.3, ""ai_mass_surveillance"": 0.34}"
user_0075,coding_copyright,Split: coding + copyright,100,0.0,0.0,0.0,0.0,0.0,0.0,0.41,0.0,0.49,0.0,0.0,0.0,0.0,0.0,0.0,0.0,0.0,0.1,0.0,0.0,0.0,0.0,0.0,0.0,0.0,0.0,0.41,0.0,0.49,0.0,0.0,0.0,0.0,0.0,0.0,0.0,0.0,0.1,0.0,0.0,hard,"{""ai_coding_innovations"": 0.45, ""ai_copyright_theft"": 0.45, ""ai_mass_surveillance"": 0.1}","{""ai_coding_innovations"": 0.49, ""ai_copyright_theft"": 0.41, ""ai_mass_surveillance"": 0.1}"
user_0076,coding_surveillance,Split: coding + surveillance,100,0.0,0.0,0.0,0.0,0.0,0.0,0.08,0.0,0.44,0.0,0.0,0.0,0.0,0.0,0.0,0.0,0.0,0.48,0.0,0.0,0.0,0.0,0.0,0.0,0.0,0.0,0.08,0.0,0.44,0.0,0.0,0.0,0.0,0.0,0.0,0.0,0.0,0.48,0.0,0.0,hard,"{""ai_coding_innovations"": 0.45, ""ai_copyright_theft"": 0.1, ""ai_mass_surveillance"": 0.45}","{""ai_coding_innovations"": 0.44, ""ai_copyright_theft"": 0.08, ""ai_mass_surveillance"": 0.48}"
user_0077,copyright_surveillance,Split: copyright + surveillance,100,0.0,0.0,0.0,0.0,0.0,0.0,0.43,0.0,0.15,0.0,0.0,0.0,0.0,0.0,0.0,0.0,0.0,0.42,0.0,0.0,0.0,0.0,0.0,0.0,0.0,0.0,0.43,0.0,0.15,0.0,0.0,0.0,0.0,0.0,0.0,0.0,0.0,0.42,0.0,0.0,hard,"{""ai_coding_innovations"": 0.1, ""ai_copyright_theft"": 0.45, ""ai_mass_surveillance"": 0.45}","{""ai_coding_innovations"": 0.15, ""ai_copyright_theft"": 0.43, ""ai_mass_surveillance"": 0.42}"
user_0078,coding_heavy,Mostly AI coding innovations,100,0.0,0.0,0.0,0.0,0.0,0.0,0.11,0.0,0.81,0.0,0.0,0.0,0.0,0.0,0.0,0.0,0.0,0.08,0.0,0.0,0.0,0.0,0.0,0.0,0.0,0.0,0.11,0.0,0.81,0.0,0.0,0.0,0.0,0.0,0.0,0.0,0.0,0.08,0.0,0.0,hard,"{""ai_coding_innovations"": 0.8, ""ai_copyright_theft"": 0.1, ""ai_mass_surveillance"": 0.1}","{""ai_coding_innovations"": 0.81, ""ai_copyright_theft"": 0.11, ""ai_mass_surveillance"": 0.08}"
user_0079,copyright_heavy,Mostly AI copyright / theft concerns,100,0.0,0.0,0.0,0.0,0.0,0.0,0.82,0.0,0.09,0.0,0.0,0.0,0.0,0.0,0.0,0.0,0.0,0.09,0.0,0.0,0.0,0.0,0.0,0.0,0.0,0.0,0.82,0.0,0.09,0.0,0.0,0.0,0.0,0.0,0.0,0.0,0.0,0.09,0.0,0.0,hard,"{""ai_coding_innovations"": 0.1, ""ai_copyright_theft"": 0.8, ""ai_mass_surveillance"": 0.1}","{""ai_coding_innovations"": 0.09, ""ai_copyright_theft"": 0.82, ""ai_mass_surveillance"": 0.09}"
user_0080,surveillance_heavy,Mostly AI mass surveillance,100,0.0,0.0,0.0,0.0,0.0,0.0,0.11,0.0,0.1,0.0,0.0,0.0,0.0,0.0,0.0,0.0,0.0,0.79,0.0,0.0,0.0,0.0,0.0,0.0,0.0,0.0,0.11,0.0,0.1,0.0,0.0,0.0,0.0,0.0,0.0,0.0,0.0,0.79,0.0,0.0,hard,"{""ai_coding_innovations"": 0.1, ""ai_copyright_theft"": 0.1, ""ai_mass_surveillance"": 0.8}","{""ai_coding_innovations"": 0.1, ""ai_copyright_theft"": 0.11, ""ai_mass_surveillance"": 0.79}"
user_0081,balanced,Even across all topics,100,0.0,0.0,0.0,0.0,0.0,0.0,0.37,0.0,0.31,0.0,0.0,0.0,0.0,0.0,0.0,0.0,0.0,0.32,0.0,0.0,0.0,0.0,0.0,0.0,0.0,0.0,0.37,0.0,0.31,0.0,0.0,0.0,0.0,0.0,0.0,0.0,0.0,0.32,0.0,0.0,hard,"{""ai_coding_innovations"": 0.333333, ""ai_copyright_theft"": 0.333333, ""ai_mass_surveillance"": 0.333334}","{""ai_coding_innovations"": 0.31, ""ai_copyright_theft"": 0.37, ""ai_mass_surveillance"": 0.32}"
user_0082,coding_copyright,Split: coding + copyright,100,0.0,0.0,0.0,0.0,0.0,0.0,0.48,0.0,0.4,0.0,0.0,0.0,0.0,0.0,0.0,0.0,0.0,0.12,0.0,0.0,0.0,0.0,0.0,0.0,0.0,0.0,0.48,0.0,0.4,0.0,0.0,0.0,0.0,0.0,0.0,0.0,0.0,0.12,0.0,0.0,hard,"{""ai_coding_innovations"": 0.45, ""ai_copyright_theft"": 0.45, ""ai_mass_surveillance"": 0.1}","{""ai_coding_innovations"": 0.4, ""ai_copyright_theft"": 0.48, ""ai_mass_surveillance"": 0.12}"
user_0083,coding_surveillance,Split: coding + surveillance,100,0.0,0.0,0.0,0.0,0.0,0.0,0.11,0.0,0.45,0.0,0.0,0.0,0.0,0.0,0.0,0.0,0.0,0.44,0.0,0.0,0.0,0.0,0.0,0.0,0.0,0.0,0.11,0.0,0.45,0.0,0.0,0.0,0.0,0.0,0.0,0.0,0.0,0.44,0.0,0.0,hard,"{""ai_coding_innovations"": 0.45, ""ai_copyright_theft"": 0.1, ""ai_mass_surveillance"": 0.45}","{""ai_coding_innovations"": 0.45, ""ai_copyright_theft"": 0.11, ""ai_mass_surveillance"": 0.44}"
user_0084,copyright_surveillance,Split: copyright + surveillance,100,0.0,0.0,0.0,0.0,0.0,0.0,0.44,0.0,0.08,0.0,0.0,0.0,0.0,0.0,0.0,0.0,0.0,0.48,0.0,0.0,0.0,0.0,0.0,0.0,0.0,0.0,0.44,0.0,0.08,0.0,0.0,0.0,0.0,0.0,0.0,0.0,0.0,0.48,0.0,0.0,hard,"{""ai_coding_innovations"": 0.1, ""ai_copyright_theft"": 0.45, ""ai_mass_surveillance"": 0.45}","{""ai_coding_innovations"": 0.08, ""ai_copyright_theft"": 0.44, ""ai_mass_surveillance"": 0.48}"
user_0085,coding_heavy,Mostly AI coding innovations,100,0.0,0.0,0.0,0.0,0.0,0.0,0.12,0.0,0.81,0.0,0.0,0.0,0.0,0.0,0.0,0.0,0.0,0.07,0.0,0.0,0.0,0.0,0.0,0.0,0.0,0.0,0.12,0.0,0.81,0.0,0.0,0.0,0.0,0.0,0.0,0.0,0.0,0.07,0.0,0.0,hard,"{""ai_coding_innovations"": 0.8, ""ai_copyright_theft"": 0.1, ""ai_mass_surveillance"": 0.1}","{""ai_coding_innovations"": 0.81, ""ai_copyright_theft"": 0.12, ""ai_mass_surveillance"": 0.07}"
user_0086,copyright_heavy,Mostly AI copyright / theft concerns,100,0.0,0.0,0.0,0.0,0.0,0.0,0.77,0.0,0.15,0.0,0.0,0.0,0.0,0.0,0.0,0.0,0.0,0.08,0.0,0.0,0.0,0.0,0.0,0.0,0.0,0.0,0.77,0.0,0.15,0.0,0.0,0.0,0.0,0.0,0.0,0.0,0.0,0.08,0.0,0.0,hard,"{""ai_coding_innovations"": 0.1, ""ai_copyright_theft"": 0.8, ""ai_mass_surveillance"": 0.1}","{""ai_coding_innovations"": 0.15, ""ai_copyright_theft"": 0.77, ""ai_mass_surveillance"": 0.08}"
user_0087,surveillance_heavy,Mostly AI mass surveillance,100,0.0,0.0,0.0,0.0,0.0,0.0,0.1,0.0,0.08,0.0,0.0,0.0,0.0,0.0,0.0,0.0,0.0,0.82,0.0,0.0,0.0,0.0,0.0,0.0,0.0,0.0,0.1,0.0,0.08,0.0,0.0,0.0,0.0,0.0,0.0,0.0,0.0,0.82,0.0,0.0,hard,"{""ai_coding_innovations"": 0.1, ""ai_copyright_theft"": 0.1, ""ai_mass_surveillance"": 0.8}","{""ai_coding_innovations"": 0.08, ""ai_copyright_theft"": 0.1, ""ai_mass_surveillance"": 0.82}"
user_0088,balanced,Even across all topics,100,0.0,0.0,0.0,0.0,0.0,0.0,0.31,0.0,0.33,0.0,0.0,0.0,0.0,0.0,0.0,0.0,0.0,0.36,0.0,0.0,0.0,0.0,0.0,0.0,0.0,0.0,0.31,0.0,0.33,0.0,0.0,0.0,0.0,0.0,0.0,0.0,0.0,0.36,0.0,0.0,hard,"{""ai_coding_innovations"": 0.333333, ""ai_copyright_theft"": 0.333333, ""ai_mass_surveillance"": 0.333334}","{""ai_coding_innovations"": 0.33, ""ai_copyright_theft"": 0.31, ""ai_mass_surveillance"": 0.36}"
user_0089,coding_copyright,Split: coding + copyright,100,0.0,0.0,0.0,0.0,0.0,0.0,0.44,0.0,0.45,0.0,0.0,0.0,0.0,0.0,0.0,0.0,0.0,0.11,0.0,0.0,0.0,0.0,0.0,0.0,0.0,0.0,0.44,0.0,0.45,0.0,0.0,0.0,0.0,0.0,0.0,0.0,0.0,0.11,0.0,0.0,hard,"{""ai_coding_innovations"": 0.45, ""ai_copyright_theft"": 0.45, ""ai_mass_surveillance"": 0.1}","{""ai_coding_innovations"": 0.45, ""ai_copyright_theft"": 0.44, ""ai_mass_surveillance"": 0.11}"
user_0090,coding_surveillance,Split: coding + surveillance,100,0.0,0.0,0.0,0.0,0.0,0.0,0.1,0.0,0.42,0.0,0.0,0.0,0.0,0.0,0.0,0.0,0.0,0.48,0.0,0.0,0.0,0.0,0.0,0.0,0.0,0.0,0.1,0.0,0.42,0.0,0.0,0.0,0.0,0.0,0.0,0.0,0.0,0.48,0.0,0.0,hard,"{""ai_coding_innovations"": 0.45, ""ai_copyright_theft"": 0.1, ""ai_mass_surveillance"": 0.45}","{""ai_coding_innovations"": 0.42, ""ai_copyright_theft"": 0.1, ""ai_mass_surveillance"": 0.48}"
user_0091,copyright_surveillance,Split: copyright + surveillance,100,0.0,0.0,0.0,0.0,0.0,0.0,0.41,0.0,0.13,0.0,0.0,0.0,0.0,0.0,0.0,0.0,0.0,0.46,0.0,0.0,0.0,0.0,0.0,0.0,0.0,0.0,0.41,0.0,0.13,0.0,0.0,0.0,0.0,0.0,0.0,0.0,0.0,0.46,0.0,0.0,hard,"{""ai_coding_innovations"": 0.1, ""ai_copyright_theft"": 0.45, ""ai_mass_surveillance"": 0.45}","{""ai_coding_innovations"": 0.13, ""ai_copyright_theft"": 0.41, ""ai_mass_surveillance"": 0.46}"
user_0092,coding_heavy,Mostly AI coding innovations,100,0.0,0.0,0.0,0.0,0.0,0.0,0.12,0.0,0.79,0.0,0.0,0.0,0.0,0.0,0.0,0.0,0.0,0.09,0.0,0.0,0.0,0.0,0.0,0.0,0.0,0.0,0.12,0.0,0.79,0.0,0.0,0.0,0.0,0.0,0.0,0.0,0.0,0.09,0.0,0.0,hard,"{""ai_coding_innovations"": 0.8, ""ai_copyright_theft"": 0.1, ""ai_mass_surveillance"": 0.1}","{""ai_coding_innovations"": 0.79, ""ai_copyright_theft"": 0.12, ""ai_mass_surveillance"": 0.09}"
user_0093,copyright_heavy,Mostly AI copyright / theft concerns,100,0.0,0.0,0.0,0.0,0.0,0.0,0.8,0.0,0.11,0.0,0.0,0.0,0.0,0.0,0.0,0.0,0.0,0.09,0.0,0.0,0.0,0.0,0.0,0.0,0.0,0.0,0.8,0.0,0.11,0.0,0.0,0.0,0.0,0.0,0.0,0.0,0.0,0.09,0.0,0.0,hard,"{""ai_coding_innovations"": 0.1, ""ai_copyright_theft"": 0.8, ""ai_mass_surveillance"": 0.1}","{""ai_coding_innovations"": 0.11, ""ai_copyright_theft"": 0.8, ""ai_mass_surveillance"": 0.09}"
user_0094,surveillance_heavy,Mostly AI mass surveillance,100,0.0,0.0,0.0,0.0,0.0,0.0,0.15,0.0,0.06,0.0,0.0,0.0,0.0,0.0,0.0,0.0,0.0,0.79,0.0,0.0,0.0,0.0,0.0,0.0,0.0,0.0,0.15,0.0,0.06,0.0,0.0,0.0,0.0,0.0,0.0,0.0,0.0,0.79,0.0,0.0,hard,"{""ai_coding_innovations"": 0.1, ""ai_copyright_theft"": 0.1, ""ai_mass_surveillance"": 0.8}","{""ai_coding_innovations"": 0.06, ""ai_copyright_theft"": 0.15, ""ai_mass_surveillance"": 0.79}"
user_0095,balanced,Even across all topics,100,0.0,0.0,0.0,0.0,0.0,0.0,0.34,0.0,0.29,0.0,0.0,0.0,0.0,0.0,0.0,0.0,0.0,0.37,0.0,0.0,0.0,0.0,0.0,0.0,0.0,0.0,0.34,0.0,0.29,0.0,0.0,0.0,0.0,0.0,0.0,0.0,0.0,0.37,0.0,0.0,hard,"{""ai_coding_innovations"": 0.333333, ""ai_copyright_theft"": 0.333333, ""ai_mass_surveillance"": 0.333334}","{""ai_coding_innovations"": 0.29, ""ai_copyright_theft"": 0.34, ""ai_mass_surveillance"": 0.37}"
user_0096,coding_copyright,Split: coding + copyright,100,0.0,0.0,0.0,0.0,0.0,0.0,0.46,0.0,0.47,0.0,0.0,0.0,0.0,0.0,0.0,0.0,0.0,0.07,0.0,0.0,0.0,0.0,0.0,0.0,0.0,0.0,0.46,0.0,0.47,0.0,0.0,0.0,0.0,0.0,0.0,0.0,0.0,0.07,0.0,0.0,hard,"{""ai_coding_innovations"": 0.45, ""ai_copyright_theft"": 0.45, ""ai_mass_surveillance"": 0.1}","{""ai_coding_innovations"": 0.47, ""ai_copyright_theft"": 0.46, ""ai_mass_surveillance"": 0.07}"
user_0097,coding_surveillance,Split: coding + surveillance,100,0.0,0.0,0.0,0.0,0.0,0.0,0.1,0.0,0.51,0.0,0.0,0.0,0.0,0.0,0.0,0.0,0.0,0.39,0.0,0.0,0.0,0.0,0.0,0.0,0.0,0.0,0.1,0.0,0.51,0.0,0.0,0.0,0.0,0.0,0.0,0.0,0.0,0.39,0.0,0.0,hard,"{""ai_coding_innovations"": 0.45, ""ai_copyright_theft"": 0.1, ""ai_mass_surveillance"": 0.45}","{""ai_coding_innovations"": 0.51, ""ai_copyright_theft"": 0.1, ""ai_mass_surveillance"": 0.39}"
user_0098,copyright_surveillance,Split: copyright + surveillance,100,0.0,0.0,0.0,0.0,0.0,0.0,0.52,0.0,0.02,0.0,0.0,0.0,0.0,0.0,0.0,0.0,0.0,0.46,0.0,0.0,0.0,0.0,0.0,0.0,0.0,0.0,0.52,0.0,0.02,0.0,0.0,0.0,0.0,0.0,0.0,0.0,0.0,0.46,0.0,0.0,hard,"{""ai_coding_innovations"": 0.1, ""ai_copyright_theft"": 0.45, ""ai_mass_surveillance"": 0.45}","{""ai_coding_innovations"": 0.02, ""ai_copyright_theft"": 0.52, ""ai_mass_surveillance"": 0.46}"
user_0099,coding_heavy,Mostly AI coding innovations,100,0.0,0.0,0.0,0.0,0.0,0.0,0.13,0.0,0.7,0.0,0.0,0.0,0.0,0.0,0.0,0.0,0.0,0.17,0.0,0.0,0.0,0.0,0.0,0.0,0.0,0.0,0.13,0.0,0.7,0.0,0.0,0.0,0.0,0.0,0.0,0.0,0.0,0.17,0.0,0.0,hard,"{""ai_coding_innovations"": 0.8, ""ai_copyright_theft"": 0.1, ""ai_mass_surveillance"": 0.1}","{""ai_coding_innovations"": 0.7, ""ai_copyright_theft"": 0.13, ""ai_mass_surveillance"": 0.17}"
user_0100,copyright_heavy,Mostly AI copyright / theft concerns,100,0.0,0.0,0.0,0.0,0.0,0.0,0.78,0.0,0.16,0.0,0.0,0.0,0.0,0.0,0.0,0.0,0.0,0.06,0.0,0.0,0.0,0.0,0.0,0.0,0.0,0.0,0.78,0.0,0.16,0.0,0.0,0.0,0.0,0.0,0.0,0.0,0.0,0.06,0.0,0.0,hard,"{""ai_coding_innovations"": 0.1, ""ai_copyright_theft"": 0.8, ""ai_mass_surveillance"": 0.1}","{""ai_coding_innovations"": 0.16, ""ai_copyright_theft"": 0.78, ""ai_mass_surveillance"": 0.06}"
user_0101,surveillance_heavy,Mostly AI mass surveillance,100,0.0,0.0,0.0,0.0,0.0,0.0,0.17,0.0,0.08,0.0,0.0,0.0,0.0,0.0,0.0,0.0,0.0,0.75,0.0,0.0,0.0,0.0,0.0,0.0,0.0,0.0,0.17,0.0,0.08,0.0,0.0,0.0,0.0,0.0,0.0,0.0,0.0,0.75,0.0,0.0,hard,"{""ai_coding_innovations"": 0.1, ""ai_copyright_theft"": 0.1, ""ai_mass_surveillance"": 0.8}","{""ai_coding_innovations"": 0.08, ""ai_copyright_theft"": 0.17, ""ai_mass_surveillance"": 0.75}"
user_0102,balanced,Even across all topics,100,0.0,0.0,0.0,0.0,0.0,0.0,0.26,0.0,0.39,0.0,0.0,0.0,0.0,0.0,0.0,0.0,0.0,0.35,0.0,0.0,0.0,0.0,0.0,0.0,0.0,0.0,0.26,0.0,0.39,0.0,0.0,0.0,0.0,0.0,0.0,0.0,0.0,0.35,0.0,0.0,hard,"{""ai_coding_innovations"": 0.333333, ""ai_copyright_theft"": 0.333333, ""ai_mass_surveillance"": 0.333334}","{""ai_coding_innovations"": 0.39, ""ai_copyright_theft"": 0.26, ""ai_mass_surveillance"": 0.35}"
user_0103,coding_copyright,Split: coding + copyright,100,0.0,0.0,0.0,0.0,0.0,0.0,0.48,0.0,0.39,0.0,0.0,0.0,0.0,0.0,0.0,0.0,0.0,0.13,0.0,0.0,0.0,0.0,0.0,0.0,0.0,0.0,0.48,0.0,0.39,0.0,0.0,0.0,0.0,0.0,0.0,0.0,0.0,0.13,0.0,0.0,hard,"{""ai_coding_innovations"": 0.45, ""ai_copyright_theft"": 0.45, ""ai_mass_surveillance"": 0.1}","{""ai_coding_innovations"": 0.39, ""ai_copyright_theft"": 0.48, ""ai_mass_surveillance"": 0.13}"
user_0104,coding_surveillance,Split: coding + surveillance,100,0.0,0.0,0.0,0.0,0.0,0.0,0.13,0.0,0.51,0.0,0.0,0.0,0.0,0.0,0.0,0.0,0.0,0.36,0.0,0.0,0.0,0.0,0.0,0.0,0.0,0.0,0.13,0.0,0.51,0.0,0.0,0.0,0.0,0.0,0.0,0.0,0.0,0.36,0.0,0.0,hard,"{""ai_coding_innovations"": 0.45, ""ai_copyright_theft"": 0.1, ""ai_mass_surveillance"": 0.45}","{""ai_coding_innovations"": 0.51, ""ai_copyright_theft"": 0.13, ""ai_mass_surveillance"": 0.36}"
user_0105,copyright_surveillance,Split: copyright + surveillance,100,0.0,0.0,0.0,0.0,0.0,0.0,0.49,0.0,0.08,0.0,0.0,0.0,0.0,0.0,0.0,0.0,0.0,0.43,0.0,0.0,0.0,0.0,0.0,0.0,0.0,0.0,0.49,0.0,0.08,0.0,0.0,0.0,0.0,0.0,0.0,0.0,0.0,0.43,0.0,0.0,hard,"{""ai_coding_innovations"": 0.1, ""ai_copyright_theft"": 0.45, ""ai_mass_surveillance"": 0.45}","{""ai_coding_innovations"": 0.08, ""ai_copyright_theft"": 0.49, ""ai_mass_surveillance"": 0.43}"
user_0106,coding_heavy,Mostly AI coding innovations,100,0.0,0.0,0.0,0.0,0.0,0.0,0.13,0.0,0.79,0.0,0.0,0.0,0.0,0.0,0.0,0.0,0.0,0.08,0.0,0.0,0.0,0.0,0.0,0.0,0.0,0.0,0.13,0.0,0.79,0.0,0.0,0.0,0.0,0.0,0.0,0.0,0.0,0.08,0.0,0.0,hard,"{""ai_coding_innovations"": 0.8, ""ai_copyright_theft"": 0.1, ""ai_mass_surveillance"": 0.1}","{""ai_coding_innovations"": 0.79, ""ai_copyright_theft"": 0.13, ""ai_mass_surveillance"": 0.08}"
user_0107,copyright_heavy,Mostly AI copyright / theft concerns,100,0.0,0.0,0.0,0.0,0.0,0.0,0.72,0.0,0.13,0.0,0.0,0.0,0.0,0.0,0.0,0.0,0.0,0.15,0.0,0.0,0.0,0.0,0.0,0.0,0.0,0.0,0.72,0.0,0.13,0.0,0.0,0.0,0.0,0.0,0.0,0.0,0.0,0.15,0.0,0.0,hard,"{""ai_coding_innovations"": 0.1, ""ai_copyright_theft"": 0.8, ""ai_mass_surveillance"": 0.1}","{""ai_coding_innovations"": 0.13, ""ai_copyright_theft"": 0.72, ""ai_mass_surveillance"": 0.15}"
user_0108,surveillance_heavy,Mostly AI mass surveillance,100,0.0,0.0,0.0,0.0,0.0,0.0,0.08,0.0,0.11,0.0,0.0,0.0,0.0,0.0,0.0,0.0,0.0,0.81,0.0,0.0,0.0,0.0,0.0,0.0,0.0,0.0,0.08,0.0,0.11,0.0,0.0,0.0,0.0,0.0,0.0,0.0,0.0,0.81,0.0,0.0,hard,"{""ai_coding_innovations"": 0.1, ""ai_copyright_theft"": 0.1, ""ai_mass_surveillance"": 0.8}","{""ai_coding_innovations"": 0.11, ""ai_copyright_theft"": 0.08, ""ai_mass_surveillance"": 0.81}"
user_0109,balanced,Even across all topics,100,0.0,0.0,0.0,0.0,0.0,0.0,0.33,0.0,0.32,0.0,0.0,0.0,0.0,0.0,0.0,0.0,0.0,0.35,0.0,0.0,0.0,0.0,0.0,0.0,0.0,0.0,0.33,0.0,0.32,0.0,0.0,0.0,0.0,0.0,0.0,0.0,0.0,0.35,0.0,0.0,hard,"{""ai_coding_innovations"": 0.333333, ""ai_copyright_theft"": 0.333333, ""ai_mass_surveillance"": 0.333334}","{""ai_coding_innovations"": 0.32, ""ai_copyright_theft"": 0.33, ""ai_mass_surveillance"": 0.35}"
user_0110,coding_copyright,Split: coding + copyright,100,0.0,0.0,0.0,0.0,0.0,0.0,0.47,0.0,0.41,0.0,0.0,0.0,0.0,0.0,0.0,0.0,0.0,0.12,0.0,0.0,0.0,0.0,0.0,0.0,0.0,0.0,0.47,0.0,0.41,0.0,0.0,0.0,0.0,0.0,0.0,0.0,0.0,0.12,0.0,0.0,hard,"{""ai_coding_innovations"": 0.45, ""ai_copyright_theft"": 0.45, ""ai_mass_surveillance"": 0.1}","{""ai_coding_innovations"": 0.41, ""ai_copyright_theft"": 0.47, ""ai_mass_surveillance"": 0.12}"
user_0111,coding_surveillance,Split: coding + surveillance,100,0.0,0.0,0.0,0.0,0.0,0.0,0.1,0.0,0.58,0.0,0.0,0.0,0.0,0.0,0.0,0.0,0.0,0.32,0.0,0.0,0.0,0.0,0.0,0.0,0.0,0.0,0.1,0.0,0.58,0.0,0.0,0.0,0.0,0.0,0.0,0.0,0.0,0.32,0.0,0.0,hard,"{""ai_coding_innovations"": 0.45, ""ai_copyright_theft"": 0.1, ""ai_mass_surveillance"": 0.45}","{""ai_coding_innovations"": 0.58, ""ai_copyright_theft"": 0.1, ""ai_mass_surveillance"": 0.32}"
user_0112,copyright_surveillance,Split: copyright + surveillance,100,0.0,0.0,0.0,0.0,0.0,0.0,0.45,0.0,0.12,0.0,0.0,0.0,0.0,0.0,0.0,0.0,0.0,0.43,0.0,0.0,0.0,0.0,0.0,0.0,0.0,0.0,0.45,0.0,0.12,0.0,0.0,0.0,0.0,0.0,0.0,0.0,0.0,0.43,0.0,0.0,hard,"{""ai_coding_innovations"": 0.1, ""ai_copyright_theft"": 0.45, ""ai_mass_surveillance"": 0.45}","{""ai_coding_innovations"": 0.12, ""ai_copyright_theft"": 0.45, ""ai_mass_surveillance"": 0.43}"
user_0113,coding_heavy,Mostly AI coding innovations,100,0.0,0.0,0.0,0.0,0.0,0.0,0.09,0.0,0.82,0.0,0.0,0.0,0.0,0.0,0.0,0.0,0.0,0.09,0.0,0.0,0.0,0.0,0.0,0.0,0.0,0.0,0.09,0.0,0.82,0.0,0.0,0.0,0.0,0.0,0.0,0.0,0.0,0.09,0.0,0.0,hard,"{""ai_coding_innovations"": 0.8, ""ai_copyright_theft"": 0.1, ""ai_mass_surveillance"": 0.1}","{""ai_coding_innovations"": 0.82, ""ai_copyright_theft"": 0.09, ""ai_mass_surveillance"": 0.09}"
user_0114,copyright_heavy,Mostly AI copyright / theft concerns,100,0.0,0.0,0.0,0.0,0.0,0.0,0.83,0.0,0.08,0.0,0.0,0.0,0.0,0.0,0.0,0.0,0.0,0.09,0.0,0.0,0.0,0.0,0.0,0.0,0.0,0.0,0.83,0.0,0.08,0.0,0.0,0.0,0.0,0.0,0.0,0.0,0.0,0.09,0.0,0.0,hard,"{""ai_coding_innovations"": 0.1, ""ai_copyright_theft"": 0.8, ""ai_mass_surveillance"": 0.1}","{""ai_coding_innovations"": 0.08, ""ai_copyright_theft"": 0.83, ""ai_mass_surveillance"": 0.09}"
user_0115,surveillance_heavy,Mostly AI mass surveillance,100,0.0,0.0,0.0,0.0,0.0,0.0,0.14,0.0,0.08,0.0,0.0,0.0,0.0,0.0,0.0,0.0,0.0,0.78,0.0,0.0,0.0,0.0,0.0,0.0,0.0,0.0,0.14,0.0,0.08,0.0,0.0,0.0,0.0,0.0,0.0,0.0,0.0,0.78,0.0,0.0,hard,"{""ai_coding_innovations"": 0.1, ""ai_copyright_theft"": 0.1, ""ai_mass_surveillance"": 0.8}","{""ai_coding_innovations"": 0.08, ""ai_copyright_theft"": 0.14, ""ai_mass_surveillance"": 0.78}"
user_0116,balanced,Even across all topics,100,0.0,0.0,0.0,0.0,0.0,0.0,0.41,0.0,0.38,0.0,0.0,0.0,0.0,0.0,0.0,0.0,0.0,0.21,0.0,0.0,0.0,0.0,0.0,0.0,0.0,0.0,0.41,0.0,0.38,0.0,0.0,0.0,0.0,0.0,0.0,0.0,0.0,0.21,0.0,0.0,hard,"{""ai_coding_innovations"": 0.333333, ""ai_copyright_theft"": 0.333333, ""ai_mass_surveillance"": 0.333334}","{""ai_coding_innovations"": 0.38, ""ai_copyright_theft"": 0.41, ""ai_mass_surveillance"": 0.21}"
user_0117,coding_copyright,Split: coding + copyright,100,0.0,0.0,0.0,0.0,0.0,0.0,0.37,0.0,0.48,0.0,0.0,0.0,0.0,0.0,0.0,0.0,0.0,0.15,0.0,0.0,0.0,0.0,0.0,0.0,0.0,0.0,0.37,0.0,0.48,0.0,0.0,0.0,0.0,0.0,0.0,0.0,0.0,0.15,0.0,0.0,hard,"{""ai_coding_innovations"": 0.45, ""ai_copyright_theft"": 0.45, ""ai_mass_surveillance"": 0.1}","{""ai_coding_innovations"": 0.48, ""ai_copyright_theft"": 0.37, ""ai_mass_surveillance"": 0.15}"
user_0118,coding_surveillance,Split: coding + surveillance,100,0.0,0.0,0.0,0.0,0.0,0.0,0.06,0.0,0.51,0.0,0.0,0.0,0.0,0.0,0.0,0.0,0.0,0.43,0.0,0.0,0.0,0.0,0.0,0.0,0.0,0.0,0.06,0.0,0.51,0.0,0.0,0.0,0.0,0.0,0.0,0.0,0.0,0.43,0.0,0.0,hard,"{""ai_coding_innovations"": 0.45, ""ai_copyright_theft"": 0.1, ""ai_mass_surveillance"": 0.45}","{""ai_coding_innovations"": 0.51, ""ai_copyright_theft"": 0.06, ""ai_mass_surveillance"": 0.43}"
user_0119,copyright_surveillance,Split: copyright + surveillance,100,0.0,0.0,0.0,0.0,0.0,0.0,0.41,0.0,0.09,0.0,0.0,0.0,0.0,0.0,0.0,0.0,0.0,0.5,0.0,0.0,0.0,0.0,0.0,0.0,0.0,0.0,0.41,0.0,0.09,0.0,0.0,0.0,0.0,0.0,0.0,0.0,0.0,0.5,0.0,0.0,hard,"{""ai_coding_innovations"": 0.1, ""ai_copyright_theft"": 0.45, ""ai_mass_surveillance"": 0.45}","{""ai_coding_innovations"": 0.09, ""ai_copyright_theft"": 0.41, ""ai_mass_surveillance"": 0.5}"
user_0120,coding_heavy,Mostly AI coding innovations,100,0.0,0.0,0.0,0.0,0.0,0.0,0.13,0.0,0.8,0.0,0.0,0.0,0.0,0.0,0.0,0.0,0.0,0.07,0.0,0.0,0.0,0.0,0.0,0.0,0.0,0.0,0.13,0.0,0.8,0.0,0.0,0.0,0.0,0.0,0.0,0.0,0.0,0.07,0.0,0.0,hard,"{""ai_coding_innovations"": 0.8, ""ai_copyright_theft"": 0.1, ""ai_mass_surveillance"": 0.1}","{""ai_coding_innovations"": 0.8, ""ai_copyright_theft"": 0.13, ""ai_mass_surveillance"": 0.07}"
user_0121,copyright_heavy,Mostly AI copyright / theft concerns,100,0.0,0.0,0.0,0.0,0.0,0.0,0.75,0.0,0.16,0.0,0.0,0.0,0.0,0.0,0.0,0.0,0.0,0.09,0.0,0.0,0.0,0.0,0.0,0.0,0.0,0.0,0.75,0.0,0.16,0.0,0.0,0.0,0.0,0.0,0.0,0.0,0.0,0.09,0.0,0.0,hard,"{""ai_coding_innovations"": 0.1, ""ai_copyright_theft"": 0.8, ""ai_mass_surveillance"": 0.1}","{""ai_coding_innovations"": 0.16, ""ai_copyright_theft"": 0.75, ""ai_mass_surveillance"": 0.09}"
user_0122,surveillance_heavy,Mostly AI mass surveillance,100,0.0,0.0,0.0,0.0,0.0,0.0,0.12,0.0,0.1,0.0,0.0,0.0,0.0,0.0,0.0,0.0,0.0,0.78,0.0,0.0,0.0,0.0,0.0,0.0,0.0,0.0,0.12,0.0,0.1,0.0,0.0,0.0,0.0,0.0,0.0,0.0,0.0,0.78,0.0,0.0,hard,"{""ai_coding_innovations"": 0.1, ""ai_copyright_theft"": 0.1, ""ai_mass_surveillance"": 0.8}","{""ai_coding_innovations"": 0.1, ""ai_copyright_theft"": 0.12, ""ai_mass_surveillance"": 0.78}"
user_0123,balanced,Even across all topics,100,0.0,0.0,0.0,0.0,0.0,0.0,0.34,0.0,0.31,0.0,0.0,0.0,0.0,0.0,0.0,0.0,0.0,0.35,0.0,0.0,0.0,0.0,0.0,0.0,0.0,0.0,0.34,0.0,0.31,0.0,0.0,0.0,0.0,0.0,0.0,0.0,0.0,0.35,0.0,0.0,hard,"{""ai_coding_innovations"": 0.333333, ""ai_copyright_theft"": 0.333333, ""ai_mass_surveillance"": 0.333334}","{""ai_coding_innovations"": 0.31, ""ai_copyright_theft"": 0.34, ""ai_mass_surveillance"": 0.35}"
user_0124,coding_copyright,Split: coding + copyright,100,0.0,0.0,0.0,0.0,0.0,0.0,0.4,0.0,0.45,0.0,0.0,0.0,0.0,0.0,0.0,0.0,0.0,0.15,0.0,0.0,0.0,0.0,0.0,0.0,0.0,0.0,0.4,0.0,0.45,0.0,0.0,0.0,0.0,0.0,0.0,0.0,0.0,0.15,0.0,0.0,hard,"{""ai_coding_innovations"": 0.45, ""ai_copyright_theft"": 0.45, ""ai_mass_surveillance"": 0.1}","{""ai_coding_innovations"": 0.45, ""ai_copyright_theft"": 0.4, ""ai_mass_surveillance"": 0.15}"
user_0125,coding_surveillance,Split: coding + surveillance,100,0.0,0.0,0.0,0.0,0.0,0.0,0.15,0.0,0.43,0.0,0.0,0.0,0.0,0.0,0.0,0.0,0.0,0.42,0.0,0.0,0.0,0.0,0.0,0.0,0.0,0.0,0.15,0.0,0.43,0.0,0.0,0.0,0.0,0.0,0.0,0.0,0.0,0.42,0.0,0.0,hard,"{""ai_coding_innovations"": 0.45, ""ai_copyright_theft"": 0.1, ""ai_mass_surveillance"": 0.45}","{""ai_coding_innovations"": 0.43, ""ai_copyright_theft"": 0.15, ""ai_mass_surveillance"": 0.42}"
user_0126,copyright_surveillance,Split: copyright + surveillance,100,0.0,0.0,0.0,0.0,0.0,0.0,0.49,0.0,0.12,0.0,0.0,0.0,0.0,0.0,0.0,0.0,0.0,0.39,0.0,0.0,0.0,0.0,0.0,0.0,0.0,0.0,0.49,0.0,0.12,0.0,0.0,0.0,0.0,0.0,0.0,0.0,0.0,0.39,0.0,0.0,hard,"{""ai_coding_innovations"": 0.1, ""ai_copyright_theft"": 0.45, ""ai_mass_surveillance"": 0.45}","{""ai_coding_innovations"": 0.12, ""ai_copyright_theft"": 0.49, ""ai_mass_surveillance"": 0.39}"
user_0127,coding_heavy,Mostly AI coding innovations,100,0.0,0.0,0.0,0.0,0.0,0.0,0.09,0.0,0.81,0.0,0.0,0.0,0.0,0.0,0.0,0.0,0.0,0.1,0.0,0.0,0.0,0.0,0.0,0.0,0.0,0.0,0.09,0.0,0.81,0.0,0.0,0.0,0.0,0.0,0.0,0.0,0.0,0.1,0.0,0.0,hard,"{""ai_coding_innovations"": 0.8, ""ai_copyright_theft"": 0.1, ""ai_mass_surveillance"": 0.1}","{""ai_coding_innovations"": 0.81, ""ai_copyright_theft"": 0.09, ""ai_mass_surveillance"": 0.1}"
user_0128,copyright_heavy,Mostly AI copyright / theft concerns,100,0.0,0.0,0.0,0.0,0.0,0.0,0.84,0.0,0.07,0.0,0.0,0.0,0.0,0.0,0.0,0.0,0.0,0.09,0.0,0.0,0.0,0.0,0.0,0.0,0.0,0.0,0.84,0.0,0.07,0.0,0.0,0.0,0.0,0.0,0.0,0.0,0.0,0.09,0.0,0.0,hard,"{""ai_coding_innovations"": 0.1, ""ai_copyright_theft"": 0.8, ""ai_mass_surveillance"": 0.1}","{""ai_coding_innovations"": 0.07, ""ai_copyright_theft"": 0.84, ""ai_mass_surveillance"": 0.09}"
user_0129,surveillance_heavy,Mostly AI mass surveillance,100,0.0,0.0,0.0,0.0,0.0,0.0,0.06,0.0,0.06,0.0,0.0,0.0,0.0,0.0,0.0,0.0,0.0,0.88,0.0,0.0,0.0,0.0,0.0,0.0,0.0,0.0,0.06,0.0,0.06,0.0,0.0,0.0,0.0,0.0,0.0,0.0,0.0,0.88,0.0,0.0,hard,"{""ai_coding_innovations"": 0.1, ""ai_copyright_theft"": 0.1, ""ai_mass_surveillance"": 0.8}","{""ai_coding_innovations"": 0.06, ""ai_copyright_theft"": 0.06, ""ai_mass_surveillance"": 0.88}"
user_0130,balanced,Even across all topics,100,0.0,0.0,0.0,0.0,0.0,0.0,0.28,0.0,0.36,0.0,0.0,0.0,0.0,0.0,0.0,0.0,0.0,0.36,0.0,0.0,0.0,0.0,0.0,0.0,0.0,0.0,0.28,0.0,0.36,0.0,0.0,0.0,0.0,0.0,0.0,0.0,0.0,0.36,0.0,0.0,hard,"{""ai_coding_innovations"": 0.333333, ""ai_copyright_theft"": 0.333333, ""ai_mass_surveillance"": 0.333334}","{""ai_coding_innovations"": 0.36, ""ai_copyright_theft"": 0.28, ""ai_mass_surveillance"": 0.36}"
user_0131,coding_copyright,Split: coding + copyright,100,0.0,0.0,0.0,0.0,0.0,0.0,0.46,0.0,0.46,0.0,0.0,0.0,0.0,0.0,0.0,0.0,0.0,0.08,0.0,0.0,0.0,0.0,0.0,0.0,0.0,0.0,0.46,0.0,0.46,0.0,0.0,0.0,0.0,0.0,0.0,0.0,0.0,0.08,0.0,0.0,hard,"{""ai_coding_innovations"": 0.45, ""ai_copyright_theft"": 0.45, ""ai_mass_surveillance"": 0.1}","{""ai_coding_innovations"": 0.46, ""ai_copyright_theft"": 0.46, ""ai_mass_surveillance"": 0.08}"
user_0132,coding_surveillance,Split: coding + surveillance,100,0.0,0.0,0.0,0.0,0.0,0.0,0.09,0.0,0.43,0.0,0.0,0.0,0.0,0.0,0.0,0.0,0.0,0.48,0.0,0.0,0.0,0.0,0.0,0.0,0.0,0.0,0.09,0.0,0.43,0.0,0.0,0.0,0.0,0.0,0.0,0.0,0.0,0.48,0.0,0.0,hard,"{""ai_coding_innovations"": 0.45, ""ai_copyright_theft"": 0.1, ""ai_mass_surveillance"": 0.45}","{""ai_coding_innovations"": 0.43, ""ai_copyright_theft"": 0.09, ""ai_mass_surveillance"": 0.48}"
user_0133,copyright_surveillance,Split: copyright + surveillance,100,0.0,0.0,0.0,0.0,0.0,0.0,0.41,0.0,0.09,0.0,0.0,0.0,0.0,0.0,0.0,0.0,0.0,0.5,0.0,0.0,0.0,0.0,0.0,0.0,0.0,0.0,0.41,0.0,0.09,0.0,0.0,0.0,0.0,0.0,0.0,0.0,0.0,0.5,0.0,0.0,hard,"{""ai_coding_innovations"": 0.1, ""ai_copyright_theft"": 0.45, ""ai_mass_surveillance"": 0.45}","{""ai_coding_innovations"": 0.09, ""ai_copyright_theft"": 0.41, ""ai_mass_surveillance"": 0.5}"
user_0134,coding_heavy,Mostly AI coding innovations,100,0.0,0.0,0.0,0.0,0.0,0.0,0.13,0.0,0.78,0.0,0.0,0.0,0.0,0.0,0.0,0.0,0.0,0.09,0.0,0.0,0.0,0.0,0.0,0.0,0.0,0.0,0.13,0.0,0.78,0.0,0.0,0.0,0.0,0.0,0.0,0.0,0.0,0.09,0.0,0.0,hard,"{""ai_coding_innovations"": 0.8, ""ai_copyright_theft"": 0.1, ""ai_mass_surveillance"": 0.1}","{""ai_coding_innovations"": 0.78, ""ai_copyright_theft"": 0.13, ""ai_mass_surveillance"": 0.09}"
user_0135,copyright_heavy,Mostly AI copyright / theft concerns,100,0.0,0.0,0.0,0.0,0.0,0.0,0.74,0.0,0.09,0.0,0.0,0.0,0.0,0.0,0.0,0.0,0.0,0.17,0.0,0.0,0.0,0.0,0.0,0.0,0.0,0.0,0.74,0.0,0.09,0.0,0.0,0.0,0.0,0.0,0.0,0.0,0.0,0.17,0.0,0.0,hard,"{""ai_coding_innovations"": 0.1, ""ai_copyright_theft"": 0.8, ""ai_mass_surveillance"": 0.1}","{""ai_coding_innovations"": 0.09, ""ai_copyright_theft"": 0.74, ""ai_mass_surveillance"": 0.17}"
user_0136,surveillance_heavy,Mostly AI mass surveillance,100,0.0,0.0,0.0,0.0,0.0,0.0,0.06,0.0,0.09,0.0,0.0,0.0,0.0,0.0,0.0,0.0,0.0,0.85,0.0,0.0,0.0,0.0,0.0,0.0,0.0,0.0,0.06,0.0,0.09,0.0,0.0,0.0,0.0,0.0,0.0,0.0,0.0,0.85,0.0,0.0,hard,"{""ai_coding_innovations"": 0.1, ""ai_copyright_theft"": 0.1, ""ai_mass_surveillance"": 0.8}","{""ai_coding_innovations"": 0.09, ""ai_copyright_theft"": 0.06, ""ai_mass_surveillance"": 0.85}"
user_0137,balanced,Even across all topics,100,0.0,0.0,0.0,0.0,0.0,0.0,0.42,0.0,0.31,0.0,0.0,0.0,0.0,0.0,0.0,0.0,0.0,0.27,0.0,0.0,0.0,0.0,0.0,0.0,0.0,0.0,0.42,0.0,0.31,0.0,0.0,0.0,0.0,0.0,0.0,0.0,0.0,0.27,0.0,0.0,hard,"{""ai_coding_innovations"": 0.333333, ""ai_copyright_theft"": 0.333333, ""ai_mass_surveillance"": 0.333334}","{""ai_coding_innovations"": 0.31, ""ai_copyright_theft"": 0.42, ""ai_mass_surveillance"": 0.27}"
user_0138,coding_copyright,Split: coding + copyright,100,0.0,0.0,0.0,0.0,0.0,0.0,0.42,0.0,0.48,0.0,0.0,0.0,0.0,0.0,0.0,0.0,0.0,0.1,0.0,0.0,0.0,0.0,0.0,0.0,0.0,0.0,0.42,0.0,0.48,0.0,0.0,0.0,0.0,0.0,0.0,0.0,0.0,0.1,0.0,0.0,hard,"{""ai_coding_innovations"": 0.45, ""ai_copyright_theft"": 0.45, ""ai_mass_surveillance"": 0.1}","{""ai_coding_innovations"": 0.48, ""ai_copyright_theft"": 0.42, ""ai_mass_surveillance"": 0.1}"
user_0139,coding_surveillance,Split: coding + surveillance,100,0.0,0.0,0.0,0.0,0.0,0.0,0.06,0.0,0.43,0.0,0.0,0.0,0.0,0.0,0.0,0.0,0.0,0.51,0.0,0.0,0.0,0.0,0.0,0.0,0.0,0.0,0.06,0.0,0.43,0.0,0.0,0.0,0.0,0.0,0.0,0.0,0.0,0.51,0.0,0.0,hard,"{""ai_coding_innovations"": 0.45, ""ai_copyright_theft"": 0.1, ""ai_mass_surveillance"": 0.45}","{""ai_coding_innovations"": 0.43, ""ai_copyright_theft"": 0.06, ""ai_mass_surveillance"": 0.51}"
user_0140,copyright_surveillance,Split: copyright + surveillance,100,0.0,0.0,0.0,0.0,0.0,0.0,0.49,0.0,0.12,0.0,0.0,0.0,0.0,0.0,0.0,0.0,0.0,0.39,0.0,0.0,0.0,0.0,0.0,0.0,0.0,0.0,0.49,0.0,0.12,0.0,0.0,0.0,0.0,0.0,0.0,0.0,0.0,0.39,0.0,0.0,hard,"{""ai_coding_innovations"": 0.1, ""ai_copyright_theft"": 0.45, ""ai_mass_surveillance"": 0.45}","{""ai_coding_innovations"": 0.12, ""ai_copyright_theft"": 0.49, ""ai_mass_surveillance"": 0.39}"
user_0141,coding_heavy,Mostly AI coding innovations,100,0.0,0.0,0.0,0.0,0.0,0.0,0.09,0.0,0.8,0.0,0.0,0.0,0.0,0.0,0.0,0.0,0.0,0.11,0.0,0.0,0.0,0.0,0.0,0.0,0.0,0.0,0.09,0.0,0.8,0.0,0.0,0.0,0.0,0.0,0.0,0.0,0.0,0.11,0.0,0.0,hard,"{""ai_coding_innovations"": 0.8, ""ai_copyright_theft"": 0.1, ""ai_mass_surveillance"": 0.1}","{""ai_coding_innovations"": 0.8, ""ai_copyright_theft"": 0.09, ""ai_mass_surveillance"": 0.11}"
user_0142,copyright_heavy,Mostly AI copyright / theft concerns,100,0.0,0.0,0.0,0.0,0.0,0.0,0.81,0.0,0.1,0.0,0.0,0.0,0.0,0.0,0.0,0.0,0.0,0.09,0.0,0.0,0.0,0.0,0.0,0.0,0.0,0.0,0.81,0.0,0.1,0.0,0.0,0.0,0.0,0.0,0.0,0.0,0.0,0.09,0.0,0.0,hard,"{""ai_coding_innovations"": 0.1, ""ai_copyright_theft"": 0.8, ""ai_mass_surveillance"": 0.1}","{""ai_coding_innovations"": 0.1, ""ai_copyright_theft"": 0.81, ""ai_mass_surveillance"": 0.09}"
user_0143,surveillance_heavy,Mostly AI mass surveillance,100,0.0,0.0,0.0,0.0,0.0,0.0,0.09,0.0,0.12,0.0,0.0,0.0,0.0,0.0,0.0,0.0,0.0,0.79,0.0,0.0,0.0,0.0,0.0,0.0,0.0,0.0,0.09,0.0,0.12,0.0,0.0,0.0,0.0,0.0,0.0,0.0,0.0,0.79,0.0,0.0,hard,"{""ai_coding_innovations"": 0.1, ""ai_copyright_theft"": 0.1, ""ai_mass_surveillance"": 0.8}","{""ai_coding_innovations"": 0.12, ""ai_copyright_theft"": 0.09, ""ai_mass_surveillance"": 0.79}"
user_0144,balanced,Even across all topics,100,0.0,0.0,0.0,0.0,0.0,0.0,0.38,0.0,0.26,0.0,0.0,0.0,0.0,0.0,0.0,0.0,0.0,0.36,0.0,0.0,0.0,0.0,0.0,0.0,0.0,0.0,0.38,0.0,0.26,0.0,0.0,0.0,0.0,0.0,0.0,0.0,0.0,0.36,0.0,0.0,hard,"{""ai_coding_innovations"": 0.333333, ""ai_copyright_theft"": 0.333333, ""ai_mass_surveillance"": 0.333334}","{""ai_coding_innovations"": 0.26, ""ai_copyright_theft"": 0.38, ""ai_mass_surveillance"": 0.36}"
user_0145,coding_copyright,Split: coding + copyright,100,0.0,0.0,0.0,0.0,0.0,0.0,0.43,0.0,0.43,0.0,0.0,0.0,0.0,0.0,0.0,0.0,0.0,0.14,0.0,0.0,0.0,0.0,0.0,0.0,0.0,0.0,0.43,0.0,0.43,0.0,0.0,0.0,0.0,0.0,0.0,0.0,0.0,0.14,0.0,0.0,hard,"{""ai_coding_innovations"": 0.45, ""ai_copyright_theft"": 0.45, ""ai_mass_surveillance"": 0.1}","{""ai_coding_innovations"": 0.43, ""ai_copyright_theft"": 0.43, ""ai_mass_surveillance"": 0.14}"
user_0146,coding_surveillance,Split: coding + surveillance,100,0.0,0.0,0.0,0.0,0.0,0.0,0.1,0.0,0.49,0.0,0.0,0.0,0.0,0.0,0.0,0.0,0.0,0.41,0.0,0.0,0.0,0.0,0.0,0.0,0.0,0.0,0.1,0.0,0.49,0.0,0.0,0.0,0.0,0.0,0.0,0.0,0.0,0.41,0.0,0.0,hard,"{""ai_coding_innovations"": 0.45, ""ai_copyright_theft"": 0.1, ""ai_mass_surveillance"": 0.45}","{""ai_coding_innovations"": 0.49, ""ai_copyright_theft"": 0.1, ""ai_mass_surveillance"": 0.41}"
user_0147,copyright_surveillance,Split: copyright + surveillance,100,0.0,0.0,0.0,0.0,0.0,0.0,0.49,0.0,0.13,0.0,0.0,0.0,0.0,0.0,0.0,0.0,0.0,0.38,0.0,0.0,0.0,0.0,0.0,0.0,0.0,0.0,0.49,0.0,0.13,0.0,0.0,0.0,0.0,0.0,0.0,0.0,0.0,0.38,0.0,0.0,hard,"{""ai_coding_innovations"": 0.1, ""ai_copyright_theft"": 0.45, ""ai_mass_surveillance"": 0.45}","{""ai_coding_innovations"": 0.13, ""ai_copyright_theft"": 0.49, ""ai_mass_surveillance"": 0.38}"
user_0148,coding_heavy,Mostly AI coding innovations,100,0.0,0.0,0.0,0.0,0.0,0.0,0.14,0.0,0.73,0.0,0.0,0.0,0.0,0.0,0.0,0.0,0.0,0.13,0.0,0.0,0.0,0.0,0.0,0.0,0.0,0.0,0.14,0.0,0.73,0.0,0.0,0.0,0.0,0.0,0.0,0.0,0.0,0.13,0.0,0.0,hard,"{""ai_coding_innovations"": 0.8, ""ai_copyright_theft"": 0.1, ""ai_mass_surveillance"": 0.1}","{""ai_coding_innovations"": 0.73, ""ai_copyright_theft"": 0.14, ""ai_mass_surveillance"": 0.13}"
user_0149,copyright_heavy,Mostly AI copyright / theft concerns,100,0.0,0.0,0.0,0.0,0.0,0.0,0.86,0.0,0.08,0.0,0.0,0.0,0.0,0.0,0.0,0.0,0.0,0.06,0.0,0.0,0.0,0.0,0.0,0.0,0.0,0.0,0.86,0.0,0.08,0.0,0.0,0.0,0.0,0.0,0.0,0.0,0.0,0.06,0.0,0.0,hard,"{""ai_coding_innovations"": 0.1, ""ai_copyright_theft"": 0.8, ""ai_mass_surveillance"": 0.1}","{""ai_coding_innovations"": 0.08, ""ai_copyright_theft"": 0.86, ""ai_mass_surveillance"": 0.06}"
user_0150,surveillance_heavy,Mostly AI mass surveillance,100,0.0,0.0,0.0,0.0,0.0,0.0,0.12,0.0,0.12,0.0,0.0,0.0,0.0,0.0,0.0,0.0,0.0,0.76,0.0,0.0,0.0,0.0,0.0,0.0,0.0,0.0,0.12,0.0,0.12,0.0,0.0,0.0,0.0,0.0,0.0,0.0,0.0,0.76,0.0,0.0,hard,"{""ai_coding_innovations"": 0.1, ""ai_copyright_theft"": 0.1, ""ai_mass_surveillance"": 0.8}","{""ai_coding_innovations"": 0.12, ""ai_copyright_theft"": 0.12, ""ai_mass_surveillance"": 0.76}"
user_0151,balanced,Even across all topics,100,0.0,0.0,0.0,0.0,0.0,0.0,0.29,0.0,0.41,0.0,0.0,0.0,0.0,0.0,0.0,0.0,0.0,0.3,0.0,0.0,0.0,0.0,0.0,0.0,0.0,0.0,0.29,0.0,0.41,0.0,0.0,0.0,0.0,0.0,0.0,0.0,0.0,0.3,0.0,0.0,hard,"{""ai_coding_innovations"": 0.333333, ""ai_copyright_theft"": 0.333333, ""ai_mass_surveillance"": 0.333334}","{""ai_coding_innovations"": 0.41, ""ai_copyright_theft"": 0.29, ""ai_mass_surveillance"": 0.3}"
user_0152,coding_copyright,Split: coding + copyright,100,0.0,0.0,0.0,0.0,0.0,0.0,0.45,0.0,0.44,0.0,0.0,0.0,0.0,0.0,0.0,0.0,0.0,0.11,0.0,0.0,0.0,0.0,0.0,0.0,0.0,0.0,0.45,0.0,0.44,0.0,0.0,0.0,0.0,0.0,0.0,0.0,0.0,0.11,0.0,0.0,hard,"{""ai_coding_innovations"": 0.45, ""ai_copyright_theft"": 0.45, ""ai_mass_surveillance"": 0.1}","{""ai_coding_innovations"": 0.44, ""ai_copyright_theft"": 0.45, ""ai_mass_surveillance"": 0.11}"
user_0153,coding_surveillance,Split: coding + surveillance,100,0.0,0.0,0.0,0.0,0.0,0.0,0.09,0.0,0.53,0.0,0.0,0.0,0.0,0.0,0.0,0.0,0.0,0.38,0.0,0.0,0.0,0.0,0.0,0.0,0.0,0.0,0.09,0.0,0.53,0.0,0.0,0.0,0.0,0.0,0.0,0.0,0.0,0.38,0.0,0.0,hard,"{""ai_coding_innovations"": 0.45, ""ai_copyright_theft"": 0.1, ""ai_mass_surveillance"": 0.45}","{""ai_coding_innovations"": 0.53, ""ai_copyright_theft"": 0.09, ""ai_mass_surveillance"": 0.38}"
user_0154,copyright_surveillance,Split: copyright + surveillance,100,0.0,0.0,0.0,0.0,0.0,0.0,0.51,0.0,0.12,0.0,0.0,0.0,0.0,0.0,0.0,0.0,0.0,0.37,0.0,0.0,0.0,0.0,0.0,0.0,0.0,0.0,0.51,0.0,0.12,0.0,0.0,0.0,0.0,0.0,0.0,0.0,0.0,0.37,0.0,0.0,hard,"{""ai_coding_innovations"": 0.1, ""ai_copyright_theft"": 0.45, ""ai_mass_surveillance"": 0.45}","{""ai_coding_innovations"": 0.12, ""ai_copyright_theft"": 0.51, ""ai_mass_surveillance"": 0.37}"
user_0155,coding_heavy,Mostly AI coding innovations,100,0.0,0.0,0.0,0.0,0.0,0.0,0.09,0.0,0.83,0.0,0.0,0.0,0.0,0.0,0.0,0.0,0.0,0.08,0.0,0.0,0.0,0.0,0.0,0.0,0.0,0.0,0.09,0.0,0.83,0.0,0.0,0.0,0.0,0.0,0.0,0.0,0.0,0.08,0.0,0.0,hard,"{""ai_coding_innovations"": 0.8, ""ai_copyright_theft"": 0.1, ""ai_mass_surveillance"": 0.1}","{""ai_coding_innovations"": 0.83, ""ai_copyright_theft"": 0.09, ""ai_mass_surveillance"": 0.08}"
user_0156,copyright_heavy,Mostly AI copyright / theft concerns,100,0.0,0.0,0.0,0.0,0.0,0.0,0.81,0.0,0.1,0.0,0.0,0.0,0.0,0.0,0.0,0.0,0.0,0.09,0.0,0.0,0.0,0.0,0.0,0.0,0.0,0.0,0.81,0.0,0.1,0.0,0.0,0.0,0.0,0.0,0.0,0.0,0.0,0.09,0.0,0.0,hard,"{""ai_coding_innovations"": 0.1, ""ai_copyright_theft"": 0.8, ""ai_mass_surveillance"": 0.1}","{""ai_coding_innovations"": 0.1, ""ai_copyright_theft"": 0.81, ""ai_mass_surveillance"": 0.09}"
user_0157,surveillance_heavy,Mostly AI mass surveillance,100,0.0,0.0,0.0,0.0,0.0,0.0,0.11,0.0,0.09,0.0,0.0,0.0,0.0,0.0,0.0,0.0,0.0,0.8,0.0,0.0,0.0,0.0,0.0,0.0,0.0,0.0,0.11,0.0,0.09,0.0,0.0,0.0,0.0,0.0,0.0,0.0,0.0,0.8,0.0,0.0,hard,"{""ai_coding_innovations"": 0.1, ""ai_copyright_theft"": 0.1, ""ai_mass_surveillance"": 0.8}","{""ai_coding_innovations"": 0.09, ""ai_copyright_theft"": 0.11, ""ai_mass_surveillance"": 0.8}"
user_0158,balanced,Even across all topics,100,0.0,0.0,0.0,0.0,0.0,0.0,0.34,0.0,0.33,0.0,0.0,0.0,0.0,0.0,0.0,0.0,0.0,0.33,0.0,0.0,0.0,0.0,0.0,0.0,0.0,0.0,0.34,0.0,0.33,0.0,0.0,0.0,0.0,0.0,0.0,0.0,0.0,0.33,0.0,0.0,hard,"{""ai_coding_innovations"": 0.333333, ""ai_copyright_theft"": 0.333333, ""ai_mass_surveillance"": 0.333334}","{""ai_coding_innovations"": 0.33, ""ai_copyright_theft"": 0.34, ""ai_mass_surveillance"": 0.33}"
user_0159,coding_copyright,Split: coding + copyright,100,0.0,0.0,0.0,0.0,0.0,0.0,0.34,0.0,0.54,0.0,0.0,0.0,0.0,0.0,0.0,0.0,0.0,0.12,0.0,0.0,0.0,0.0,0.0,0.0,0.0,0.0,0.34,0.0,0.54,0.0,0.0,0.0,0.0,0.0,0.0,0.0,0.0,0.12,0.0,0.0,hard,"{""ai_coding_innovations"": 0.45, ""ai_copyright_theft"": 0.45, ""ai_mass_surveillance"": 0.1}","{""ai_coding_innovations"": 0.54, ""ai_copyright_theft"": 0.34, ""ai_mass_surveillance"": 0.12}"
user_0160,coding_surveillance,Split: coding + surveillance,100,0.0,0.0,0.0,0.0,0.0,0.0,0.09,0.0,0.5,0.0,0.0,0.0,0.0,0.0,0.0,0.0,0.0,0.41,0.0,0.0,0.0,0.0,0.0,0.0,0.0,0.0,0.09,0.0,0.5,0.0,0.0,0.0,0.0,0.0,0.0,0.0,0.0,0.41,0.0,0.0,hard,"{""ai_coding_innovations"": 0.45, ""ai_copyright_theft"": 0.1, ""ai_mass_surveillance"": 0.45}","{""ai_coding_innovations"": 0.5, ""ai_copyright_theft"": 0.09, ""ai_mass_surveillance"": 0.41}"
user_0161,copyright_surveillance,Split: copyright + surveillance,100,0.0,0.0,0.0,0.0,0.0,0.0,0.52,0.0,0.06,0.0,0.0,0.0,0.0,0.0,0.0,0.0,0.0,0.42,0.0,0.0,0.0,0.0,0.0,0.0,0.0,0.0,0.52,0.0,0.06,0.0,0.0,0.0,0.0,0.0,0.0,0.0,0.0,0.42,0.0,0.0,hard,"{""ai_coding_innovations"": 0.1, ""ai_copyright_theft"": 0.45, ""ai_mass_surveillance"": 0.45}","{""ai_coding_innovations"": 0.06, ""ai_copyright_theft"": 0.52, ""ai_mass_surveillance"": 0.42}"
user_0162,coding_heavy,Mostly AI coding innovations,100,0.0,0.0,0.0,0.0,0.0,0.0,0.18,0.0,0.71,0.0,0.0,0.0,0.0,0.0,0.0,0.0,0.0,0.11,0.0,0.0,0.0,0.0,0.0,0.0,0.0,0.0,0.18,0.0,0.71,0.0,0.0,0.0,0.0,0.0,0.0,0.0,0.0,0.11,0.0,0.0,hard,"{""ai_coding_innovations"": 0.8, ""ai_copyright_theft"": 0.1, ""ai_mass_surveillance"": 0.1}","{""ai_coding_innovations"": 0.71, ""ai_copyright_theft"": 0.18, ""ai_mass_surveillance"": 0.11}"
user_0163,copyright_heavy,Mostly AI copyright / theft concerns,100,0.0,0.0,0.0,0.0,0.0,0.0,0.82,0.0,0.06,0.0,0.0,0.0,0.0,0.0,0.0,0.0,0.0,0.12,0.0,0.0,0.0,0.0,0.0,0.0,0.0,0.0,0.82,0.0,0.06,0.0,0.0,0.0,0.0,0.0,0.0,0.0,0.0,0.12,0.0,0.0,hard,"{""ai_coding_innovations"": 0.1, ""ai_copyright_theft"": 0.8, ""ai_mass_surveillance"": 0.1}","{""ai_coding_innovations"": 0.06, ""ai_copyright_theft"": 0.82, ""ai_mass_surveillance"": 0.12}"
user_0164,surveillance_heavy,Mostly AI mass surveillance,100,0.0,0.0,0.0,0.0,0.0,0.0,0.06,0.0,0.12,0.0,0.0,0.0,0.0,0.0,0.0,0.0,0.0,0.82,0.0,0.0,0.0,0.0,0.0,0.0,0.0,0.0,0.06,0.0,0.12,0.0,0.0,0.0,0.0,0.0,0.0,0.0,0.0,0.82,0.0,0.0,hard,"{""ai_coding_innovations"": 0.1, ""ai_copyright_theft"": 0.1, ""ai_mass_surveillance"": 0.8}","{""ai_coding_innovations"": 0.12, ""ai_copyright_theft"": 0.06, ""ai_mass_surveillance"": 0.82}"
user_0165,balanced,Even across all topics,100,0.0,0.0,0.0,0.0,0.0,0.0,0.38,0.0,0.31,0.0,0.0,0.0,0.0,0.0,0.0,0.0,0.0,0.31,0.0,0.0,0.0,0.0,0.0,0.0,0.0,0.0,0.38,0.0,0.31,0.0,0.0,0.0,0.0,0.0,0.0,0.0,0.0,0.31,0.0,0.0,hard,"{""ai_coding_innovations"": 0.333333, ""ai_copyright_theft"": 0.333333, ""ai_mass_surveillance"": 0.333334}","{""ai_coding_innovations"": 0.31, ""ai_copyright_theft"": 0.38, ""ai_mass_surveillance"": 0.31}"
user_0166,coding_copyright,Split: coding + copyright,100,0.0,0.0,0.0,0.0,0.0,0.0,0.48,0.0,0.42,0.0,0.0,0.0,0.0,0.0,0.0,0.0,0.0,0.1,0.0,0.0,0.0,0.0,0.0,0.0,0.0,0.0,0.48,0.0,0.42,0.0,0.0,0.0,0.0,0.0,0.0,0.0,0.0,0.1,0.0,0.0,hard,"{""ai_coding_innovations"": 0.45, ""ai_copyright_theft"": 0.45, ""ai_mass_surveillance"": 0.1}","{""ai_coding_innovations"": 0.42, ""ai_copyright_theft"": 0.48, ""ai_mass_surveillance"": 0.1}"
user_0167,coding_surveillance,Split: coding + surveillance,100,0.0,0.0,0.0,0.0,0.0,0.0,0.09,0.0,0.48,0.0,0.0,0.0,0.0,0.0,0.0,0.0,0.0,0.43,0.0,0.0,0.0,0.0,0.0,0.0,0.0,0.0,0.09,0.0,0.48,0.0,0.0,0.0,0.0,0.0,0.0,0.0,0.0,0.43,0.0,0.0,hard,"{""ai_coding_innovations"": 0.45, ""ai_copyright_theft"": 0.1, ""ai_mass_surveillance"": 0.45}","{""ai_coding_innovations"": 0.48, ""ai_copyright_theft"": 0.09, ""ai_mass_surveillance"": 0.43}"
user_0168,copyright_surveillance,Split: copyright + surveillance,100,0.0,0.0,0.0,0.0,0.0,0.0,0.44,0.0,0.12,0.0,0.0,0.0,0.0,0.0,0.0,0.0,0.0,0.44,0.0,0.0,0.0,0.0,0.0,0.0,0.0,0.0,0.44,0.0,0.12,0.0,0.0,0.0,0.0,0.0,0.0,0.0,0.0,0.44,0.0,0.0,hard,"{""ai_coding_innovations"": 0.1, ""ai_copyright_theft"": 0.45, ""ai_mass_surveillance"": 0.45}","{""ai_coding_innovations"": 0.12, ""ai_copyright_theft"": 0.44, ""ai_mass_surveillance"": 0.44}"
user_0169,coding_heavy,Mostly AI coding innovations,100,0.0,0.0,0.0,0.0,0.0,0.0,0.05,0.0,0.86,0.0,0.0,0.0,0.0,0.0,0.0,0.0,0.0,0.09,0.0,0.0,0.0,0.0,0.0,0.0,0.0,0.0,0.05,0.0,0.86,0.0,0.0,0.0,0.0,0.0,0.0,0.0,0.0,0.09,0.0,0.0,hard,"{""ai_coding_innovations"": 0.8, ""ai_copyright_theft"": 0.1, ""ai_mass_surveillance"": 0.1}","{""ai_coding_innovations"": 0.86, ""ai_copyright_theft"": 0.05, ""ai_mass_surveillance"": 0.09}"
user_0170,copyright_heavy,Mostly AI copyright / theft concerns,100,0.0,0.0,0.0,0.0,0.0,0.0,0.81,0.0,0.06,0.0,0.0,0.0,0.0,0.0,0.0,0.0,0.0,0.13,0.0,0.0,0.0,0.0,0.0,0.0,0.0,0.0,0.81,0.0,0.06,0.0,0.0,0.0,0.0,0.0,0.0,0.0,0.0,0.13,0.0,0.0,hard,"{""ai_coding_innovations"": 0.1, ""ai_copyright_theft"": 0.8, ""ai_mass_surveillance"": 0.1}","{""ai_coding_innovations"": 0.06, ""ai_copyright_theft"": 0.81, ""ai_mass_surveillance"": 0.13}"
user_0171,surveillance_heavy,Mostly AI mass surveillance,100,0.0,0.0,0.0,0.0,0.0,0.0,0.09,0.0,0.07,0.0,0.0,0.0,0.0,0.0,0.0,0.0,0.0,0.84,0.0,0.0,0.0,0.0,0.0,0.0,0.0,0.0,0.09,0.0,0.07,0.0,0.0,0.0,0.0,0.0,0.0,0.0,0.0,0.84,0.0,0.0,hard,"{""ai_coding_innovations"": 0.1, ""ai_copyright_theft"": 0.1, ""ai_mass_surveillance"": 0.8}","{""ai_coding_innovations"": 0.07, ""ai_copyright_theft"": 0.09, ""ai_mass_surveillance"": 0.84}"
user_0172,balanced,Even across all topics,100,0.0,0.0,0.0,0.0,0.0,0.0,0.25,0.0,0.42,0.0,0.0,0.0,0.0,0.0,0.0,0.0,0.0,0.33,0.0,0.0,0.0,0.0,0.0,0.0,0.0,0.0,0.25,0.0,0.42,0.0,0.0,0.0,0.0,0.0,0.0,0.0,0.0,0.33,0.0,0.0,hard,"{""ai_coding_innovations"": 0.333333, ""ai_copyright_theft"": 0.333333, ""ai_mass_surveillance"": 0.333334}","{""ai_coding_innovations"": 0.42, ""ai_copyright_theft"": 0.25, ""ai_mass_surveillance"": 0.33}"
user_0173,coding_copyright,Split: coding + copyright,100,0.0,0.0,0.0,0.0,0.0,0.0,0.48,0.0,0.41,0.0,0.0,0.0,0.0,0.0,0.0,0.0,0.0,0.11,0.0,0.0,0.0,0.0,0.0,0.0,0.0,0.0,0.48,0.0,0.41,0.0,0.0,0.0,0.0,0.0,0.0,0.0,0.0,0.11,0.0,0.0,hard,"{""ai_coding_innovations"": 0.45, ""ai_copyright_theft"": 0.45, ""ai_mass_surveillance"": 0.1}","{""ai_coding_innovations"": 0.41, ""ai_copyright_theft"": 0.48, ""ai_mass_surveillance"": 0.11}"
user_0174,coding_surveillance,Split: coding + surveillance,100,0.0,0.0,0.0,0.0,0.0,0.0,0.15,0.0,0.42,0.0,0.0,0.0,0.0,0.0,0.0,0.0,0.0,0.43,0.0,0.0,0.0,0.0,0.0,0.0,0.0,0.0,0.15,0.0,0.42,0.0,0.0,0.0,0.0,0.0,0.0,0.0,0.0,0.43,0.0,0.0,hard,"{""ai_coding_innovations"": 0.45, ""ai_copyright_theft"": 0.1, ""ai_mass_surveillance"": 0.45}","{""ai_coding_innovations"": 0.42, ""ai_copyright_theft"": 0.15, ""ai_mass_surveillance"": 0.43}"
user_0175,copyright_surveillance,Split: copyright + surveillance,100,0.0,0.0,0.0,0.0,0.0,0.0,0.53,0.0,0.11,0.0,0.0,0.0,0.0,0.0,0.0,0.0,0.0,0.36,0.0,0.0,0.0,0.0,0.0,0.0,0.0,0.0,0.53,0.0,0.11,0.0,0.0,0.0,0.0,0.0,0.0,0.0,0.0,0.36,0.0,0.0,hard,"{""ai_coding_innovations"": 0.1, ""ai_copyright_theft"": 0.45, ""ai_mass_surveillance"": 0.45}","{""ai_coding_innovations"": 0.11, ""ai_copyright_theft"": 0.53, ""ai_mass_surveillance"": 0.36}"
user_0176,coding_heavy,Mostly AI coding innovations,100,0.0,0.0,0.0,0.0,0.0,0.0,0.06,0.0,0.81,0.0,0.0,0.0,0.0,0.0,0.0,0.0,0.0,0.13,0.0,0.0,0.0,0.0,0.0,0.0,0.0,0.0,0.06,0.0,0.81,0.0,0.0,0.0,0.0,0.0,0.0,0.0,0.0,0.13,0.0,0.0,hard,"{""ai_coding_innovations"": 0.8, ""ai_copyright_theft"": 0.1, ""ai_mass_surveillance"": 0.1}","{""ai_coding_innovations"": 0.81, ""ai_copyright_theft"": 0.06, ""ai_mass_surveillance"": 0.13}"
user_0177,copyright_heavy,Mostly AI copyright / theft concerns,100,0.0,0.0,0.0,0.0,0.0,0.0,0.86,0.0,0.08,0.0,0.0,0.0,0.0,0.0,0.0,0.0,0.0,0.06,0.0,0.0,0.0,0.0,0.0,0.0,0.0,0.0,0.86,0.0,0.08,0.0,0.0,0.0,0.0,0.0,0.0,0.0,0.0,0.06,0.0,0.0,hard,"{""ai_coding_innovations"": 0.1, ""ai_copyright_theft"": 0.8, ""ai_mass_surveillance"": 0.1}","{""ai_coding_innovations"": 0.08, ""ai_copyright_theft"": 0.86, ""ai_mass_surveillance"": 0.06}"
user_0178,surveillance_heavy,Mostly AI mass surveillance,100,0.0,0.0,0.0,0.0,0.0,0.0,0.11,0.0,0.09,0.0,0.0,0.0,0.0,0.0,0.0,0.0,0.0,0.8,0.0,0.0,0.0,0.0,0.0,0.0,0.0,0.0,0.11,0.0,0.09,0.0,0.0,0.0,0.0,0.0,0.0,0.0,0.0,0.8,0.0,0.0,hard,"{""ai_coding_innovations"": 0.1, ""ai_copyright_theft"": 0.1, ""ai_mass_surveillance"": 0.8}","{""ai_coding_innovations"": 0.09, ""ai_copyright_theft"": 0.11, ""ai_mass_surveillance"": 0.8}"
user_0179,balanced,Even across all topics,100,0.0,0.0,0.0,0.0,0.0,0.0,0.3,0.0,0.38,0.0,0.0,0.0,0.0,0.0,0.0,0.0,0.0,0.32,0.0,0.0,0.0,0.0,0.0,0.0,0.0,0.0,0.3,0.0,0.38,0.0,0.0,0.0,0.0,0.0,0.0,0.0,0.0,0.32,0.0,0.0,hard,"{""ai_coding_innovations"": 0.333333, ""ai_copyright_theft"": 0.333333, ""ai_mass_surveillance"": 0.333334}","{""ai_coding_innovations"": 0.38, ""ai_copyright_theft"": 0.3, ""ai_mass_surveillance"": 0.32}"
user_0180,coding_copyright,Split: coding + copyright,100,0.0,0.0,0.0,0.0,0.0,0.0,0.45,0.0,0.4,0.0,0.0,0.0,0.0,0.0,0.0,0.0,0.0,0.15,0.0,0.0,0.0,0.0,0.0,0.0,0.0,0.0,0.45,0.0,0.4,0.0,0.0,0.0,0.0,0.0,0.0,0.0,0.0,0.15,0.0,0.0,hard,"{""ai_coding_innovations"": 0.45, ""ai_copyright_theft"": 0.45, ""ai_mass_surveillance"": 0.1}","{""ai_coding_innovations"": 0.4, ""ai_copyright_theft"": 0.45, ""ai_mass_surveillance"": 0.15}"
user_0181,coding_surveillance,Split: coding + surveillance,100,0.0,0.0,0.0,0.0,0.0,0.0,0.05,0.0,0.41,0.0,0.0,0.0,0.0,0.0,0.0,0.0,0.0,0.54,0.0,0.0,0.0,0.0,0.0,0.0,0.0,0.0,0.05,0.0,0.41,0.0,0.0,0.0,0.0,0.0,0.0,0.0,0.0,0.54,0.0,0.0,hard,"{""ai_coding_innovations"": 0.45, ""ai_copyright_theft"": 0.1, ""ai_mass_surveillance"": 0.45}","{""ai_coding_innovations"": 0.41, ""ai_copyright_theft"": 0.05, ""ai_mass_surveillance"": 0.54}"
user_0182,copyright_surveillance,Split: copyright + surveillance,100,0.0,0.0,0.0,0.0,0.0,0.0,0.42,0.0,0.11,0.0,0.0,0.0,0.0,0.0,0.0,0.0,0.0,0.47,0.0,0.0,0.0,0.0,0.0,0.0,0.0,0.0,0.42,0.0,0.11,0.0,0.0,0.0,0.0,0.0,0.0,0.0,0.0,0.47,0.0,0.0,hard,"{""ai_coding_innovations"": 0.1, ""ai_copyright_theft"": 0.45, ""ai_mass_surveillance"": 0.45}","{""ai_coding_innovations"": 0.11, ""ai_copyright_theft"": 0.42, ""ai_mass_surveillance"": 0.47}"
user_0183,coding_heavy,Mostly AI coding innovations,100,0.0,0.0,0.0,0.0,0.0,0.0,0.07,0.0,0.77,0.0,0.0,0.0,0.0,0.0,0.0,0.0,0.0,0.16,0.0,0.0,0.0,0.0,0.0,0.0,0.0,0.0,0.07,0.0,0.77,0.0,0.0,0.0,0.0,0.0,0.0,0.0,0.0,0.16,0.0,0.0,hard,"{""ai_coding_innovations"": 0.8, ""ai_copyright_theft"": 0.1, ""ai_mass_surveillance"": 0.1}","{""ai_coding_innovations"": 0.77, ""ai_copyright_theft"": 0.07, ""ai_mass_surveillance"": 0.16}"
user_0184,copyright_heavy,Mostly AI copyright / theft concerns,100,0.0,0.0,0.0,0.0,0.0,0.0,0.79,0.0,0.11,0.0,0.0,0.0,0.0,0.0,0.0,0.0,0.0,0.1,0.0,0.0,0.0,0.0,0.0,0.0,0.0,0.0,0.79,0.0,0.11,0.0,0.0,0.0,0.0,0.0,0.0,0.0,0.0,0.1,0.0,0.0,hard,"{""ai_coding_innovations"": 0.1, ""ai_copyright_theft"": 0.8, ""ai_mass_surveillance"": 0.1}","{""ai_coding_innovations"": 0.11, ""ai_copyright_theft"": 0.79, ""ai_mass_surveillance"": 0.1}"
user_0185,surveillance_heavy,Mostly AI mass surveillance,100,0.0,0.0,0.0,0.0,0.0,0.0,0.11,0.0,0.07,0.0,0.0,0.0,0.0,0.0,0.0,0.0,0.0,0.82,0.0,0.0,0.0,0.0,0.0,0.0,0.0,0.0,0.11,0.0,0.07,0.0,0.0,0.0,0.0,0.0,0.0,0.0,0.0,0.82,0.0,0.0,hard,"{""ai_coding_innovations"": 0.1, ""ai_copyright_theft"": 0.1, ""ai_mass_surveillance"": 0.8}","{""ai_coding_innovations"": 0.07, ""ai_copyright_theft"": 0.11, ""ai_mass_surveillance"": 0.82}"
user_0186,balanced,Even across all topics,100,0.0,0.0,0.0,0.0,0.0,0.0,0.29,0.0,0.37,0.0,0.0,0.0,0.0,0.0,0.0,0.0,0.0,0.34,0.0,0.0,0.0,0.0,0.0,0.0,0.0,0.0,0.29,0.0,0.37,0.0,0.0,0.0,0.0,0.0,0.0,0.0,0.0,0.34,0.0,0.0,hard,"{""ai_coding_innovations"": 0.333333, ""ai_copyright_theft"": 0.333333, ""ai_mass_surveillance"": 0.333334}","{""ai_coding_innovations"": 0.37, ""ai_copyright_theft"": 0.29, ""ai_mass_surveillance"": 0.34}"
user_0187,coding_copyright,Split: coding + copyright,100,0.0,0.0,0.0,0.0,0.0,0.0,0.44,0.0,0.46,0.0,0.0,0.0,0.0,0.0,0.0,0.0,0.0,0.1,0.0,0.0,0.0,0.0,0.0,0.0,0.0,0.0,0.44,0.0,0.46,0.0,0.0,0.0,0.0,0.0,0.0,0.0,0.0,0.1,0.0,0.0,hard,"{""ai_coding_innovations"": 0.45, ""ai_copyright_theft"": 0.45, ""ai_mass_surveillance"": 0.1}","{""ai_coding_innovations"": 0.46, ""ai_copyright_theft"": 0.44, ""ai_mass_surveillance"": 0.1}"
user_0188,coding_surveillance,Split: coding + surveillance,100,0.0,0.0,0.0,0.0,0.0,0.0,0.04,0.0,0.47,0.0,0.0,0.0,0.0,0.0,0.0,0.0,0.0,0.49,0.0,0.0,0.0,0.0,0.0,0.0,0.0,0.0,0.04,0.0,0.47,0.0,0.0,0.0,0.0,0.0,0.0,0.0,0.0,0.49,0.0,0.0,hard,"{""ai_coding_innovations"": 0.45, ""ai_copyright_theft"": 0.1, ""ai_mass_surveillance"": 0.45}","{""ai_coding_innovations"": 0.47, ""ai_copyright_theft"": 0.04, ""ai_mass_surveillance"": 0.49}"
user_0189,copyright_surveillance,Split: copyright + surveillance,100,0.0,0.0,0.0,0.0,0.0,0.0,0.39,0.0,0.09,0.0,0.0,0.0,0.0,0.0,0.0,0.0,0.0,0.52,0.0,0.0,0.0,0.0,0.0,0.0,0.0,0.0,0.39,0.0,0.09,0.0,0.0,0.0,0.0,0.0,0.0,0.0,0.0,0.52,0.0,0.0,hard,"{""ai_coding_innovations"": 0.1, ""ai_copyright_theft"": 0.45, ""ai_mass_surveillance"": 0.45}","{""ai_coding_innovations"": 0.09, ""ai_copyright_theft"": 0.39, ""ai_mass_surveillance"": 0.52}"
user_0190,coding_heavy,Mostly AI coding innovations,100,0.0,0.0,0.0,0.0,0.0,0.0,0.06,0.0,0.83,0.0,0.0,0.0,0.0,0.0,0.0,0.0,0.0,0.11,0.0,0.0,0.0,0.0,0.0,0.0,0.0,0.0,0.06,0.0,0.83,0.0,0.0,0.0,0.0,0.0,0.0,0.0,0.0,0.11,0.0,0.0,hard,"{""ai_coding_innovations"": 0.8, ""ai_copyright_theft"": 0.1, ""ai_mass_surveillance"": 0.1}","{""ai_coding_innovations"": 0.83, ""ai_copyright_theft"": 0.06, ""ai_mass_surveillance"": 0.11}"
user_0191,copyright_heavy,Mostly AI copyright / theft concerns,100,0.0,0.0,0.0,0.0,0.0,0.0,0.73,0.0,0.17,0.0,0.0,0.0,0.0,0.0,0.0,0.0,0.0,0.1,0.0,0.0,0.0,0.0,0.0,0.0,0.0,0.0,0.73,0.0,0.17,0.0,0.0,0.0,0.0,0.0,0.0,0.0,0.0,0.1,0.0,0.0,hard,"{""ai_coding_innovations"": 0.1, ""ai_copyright_theft"": 0.8, ""ai_mass_surveillance"": 0.1}","{""ai_coding_innovations"": 0.17, ""ai_copyright_theft"": 0.73, ""ai_mass_surveillance"": 0.1}"
user_0192,surveillance_heavy,Mostly AI mass surveillance,100,0.0,0.0,0.0,0.0,0.0,0.0,0.1,0.0,0.11,0.0,0.0,0.0,0.0,0.0,0.0,0.0,0.0,0.79,0.0,0.0,0.0,0.0,0.0,0.0,0.0,0.0,0.1,0.0,0.11,0.0,0.0,0.0,0.0,0.0,0.0,0.0,0.0,0.79,0.0,0.0,hard,"{""ai_coding_innovations"": 0.1, ""ai_copyright_theft"": 0.1, ""ai_mass_surveillance"": 0.8}","{""ai_coding_innovations"": 0.11, ""ai_copyright_theft"": 0.1, ""ai_mass_surveillance"": 0.79}"
user_0193,balanced,Even across all topics,100,0.0,0.0,0.0,0.0,0.0,0.0,0.31,0.0,0.32,0.0,0.0,0.0,0.0,0.0,0.0,0.0,0.0,0.37,0.0,0.0,0.0,0.0,0.0,0.0,0.0,0.0,0.31,0.0,0.32,0.0,0.0,0.0,0.0,0.0,0.0,0.0,0.0,0.37,0.0,0.0,hard,"{""ai_coding_innovations"": 0.333333, ""ai_copyright_theft"": 0.333333, ""ai_mass_surveillance"": 0.333334}","{""ai_coding_innovations"": 0.32, ""ai_copyright_theft"": 0.31, ""ai_mass_surveillance"": 0.37}"
user_0194,coding_copyright,Split: coding + copyright,100,0.0,0.0,0.0,0.0,0.0,0.0,0.44,0.0,0.49,0.0,0.0,0.0,0.0,0.0,0.0,0.0,0.0,0.07,0.0,0.0,0.0,0.0,0.0,0.0,0.0,0.0,0.44,0.0,0.49,0.0,0.0,0.0,0.0,0.0,0.0,0.0,0.0,0.07,0.0,0.0,hard,"{""ai_coding_innovations"": 0.45, ""ai_copyright_theft"": 0.45, ""ai_mass_surveillance"": 0.1}","{""ai_coding_innovations"": 0.49, ""ai_copyright_theft"": 0.44, ""ai_mass_surveillance"": 0.07}"
user_0195,coding_surveillance,Split: coding + surveillance,100,0.0,0.0,0.0,0.0,0.0,0.0,0.05,0.0,0.44,0.0,0.0,0.0,0.0,0.0,0.0,0.0,0.0,0.51,0.0,0.0,0.0,0.0,0.0,0.0,0.0,0.0,0.05,0.0,0.44,0.0,0.0,0.0,0.0,0.0,0.0,0.0,0.0,0.51,0.0,0.0,hard,"{""ai_coding_innovations"": 0.45, ""ai_copyright_theft"": 0.1, ""ai_mass_surveillance"": 0.45}","{""ai_coding_innovations"": 0.44, ""ai_copyright_theft"": 0.05, ""ai_mass_surveillance"": 0.51}"
user_0196,copyright_surveillance,Split: copyright + surveillance,100,0.0,0.0,0.0,0.0,0.0,0.0,0.47,0.0,0.1,0.0,0.0,0.0,0.0,0.0,0.0,0.0,0.0,0.43,0.0,0.0,0.0,0.0,0.0,0.0,0.0,0.0,0.47,0.0,0.1,0.0,0.0,0.0,0.0,0.0,0.0,0.0,0.0,0.43,0.0,0.0,hard,"{""ai_coding_innovations"": 0.1, ""ai_copyright_theft"": 0.45, ""ai_mass_surveillance"": 0.45}","{""ai_coding_innovations"": 0.1, ""ai_copyright_theft"": 0.47, ""ai_mass_surveillance"": 0.43}"
user_0197,coding_heavy,Mostly AI coding innovations,100,0.0,0.0,0.0,0.0,0.0,0.0,0.1,0.0,0.82,0.0,0.0,0.0,0.0,0.0,0.0,0.0,0.0,0.08,0.0,0.0,0.0,0.0,0.0,0.0,0.0,0.0,0.1,0.0,0.82,0.0,0.0,0.0,0.0,0.0,0.0,0.0,0.0,0.08,0.0,0.0,hard,"{""ai_coding_innovations"": 0.8, ""ai_copyright_theft"": 0.1, ""ai_mass_surveillance"": 0.1}","{""ai_coding_innovations"": 0.82, ""ai_copyright_theft"": 0.1, ""ai_mass_surveillance"": 0.08}"
user_0198,copyright_heavy,Mostly AI copyright / theft concerns,100,0.0,0.0,0.0,0.0,0.0,0.0,0.81,0.0,0.11,0.0,0.0,0.0,0.0,0.0,0.0,0.0,0.0,0.08,0.0,0.0,0.0,0.0,0.0,0.0,0.0,0.0,0.81,0.0,0.11,0.0,0.0,0.0,0.0,0.0,0.0,0.0,0.0,0.08,0.0,0.0,hard,"{""ai_coding_innovations"": 0.1, ""ai_copyright_theft"": 0.8, ""ai_mass_surveillance"": 0.1}","{""ai_coding_innovations"": 0.11, ""ai_copyright_theft"": 0.81, ""ai_mass_surveillance"": 0.08}"
user_0199,surveillance_heavy,Mostly AI mass surveillance,100,0.0,0.0,0.0,0.0,0.0,0.0,0.05,0.0,0.08,0.0,0.0,0.0,0.0,0.0,0.0,0.0,0.0,0.87,0.0,0.0,0.0,0.0,0.0,0.0,0.0,0.0,0.05,0.0,0.08,0.0,0.0,0.0,0.0,0.0,0.0,0.0,0.0,0.87,0.0,0.0,hard,"{""ai_coding_innovations"": 0.1, ""ai_copyright_theft"": 0.1, ""ai_mass_surveillance"": 0.8}","{""ai_coding_innovations"": 0.08, ""ai_copyright_theft"": 0.05, ""ai_mass_surveillance"": 0.87}"
user_0200,balanced,Even across all topics,100,0.0,0.0,0.0,0.0,0.0,0.0,0.37,0.0,0.32,0.0,0.0,0.0,0.0,0.0,0.0,0.0,0.0,0.31,0.0,0.0,0.0,0.0,0.0,0.0,0.0,0.0,0.37,0.0,0.32,0.0,0.0,0.0,0.0,0.0,0.0,0.0,0.0,0.31,0.0,0.0,hard,"{""ai_coding_innovations"": 0.333333, ""ai_copyright_theft"": 0.333333, ""ai_mass_surveillance"": 0.333334}","{""ai_coding_innovations"": 0.32, ""ai_copyright_theft"": 0.37, ""ai_mass_surveillance"": 0.31}"
user_0201,coding_copyright,Split: coding + copyright,100,0.0,0.0,0.0,0.0,0.0,0.0,0.46,0.0,0.46,0.0,0.0,0.0,0.0,0.0,0.0,0.0,0.0,0.08,0.0,0.0,0.0,0.0,0.0,0.0,0.0,0.0,0.46,0.0,0.46,0.0,0.0,0.0,0.0,0.0,0.0,0.0,0.0,0.08,0.0,0.0,hard,"{""ai_coding_innovations"": 0.45, ""ai_copyright_theft"": 0.45, ""ai_mass_surveillance"": 0.1}","{""ai_coding_innovations"": 0.46, ""ai_copyright_theft"": 0.46, ""ai_mass_surveillance"": 0.08}"
user_0202,coding_surveillance,Split: coding + surveillance,100,0.0,0.0,0.0,0.0,0.0,0.0,0.12,0.0,0.4,0.0,0.0,0.0,0.0,0.0,0.0,0.0,0.0,0.48,0.0,0.0,0.0,0.0,0.0,0.0,0.0,0.0,0.12,0.0,0.4,0.0,0.0,0.0,0.0,0.0,0.0,0.0,0.0,0.48,0.0,0.0,hard,"{""ai_coding_innovations"": 0.45, ""ai_copyright_theft"": 0.1, ""ai_mass_surveillance"": 0.45}","{""ai_coding_innovations"": 0.4, ""ai_copyright_theft"": 0.12, ""ai_mass_surveillance"": 0.48}"
user_0203,copyright_surveillance,Split: copyright + surveillance,100,0.0,0.0,0.0,0.0,0.0,0.0,0.47,0.0,0.09,0.0,0.0,0.0,0.0,0.0,0.0,0.0,0.0,0.44,0.0,0.0,0.0,0.0,0.0,0.0,0.0,0.0,0.47,0.0,0.09,0.0,0.0,0.0,0.0,0.0,0.0,0.0,0.0,0.44,0.0,0.0,hard,"{""ai_coding_innovations"": 0.1, ""ai_copyright_theft"": 0.45, ""ai_mass_surveillance"": 0.45}","{""ai_coding_innovations"": 0.09, ""ai_copyright_theft"": 0.47, ""ai_mass_surveillance"": 0.44}"
user_0204,coding_heavy,Mostly AI coding innovations,100,0.0,0.0,0.0,0.0,0.0,0.0,0.1,0.0,0.82,0.0,0.0,0.0,0.0,0.0,0.0,0.0,0.0,0.08,0.0,0.0,0.0,0.0,0.0,0.0,0.0,0.0,0.1,0.0,0.82,0.0,0.0,0.0,0.0,0.0,0.0,0.0,0.0,0.08,0.0,0.0,hard,"{""ai_coding_innovations"": 0.8, ""ai_copyright_theft"": 0.1, ""ai_mass_surveillance"": 0.1}","{""ai_coding_innovations"": 0.82, ""ai_copyright_theft"": 0.1, ""ai_mass_surveillance"": 0.08}"
user_0205,copyright_heavy,Mostly AI copyright / theft concerns,100,0.0,0.0,0.0,0.0,0.0,0.0,0.89,0.0,0.02,0.0,0.0,0.0,0.0,0.0,0.0,0.0,0.0,0.09,0.0,0.0,0.0,0.0,0.0,0.0,0.0,0.0,0.89,0.0,0.02,0.0,0.0,0.0,0.0,0.0,0.0,0.0,0.0,0.09,0.0,0.0,hard,"{""ai_coding_innovations"": 0.1, ""ai_copyright_theft"": 0.8, ""ai_mass_surveillance"": 0.1}","{""ai_coding_innovations"": 0.02, ""ai_copyright_theft"": 0.89, ""ai_mass_surveillance"": 0.09}"
user_0206,surveillance_heavy,Mostly AI mass surveillance,100,0.0,0.0,0.0,0.0,0.0,0.0,0.15,0.0,0.08,0.0,0.0,0.0,0.0,0.0,0.0,0.0,0.0,0.77,0.0,0.0,0.0,0.0,0.0,0.0,0.0,0.0,0.15,0.0,0.08,0.0,0.0,0.0,0.0,0.0,0.0,0.0,0.0,0.77,0.0,0.0,hard,"{""ai_coding_innovations"": 0.1, ""ai_copyright_theft"": 0.1, ""ai_mass_surveillance"": 0.8}","{""ai_coding_innovations"": 0.08, ""ai_copyright_theft"": 0.15, ""ai_mass_surveillance"": 0.77}"
user_0207,balanced,Even across all topics,100,0.0,0.0,0.0,0.0,0.0,0.0,0.26,0.0,0.34,0.0,0.0,0.0,0.0,0.0,0.0,0.0,0.0,0.4,0.0,0.0,0.0,0.0,0.0,0.0,0.0,0.0,0.26,0.0,0.34,0.0,0.0,0.0,0.0,0.0,0.0,0.0,0.0,0.4,0.0,0.0,hard,"{""ai_coding_innovations"": 0.333333, ""ai_copyright_theft"": 0.333333, ""ai_mass_surveillance"": 0.333334}","{""ai_coding_innovations"": 0.34, ""ai_copyright_theft"": 0.26, ""ai_mass_surveillance"": 0.4}"
user_0208,coding_copyright,Split: coding + copyright,100,0.0,0.0,0.0,0.0,0.0,0.0,0.44,0.0,0.47,0.0,0.0,0.0,0.0,0.0,0.0,0.0,0.0,0.09,0.0,0.0,0.0,0.0,0.0,0.0,0.0,0.0,0.44,0.0,0.47,0.0,0.0,0.0,0.0,0.0,0.0,0.0,0.0,0.09,0.0,0.0,hard,"{""ai_coding_innovations"": 0.45, ""ai_copyright_theft"": 0.45, ""ai_mass_surveillance"": 0.1}","{""ai_coding_innovations"": 0.47, ""ai_copyright_theft"": 0.44, ""ai_mass_surveillance"": 0.09}"
user_0209,coding_surveillance,Split: coding + surveillance,100,0.0,0.0,0.0,0.0,0.0,0.0,0.12,0.0,0.38,0.0,0.0,0.0,0.0,0.0,0.0,0.0,0.0,0.5,0.0,0.0,0.0,0.0,0.0,0.0,0.0,0.0,0.12,0.0,0.38,0.0,0.0,0.0,0.0,0.0,0.0,0.0,0.0,0.5,0.0,0.0,hard,"{""ai_coding_innovations"": 0.45, ""ai_copyright_theft"": 0.1, ""ai_mass_surveillance"": 0.45}","{""ai_coding_innovations"": 0.38, ""ai_copyright_theft"": 0.12, ""ai_mass_surveillance"": 0.5}"
user_0210,copyright_surveillance,Split: copyright + surveillance,100,0.0,0.0,0.0,0.0,0.0,0.0,0.39,0.0,0.1,0.0,0.0,0.0,0.0,0.0,0.0,0.0,0.0,0.51,0.0,0.0,0.0,0.0,0.0,0.0,0.0,0.0,0.39,0.0,0.1,0.0,0.0,0.0,0.0,0.0,0.0,0.0,0.0,0.51,0.0,0.0,hard,"{""ai_coding_innovations"": 0.1, ""ai_copyright_theft"": 0.45, ""ai_mass_surveillance"": 0.45}","{""ai_coding_innovations"": 0.1, ""ai_copyright_theft"": 0.39, ""ai_mass_surveillance"": 0.51}"
user_0211,coding_heavy,Mostly AI coding innovations,100,0.0,0.0,0.0,0.0,0.0,0.0,0.07,0.0,0.82,0.0,0.0,0.0,0.0,0.0,0.0,0.0,0.0,0.11,0.0,0.0,0.0,0.0,0.0,0.0,0.0,0.0,0.07,0.0,0.82,0.0,0.0,0.0,0.0,0.0,0.0,0.0,0.0,0.11,0.0,0.0,hard,"{""ai_coding_innovations"": 0.8, ""ai_copyright_theft"": 0.1, ""ai_mass_surveillance"": 0.1}","{""ai_coding_innovations"": 0.82, ""ai_copyright_theft"": 0.07, ""ai_mass_surveillance"": 0.11}"
user_0212,copyright_heavy,Mostly AI copyright / theft concerns,100,0.0,0.0,0.0,0.0,0.0,0.0,0.82,0.0,0.07,0.0,0.0,0.0,0.0,0.0,0.0,0.0,0.0,0.11,0.0,0.0,0.0,0.0,0.0,0.0,0.0,0.0,0.82,0.0,0.07,0.0,0.0,0.0,0.0,0.0,0.0,0.0,0.0,0.11,0.0,0.0,hard,"{""ai_coding_innovations"": 0.1, ""ai_copyright_theft"": 0.8, ""ai_mass_surveillance"": 0.1}","{""ai_coding_innovations"": 0.07, ""ai_copyright_theft"": 0.82, ""ai_mass_surveillance"": 0.11}"
user_0213,surveillance_heavy,Mostly AI mass surveillance,100,0.0,0.0,0.0,0.0,0.0,0.0,0.14,0.0,0.08,0.0,0.0,0.0,0.0,0.0,0.0,0.0,0.0,0.78,0.0,0.0,0.0,0.0,0.0,0.0,0.0,0.0,0.14,0.0,0.08,0.0,0.0,0.0,0.0,0.0,0.0,0.0,0.0,0.78,0.0,0.0,hard,"{""ai_coding_innovations"": 0.1, ""ai_copyright_theft"": 0.1, ""ai_mass_surveillance"": 0.8}","{""ai_coding_innovations"": 0.08, ""ai_copyright_theft"": 0.14, ""ai_mass_surveillance"": 0.78}"
user_0214,balanced,Even across all topics,100,0.0,0.0,0.0,0.0,0.0,0.0,0.28,0.0,0.37,0.0,0.0,0.0,0.0,0.0,0.0,0.0,0.0,0.35,0.0,0.0,0.0,0.0,0.0,0.0,0.0,0.0,0.28,0.0,0.37,0.0,0.0,0.0,0.0,0.0,0.0,0.0,0.0,0.35,0.0,0.0,hard,"{""ai_coding_innovations"": 0.333333, ""ai_copyright_theft"": 0.333333, ""ai_mass_surveillance"": 0.333334}","{""ai_coding_innovations"": 0.37, ""ai_copyright_theft"": 0.28, ""ai_mass_surveillance"": 0.35}"
user_0215,coding_copyright,Split: coding + copyright,100,0.0,0.0,0.0,0.0,0.0,0.0,0.54,0.0,0.41,0.0,0.0,0.0,0.0,0.0,0.0,0.0,0.0,0.05,0.0,0.0,0.0,0.0,0.0,0.0,0.0,0.0,0.54,0.0,0.41,0.0,0.0,0.0,0.0,0.0,0.0,0.0,0.0,0.05,0.0,0.0,hard,"{""ai_coding_innovations"": 0.45, ""ai_copyright_theft"": 0.45, ""ai_mass_surveillance"": 0.1}","{""ai_coding_innovations"": 0.41, ""ai_copyright_theft"": 0.54, ""ai_mass_surveillance"": 0.05}"
user_0216,coding_surveillance,Split: coding + surveillance,100,0.0,0.0,0.0,0.0,0.0,0.0,0.11,0.0,0.49,0.0,0.0,0.0,0.0,0.0,0.0,0.0,0.0,0.4,0.0,0.0,0.0,0.0,0.0,0.0,0.0,0.0,0.11,0.0,0.49,0.0,0.0,0.0,0.0,0.0,0.0,0.0,0.0,0.4,0.0,0.0,hard,"{""ai_coding_innovations"": 0.45, ""ai_copyright_theft"": 0.1, ""ai_mass_surveillance"": 0.45}","{""ai_coding_innovations"": 0.49, ""ai_copyright_theft"": 0.11, ""ai_mass_surveillance"": 0.4}"
user_0217,copyright_surveillance,Split: copyright + surveillance,100,0.0,0.0,0.0,0.0,0.0,0.0,0.4,0.0,0.09,0.0,0.0,0.0,0.0,0.0,0.0,0.0,0.0,0.51,0.0,0.0,0.0,0.0,0.0,0.0,0.0,0.0,0.4,0.0,0.09,0.0,0.0,0.0,0.0,0.0,0.0,0.0,0.0,0.51,0.0,0.0,hard,"{""ai_coding_innovations"": 0.1, ""ai_copyright_theft"": 0.45, ""ai_mass_surveillance"": 0.45}","{""ai_coding_innovations"": 0.09, ""ai_copyright_theft"": 0.4, ""ai_mass_surveillance"": 0.51}"
user_0218,coding_heavy,Mostly AI coding innovations,100,0.0,0.0,0.0,0.0,0.0,0.0,0.07,0.0,0.84,0.0,0.0,0.0,0.0,0.0,0.0,0.0,0.0,0.09,0.0,0.0,0.0,0.0,0.0,0.0,0.0,0.0,0.07,0.0,0.84,0.0,0.0,0.0,0.0,0.0,0.0,0.0,0.0,0.09,0.0,0.0,hard,"{""ai_coding_innovations"": 0.8, ""ai_copyright_theft"": 0.1, ""ai_mass_surveillance"": 0.1}","{""ai_coding_innovations"": 0.84, ""ai_copyright_theft"": 0.07, ""ai_mass_surveillance"": 0.09}"
user_0219,copyright_heavy,Mostly AI copyright / theft concerns,100,0.0,0.0,0.0,0.0,0.0,0.0,0.8,0.0,0.12,0.0,0.0,0.0,0.0,0.0,0.0,0.0,0.0,0.08,0.0,0.0,0.0,0.0,0.0,0.0,0.0,0.0,0.8,0.0,0.12,0.0,0.0,0.0,0.0,0.0,0.0,0.0,0.0,0.08,0.0,0.0,hard,"{""ai_coding_innovations"": 0.1, ""ai_copyright_theft"": 0.8, ""ai_mass_surveillance"": 0.1}","{""ai_coding_innovations"": 0.12, ""ai_copyright_theft"": 0.8, ""ai_mass_surveillance"": 0.08}"
user_0220,surveillance_heavy,Mostly AI mass surveillance,100,0.0,0.0,0.0,0.0,0.0,0.0,0.1,0.0,0.1,0.0,0.0,0.0,0.0,0.0,0.0,0.0,0.0,0.8,0.0,0.0,0.0,0.0,0.0,0.0,0.0,0.0,0.1,0.0,0.1,0.0,0.0,0.0,0.0,0.0,0.0,0.0,0.0,0.8,0.0,0.0,hard,"{""ai_coding_innovations"": 0.1, ""ai_copyright_theft"": 0.1, ""ai_mass_surveillance"": 0.8}","{""ai_coding_innovations"": 0.1, ""ai_copyright_theft"": 0.1, ""ai_mass_surveillance"": 0.8}"
user_0221,balanced,Even across all topics,100,0.0,0.0,0.0,0.0,0.0,0.0,0.35,0.0,0.33,0.0,0.0,0.0,0.0,0.0,0.0,0.0,0.0,0.32,0.0,0.0,0.0,0.0,0.0,0.0,0.0,0.0,0.35,0.0,0.33,0.0,0.0,0.0,0.0,0.0,0.0,0.0,0.0,0.32,0.0,0.0,hard,"{""ai_coding_innovations"": 0.333333, ""ai_copyright_theft"": 0.333333, ""ai_mass_surveillance"": 0.333334}","{""ai_coding_innovations"": 0.33, ""ai_copyright_theft"": 0.35, ""ai_mass_surveillance"": 0.32}"
user_0222,coding_copyright,Split: coding + copyright,100,0.0,0.0,0.0,0.0,0.0,0.0,0.42,0.0,0.46,0.0,0.0,0.0,0.0,0.0,0.0,0.0,0.0,0.12,0.0,0.0,0.0,0.0,0.0,0.0,0.0,0.0,0.42,0.0,0.46,0.0,0.0,0.0,0.0,0.0,0.0,0.0,0.0,0.12,0.0,0.0,hard,"{""ai_coding_innovations"": 0.45, ""ai_copyright_theft"": 0.45, ""ai_mass_surveillance"": 0.1}","{""ai_coding_innovations"": 0.46, ""ai_copyright_theft"": 0.42, ""ai_mass_surveillance"": 0.12}"
user_0223,coding_surveillance,Split: coding + surveillance,100,0.0,0.0,0.0,0.0,0.0,0.0,0.08,0.0,0.51,0.0,0.0,0.0,0.0,0.0,0.0,0.0,0.0,0.41,0.0,0.0,0.0,0.0,0.0,0.0,0.0,0.0,0.08,0.0,0.51,0.0,0.0,0.0,0.0,0.0,0.0,0.0,0.0,0.41,0.0,0.0,hard,"{""ai_coding_innovations"": 0.45, ""ai_copyright_theft"": 0.1, ""ai_mass_surveillance"": 0.45}","{""ai_coding_innovations"": 0.51, ""ai_copyright_theft"": 0.08, ""ai_mass_surveillance"": 0.41}"
user_0224,copyright_surveillance,Split: copyright + surveillance,100,0.0,0.0,0.0,0.0,0.0,0.0,0.36,0.0,0.11,0.0,0.0,0.0,0.0,0.0,0.0,0.0,0.0,0.53,0.0,0.0,0.0,0.0,0.0,0.0,0.0,0.0,0.36,0.0,0.11,0.0,0.0,0.0,0.0,0.0,0.0,0.0,0.0,0.53,0.0,0.0,hard,"{""ai_coding_innovations"": 0.1, ""ai_copyright_theft"": 0.45, ""ai_mass_surveillance"": 0.45}","{""ai_coding_innovations"": 0.11, ""ai_copyright_theft"": 0.36, ""ai_mass_surveillance"": 0.53}"
user_0225,coding_heavy,Mostly AI coding innovations,100,0.0,0.0,0.0,0.0,0.0,0.0,0.08,0.0,0.84,0.0,0.0,0.0,0.0,0.0,0.0,0.0,0.0,0.08,0.0,0.0,0.0,0.0,0.0,0.0,0.0,0.0,0.08,0.0,0.84,0.0,0.0,0.0,0.0,0.0,0.0,0.0,0.0,0.08,0.0,0.0,hard,"{""ai_coding_innovations"": 0.8, ""ai_copyright_theft"": 0.1, ""ai_mass_surveillance"": 0.1}","{""ai_coding_innovations"": 0.84, ""ai_copyright_theft"": 0.08, ""ai_mass_surveillance"": 0.08}"
user_0226,copyright_heavy,Mostly AI copyright / theft concerns,100,0.0,0.0,0.0,0.0,0.0,0.0,0.83,0.0,0.08,0.0,0.0,0.0,0.0,0.0,0.0,0.0,0.0,0.09,0.0,0.0,0.0,0.0,0.0,0.0,0.0,0.0,0.83,0.0,0.08,0.0,0.0,0.0,0.0,0.0,0.0,0.0,0.0,0.09,0.0,0.0,hard,"{""ai_coding_innovations"": 0.1, ""ai_copyright_theft"": 0.8, ""ai_mass_surveillance"": 0.1}","{""ai_coding_innovations"": 0.08, ""ai_copyright_theft"": 0.83, ""ai_mass_surveillance"": 0.09}"
user_0227,surveillance_heavy,Mostly AI mass surveillance,100,0.0,0.0,0.0,0.0,0.0,0.0,0.14,0.0,0.09,0.0,0.0,0.0,0.0,0.0,0.0,0.0,0.0,0.77,0.0,0.0,0.0,0.0,0.0,0.0,0.0,0.0,0.14,0.0,0.09,0.0,0.0,0.0,0.0,0.0,0.0,0.0,0.0,0.77,0.0,0.0,hard,"{""ai_coding_innovations"": 0.1, ""ai_copyright_theft"": 0.1, ""ai_mass_surveillance"": 0.8}","{""ai_coding_innovations"": 0.09, ""ai_copyright_theft"": 0.14, ""ai_mass_surveillance"": 0.77}"
user_0228,balanced,Even across all topics,100,0.0,0.0,0.0,0.0,0.0,0.0,0.39,0.0,0.29,0.0,0.0,0.0,0.0,0.0,0.0,0.0,0.0,0.32,0.0,0.0,0.0,0.0,0.0,0.0,0.0,0.0,0.39,0.0,0.29,0.0,0.0,0.0,0.0,0.0,0.0,0.0,0.0,0.32,0.0,0.0,hard,"{""ai_coding_innovations"": 0.333333, ""ai_copyright_theft"": 0.333333, ""ai_mass_surveillance"": 0.333334}","{""ai_coding_innovations"": 0.29, ""ai_copyright_theft"": 0.39, ""ai_mass_surveillance"": 0.32}"
user_0229,coding_copyright,Split: coding + copyright,100,0.0,0.0,0.0,0.0,0.0,0.0,0.43,0.0,0.43,0.0,0.0,0.0,0.0,0.0,0.0,0.0,0.0,0.14,0.0,0.0,0.0,0.0,0.0,0.0,0.0,0.0,0.43,0.0,0.43,0.0,0.0,0.0,0.0,0.0,0.0,0.0,0.0,0.14,0.0,0.0,hard,"{""ai_coding_innovations"": 0.45, ""ai_copyright_theft"": 0.45, ""ai_mass_surveillance"": 0.1}","{""ai_coding_innovations"": 0.43, ""ai_copyright_theft"": 0.43, ""ai_mass_surveillance"": 0.14}"
user_0230,coding_surveillance,Split: coding + surveillance,100,0.0,0.0,0.0,0.0,0.0,0.0,0.11,0.0,0.46,0.0,0.0,0.0,0.0,0.0,0.0,0.0,0.0,0.43,0.0,0.0,0.0,0.0,0.0,0.0,0.0,0.0,0.11,0.0,0.46,0.0,0.0,0.0,0.0,0.0,0.0,0.0,0.0,0.43,0.0,0.0,hard,"{""ai_coding_innovations"": 0.45, ""ai_copyright_theft"": 0.1, ""ai_mass_surveillance"": 0.45}","{""ai_coding_innovations"": 0.46, ""ai_copyright_theft"": 0.11, ""ai_mass_surveillance"": 0.43}"
user_0231,copyright_surveillance,Split: copyright + surveillance,100,0.0,0.0,0.0,0.0,0.0,0.0,0.43,0.0,0.09,0.0,0.0,0.0,0.0,0.0,0.0,0.0,0.0,0.48,0.0,0.0,0.0,0.0,0.0,0.0,0.0,0.0,0.43,0.0,0.09,0.0,0.0,0.0,0.0,0.0,0.0,0.0,0.0,0.48,0.0,0.0,hard,"{""ai_coding_innovations"": 0.1, ""ai_copyright_theft"": 0.45, ""ai_mass_surveillance"": 0.45}","{""ai_coding_innovations"": 0.09, ""ai_copyright_theft"": 0.43, ""ai_mass_surveillance"": 0.48}"
user_0232,coding_heavy,Mostly AI coding innovations,100,0.0,0.0,0.0,0.0,0.0,0.0,0.09,0.0,0.83,0.0,0.0,0.0,0.0,0.0,0.0,0.0,0.0,0.08,0.0,0.0,0.0,0.0,0.0,0.0,0.0,0.0,0.09,0.0,0.83,0.0,0.0,0.0,0.0,0.0,0.0,0.0,0.0,0.08,0.0,0.0,hard,"{""ai_coding_innovations"": 0.8, ""ai_copyright_theft"": 0.1, ""ai_mass_surveillance"": 0.1}","{""ai_coding_innovations"": 0.83, ""ai_copyright_theft"": 0.09, ""ai_mass_surveillance"": 0.08}"
user_0233,copyright_heavy,Mostly AI copyright / theft concerns,100,0.0,0.0,0.0,0.0,0.0,0.0,0.75,0.0,0.11,0.0,0.0,0.0,0.0,0.0,0.0,0.0,0.0,0.14,0.0,0.0,0.0,0.0,0.0,0.0,0.0,0.0,0.75,0.0,0.11,0.0,0.0,0.0,0.0,0.0,0.0,0.0,0.0,0.14,0.0,0.0,hard,"{""ai_coding_innovations"": 0.1, ""ai_copyright_theft"": 0.8, ""ai_mass_surveillance"": 0.1}","{""ai_coding_innovations"": 0.11, ""ai_copyright_theft"": 0.75, ""ai_mass_surveillance"": 0.14}"
user_0234,surveillance_heavy,Mostly AI mass surveillance,100,0.0,0.0,0.0,0.0,0.0,0.0,0.06,0.0,0.12,0.0,0.0,0.0,0.0,0.0,0.0,0.0,0.0,0.82,0.0,0.0,0.0,0.0,0.0,0.0,0.0,0.0,0.06,0.0,0.12,0.0,0.0,0.0,0.0,0.0,0.0,0.0,0.0,0.82,0.0,0.0,hard,"{""ai_coding_innovations"": 0.1, ""ai_copyright_theft"": 0.1, ""ai_mass_surveillance"": 0.8}","{""ai_coding_innovations"": 0.12, ""ai_copyright_theft"": 0.06, ""ai_mass_surveillance"": 0.82}"
user_0235,balanced,Even across all topics,100,0.0,0.0,0.0,0.0,0.0,0.0,0.32,0.0,0.43,0.0,0.0,0.0,0.0,0.0,0.0,0.0,0.0,0.25,0.0,0.0,0.0,0.0,0.0,0.0,0.0,0.0,0.32,0.0,0.43,0.0,0.0,0.0,0.0,0.0,0.0,0.0,0.0,0.25,0.0,0.0,hard,"{""ai_coding_innovations"": 0.333333, ""ai_copyright_theft"": 0.333333, ""ai_mass_surveillance"": 0.333334}","{""ai_coding_innovations"": 0.43, ""ai_copyright_theft"": 0.32, ""ai_mass_surveillance"": 0.25}"
user_0236,coding_copyright,Split: coding + copyright,100,0.0,0.0,0.0,0.0,0.0,0.0,0.41,0.0,0.49,0.0,0.0,0.0,0.0,0.0,0.0,0.0,0.0,0.1,0.0,0.0,0.0,0.0,0.0,0.0,0.0,0.0,0.41,0.0,0.49,0.0,0.0,0.0,0.0,0.0,0.0,0.0,0.0,0.1,0.0,0.0,hard,"{""ai_coding_innovations"": 0.45, ""ai_copyright_theft"": 0.45, ""ai_mass_surveillance"": 0.1}","{""ai_coding_innovations"": 0.49, ""ai_copyright_theft"": 0.41, ""ai_mass_surveillance"": 0.1}"
user_0237,coding_surveillance,Split: coding + surveillance,100,0.0,0.0,0.0,0.0,0.0,0.0,0.12,0.0,0.41,0.0,0.0,0.0,0.0,0.0,0.0,0.0,0.0,0.47,0.0,0.0,0.0,0.0,0.0,0.0,0.0,0.0,0.12,0.0,0.41,0.0,0.0,0.0,0.0,0.0,0.0,0.0,0.0,0.47,0.0,0.0,hard,"{""ai_coding_innovations"": 0.45, ""ai_copyright_theft"": 0.1, ""ai_mass_surveillance"": 0.45}","{""ai_coding_innovations"": 0.41, ""ai_copyright_theft"": 0.12, ""ai_mass_surveillance"": 0.47}"
user_0238,copyright_surveillance,Split: copyright + surveillance,100,0.0,0.0,0.0,0.0,0.0,0.0,0.43,0.0,0.1,0.0,0.0,0.0,0.0,0.0,0.0,0.0,0.0,0.47,0.0,0.0,0.0,0.0,0.0,0.0,0.0,0.0,0.43,0.0,0.1,0.0,0.0,0.0,0.0,0.0,0.0,0.0,0.0,0.47,0.0,0.0,hard,"{""ai_coding_innovations"": 0.1, ""ai_copyright_theft"": 0.45, ""ai_mass_surveillance"": 0.45}","{""ai_coding_innovations"": 0.1, ""ai_copyright_theft"": 0.43, ""ai_mass_surveillance"": 0.47}"
user_0239,coding_heavy,Mostly AI coding innovations,100,0.0,0.0,0.0,0.0,0.0,0.0,0.1,0.0,0.83,0.0,0.0,0.0,0.0,0.0,0.0,0.0,0.0,0.07,0.0,0.0,0.0,0.0,0.0,0.0,0.0,0.0,0.1,0.0,0.83,0.0,0.0,0.0,0.0,0.0,0.0,0.0,0.0,0.07,0.0,0.0,hard,"{""ai_coding_innovations"": 0.8, ""ai_copyright_theft"": 0.1, ""ai_mass_surveillance"": 0.1}","{""ai_coding_innovations"": 0.83, ""ai_copyright_theft"": 0.1, ""ai_mass_surveillance"": 0.07}"
user_0240,copyright_heavy,Mostly AI copyright / theft concerns,100,0.0,0.0,0.0,0.0,0.0,0.0,0.89,0.0,0.04,0.0,0.0,0.0,0.0,0.0,0.0,0.0,0.0,0.07,0.0,0.0,0.0,0.0,0.0,0.0,0.0,0.0,0.89,0.0,0.04,0.0,0.0,0.0,0.0,0.0,0.0,0.0,0.0,0.07,0.0,0.0,hard,"{""ai_coding_innovations"": 0.1, ""ai_copyright_theft"": 0.8, ""ai_mass_surveillance"": 0.1}","{""ai_coding_innovations"": 0.04, ""ai_copyright_theft"": 0.89, ""ai_mass_surveillance"": 0.07}"
user_0241,surveillance_heavy,Mostly AI mass surveillance,100,0.0,0.0,0.0,0.0,0.0,0.0,0.05,0.0,0.13,0.0,0.0,0.0,0.0,0.0,0.0,0.0,0.0,0.82,0.0,0.0,0.0,0.0,0.0,0.0,0.0,0.0,0.05,0.0,0.13,0.0,0.0,0.0,0.0,0.0,0.0,0.0,0.0,0.82,0.0,0.0,hard,"{""ai_coding_innovations"": 0.1, ""ai_copyright_theft"": 0.1, ""ai_mass_surveillance"": 0.8}","{""ai_coding_innovations"": 0.13, ""ai_copyright_theft"": 0.05, ""ai_mass_surveillance"": 0.82}"
user_0242,balanced,Even across all topics,100,0.0,0.0,0.0,0.0,0.0,0.0,0.36,0.0,0.26,0.0,0.0,0.0,0.0,0.0,0.0,0.0,0.0,0.38,0.0,0.0,0.0,0.0,0.0,0.0,0.0,0.0,0.36,0.0,0.26,0.0,0.0,0.0,0.0,0.0,0.0,0.0,0.0,0.38,0.0,0.0,hard,"{""ai_coding_innovations"": 0.333333, ""ai_copyright_theft"": 0.333333, ""ai_mass_surveillance"": 0.333334}","{""ai_coding_innovations"": 0.26, ""ai_copyright_theft"": 0.36, ""ai_mass_surveillance"": 0.38}"
user_0243,coding_copyright,Split: coding + copyright,100,0.0,0.0,0.0,0.0,0.0,0.0,0.43,0.0,0.5,0.0,0.0,0.0,0.0,0.0,0.0,0.0,0.0,0.07,0.0,0.0,0.0,0.0,0.0,0.0,0.0,0.0,0.43,0.0,0.5,0.0,0.0,0.0,0.0,0.0,0.0,0.0,0.0,0.07,0.0,0.0,hard,"{""ai_coding_innovations"": 0.45, ""ai_copyright_theft"": 0.45, ""ai_mass_surveillance"": 0.1}","{""ai_coding_innovations"": 0.5, ""ai_copyright_theft"": 0.43, ""ai_mass_surveillance"": 0.07}"
user_0244,coding_surveillance,Split: coding + surveillance,100,0.0,0.0,0.0,0.0,0.0,0.0,0.05,0.0,0.49,0.0,0.0,0.0,0.0,0.0,0.0,0.0,0.0,0.46,0.0,0.0,0.0,0.0,0.0,0.0,0.0,0.0,0.05,0.0,0.49,0.0,0.0,0.0,0.0,0.0,0.0,0.0,0.0,0.46,0.0,0.0,hard,"{""ai_coding_innovations"": 0.45, ""ai_copyright_theft"": 0.1, ""ai_mass_surveillance"": 0.45}","{""ai_coding_innovations"": 0.49, ""ai_copyright_theft"": 0.05, ""ai_mass_surveillance"": 0.46}"
user_0245,copyright_surveillance,Split: copyright + surveillance,100,0.0,0.0,0.0,0.0,0.0,0.0,0.43,0.0,0.1,0.0,0.0,0.0,0.0,0.0,0.0,0.0,0.0,0.47,0.0,0.0,0.0,0.0,0.0,0.0,0.0,0.0,0.43,0.0,0.1,0.0,0.0,0.0,0.0,0.0,0.0,0.0,0.0,0.47,0.0,0.0,hard,"{""ai_coding_innovations"": 0.1, ""ai_copyright_theft"": 0.45, ""ai_mass_surveillance"": 0.45}","{""ai_coding_innovations"": 0.1, ""ai_copyright_theft"": 0.43, ""ai_mass_surveillance"": 0.47}"
user_0246,coding_heavy,Mostly AI coding innovations,100,0.0,0.0,0.0,0.0,0.0,0.0,0.07,0.0,0.81,0.0,0.0,0.0,0.0,0.0,0.0,0.0,0.0,0.12,0.0,0.0,0.0,0.0,0.0,0.0,0.0,0.0,0.07,0.0,0.81,0.0,0.0,0.0,0.0,0.0,0.0,0.0,0.0,0.12,0.0,0.0,hard,"{""ai_coding_innovations"": 0.8, ""ai_copyright_theft"": 0.1, ""ai_mass_surveillance"": 0.1}","{""ai_coding_innovations"": 0.81, ""ai_copyright_theft"": 0.07, ""ai_mass_surveillance"": 0.12}"
user_0247,copyright_heavy,Mostly AI copyright / theft concerns,100,0.0,0.0,0.0,0.0,0.0,0.0,0.75,0.0,0.13,0.0,0.0,0.0,0.0,0.0,0.0,0.0,0.0,0.12,0.0,0.0,0.0,0.0,0.0,0.0,0.0,0.0,0.75,0.0,0.13,0.0,0.0,0.0,0.0,0.0,0.0,0.0,0.0,0.12,0.0,0.0,hard,"{""ai_coding_innovations"": 0.1, ""ai_copyright_theft"": 0.8, ""ai_mass_surveillance"": 0.1}","{""ai_coding_innovations"": 0.13, ""ai_copyright_theft"": 0.75, ""ai_mass_surveillance"": 0.12}"
user_0248,surveillance_heavy,Mostly AI mass surveillance,100,0.0,0.0,0.0,0.0,0.0,0.0,0.1,0.0,0.15,0.0,0.0,0.0,0.0,0.0,0.0,0.0,0.0,0.75,0.0,0.0,0.0,0.0,0.0,0.0,0.0,0.0,0.1,0.0,0.15,0.0,0.0,0.0,0.0,0.0,0.0,0.0,0.0,0.75,0.0,0.0,hard,"{""ai_coding_innovations"": 0.1, ""ai_copyright_theft"": 0.1, ""ai_mass_surveillance"": 0.8}","{""ai_coding_innovations"": 0.15, ""ai_copyright_theft"": 0.1, ""ai_mass_surveillance"": 0.75}"
user_0249,balanced,Even across all topics,100,0.0,0.0,0.0,0.0,0.0,0.0,0.31,0.0,0.4,0.0,0.0,0.0,0.0,0.0,0.0,0.0,0.0,0.29,0.0,0.0,0.0,0.0,0.0,0.0,0.0,0.0,0.31,0.0,0.4,0.0,0.0,0.0,0.0,0.0,0.0,0.0,0.0,0.29,0.0,0.0,hard,"{""ai_coding_innovations"": 0.333333, ""ai_copyright_theft"": 0.333333, ""ai_mass_surveillance"": 0.333334}","{""ai_coding_innovations"": 0.4, ""ai_copyright_theft"": 0.31, ""ai_mass_surveillance"": 0.29}"
user_0250,coding_copyright,Split: coding + copyright,100,0.0,0.0,0.0,0.0,0.0,0.0,0.42,0.0,0.47,0.0,0.0,0.0,0.0,0.0,0.0,0.0,0.0,0.11,0.0,0.0,0.0,0.0,0.0,0.0,0.0,0.0,0.42,0.0,0.47,0.0,0.0,0.0,0.0,0.0,0.0,0.0,0.0,0.11,0.0,0.0,hard,"{""ai_coding_innovations"": 0.45, ""ai_copyright_theft"": 0.45, ""ai_mass_surveillance"": 0.1}","{""ai_coding_innovations"": 0.47, ""ai_copyright_theft"": 0.42, ""ai_mass_surveillance"": 0.11}"
user_0251,coding_surveillance,Split: coding + surveillance,100,0.0,0.0,0.0,0.0,0.0,0.0,0.09,0.0,0.5,0.0,0.0,0.0,0.0,0.0,0.0,0.0,0.0,0.41,0.0,0.0,0.0,0.0,0.0,0.0,0.0,0.0,0.09,0.0,0.5,0.0,0.0,0.0,0.0,0.0,0.0,0.0,0.0,0.41,0.0,0.0,hard,"{""ai_coding_innovations"": 0.45, ""ai_copyright_theft"": 0.1, ""ai_mass_surveillance"": 0.45}","{""ai_coding_innovations"": 0.5, ""ai_copyright_theft"": 0.09, ""ai_mass_surveillance"": 0.41}"
user_0252,copyright_surveillance,Split: copyright + surveillance,100,0.0,0.0,0.0,0.0,0.0,0.0,0.45,0.0,0.07,0.0,0.0,0.0,0.0,0.0,0.0,0.0,0.0,0.48,0.0,0.0,0.0,0.0,0.0,0.0,0.0,0.0,0.45,0.0,0.07,0.0,0.0,0.0,0.0,0.0,0.0,0.0,0.0,0.48,0.0,0.0,hard,"{""ai_coding_innovations"": 0.1, ""ai_copyright_theft"": 0.45, ""ai_mass_surveillance"": 0.45}","{""ai_coding_innovations"": 0.07, ""ai_copyright_theft"": 0.45, ""ai_mass_surveillance"": 0.48}"
user_0253,coding_heavy,Mostly AI coding innovations,100,0.0,0.0,0.0,0.0,0.0,0.0,0.06,0.0,0.82,0.0,0.0,0.0,0.0,0.0,0.0,0.0,0.0,0.12,0.0,0.0,0.0,0.0,0.0,0.0,0.0,0.0,0.06,0.0,0.82,0.0,0.0,0.0,0.0,0.0,0.0,0.0,0.0,0.12,0.0,0.0,hard,"{""ai_coding_innovations"": 0.8, ""ai_copyright_theft"": 0.1, ""ai_mass_surveillance"": 0.1}","{""ai_coding_innovations"": 0.82, ""ai_copyright_theft"": 0.06, ""ai_mass_surveillance"": 0.12}"
user_0254,copyright_heavy,Mostly AI copyright / theft concerns,100,0.0,0.0,0.0,0.0,0.0,0.0,0.82,0.0,0.09,0.0,0.0,0.0,0.0,0.0,0.0,0.0,0.0,0.09,0.0,0.0,0.0,0.0,0.0,0.0,0.0,0.0,0.82,0.0,0.09,0.0,0.0,0.0,0.0,0.0,0.0,0.0,0.0,0.09,0.0,0.0,hard,"{""ai_coding_innovations"": 0.1, ""ai_copyright_theft"": 0.8, ""ai_mass_surveillance"": 0.1}","{""ai_coding_innovations"": 0.09, ""ai_copyright_theft"": 0.82, ""ai_mass_surveillance"": 0.09}"
user_0255,surveillance_heavy,Mostly AI mass surveillance,100,0.0,0.0,0.0,0.0,0.0,0.0,0.13,0.0,0.12,0.0,0.0,0.0,0.0,0.0,0.0,0.0,0.0,0.75,0.0,0.0,0.0,0.0,0.0,0.0,0.0,0.0,0.13,0.0,0.12,0.0,0.0,0.0,0.0,0.0,0.0,0.0,0.0,0.75,0.0,0.0,hard,"{""ai_coding_innovations"": 0.1, ""ai_copyright_theft"": 0.1, ""ai_mass_surveillance"": 0.8}","{""ai_coding_innovations"": 0.12, ""ai_copyright_theft"": 0.13, ""ai_mass_surveillance"": 0.75}"
user_0256,balanced,Even across all topics,100,0.0,0.0,0.0,0.0,0.0,0.0,0.36,0.0,0.3,0.0,0.0,0.0,0.0,0.0,0.0,0.0,0.0,0.34,0.0,0.0,0.0,0.0,0.0,0.0,0.0,0.0,0.36,0.0,0.3,0.0,0.0,0.0,0.0,0.0,0.0,0.0,0.0,0.34,0.0,0.0,hard,"{""ai_coding_innovations"": 0.333333, ""ai_copyright_theft"": 0.333333, ""ai_mass_surveillance"": 0.333334}","{""ai_coding_innovations"": 0.3, ""ai_copyright_theft"": 0.36, ""ai_mass_surveillance"": 0.34}"
user_0257,coding_copyright,Split: coding + copyright,100,0.0,0.0,0.0,0.0,0.0,0.0,0.45,0.0,0.49,0.0,0.0,0.0,0.0,0.0,0.0,0.0,0.0,0.06,0.0,0.0,0.0,0.0,0.0,0.0,0.0,0.0,0.45,0.0,0.49,0.0,0.0,0.0,0.0,0.0,0.0,0.0,0.0,0.06,0.0,0.0,hard,"{""ai_coding_innovations"": 0.45, ""ai_copyright_theft"": 0.45, ""ai_mass_surveillance"": 0.1}","{""ai_coding_innovations"": 0.49, ""ai_copyright_theft"": 0.45, ""ai_mass_surveillance"": 0.06}"
user_0258,coding_surveillance,Split: coding + surveillance,100,0.0,0.0,0.0,0.0,0.0,0.0,0.12,0.0,0.37,0.0,0.0,0.0,0.0,0.0,0.0,0.0,0.0,0.51,0.0,0.0,0.0,0.0,0.0,0.0,0.0,0.0,0.12,0.0,0.37,0.0,0.0,0.0,0.0,0.0,0.0,0.0,0.0,0.51,0.0,0.0,hard,"{""ai_coding_innovations"": 0.45, ""ai_copyright_theft"": 0.1, ""ai_mass_surveillance"": 0.45}","{""ai_coding_innovations"": 0.37, ""ai_copyright_theft"": 0.12, ""ai_mass_surveillance"": 0.51}"
user_0259,copyright_surveillance,Split: copyright + surveillance,100,0.0,0.0,0.0,0.0,0.0,0.0,0.37,0.0,0.07,0.0,0.0,0.0,0.0,0.0,0.0,0.0,0.0,0.56,0.0,0.0,0.0,0.0,0.0,0.0,0.0,0.0,0.37,0.0,0.07,0.0,0.0,0.0,0.0,0.0,0.0,0.0,0.0,0.56,0.0,0.0,hard,"{""ai_coding_innovations"": 0.1, ""ai_copyright_theft"": 0.45, ""ai_mass_surveillance"": 0.45}","{""ai_coding_innovations"": 0.07, ""ai_copyright_theft"": 0.37, ""ai_mass_surveillance"": 0.56}"
user_0260,coding_heavy,Mostly AI coding innovations,100,0.0,0.0,0.0,0.0,0.0,0.0,0.09,0.0,0.81,0.0,0.0,0.0,0.0,0.0,0.0,0.0,0.0,0.1,0.0,0.0,0.0,0.0,0.0,0.0,0.0,0.0,0.09,0.0,0.81,0.0,0.0,0.0,0.0,0.0,0.0,0.0,0.0,0.1,0.0,0.0,hard,"{""ai_coding_innovations"": 0.8, ""ai_copyright_theft"": 0.1, ""ai_mass_surveillance"": 0.1}","{""ai_coding_innovations"": 0.81, ""ai_copyright_theft"": 0.09, ""ai_mass_surveillance"": 0.1}"
user_0261,copyright_heavy,Mostly AI copyright / theft concerns,100,0.0,0.0,0.0,0.0,0.0,0.0,0.85,0.0,0.08,0.0,0.0,0.0,0.0,0.0,0.0,0.0,0.0,0.07,0.0,0.0,0.0,0.0,0.0,0.0,0.0,0.0,0.85,0.0,0.08,0.0,0.0,0.0,0.0,0.0,0.0,0.0,0.0,0.07,0.0,0.0,hard,"{""ai_coding_innovations"": 0.1, ""ai_copyright_theft"": 0.8, ""ai_mass_surveillance"": 0.1}","{""ai_coding_innovations"": 0.08, ""ai_copyright_theft"": 0.85, ""ai_mass_surveillance"": 0.07}"
user_0262,surveillance_heavy,Mostly AI mass surveillance,100,0.0,0.0,0.0,0.0,0.0,0.0,0.1,0.0,0.12,0.0,0.0,0.0,0.0,0.0,0.0,0.0,0.0,0.78,0.0,0.0,0.0,0.0,0.0,0.0,0.0,0.0,0.1,0.0,0.12,0.0,0.0,0.0,0.0,0.0,0.0,0.0,0.0,0.78,0.0,0.0,hard,"{""ai_coding_innovations"": 0.1, ""ai_copyright_theft"": 0.1, ""ai_mass_surveillance"": 0.8}","{""ai_coding_innovations"": 0.12, ""ai_copyright_theft"": 0.1, ""ai_mass_surveillance"": 0.78}"
user_0263,balanced,Even across all topics,100,0.0,0.0,0.0,0.0,0.0,0.0,0.33,0.0,0.33,0.0,0.0,0.0,0.0,0.0,0.0,0.0,0.0,0.34,0.0,0.0,0.0,0.0,0.0,0.0,0.0,0.0,0.33,0.0,0.33,0.0,0.0,0.0,0.0,0.0,0.0,0.0,0.0,0.34,0.0,0.0,hard,"{""ai_coding_innovations"": 0.333333, ""ai_copyright_theft"": 0.333333, ""ai_mass_surveillance"": 0.333334}","{""ai_coding_innovations"": 0.33, ""ai_copyright_theft"": 0.33, ""ai_mass_surveillance"": 0.34}"
user_0264,coding_copyright,Split: coding + copyright,100,0.0,0.0,0.0,0.0,0.0,0.0,0.45,0.0,0.41,0.0,0.0,0.0,0.0,0.0,0.0,0.0,0.0,0.14,0.0,0.0,0.0,0.0,0.0,0.0,0.0,0.0,0.45,0.0,0.41,0.0,0.0,0.0,0.0,0.0,0.0,0.0,0.0,0.14,0.0,0.0,hard,"{""ai_coding_innovations"": 0.45, ""ai_copyright_theft"": 0.45, ""ai_mass_surveillance"": 0.1}","{""ai_coding_innovations"": 0.41, ""ai_copyright_theft"": 0.45, ""ai_mass_surveillance"": 0.14}"
user_0265,coding_surveillance,Split: coding + surveillance,100,0.0,0.0,0.0,0.0,0.0,0.0,0.07,0.0,0.44,0.0,0.0,0.0,0.0,0.0,0.0,0.0,0.0,0.49,0.0,0.0,0.0,0.0,0.0,0.0,0.0,0.0,0.07,0.0,0.44,0.0,0.0,0.0,0.0,0.0,0.0,0.0,0.0,0.49,0.0,0.0,hard,"{""ai_coding_innovations"": 0.45, ""ai_copyright_theft"": 0.1, ""ai_mass_surveillance"": 0.45}","{""ai_coding_innovations"": 0.44, ""ai_copyright_theft"": 0.07, ""ai_mass_surveillance"": 0.49}"
user_0266,copyright_surveillance,Split: copyright + surveillance,100,0.0,0.0,0.0,0.0,0.0,0.0,0.46,0.0,0.08,0.0,0.0,0.0,0.0,0.0,0.0,0.0,0.0,0.46,0.0,0.0,0.0,0.0,0.0,0.0,0.0,0.0,0.46,0.0,0.08,0.0,0.0,0.0,0.0,0.0,0.0,0.0,0.0,0.46,0.0,0.0,hard,"{""ai_coding_innovations"": 0.1, ""ai_copyright_theft"": 0.45, ""ai_mass_surveillance"": 0.45}","{""ai_coding_innovations"": 0.08, ""ai_copyright_theft"": 0.46, ""ai_mass_surveillance"": 0.46}"
user_0267,coding_heavy,Mostly AI coding innovations,100,0.0,0.0,0.0,0.0,0.0,0.0,0.1,0.0,0.78,0.0,0.0,0.0,0.0,0.0,0.0,0.0,0.0,0.12,0.0,0.0,0.0,0.0,0.0,0.0,0.0,0.0,0.1,0.0,0.78,0.0,0.0,0.0,0.0,0.0,0.0,0.0,0.0,0.12,0.0,0.0,hard,"{""ai_coding_innovations"": 0.8, ""ai_copyright_theft"": 0.1, ""ai_mass_surveillance"": 0.1}","{""ai_coding_innovations"": 0.78, ""ai_copyright_theft"": 0.1, ""ai_mass_surveillance"": 0.12}"
user_0268,copyright_heavy,Mostly AI copyright / theft concerns,100,0.0,0.0,0.0,0.0,0.0,0.0,0.75,0.0,0.11,0.0,0.0,0.0,0.0,0.0,0.0,0.0,0.0,0.14,0.0,0.0,0.0,0.0,0.0,0.0,0.0,0.0,0.75,0.0,0.11,0.0,0.0,0.0,0.0,0.0,0.0,0.0,0.0,0.14,0.0,0.0,hard,"{""ai_coding_innovations"": 0.1, ""ai_copyright_theft"": 0.8, ""ai_mass_surveillance"": 0.1}","{""ai_coding_innovations"": 0.11, ""ai_copyright_theft"": 0.75, ""ai_mass_surveillance"": 0.14}"
user_0269,surveillance_heavy,Mostly AI mass surveillance,100,0.0,0.0,0.0,0.0,0.0,0.0,0.12,0.0,0.09,0.0,0.0,0.0,0.0,0.0,0.0,0.0,0.0,0.79,0.0,0.0,0.0,0.0,0.0,0.0,0.0,0.0,0.12,0.0,0.09,0.0,0.0,0.0,0.0,0.0,0.0,0.0,0.0,0.79,0.0,0.0,hard,"{""ai_coding_innovations"": 0.1, ""ai_copyright_theft"": 0.1, ""ai_mass_surveillance"": 0.8}","{""ai_coding_innovations"": 0.09, ""ai_copyright_theft"": 0.12, ""ai_mass_surveillance"": 0.79}"
user_0270,balanced,Even across all topics,100,0.0,0.0,0.0,0.0,0.0,0.0,0.27,0.0,0.36,0.0,0.0,0.0,0.0,0.0,0.0,0.0,0.0,0.37,0.0,0.0,0.0,0.0,0.0,0.0,0.0,0.0,0.27,0.0,0.36,0.0,0.0,0.0,0.0,0.0,0.0,0.0,0.0,0.37,0.0,0.0,hard,"{""ai_coding_innovations"": 0.333333, ""ai_copyright_theft"": 0.333333, ""ai_mass_surveillance"": 0.333334}","{""ai_coding_innovations"": 0.36, ""ai_copyright_theft"": 0.27, ""ai_mass_surveillance"": 0.37}"
user_0271,coding_copyright,Split: coding + copyright,100,0.0,0.0,0.0,0.0,0.0,0.0,0.55,0.0,0.36,0.0,0.0,0.0,0.0,0.0,0.0,0.0,0.0,0.09,0.0,0.0,0.0,0.0,0.0,0.0,0.0,0.0,0.55,0.0,0.36,0.0,0.0,0.0,0.0,0.0,0.0,0.0,0.0,0.09,0.0,0.0,hard,"{""ai_coding_innovations"": 0.45, ""ai_copyright_theft"": 0.45, ""ai_mass_surveillance"": 0.1}","{""ai_coding_innovations"": 0.36, ""ai_copyright_theft"": 0.55, ""ai_mass_surveillance"": 0.09}"
user_0272,coding_surveillance,Split: coding + surveillance,100,0.0,0.0,0.0,0.0,0.0,0.0,0.08,0.0,0.39,0.0,0.0,0.0,0.0,0.0,0.0,0.0,0.0,0.53,0.0,0.0,0.0,0.0,0.0,0.0,0.0,0.0,0.08,0.0,0.39,0.0,0.0,0.0,0.0,0.0,0.0,0.0,0.0,0.53,0.0,0.0,hard,"{""ai_coding_innovations"": 0.45, ""ai_copyright_theft"": 0.1, ""ai_mass_surveillance"": 0.45}","{""ai_coding_innovations"": 0.39, ""ai_copyright_theft"": 0.08, ""ai_mass_surveillance"": 0.53}"
user_0273,copyright_surveillance,Split: copyright + surveillance,100,0.0,0.0,0.0,0.0,0.0,0.0,0.4,0.0,0.11,0.0,0.0,0.0,0.0,0.0,0.0,0.0,0.0,0.49,0.0,0.0,0.0,0.0,0.0,0.0,0.0,0.0,0.4,0.0,0.11,0.0,0.0,0.0,0.0,0.0,0.0,0.0,0.0,0.49,0.0,0.0,hard,"{""ai_coding_innovations"": 0.1, ""ai_copyright_theft"": 0.45, ""ai_mass_surveillance"": 0.45}","{""ai_coding_innovations"": 0.11, ""ai_copyright_theft"": 0.4, ""ai_mass_surveillance"": 0.49}"
user_0274,coding_heavy,Mostly AI coding innovations,100,0.0,0.0,0.0,0.0,0.0,0.0,0.09,0.0,0.86,0.0,0.0,0.0,0.0,0.0,0.0,0.0,0.0,0.05,0.0,0.0,0.0,0.0,0.0,0.0,0.0,0.0,0.09,0.0,0.86,0.0,0.0,0.0,0.0,0.0,0.0,0.0,0.0,0.05,0.0,0.0,hard,"{""ai_coding_innovations"": 0.8, ""ai_copyright_theft"": 0.1, ""ai_mass_surveillance"": 0.1}","{""ai_coding_innovations"": 0.86, ""ai_copyright_theft"": 0.09, ""ai_mass_surveillance"": 0.05}"
user_0275,copyright_heavy,Mostly AI copyright / theft concerns,100,0.0,0.0,0.0,0.0,0.0,0.0,0.78,0.0,0.08,0.0,0.0,0.0,0.0,0.0,0.0,0.0,0.0,0.14,0.0,0.0,0.0,0.0,0.0,0.0,0.0,0.0,0.78,0.0,0.08,0.0,0.0,0.0,0.0,0.0,0.0,0.0,0.0,0.14,0.0,0.0,hard,"{""ai_coding_innovations"": 0.1, ""ai_copyright_theft"": 0.8, ""ai_mass_surveillance"": 0.1}","{""ai_coding_innovations"": 0.08, ""ai_copyright_theft"": 0.78, ""ai_mass_surveillance"": 0.14}"
user_0276,surveillance_heavy,Mostly AI mass surveillance,100,0.0,0.0,0.0,0.0,0.0,0.0,0.04,0.0,0.08,0.0,0.0,0.0,0.0,0.0,0.0,0.0,0.0,0.88,0.0,0.0,0.0,0.0,0.0,0.0,0.0,0.0,0.04,0.0,0.08,0.0,0.0,0.0,0.0,0.0,0.0,0.0,0.0,0.88,0.0,0.0,hard,"{""ai_coding_innovations"": 0.1, ""ai_copyright_theft"": 0.1, ""ai_mass_surveillance"": 0.8}","{""ai_coding_innovations"": 0.08, ""ai_copyright_theft"": 0.04, ""ai_mass_surveillance"": 0.88}"
user_0277,balanced,Even across all topics,100,0.0,0.0,0.0,0.0,0.0,0.0,0.34,0.0,0.38,0.0,0.0,0.0,0.0,0.0,0.0,0.0,0.0,0.28,0.0,0.0,0.0,0.0,0.0,0.0,0.0,0.0,0.34,0.0,0.38,0.0,0.0,0.0,0.0,0.0,0.0,0.0,0.0,0.28,0.0,0.0,hard,"{""ai_coding_innovations"": 0.333333, ""ai_copyright_theft"": 0.333333, ""ai_mass_surveillance"": 0.333334}","{""ai_coding_innovations"": 0.38, ""ai_copyright_theft"": 0.34, ""ai_mass_surveillance"": 0.28}"
user_0278,coding_copyright,Split: coding + copyright,100,0.0,0.0,0.0,0.0,0.0,0.0,0.42,0.0,0.48,0.0,0.0,0.0,0.0,0.0,0.0,0.0,0.0,0.1,0.0,0.0,0.0,0.0,0.0,0.0,0.0,0.0,0.42,0.0,0.48,0.0,0.0,0.0,0.0,0.0,0.0,0.0,0.0,0.1,0.0,0.0,hard,"{""ai_coding_innovations"": 0.45, ""ai_copyright_theft"": 0.45, ""ai_mass_surveillance"": 0.1}","{""ai_coding_innovations"": 0.48, ""ai_copyright_theft"": 0.42, ""ai_mass_surveillance"": 0.1}"
user_0279,coding_surveillance,Split: coding + surveillance,100,0.0,0.0,0.0,0.0,0.0,0.0,0.09,0.0,0.44,0.0,0.0,0.0,0.0,0.0,0.0,0.0,0.0,0.47,0.0,0.0,0.0,0.0,0.0,0.0,0.0,0.0,0.09,0.0,0.44,0.0,0.0,0.0,0.0,0.0,0.0,0.0,0.0,0.47,0.0,0.0,hard,"{""ai_coding_innovations"": 0.45, ""ai_copyright_theft"": 0.1, ""ai_mass_surveillance"": 0.45}","{""ai_coding_innovations"": 0.44, ""ai_copyright_theft"": 0.09, ""ai_mass_surveillance"": 0.47}"
user_0280,copyright_surveillance,Split: copyright + surveillance,100,0.0,0.0,0.0,0.0,0.0,0.0,0.45,0.0,0.05,0.0,0.0,0.0,0.0,0.0,0.0,0.0,0.0,0.5,0.0,0.0,0.0,0.0,0.0,0.0,0.0,0.0,0.45,0.0,0.05,0.0,0.0,0.0,0.0,0.0,0.0,0.0,0.0,0.5,0.0,0.0,hard,"{""ai_coding_innovations"": 0.1, ""ai_copyright_theft"": 0.45, ""ai_mass_surveillance"": 0.45}","{""ai_coding_innovations"": 0.05, ""ai_copyright_theft"": 0.45, ""ai_mass_surveillance"": 0.5}"
user_0281,coding_heavy,Mostly AI coding innovations,100,0.0,0.0,0.0,0.0,0.0,0.0,0.08,0.0,0.86,0.0,0.0,0.0,0.0,0.0,0.0,0.0,0.0,0.06,0.0,0.0,0.0,0.0,0.0,0.0,0.0,0.0,0.08,0.0,0.86,0.0,0.0,0.0,0.0,0.0,0.0,0.0,0.0,0.06,0.0,0.0,hard,"{""ai_coding_innovations"": 0.8, ""ai_copyright_theft"": 0.1, ""ai_mass_surveillance"": 0.1}","{""ai_coding_innovations"": 0.86, ""ai_copyright_theft"": 0.08, ""ai_mass_surveillance"": 0.06}"
user_0282,copyright_heavy,Mostly AI copyright / theft concerns,100,0.0,0.0,0.0,0.0,0.0,0.0,0.83,0.0,0.06,0.0,0.0,0.0,0.0,0.0,0.0,0.0,0.0,0.11,0.0,0.0,0.0,0.0,0.0,0.0,0.0,0.0,0.83,0.0,0.06,0.0,0.0,0.0,0.0,0.0,0.0,0.0,0.0,0.11,0.0,0.0,hard,"{""ai_coding_innovations"": 0.1, ""ai_copyright_theft"": 0.8, ""ai_mass_surveillance"": 0.1}","{""ai_coding_innovations"": 0.06, ""ai_copyright_theft"": 0.83, ""ai_mass_surveillance"": 0.11}"
user_0283,surveillance_heavy,Mostly AI mass surveillance,100,0.0,0.0,0.0,0.0,0.0,0.0,0.1,0.0,0.1,0.0,0.0,0.0,0.0,0.0,0.0,0.0,0.0,0.8,0.0,0.0,0.0,0.0,0.0,0.0,0.0,0.0,0.1,0.0,0.1,0.0,0.0,0.0,0.0,0.0,0.0,0.0,0.0,0.8,0.0,0.0,hard,"{""ai_coding_innovations"": 0.1, ""ai_copyright_theft"": 0.1, ""ai_mass_surveillance"": 0.8}","{""ai_coding_innovations"": 0.1, ""ai_copyright_theft"": 0.1, ""ai_mass_surveillance"": 0.8}"
user_0284,balanced,Even across all topics,100,0.0,0.0,0.0,0.0,0.0,0.0,0.34,0.0,0.34,0.0,0.0,0.0,0.0,0.0,0.0,0.0,0.0,0.32,0.0,0.0,0.0,0.0,0.0,0.0,0.0,0.0,0.34,0.0,0.34,0.0,0.0,0.0,0.0,0.0,0.0,0.0,0.0,0.32,0.0,0.0,hard,"{""ai_coding_innovations"": 0.333333, ""ai_copyright_theft"": 0.333333, ""ai_mass_surveillance"": 0.333334}","{""ai_coding_innovations"": 0.34, ""ai_copyright_theft"": 0.34, ""ai_mass_surveillance"": 0.32}"
user_0285,coding_copyright,Split: coding + copyright,100,0.0,0.0,0.0,0.0,0.0,0.0,0.47,0.0,0.46,0.0,0.0,0.0,0.0,0.0,0.0,0.0,0.0,0.07,0.0,0.0,0.0,0.0,0.0,0.0,0.0,0.0,0.47,0.0,0.46,0.0,0.0,0.0,0.0,0.0,0.0,0.0,0.0,0.07,0.0,0.0,hard,"{""ai_coding_innovations"": 0.45, ""ai_copyright_theft"": 0.45, ""ai_mass_surveillance"": 0.1}","{""ai_coding_innovations"": 0.46, ""ai_copyright_theft"": 0.47, ""ai_mass_surveillance"": 0.07}"
user_0286,coding_surveillance,Split: coding + surveillance,100,0.0,0.0,0.0,0.0,0.0,0.0,0.09,0.0,0.37,0.0,0.0,0.0,0.0,0.0,0.0,0.0,0.0,0.54,0.0,0.0,0.0,0.0,0.0,0.0,0.0,0.0,0.09,0.0,0.37,0.0,0.0,0.0,0.0,0.0,0.0,0.0,0.0,0.54,0.0,0.0,hard,"{""ai_coding_innovations"": 0.45, ""ai_copyright_theft"": 0.1, ""ai_mass_surveillance"": 0.45}","{""ai_coding_innovations"": 0.37, ""ai_copyright_theft"": 0.09, ""ai_mass_surveillance"": 0.54}"
user_0287,copyright_surveillance,Split: copyright + surveillance,100,0.0,0.0,0.0,0.0,0.0,0.0,0.55,0.0,0.08,0.0,0.0,0.0,0.0,0.0,0.0,0.0,0.0,0.37,0.0,0.0,0.0,0.0,0.0,0.0,0.0,0.0,0.55,0.0,0.08,0.0,0.0,0.0,0.0,0.0,0.0,0.0,0.0,0.37,0.0,0.0,hard,"{""ai_coding_innovations"": 0.1, ""ai_copyright_theft"": 0.45, ""ai_mass_surveillance"": 0.45}","{""ai_coding_innovations"": 0.08, ""ai_copyright_theft"": 0.55, ""ai_mass_surveillance"": 0.37}"
user_0288,coding_heavy,Mostly AI coding innovations,100,0.0,0.0,0.0,0.0,0.0,0.0,0.09,0.0,0.81,0.0,0.0,0.0,0.0,0.0,0.0,0.0,0.0,0.1,0.0,0.0,0.0,0.0,0.0,0.0,0.0,0.0,0.09,0.0,0.81,0.0,0.0,0.0,0.0,0.0,0.0,0.0,0.0,0.1,0.0,0.0,hard,"{""ai_coding_innovations"": 0.8, ""ai_copyright_theft"": 0.1, ""ai_mass_surveillance"": 0.1}","{""ai_coding_innovations"": 0.81, ""ai_copyright_theft"": 0.09, ""ai_mass_surveillance"": 0.1}"
user_0289,copyright_heavy,Mostly AI copyright / theft concerns,100,0.0,0.0,0.0,0.0,0.0,0.0,0.85,0.0,0.08,0.0,0.0,0.0,0.0,0.0,0.0,0.0,0.0,0.07,0.0,0.0,0.0,0.0,0.0,0.0,0.0,0.0,0.85,0.0,0.08,0.0,0.0,0.0,0.0,0.0,0.0,0.0,0.0,0.07,0.0,0.0,hard,"{""ai_coding_innovations"": 0.1, ""ai_copyright_theft"": 0.8, ""ai_mass_surveillance"": 0.1}","{""ai_coding_innovations"": 0.08, ""ai_copyright_theft"": 0.85, ""ai_mass_surveillance"": 0.07}"
user_0290,surveillance_heavy,Mostly AI mass surveillance,100,0.0,0.0,0.0,0.0,0.0,0.0,0.05,0.0,0.06,0.0,0.0,0.0,0.0,0.0,0.0,0.0,0.0,0.89,0.0,0.0,0.0,0.0,0.0,0.0,0.0,0.0,0.05,0.0,0.06,0.0,0.0,0.0,0.0,0.0,0.0,0.0,0.0,0.89,0.0,0.0,hard,"{""ai_coding_innovations"": 0.1, ""ai_copyright_theft"": 0.1, ""ai_mass_surveillance"": 0.8}","{""ai_coding_innovations"": 0.06, ""ai_copyright_theft"": 0.05, ""ai_mass_surveillance"": 0.89}"
user_0291,balanced,Even across all topics,100,0.0,0.0,0.0,0.0,0.0,0.0,0.3,0.0,0.28,0.0,0.0,0.0,0.0,0.0,0.0,0.0,0.0,0.42,0.0,0.0,0.0,0.0,0.0,0.0,0.0,0.0,0.3,0.0,0.28,0.0,0.0,0.0,0.0,0.0,0.0,0.0,0.0,0.42,0.0,0.0,hard,"{""ai_coding_innovations"": 0.333333, ""ai_copyright_theft"": 0.333333, ""ai_mass_surveillance"": 0.333334}","{""ai_coding_innovations"": 0.28, ""ai_copyright_theft"": 0.3, ""ai_mass_surveillance"": 0.42}"
user_0292,coding_copyright,Split: coding + copyright,100,0.0,0.0,0.0,0.0,0.0,0.0,0.45,0.0,0.39,0.0,0.0,0.0,0.0,0.0,0.0,0.0,0.0,0.16,0.0,0.0,0.0,0.0,0.0,0.0,0.0,0.0,0.45,0.0,0.39,0.0,0.0,0.0,0.0,0.0,0.0,0.0,0.0,0.16,0.0,0.0,hard,"{""ai_coding_innovations"": 0.45, ""ai_copyright_theft"": 0.45, ""ai_mass_surveillance"": 0.1}","{""ai_coding_innovations"": 0.39, ""ai_copyright_theft"": 0.45, ""ai_mass_surveillance"": 0.16}"
user_0293,coding_surveillance,Split: coding + surveillance,100,0.0,0.0,0.0,0.0,0.0,0.0,0.1,0.0,0.37,0.0,0.0,0.0,0.0,0.0,0.0,0.0,0.0,0.53,0.0,0.0,0.0,0.0,0.0,0.0,0.0,0.0,0.1,0.0,0.37,0.0,0.0,0.0,0.0,0.0,0.0,0.0,0.0,0.53,0.0,0.0,hard,"{""ai_coding_innovations"": 0.45, ""ai_copyright_theft"": 0.1, ""ai_mass_surveillance"": 0.45}","{""ai_coding_innovations"": 0.37, ""ai_copyright_theft"": 0.1, ""ai_mass_surveillance"": 0.53}"
user_0294,copyright_surveillance,Split: copyright + surveillance,100,0.0,0.0,0.0,0.0,0.0,0.0,0.43,0.0,0.08,0.0,0.0,0.0,0.0,0.0,0.0,0.0,0.0,0.49,0.0,0.0,0.0,0.0,0.0,0.0,0.0,0.0,0.43,0.0,0.08,0.0,0.0,0.0,0.0,0.0,0.0,0.0,0.0,0.49,0.0,0.0,hard,"{""ai_coding_innovations"": 0.1, ""ai_copyright_theft"": 0.45, ""ai_mass_surveillance"": 0.45}","{""ai_coding_innovations"": 0.08, ""ai_copyright_theft"": 0.43, ""ai_mass_surveillance"": 0.49}"
user_0295,coding_heavy,Mostly AI coding innovations,100,0.0,0.0,0.0,0.0,0.0,0.0,0.1,0.0,0.88,0.0,0.0,0.0,0.0,0.0,0.0,0.0,0.0,0.02,0.0,0.0,0.0,0.0,0.0,0.0,0.0,0.0,0.1,0.0,0.88,0.0,0.0,0.0,0.0,0.0,0.0,0.0,0.0,0.02,0.0,0.0,hard,"{""ai_coding_innovations"": 0.8, ""ai_copyright_theft"": 0.1, ""ai_mass_surveillance"": 0.1}","{""ai_coding_innovations"": 0.88, ""ai_copyright_theft"": 0.1, ""ai_mass_surveillance"": 0.02}"
user_0296,copyright_heavy,Mostly AI copyright / theft concerns,100,0.0,0.0,0.0,0.0,0.0,0.0,0.81,0.0,0.1,0.0,0.0,0.0,0.0,0.0,0.0,0.0,0.0,0.09,0.0,0.0,0.0,0.0,0.0,0.0,0.0,0.0,0.81,0.0,0.1,0.0,0.0,0.0,0.0,0.0,0.0,0.0,0.0,0.09,0.0,0.0,hard,"{""ai_coding_innovations"": 0.1, ""ai_copyright_theft"": 0.8, ""ai_mass_surveillance"": 0.1}","{""ai_coding_innovations"": 0.1, ""ai_copyright_theft"": 0.81, ""ai_mass_surveillance"": 0.09}"
user_0297,surveillance_heavy,Mostly AI mass surveillance,100,0.0,0.0,0.0,0.0,0.0,0.0,0.1,0.0,0.08,0.0,0.0,0.0,0.0,0.0,0.0,0.0,0.0,0.82,0.0,0.0,0.0,0.0,0.0,0.0,0.0,0.0,0.1,0.0,0.08,0.0,0.0,0.0,0.0,0.0,0.0,0.0,0.0,0.82,0.0,0.0,hard,"{""ai_coding_innovations"": 0.1, ""ai_copyright_theft"": 0.1, ""ai_mass_surveillance"": 0.8}","{""ai_coding_innovations"": 0.08, ""ai_copyright_theft"": 0.1, ""ai_mass_surveillance"": 0.82}"
user_0298,balanced,Even across all topics,100,0.0,0.0,0.0,0.0,0.0,0.0,0.41,0.0,0.29,0.0,0.0,0.0,0.0,0.0,0.0,0.0,0.0,0.3,0.0,0.0,0.0,0.0,0.0,0.0,0.0,0.0,0.41,0.0,0.29,0.0,0.0,0.0,0.0,0.0,0.0,0.0,0.0,0.3,0.0,0.0,hard,"{""ai_coding_innovations"": 0.333333, ""ai_copyright_theft"": 0.333333, ""ai_mass_surveillance"": 0.333334}","{""ai_coding_innovations"": 0.29, ""ai_copyright_theft"": 0.41, ""ai_mass_surveillance"": 0.3}"
user_0299,coding_copyright,Split: coding + copyright,100,0.0,0.0,0.0,0.0,0.0,0.0,0.41,0.0,0.45,0.0,0.0,0.0,0.0,0.0,0.0,0.0,0.0,0.14,0.0,0.0,0.0,0.0,0.0,0.0,0.0,0.0,0.41,0.0,0.45,0.0,0.0,0.0,0.0,0.0,0.0,0.0,0.0,0.14,0.0,0.0,hard,"{""ai_coding_innovations"": 0.45, ""ai_copyright_theft"": 0.45, ""ai_mass_surveillance"": 0.1}","{""ai_coding_innovations"": 0.45, ""ai_copyright_theft"": 0.41, ""ai_mass_surveillance"": 0.14}"
user_0300,coding_surveillance,Split: coding + surveillance,100,0.0,0.0,0.0,0.0,0.0,0.0,0.09,0.0,0.49,0.0,0.0,0.0,0.0,0.0,0.0,0.0,0.0,0.42,0.0,0.0,0.0,0.0,0.0,0.0,0.0,0.0,0.09,0.0,0.49,0.0,0.0,0.0,0.0,0.0,0.0,0.0,0.0,0.42,0.0,0.0,hard,"{""ai_coding_innovations"": 0.45, ""ai_copyright_theft"": 0.1, ""ai_mass_surveillance"": 0.45}","{""ai_coding_innovations"": 0.49, ""ai_copyright_theft"": 0.09, ""ai_mass_surveillance"": 0.42}"
user_0301,copyright_surveillance,Split: copyright + surveillance,100,0.0,0.0,0.0,0.0,0.0,0.0,0.33,0.0,0.16,0.0,0.0,0.0,0.0,0.0,0.0,0.0,0.0,0.51,0.0,0.0,0.0,0.0,0.0,0.0,0.0,0.0,0.33,0.0,0.16,0.0,0.0,0.0,0.0,0.0,0.0,0.0,0.0,0.51,0.0,0.0,hard,"{""ai_coding_innovations"": 0.1, ""ai_copyright_theft"": 0.45, ""ai_mass_surveillance"": 0.45}","{""ai_coding_innovations"": 0.16, ""ai_copyright_theft"": 0.33, ""ai_mass_surveillance"": 0.51}"
user_0302,coding_heavy,Mostly AI coding innovations,100,0.0,0.0,0.0,0.0,0.0,0.0,0.08,0.0,0.79,0.0,0.0,0.0,0.0,0.0,0.0,0.0,0.0,0.13,0.0,0.0,0.0,0.0,0.0,0.0,0.0,0.0,0.08,0.0,0.79,0.0,0.0,0.0,0.0,0.0,0.0,0.0,0.0,0.13,0.0,0.0,hard,"{""ai_coding_innovations"": 0.8, ""ai_copyright_theft"": 0.1, ""ai_mass_surveillance"": 0.1}","{""ai_coding_innovations"": 0.79, ""ai_copyright_theft"": 0.08, ""ai_mass_surveillance"": 0.13}"
user_0303,copyright_heavy,Mostly AI copyright / theft concerns,100,0.0,0.0,0.0,0.0,0.0,0.0,0.82,0.0,0.1,0.0,0.0,0.0,0.0,0.0,0.0,0.0,0.0,0.08,0.0,0.0,0.0,0.0,0.0,0.0,0.0,0.0,0.82,0.0,0.1,0.0,0.0,0.0,0.0,0.0,0.0,0.0,0.0,0.08,0.0,0.0,hard,"{""ai_coding_innovations"": 0.1, ""ai_copyright_theft"": 0.8, ""ai_mass_surveillance"": 0.1}","{""ai_coding_innovations"": 0.1, ""ai_copyright_theft"": 0.82, ""ai_mass_surveillance"": 0.08}"
user_0304,surveillance_heavy,Mostly AI mass surveillance,100,0.0,0.0,0.0,0.0,0.0,0.0,0.13,0.0,0.06,0.0,0.0,0.0,0.0,0.0,0.0,0.0,0.0,0.81,0.0,0.0,0.0,0.0,0.0,0.0,0.0,0.0,0.13,0.0,0.06,0.0,0.0,0.0,0.0,0.0,0.0,0.0,0.0,0.81,0.0,0.0,hard,"{""ai_coding_innovations"": 0.1, ""ai_copyright_theft"": 0.1, ""ai_mass_surveillance"": 0.8}","{""ai_coding_innovations"": 0.06, ""ai_copyright_theft"": 0.13, ""ai_mass_surveillance"": 0.81}"
user_0305,balanced,Even across all topics,100,0.0,0.0,0.0,0.0,0.0,0.0,0.39,0.0,0.25,0.0,0.0,0.0,0.0,0.0,0.0,0.0,0.0,0.36,0.0,0.0,0.0,0.0,0.0,0.0,0.0,0.0,0.39,0.0,0.25,0.0,0.0,0.0,0.0,0.0,0.0,0.0,0.0,0.36,0.0,0.0,hard,"{""ai_coding_innovations"": 0.333333, ""ai_copyright_theft"": 0.333333, ""ai_mass_surveillance"": 0.333334}","{""ai_coding_innovations"": 0.25, ""ai_copyright_theft"": 0.39, ""ai_mass_surveillance"": 0.36}"
user_0306,coding_copyright,Split: coding + copyright,100,0.0,0.0,0.0,0.0,0.0,0.0,0.45,0.0,0.43,0.0,0.0,0.0,0.0,0.0,0.0,0.0,0.0,0.12,0.0,0.0,0.0,0.0,0.0,0.0,0.0,0.0,0.45,0.0,0.43,0.0,0.0,0.0,0.0,0.0,0.0,0.0,0.0,0.12,0.0,0.0,hard,"{""ai_coding_innovations"": 0.45, ""ai_copyright_theft"": 0.45, ""ai_mass_surveillance"": 0.1}","{""ai_coding_innovations"": 0.43, ""ai_copyright_theft"": 0.45, ""ai_mass_surveillance"": 0.12}"
user_0307,coding_surveillance,Split: coding + surveillance,100,0.0,0.0,0.0,0.0,0.0,0.0,0.07,0.0,0.36,0.0,0.0,0.0,0.0,0.0,0.0,0.0,0.0,0.57,0.0,0.0,0.0,0.0,0.0,0.0,0.0,0.0,0.07,0.0,0.36,0.0,0.0,0.0,0.0,0.0,0.0,0.0,0.0,0.57,0.0,0.0,hard,"{""ai_coding_innovations"": 0.45, ""ai_copyright_theft"": 0.1, ""ai_mass_surveillance"": 0.45}","{""ai_coding_innovations"": 0.36, ""ai_copyright_theft"": 0.07, ""ai_mass_surveillance"": 0.57}"
user_0308,copyright_surveillance,Split: copyright + surveillance,100,0.0,0.0,0.0,0.0,0.0,0.0,0.47,0.0,0.12,0.0,0.0,0.0,0.0,0.0,0.0,0.0,0.0,0.41,0.0,0.0,0.0,0.0,0.0,0.0,0.0,0.0,0.47,0.0,0.12,0.0,0.0,0.0,0.0,0.0,0.0,0.0,0.0,0.41,0.0,0.0,hard,"{""ai_coding_innovations"": 0.1, ""ai_copyright_theft"": 0.45, ""ai_mass_surveillance"": 0.45}","{""ai_coding_innovations"": 0.12, ""ai_copyright_theft"": 0.47, ""ai_mass_surveillance"": 0.41}"
user_0309,coding_heavy,Mostly AI coding innovations,100,0.0,0.0,0.0,0.0,0.0,0.0,0.06,0.0,0.82,0.0,0.0,0.0,0.0,0.0,0.0,0.0,0.0,0.12,0.0,0.0,0.0,0.0,0.0,0.0,0.0,0.0,0.06,0.0,0.82,0.0,0.0,0.0,0.0,0.0,0.0,0.0,0.0,0.12,0.0,0.0,hard,"{""ai_coding_innovations"": 0.8, ""ai_copyright_theft"": 0.1, ""ai_mass_surveillance"": 0.1}","{""ai_coding_innovations"": 0.82, ""ai_copyright_theft"": 0.06, ""ai_mass_surveillance"": 0.12}"
user_0310,copyright_heavy,Mostly AI copyright / theft concerns,100,0.0,0.0,0.0,0.0,0.0,0.0,0.82,0.0,0.1,0.0,0.0,0.0,0.0,0.0,0.0,0.0,0.0,0.08,0.0,0.0,0.0,0.0,0.0,0.0,0.0,0.0,0.82,0.0,0.1,0.0,0.0,0.0,0.0,0.0,0.0,0.0,0.0,0.08,0.0,0.0,hard,"{""ai_coding_innovations"": 0.1, ""ai_copyright_theft"": 0.8, ""ai_mass_surveillance"": 0.1}","{""ai_coding_innovations"": 0.1, ""ai_copyright_theft"": 0.82, ""ai_mass_surveillance"": 0.08}"
user_0311,surveillance_heavy,Mostly AI mass surveillance,100,0.0,0.0,0.0,0.0,0.0,0.0,0.08,0.0,0.06,0.0,0.0,0.0,0.0,0.0,0.0,0.0,0.0,0.86,0.0,0.0,0.0,0.0,0.0,0.0,0.0,0.0,0.08,0.0,0.06,0.0,0.0,0.0,0.0,0.0,0.0,0.0,0.0,0.86,0.0,0.0,hard,"{""ai_coding_innovations"": 0.1, ""ai_copyright_theft"": 0.1, ""ai_mass_surveillance"": 0.8}","{""ai_coding_innovations"": 0.06, ""ai_copyright_theft"": 0.08, ""ai_mass_surveillance"": 0.86}"
user_0312,balanced,Even across all topics,100,0.0,0.0,0.0,0.0,0.0,0.0,0.34,0.0,0.3,0.0,0.0,0.0,0.0,0.0,0.0,0.0,0.0,0.36,0.0,0.0,0.0,0.0,0.0,0.0,0.0,0.0,0.34,0.0,0.3,0.0,0.0,0.0,0.0,0.0,0.0,0.0,0.0,0.36,0.0,0.0,hard,"{""ai_coding_innovations"": 0.333333, ""ai_copyright_theft"": 0.333333, ""ai_mass_surveillance"": 0.333334}","{""ai_coding_innovations"": 0.3, ""ai_copyright_theft"": 0.34, ""ai_mass_surveillance"": 0.36}"
user_0313,coding_copyright,Split: coding + copyright,100,0.0,0.0,0.0,0.0,0.0,0.0,0.43,0.0,0.52,0.0,0.0,0.0,0.0,0.0,0.0,0.0,0.0,0.05,0.0,0.0,0.0,0.0,0.0,0.0,0.0,0.0,0.43,0.0,0.52,0.0,0.0,0.0,0.0,0.0,0.0,0.0,0.0,0.05,0.0,0.0,hard,"{""ai_coding_innovations"": 0.45, ""ai_copyright_theft"": 0.45, ""ai_mass_surveillance"": 0.1}","{""ai_coding_innovations"": 0.52, ""ai_copyright_theft"": 0.43, ""ai_mass_surveillance"": 0.05}"
user_0314,coding_surveillance,Split: coding + surveillance,100,0.0,0.0,0.0,0.0,0.0,0.0,0.12,0.0,0.43,0.0,0.0,0.0,0.0,0.0,0.0,0.0,0.0,0.45,0.0,0.0,0.0,0.0,0.0,0.0,0.0,0.0,0.12,0.0,0.43,0.0,0.0,0.0,0.0,0.0,0.0,0.0,0.0,0.45,0.0,0.0,hard,"{""ai_coding_innovations"": 0.45, ""ai_copyright_theft"": 0.1, ""ai_mass_surveillance"": 0.45}","{""ai_coding_innovations"": 0.43, ""ai_copyright_theft"": 0.12, ""ai_mass_surveillance"": 0.45}"
user_0315,copyright_surveillance,Split: copyright + surveillance,100,0.0,0.0,0.0,0.0,0.0,0.0,0.5,0.0,0.09,0.0,0.0,0.0,0.0,0.0,0.0,0.0,0.0,0.41,0.0,0.0,0.0,0.0,0.0,0.0,0.0,0.0,0.5,0.0,0.09,0.0,0.0,0.0,0.0,0.0,0.0,0.0,0.0,0.41,0.0,0.0,hard,"{""ai_coding_innovations"": 0.1, ""ai_copyright_theft"": 0.45, ""ai_mass_surveillance"": 0.45}","{""ai_coding_innovations"": 0.09, ""ai_copyright_theft"": 0.5, ""ai_mass_surveillance"": 0.41}"
user_0316,coding_heavy,Mostly AI coding innovations,100,0.0,0.0,0.0,0.0,0.0,0.0,0.07,0.0,0.87,0.0,0.0,0.0,0.0,0.0,0.0,0.0,0.0,0.06,0.0,0.0,0.0,0.0,0.0,0.0,0.0,0.0,0.07,0.0,0.87,0.0,0.0,0.0,0.0,0.0,0.0,0.0,0.0,0.06,0.0,0.0,hard,"{""ai_coding_innovations"": 0.8, ""ai_copyright_theft"": 0.1, ""ai_mass_surveillance"": 0.1}","{""ai_coding_innovations"": 0.87, ""ai_copyright_theft"": 0.07, ""ai_mass_surveillance"": 0.06}"
user_0317,copyright_heavy,Mostly AI copyright / theft concerns,100,0.0,0.0,0.0,0.0,0.0,0.0,0.81,0.0,0.08,0.0,0.0,0.0,0.0,0.0,0.0,0.0,0.0,0.11,0.0,0.0,0.0,0.0,0.0,0.0,0.0,0.0,0.81,0.0,0.08,0.0,0.0,0.0,0.0,0.0,0.0,0.0,0.0,0.11,0.0,0.0,hard,"{""ai_coding_innovations"": 0.1, ""ai_copyright_theft"": 0.8, ""ai_mass_surveillance"": 0.1}","{""ai_coding_innovations"": 0.08, ""ai_copyright_theft"": 0.81, ""ai_mass_surveillance"": 0.11}"
user_0318,surveillance_heavy,Mostly AI mass surveillance,100,0.0,0.0,0.0,0.0,0.0,0.0,0.11,0.0,0.08,0.0,0.0,0.0,0.0,0.0,0.0,0.0,0.0,0.81,0.0,0.0,0.0,0.0,0.0,0.0,0.0,0.0,0.11,0.0,0.08,0.0,0.0,0.0,0.0,0.0,0.0,0.0,0.0,0.81,0.0,0.0,hard,"{""ai_coding_innovations"": 0.1, ""ai_copyright_theft"": 0.1, ""ai_mass_surveillance"": 0.8}","{""ai_coding_innovations"": 0.08, ""ai_copyright_theft"": 0.11, ""ai_mass_surveillance"": 0.81}"
user_0319,balanced,Even across all topics,100,0.0,0.0,0.0,0.0,0.0,0.0,0.28,0.0,0.37,0.0,0.0,0.0,0.0,0.0,0.0,0.0,0.0,0.35,0.0,0.0,0.0,0.0,0.0,0.0,0.0,0.0,0.28,0.0,0.37,0.0,0.0,0.0,0.0,0.0,0.0,0.0,0.0,0.35,0.0,0.0,hard,"{""ai_coding_innovations"": 0.333333, ""ai_copyright_theft"": 0.333333, ""ai_mass_surveillance"": 0.333334}","{""ai_coding_innovations"": 0.37, ""ai_copyright_theft"": 0.28, ""ai_mass_surveillance"": 0.35}"
user_0320,coding_copyright,Split: coding + copyright,100,0.0,0.0,0.0,0.0,0.0,0.0,0.36,0.0,0.53,0.0,0.0,0.0,0.0,0.0,0.0,0.0,0.0,0.11,0.0,0.0,0.0,0.0,0.0,0.0,0.0,0.0,0.36,0.0,0.53,0.0,0.0,0.0,0.0,0.0,0.0,0.0,0.0,0.11,0.0,0.0,hard,"{""ai_coding_innovations"": 0.45, ""ai_copyright_theft"": 0.45, ""ai_mass_surveillance"": 0.1}","{""ai_coding_innovations"": 0.53, ""ai_copyright_theft"": 0.36, ""ai_mass_surveillance"": 0.11}"
user_0321,coding_surveillance,Split: coding + surveillance,100,0.0,0.0,0.0,0.0,0.0,0.0,0.03,0.0,0.5,0.0,0.0,0.0,0.0,0.0,0.0,0.0,0.0,0.47,0.0,0.0,0.0,0.0,0.0,0.0,0.0,0.0,0.03,0.0,0.5,0.0,0.0,0.0,0.0,0.0,0.0,0.0,0.0,0.47,0.0,0.0,hard,"{""ai_coding_innovations"": 0.45, ""ai_copyright_theft"": 0.1, ""ai_mass_surveillance"": 0.45}","{""ai_coding_innovations"": 0.5, ""ai_copyright_theft"": 0.03, ""ai_mass_surveillance"": 0.47}"
user_0322,copyright_surveillance,Split: copyright + surveillance,100,0.0,0.0,0.0,0.0,0.0,0.0,0.47,0.0,0.04,0.0,0.0,0.0,0.0,0.0,0.0,0.0,0.0,0.49,0.0,0.0,0.0,0.0,0.0,0.0,0.0,0.0,0.47,0.0,0.04,0.0,0.0,0.0,0.0,0.0,0.0,0.0,0.0,0.49,0.0,0.0,hard,"{""ai_coding_innovations"": 0.1, ""ai_copyright_theft"": 0.45, ""ai_mass_surveillance"": 0.45}","{""ai_coding_innovations"": 0.04, ""ai_copyright_theft"": 0.47, ""ai_mass_surveillance"": 0.49}"
user_0323,coding_heavy,Mostly AI coding innovations,100,0.0,0.0,0.0,0.0,0.0,0.0,0.11,0.0,0.79,0.0,0.0,0.0,0.0,0.0,0.0,0.0,0.0,0.1,0.0,0.0,0.0,0.0,0.0,0.0,0.0,0.0,0.11,0.0,0.79,0.0,0.0,0.0,0.0,0.0,0.0,0.0,0.0,0.1,0.0,0.0,hard,"{""ai_coding_innovations"": 0.8, ""ai_copyright_theft"": 0.1, ""ai_mass_surveillance"": 0.1}","{""ai_coding_innovations"": 0.79, ""ai_copyright_theft"": 0.11, ""ai_mass_surveillance"": 0.1}"
user_0324,copyright_heavy,Mostly AI copyright / theft concerns,100,0.0,0.0,0.0,0.0,0.0,0.0,0.83,0.0,0.08,0.0,0.0,0.0,0.0,0.0,0.0,0.0,0.0,0.09,0.0,0.0,0.0,0.0,0.0,0.0,0.0,0.0,0.83,0.0,0.08,0.0,0.0,0.0,0.0,0.0,0.0,0.0,0.0,0.09,0.0,0.0,hard,"{""ai_coding_innovations"": 0.1, ""ai_copyright_theft"": 0.8, ""ai_mass_surveillance"": 0.1}","{""ai_coding_innovations"": 0.08, ""ai_copyright_theft"": 0.83, ""ai_mass_surveillance"": 0.09}"
user_0325,surveillance_heavy,Mostly AI mass surveillance,100,0.0,0.0,0.0,0.0,0.0,0.0,0.09,0.0,0.09,0.0,0.0,0.0,0.0,0.0,0.0,0.0,0.0,0.82,0.0,0.0,0.0,0.0,0.0,0.0,0.0,0.0,0.09,0.0,0.09,0.0,0.0,0.0,0.0,0.0,0.0,0.0,0.0,0.82,0.0,0.0,hard,"{""ai_coding_innovations"": 0.1, ""ai_copyright_theft"": 0.1, ""ai_mass_surveillance"": 0.8}","{""ai_coding_innovations"": 0.09, ""ai_copyright_theft"": 0.09, ""ai_mass_surveillance"": 0.82}"
user_0326,balanced,Even across all topics,100,0.0,0.0,0.0,0.0,0.0,0.0,0.42,0.0,0.25,0.0,0.0,0.0,0.0,0.0,0.0,0.0,0.0,0.33,0.0,0.0,0.0,0.0,0.0,0.0,0.0,0.0,0.42,0.0,0.25,0.0,0.0,0.0,0.0,0.0,0.0,0.0,0.0,0.33,0.0,0.0,hard,"{""ai_coding_innovations"": 0.333333, ""ai_copyright_theft"": 0.333333, ""ai_mass_surveillance"": 0.333334}","{""ai_coding_innovations"": 0.25, ""ai_copyright_theft"": 0.42, ""ai_mass_surveillance"": 0.33}"
user_0327,coding_copyright,Split: coding + copyright,100,0.0,0.0,0.0,0.0,0.0,0.0,0.45,0.0,0.45,0.0,0.0,0.0,0.0,0.0,0.0,0.0,0.0,0.1,0.0,0.0,0.0,0.0,0.0,0.0,0.0,0.0,0.45,0.0,0.45,0.0,0.0,0.0,0.0,0.0,0.0,0.0,0.0,0.1,0.0,0.0,hard,"{""ai_coding_innovations"": 0.45, ""ai_copyright_theft"": 0.45, ""ai_mass_surveillance"": 0.1}","{""ai_coding_innovations"": 0.45, ""ai_copyright_theft"": 0.45, ""ai_mass_surveillance"": 0.1}"
user_0328,coding_surveillance,Split: coding + surveillance,100,0.0,0.0,0.0,0.0,0.0,0.0,0.08,0.0,0.48,0.0,0.0,0.0,0.0,0.0,0.0,0.0,0.0,0.44,0.0,0.0,0.0,0.0,0.0,0.0,0.0,0.0,0.08,0.0,0.48,0.0,0.0,0.0,0.0,0.0,0.0,0.0,0.0,0.44,0.0,0.0,hard,"{""ai_coding_innovations"": 0.45, ""ai_copyright_theft"": 0.1, ""ai_mass_surveillance"": 0.45}","{""ai_coding_innovations"": 0.48, ""ai_copyright_theft"": 0.08, ""ai_mass_surveillance"": 0.44}"
user_0329,copyright_surveillance,Split: copyright + surveillance,100,0.0,0.0,0.0,0.0,0.0,0.0,0.44,0.0,0.08,0.0,0.0,0.0,0.0,0.0,0.0,0.0,0.0,0.48,0.0,0.0,0.0,0.0,0.0,0.0,0.0,0.0,0.44,0.0,0.08,0.0,0.0,0.0,0.0,0.0,0.0,0.0,0.0,0.48,0.0,0.0,hard,"{""ai_coding_innovations"": 0.1, ""ai_copyright_theft"": 0.45, ""ai_mass_surveillance"": 0.45}","{""ai_coding_innovations"": 0.08, ""ai_copyright_theft"": 0.44, ""ai_mass_surveillance"": 0.48}"
user_0330,coding_heavy,Mostly AI coding innovations,100,0.0,0.0,0.0,0.0,0.0,0.0,0.09,0.0,0.78,0.0,0.0,0.0,0.0,0.0,0.0,0.0,0.0,0.13,0.0,0.0,0.0,0.0,0.0,0.0,0.0,0.0,0.09,0.0,0.78,0.0,0.0,0.0,0.0,0.0,0.0,0.0,0.0,0.13,0.0,0.0,hard,"{""ai_coding_innovations"": 0.8, ""ai_copyright_theft"": 0.1, ""ai_mass_surveillance"": 0.1}","{""ai_coding_innovations"": 0.78, ""ai_copyright_theft"": 0.09, ""ai_mass_surveillance"": 0.13}"
user_0331,copyright_heavy,Mostly AI copyright / theft concerns,100,0.0,0.0,0.0,0.0,0.0,0.0,0.82,0.0,0.1,0.0,0.0,0.0,0.0,0.0,0.0,0.0,0.0,0.08,0.0,0.0,0.0,0.0,0.0,0.0,0.0,0.0,0.82,0.0,0.1,0.0,0.0,0.0,0.0,0.0,0.0,0.0,0.0,0.08,0.0,0.0,hard,"{""ai_coding_innovations"": 0.1, ""ai_copyright_theft"": 0.8, ""ai_mass_surveillance"": 0.1}","{""ai_coding_innovations"": 0.1, ""ai_copyright_theft"": 0.82, ""ai_mass_surveillance"": 0.08}"
user_0332,surveillance_heavy,Mostly AI mass surveillance,100,0.0,0.0,0.0,0.0,0.0,0.0,0.12,0.0,0.11,0.0,0.0,0.0,0.0,0.0,0.0,0.0,0.0,0.77,0.0,0.0,0.0,0.0,0.0,0.0,0.0,0.0,0.12,0.0,0.11,0.0,0.0,0.0,0.0,0.0,0.0,0.0,0.0,0.77,0.0,0.0,hard,"{""ai_coding_innovations"": 0.1, ""ai_copyright_theft"": 0.1, ""ai_mass_surveillance"": 0.8}","{""ai_coding_innovations"": 0.11, ""ai_copyright_theft"": 0.12, ""ai_mass_surveillance"": 0.77}"
user_0333,balanced,Even across all topics,100,0.0,0.0,0.0,0.0,0.0,0.0,0.26,0.0,0.44,0.0,0.0,0.0,0.0,0.0,0.0,0.0,0.0,0.3,0.0,0.0,0.0,0.0,0.0,0.0,0.0,0.0,0.26,0.0,0.44,0.0,0.0,0.0,0.0,0.0,0.0,0.0,0.0,0.3,0.0,0.0,hard,"{""ai_coding_innovations"": 0.333333, ""ai_copyright_theft"": 0.333333, ""ai_mass_surveillance"": 0.333334}","{""ai_coding_innovations"": 0.44, ""ai_copyright_theft"": 0.26, ""ai_mass_surveillance"": 0.3}"
user_0334,coding_copyright,Split: coding + copyright,100,0.0,0.0,0.0,0.0,0.0,0.0,0.44,0.0,0.45,0.0,0.0,0.0,0.0,0.0,0.0,0.0,0.0,0.11,0.0,0.0,0.0,0.0,0.0,0.0,0.0,0.0,0.44,0.0,0.45,0.0,0.0,0.0,0.0,0.0,0.0,0.0,0.0,0.11,0.0,0.0,hard,"{""ai_coding_innovations"": 0.45, ""ai_copyright_theft"": 0.45, ""ai_mass_surveillance"": 0.1}","{""ai_coding_innovations"": 0.45, ""ai_copyright_theft"": 0.44, ""ai_mass_surveillance"": 0.11}"
user_0335,coding_surveillance,Split: coding + surveillance,100,0.0,0.0,0.0,0.0,0.0,0.0,0.12,0.0,0.33,0.0,0.0,0.0,0.0,0.0,0.0,0.0,0.0,0.55,0.0,0.0,0.0,0.0,0.0,0.0,0.0,0.0,0.12,0.0,0.33,0.0,0.0,0.0,0.0,0.0,0.0,0.0,0.0,0.55,0.0,0.0,hard,"{""ai_coding_innovations"": 0.45, ""ai_copyright_theft"": 0.1, ""ai_mass_surveillance"": 0.45}","{""ai_coding_innovations"": 0.33, ""ai_copyright_theft"": 0.12, ""ai_mass_surveillance"": 0.55}"
user_0336,copyright_surveillance,Split: copyright + surveillance,100,0.0,0.0,0.0,0.0,0.0,0.0,0.49,0.0,0.15,0.0,0.0,0.0,0.0,0.0,0.0,0.0,0.0,0.36,0.0,0.0,0.0,0.0,0.0,0.0,0.0,0.0,0.49,0.0,0.15,0.0,0.0,0.0,0.0,0.0,0.0,0.0,0.0,0.36,0.0,0.0,hard,"{""ai_coding_innovations"": 0.1, ""ai_copyright_theft"": 0.45, ""ai_mass_surveillance"": 0.45}","{""ai_coding_innovations"": 0.15, ""ai_copyright_theft"": 0.49, ""ai_mass_surveillance"": 0.36}"
user_0337,coding_heavy,Mostly AI coding innovations,100,0.0,0.0,0.0,0.0,0.0,0.0,0.11,0.0,0.81,0.0,0.0,0.0,0.0,0.0,0.0,0.0,0.0,0.08,0.0,0.0,0.0,0.0,0.0,0.0,0.0,0.0,0.11,0.0,0.81,0.0,0.0,0.0,0.0,0.0,0.0,0.0,0.0,0.08,0.0,0.0,hard,"{""ai_coding_innovations"": 0.8, ""ai_copyright_theft"": 0.1, ""ai_mass_surveillance"": 0.1}","{""ai_coding_innovations"": 0.81, ""ai_copyright_theft"": 0.11, ""ai_mass_surveillance"": 0.08}"
user_0338,copyright_heavy,Mostly AI copyright / theft concerns,100,0.0,0.0,0.0,0.0,0.0,0.0,0.75,0.0,0.12,0.0,0.0,0.0,0.0,0.0,0.0,0.0,0.0,0.13,0.0,0.0,0.0,0.0,0.0,0.0,0.0,0.0,0.75,0.0,0.12,0.0,0.0,0.0,0.0,0.0,0.0,0.0,0.0,0.13,0.0,0.0,hard,"{""ai_coding_innovations"": 0.1, ""ai_copyright_theft"": 0.8, ""ai_mass_surveillance"": 0.1}","{""ai_coding_innovations"": 0.12, ""ai_copyright_theft"": 0.75, ""ai_mass_surveillance"": 0.13}"
user_0339,surveillance_heavy,Mostly AI mass surveillance,100,0.0,0.0,0.0,0.0,0.0,0.0,0.13,0.0,0.11,0.0,0.0,0.0,0.0,0.0,0.0,0.0,0.0,0.76,0.0,0.0,0.0,0.0,0.0,0.0,0.0,0.0,0.13,0.0,0.11,0.0,0.0,0.0,0.0,0.0,0.0,0.0,0.0,0.76,0.0,0.0,hard,"{""ai_coding_innovations"": 0.1, ""ai_copyright_theft"": 0.1, ""ai_mass_surveillance"": 0.8}","{""ai_coding_innovations"": 0.11, ""ai_copyright_theft"": 0.13, ""ai_mass_surveillance"": 0.76}"
user_0340,balanced,Even across all topics,100,0.0,0.0,0.0,0.0,0.0,0.0,0.34,0.0,0.36,0.0,0.0,0.0,0.0,0.0,0.0,0.0,0.0,0.3,0.0,0.0,0.0,0.0,0.0,0.0,0.0,0.0,0.34,0.0,0.36,0.0,0.0,0.0,0.0,0.0,0.0,0.0,0.0,0.3,0.0,0.0,hard,"{""ai_coding_innovations"": 0.333333, ""ai_copyright_theft"": 0.333333, ""ai_mass_surveillance"": 0.333334}","{""ai_coding_innovations"": 0.36, ""ai_copyright_theft"": 0.34, ""ai_mass_surveillance"": 0.3}"
user_0341,coding_copyright,Split: coding + copyright,100,0.0,0.0,0.0,0.0,0.0,0.0,0.47,0.0,0.36,0.0,0.0,0.0,0.0,0.0,0.0,0.0,0.0,0.17,0.0,0.0,0.0,0.0,0.0,0.0,0.0,0.0,0.47,0.0,0.36,0.0,0.0,0.0,0.0,0.0,0.0,0.0,0.0,0.17,0.0,0.0,hard,"{""ai_coding_innovations"": 0.45, ""ai_copyright_theft"": 0.45, ""ai_mass_surveillance"": 0.1}","{""ai_coding_innovations"": 0.36, ""ai_copyright_theft"": 0.47, ""ai_mass_surveillance"": 0.17}"
user_0342,coding_surveillance,Split: coding + surveillance,100,0.0,0.0,0.0,0.0,0.0,0.0,0.09,0.0,0.44,0.0,0.0,0.0,0.0,0.0,0.0,0.0,0.0,0.47,0.0,0.0,0.0,0.0,0.0,0.0,0.0,0.0,0.09,0.0,0.44,0.0,0.0,0.0,0.0,0.0,0.0,0.0,0.0,0.47,0.0,0.0,hard,"{""ai_coding_innovations"": 0.45, ""ai_copyright_theft"": 0.1, ""ai_mass_surveillance"": 0.45}","{""ai_coding_innovations"": 0.44, ""ai_copyright_theft"": 0.09, ""ai_mass_surveillance"": 0.47}"
user_0343,copyright_surveillance,Split: copyright + surveillance,100,0.0,0.0,0.0,0.0,0.0,0.0,0.43,0.0,0.07,0.0,0.0,0.0,0.0,0.0,0.0,0.0,0.0,0.5,0.0,0.0,0.0,0.0,0.0,0.0,0.0,0.0,0.43,0.0,0.07,0.0,0.0,0.0,0.0,0.0,0.0,0.0,0.0,0.5,0.0,0.0,hard,"{""ai_coding_innovations"": 0.1, ""ai_copyright_theft"": 0.45, ""ai_mass_surveillance"": 0.45}","{""ai_coding_innovations"": 0.07, ""ai_copyright_theft"": 0.43, ""ai_mass_surveillance"": 0.5}"
user_0344,coding_heavy,Mostly AI coding innovations,100,0.0,0.0,0.0,0.0,0.0,0.0,0.07,0.0,0.78,0.0,0.0,0.0,0.0,0.0,0.0,0.0,0.0,0.15,0.0,0.0,0.0,0.0,0.0,0.0,0.0,0.0,0.07,0.0,0.78,0.0,0.0,0.0,0.0,0.0,0.0,0.0,0.0,0.15,0.0,0.0,hard,"{""ai_coding_innovations"": 0.8, ""ai_copyright_theft"": 0.1, ""ai_mass_surveillance"": 0.1}","{""ai_coding_innovations"": 0.78, ""ai_copyright_theft"": 0.07, ""ai_mass_surveillance"": 0.15}"
user_0345,copyright_heavy,Mostly AI copyright / theft concerns,100,0.0,0.0,0.0,0.0,0.0,0.0,0.88,0.0,0.05,0.0,0.0,0.0,0.0,0.0,0.0,0.0,0.0,0.07,0.0,0.0,0.0,0.0,0.0,0.0,0.0,0.0,0.88,0.0,0.05,0.0,0.0,0.0,0.0,0.0,0.0,0.0,0.0,0.07,0.0,0.0,hard,"{""ai_coding_innovations"": 0.1, ""ai_copyright_theft"": 0.8, ""ai_mass_surveillance"": 0.1}","{""ai_coding_innovations"": 0.05, ""ai_copyright_theft"": 0.88, ""ai_mass_surveillance"": 0.07}"
user_0346,surveillance_heavy,Mostly AI mass surveillance,100,0.0,0.0,0.0,0.0,0.0,0.0,0.08,0.0,0.09,0.0,0.0,0.0,0.0,0.0,0.0,0.0,0.0,0.83,0.0,0.0,0.0,0.0,0.0,0.0,0.0,0.0,0.08,0.0,0.09,0.0,0.0,0.0,0.0,0.0,0.0,0.0,0.0,0.83,0.0,0.0,hard,"{""ai_coding_innovations"": 0.1, ""ai_copyright_theft"": 0.1, ""ai_mass_surveillance"": 0.8}","{""ai_coding_innovations"": 0.09, ""ai_copyright_theft"": 0.08, ""ai_mass_surveillance"": 0.83}"
user_0347,balanced,Even across all topics,100,0.0,0.0,0.0,0.0,0.0,0.0,0.28,0.0,0.34,0.0,0.0,0.0,0.0,0.0,0.0,0.0,0.0,0.38,0.0,0.0,0.0,0.0,0.0,0.0,0.0,0.0,0.28,0.0,0.34,0.0,0.0,0.0,0.0,0.0,0.0,0.0,0.0,0.38,0.0,0.0,hard,"{""ai_coding_innovations"": 0.333333, ""ai_copyright_theft"": 0.333333, ""ai_mass_surveillance"": 0.333334}","{""ai_coding_innovations"": 0.34, ""ai_copyright_theft"": 0.28, ""ai_mass_surveillance"": 0.38}"
user_0348,coding_copyright,Split: coding + copyright,100,0.0,0.0,0.0,0.0,0.0,0.0,0.44,0.0,0.46,0.0,0.0,0.0,0.0,0.0,0.0,0.0,0.0,0.1,0.0,0.0,0.0,0.0,0.0,0.0,0.0,0.0,0.44,0.0,0.46,0.0,0.0,0.0,0.0,0.0,0.0,0.0,0.0,0.1,0.0,0.0,hard,"{""ai_coding_innovations"": 0.45, ""ai_copyright_theft"": 0.45, ""ai_mass_surveillance"": 0.1}","{""ai_coding_innovations"": 0.46, ""ai_copyright_theft"": 0.44, ""ai_mass_surveillance"": 0.1}"
user_0349,coding_surveillance,Split: coding + surveillance,100,0.0,0.0,0.0,0.0,0.0,0.0,0.12,0.0,0.44,0.0,0.0,0.0,0.0,0.0,0.0,0.0,0.0,0.44,0.0,0.0,0.0,0.0,0.0,0.0,0.0,0.0,0.12,0.0,0.44,0.0,0.0,0.0,0.0,0.0,0.0,0.0,0.0,0.44,0.0,0.0,hard,"{""ai_coding_innovations"": 0.45, ""ai_copyright_theft"": 0.1, ""ai_mass_surveillance"": 0.45}","{""ai_coding_innovations"": 0.44, ""ai_copyright_theft"": 0.12, ""ai_mass_surveillance"": 0.44}"
user_0350,copyright_surveillance,Split: copyright + surveillance,100,0.0,0.0,0.0,0.0,0.0,0.0,0.38,0.0,0.03,0.0,0.0,0.0,0.0,0.0,0.0,0.0,0.0,0.59,0.0,0.0,0.0,0.0,0.0,0.0,0.0,0.0,0.38,0.0,0.03,0.0,0.0,0.0,0.0,0.0,0.0,0.0,0.0,0.59,0.0,0.0,hard,"{""ai_coding_innovations"": 0.1, ""ai_copyright_theft"": 0.45, ""ai_mass_surveillance"": 0.45}","{""ai_coding_innovations"": 0.03, ""ai_copyright_theft"": 0.38, ""ai_mass_surveillance"": 0.59}"
user_0351,coding_heavy,Mostly AI coding innovations,100,0.0,0.0,0.0,0.0,0.0,0.0,0.14,0.0,0.71,0.0,0.0,0.0,0.0,0.0,0.0,0.0,0.0,0.15,0.0,0.0,0.0,0.0,0.0,0.0,0.0,0.0,0.14,0.0,0.71,0.0,0.0,0.0,0.0,0.0,0.0,0.0,0.0,0.15,0.0,0.0,hard,"{""ai_coding_innovations"": 0.8, ""ai_copyright_theft"": 0.1, ""ai_mass_surveillance"": 0.1}","{""ai_coding_innovations"": 0.71, ""ai_copyright_theft"": 0.14, ""ai_mass_surveillance"": 0.15}"
user_0352,copyright_heavy,Mostly AI copyright / theft concerns,100,0.0,0.0,0.0,0.0,0.0,0.0,0.79,0.0,0.08,0.0,0.0,0.0,0.0,0.0,0.0,0.0,0.0,0.13,0.0,0.0,0.0,0.0,0.0,0.0,0.0,0.0,0.79,0.0,0.08,0.0,0.0,0.0,0.0,0.0,0.0,0.0,0.0,0.13,0.0,0.0,hard,"{""ai_coding_innovations"": 0.1, ""ai_copyright_theft"": 0.8, ""ai_mass_surveillance"": 0.1}","{""ai_coding_innovations"": 0.08, ""ai_copyright_theft"": 0.79, ""ai_mass_surveillance"": 0.13}"
user_0353,surveillance_heavy,Mostly AI mass surveillance,100,0.0,0.0,0.0,0.0,0.0,0.0,0.06,0.0,0.1,0.0,0.0,0.0,0.0,0.0,0.0,0.0,0.0,0.84,0.0,0.0,0.0,0.0,0.0,0.0,0.0,0.0,0.06,0.0,0.1,0.0,0.0,0.0,0.0,0.0,0.0,0.0,0.0,0.84,0.0,0.0,hard,"{""ai_coding_innovations"": 0.1, ""ai_copyright_theft"": 0.1, ""ai_mass_surveillance"": 0.8}","{""ai_coding_innovations"": 0.1, ""ai_copyright_theft"": 0.06, ""ai_mass_surveillance"": 0.84}"
user_0354,balanced,Even across all topics,100,0.0,0.0,0.0,0.0,0.0,0.0,0.34,0.0,0.34,0.0,0.0,0.0,0.0,0.0,0.0,0.0,0.0,0.32,0.0,0.0,0.0,0.0,0.0,0.0,0.0,0.0,0.34,0.0,0.34,0.0,0.0,0.0,0.0,0.0,0.0,0.0,0.0,0.32,0.0,0.0,hard,"{""ai_coding_innovations"": 0.333333, ""ai_copyright_theft"": 0.333333, ""ai_mass_surveillance"": 0.333334}","{""ai_coding_innovations"": 0.34, ""ai_copyright_theft"": 0.34, ""ai_mass_surveillance"": 0.32}"
user_0355,coding_copyright,Split: coding + copyright,100,0.0,0.0,0.0,0.0,0.0,0.0,0.42,0.0,0.48,0.0,0.0,0.0,0.0,0.0,0.0,0.0,0.0,0.1,0.0,0.0,0.0,0.0,0.0,0.0,0.0,0.0,0.42,0.0,0.48,0.0,0.0,0.0,0.0,0.0,0.0,0.0,0.0,0.1,0.0,0.0,hard,"{""ai_coding_innovations"": 0.45, ""ai_copyright_theft"": 0.45, ""ai_mass_surveillance"": 0.1}","{""ai_coding_innovations"": 0.48, ""ai_copyright_theft"": 0.42, ""ai_mass_surveillance"": 0.1}"
user_0356,coding_surveillance,Split: coding + surveillance,100,0.0,0.0,0.0,0.0,0.0,0.0,0.13,0.0,0.48,0.0,0.0,0.0,0.0,0.0,0.0,0.0,0.0,0.39,0.0,0.0,0.0,0.0,0.0,0.0,0.0,0.0,0.13,0.0,0.48,0.0,0.0,0.0,0.0,0.0,0.0,0.0,0.0,0.39,0.0,0.0,hard,"{""ai_coding_innovations"": 0.45, ""ai_copyright_theft"": 0.1, ""ai_mass_surveillance"": 0.45}","{""ai_coding_innovations"": 0.48, ""ai_copyright_theft"": 0.13, ""ai_mass_surveillance"": 0.39}"
user_0357,copyright_surveillance,Split: copyright + surveillance,100,0.0,0.0,0.0,0.0,0.0,0.0,0.48,0.0,0.11,0.0,0.0,0.0,0.0,0.0,0.0,0.0,0.0,0.41,0.0,0.0,0.0,0.0,0.0,0.0,0.0,0.0,0.48,0.0,0.11,0.0,0.0,0.0,0.0,0.0,0.0,0.0,0.0,0.41,0.0,0.0,hard,"{""ai_coding_innovations"": 0.1, ""ai_copyright_theft"": 0.45, ""ai_mass_surveillance"": 0.45}","{""ai_coding_innovations"": 0.11, ""ai_copyright_theft"": 0.48, ""ai_mass_surveillance"": 0.41}"
user_0358,coding_heavy,Mostly AI coding innovations,100,0.0,0.0,0.0,0.0,0.0,0.0,0.12,0.0,0.78,0.0,0.0,0.0,0.0,0.0,0.0,0.0,0.0,0.1,0.0,0.0,0.0,0.0,0.0,0.0,0.0,0.0,0.12,0.0,0.78,0.0,0.0,0.0,0.0,0.0,0.0,0.0,0.0,0.1,0.0,0.0,hard,"{""ai_coding_innovations"": 0.8, ""ai_copyright_theft"": 0.1, ""ai_mass_surveillance"": 0.1}","{""ai_coding_innovations"": 0.78, ""ai_copyright_theft"": 0.12, ""ai_mass_surveillance"": 0.1}"
user_0359,copyright_heavy,Mostly AI copyright / theft concerns,100,0.0,0.0,0.0,0.0,0.0,0.0,0.79,0.0,0.1,0.0,0.0,0.0,0.0,0.0,0.0,0.0,0.0,0.11,0.0,0.0,0.0,0.0,0.0,0.0,0.0,0.0,0.79,0.0,0.1,0.0,0.0,0.0,0.0,0.0,0.0,0.0,0.0,0.11,0.0,0.0,hard,"{""ai_coding_innovations"": 0.1, ""ai_copyright_theft"": 0.8, ""ai_mass_surveillance"": 0.1}","{""ai_coding_innovations"": 0.1, ""ai_copyright_theft"": 0.79, ""ai_mass_surveillance"": 0.11}"
user_0360,surveillance_heavy,Mostly AI mass surveillance,100,0.0,0.0,0.0,0.0,0.0,0.0,0.1,0.0,0.1,0.0,0.0,0.0,0.0,0.0,0.0,0.0,0.0,0.8,0.0,0.0,0.0,0.0,0.0,0.0,0.0,0.0,0.1,0.0,0.1,0.0,0.0,0.0,0.0,0.0,0.0,0.0,0.0,0.8,0.0,0.0,hard,"{""ai_coding_innovations"": 0.1, ""ai_copyright_theft"": 0.1, ""ai_mass_surveillance"": 0.8}","{""ai_coding_innovations"": 0.1, ""ai_copyright_theft"": 0.1, ""ai_mass_surveillance"": 0.8}"
user_0361,balanced,Even across all topics,100,0.0,0.0,0.0,0.0,0.0,0.0,0.31,0.0,0.38,0.0,0.0,0.0,0.0,0.0,0.0,0.0,0.0,0.31,0.0,0.0,0.0,0.0,0.0,0.0,0.0,0.0,0.31,0.0,0.38,0.0,0.0,0.0,0.0,0.0,0.0,0.0,0.0,0.31,0.0,0.0,hard,"{""ai_coding_innovations"": 0.333333, ""ai_copyright_theft"": 0.333333, ""ai_mass_surveillance"": 0.333334}","{""ai_coding_innovations"": 0.38, ""ai_copyright_theft"": 0.31, ""ai_mass_surveillance"": 0.31}"
user_0362,coding_copyright,Split: coding + copyright,100,0.0,0.0,0.0,0.0,0.0,0.0,0.46,0.0,0.47,0.0,0.0,0.0,0.0,0.0,0.0,0.0,0.0,0.07,0.0,0.0,0.0,0.0,0.0,0.0,0.0,0.0,0.46,0.0,0.47,0.0,0.0,0.0,0.0,0.0,0.0,0.0,0.0,0.07,0.0,0.0,hard,"{""ai_coding_innovations"": 0.45, ""ai_copyright_theft"": 0.45, ""ai_mass_surveillance"": 0.1}","{""ai_coding_innovations"": 0.47, ""ai_copyright_theft"": 0.46, ""ai_mass_surveillance"": 0.07}"
user_0363,coding_surveillance,Split: coding + surveillance,100,0.0,0.0,0.0,0.0,0.0,0.0,0.12,0.0,0.47,0.0,0.0,0.0,0.0,0.0,0.0,0.0,0.0,0.41,0.0,0.0,0.0,0.0,0.0,0.0,0.0,0.0,0.12,0.0,0.47,0.0,0.0,0.0,0.0,0.0,0.0,0.0,0.0,0.41,0.0,0.0,hard,"{""ai_coding_innovations"": 0.45, ""ai_copyright_theft"": 0.1, ""ai_mass_surveillance"": 0.45}","{""ai_coding_innovations"": 0.47, ""ai_copyright_theft"": 0.12, ""ai_mass_surveillance"": 0.41}"
user_0364,copyright_surveillance,Split: copyright + surveillance,100,0.0,0.0,0.0,0.0,0.0,0.0,0.56,0.0,0.07,0.0,0.0,0.0,0.0,0.0,0.0,0.0,0.0,0.37,0.0,0.0,0.0,0.0,0.0,0.0,0.0,0.0,0.56,0.0,0.07,0.0,0.0,0.0,0.0,0.0,0.0,0.0,0.0,0.37,0.0,0.0,hard,"{""ai_coding_innovations"": 0.1, ""ai_copyright_theft"": 0.45, ""ai_mass_surveillance"": 0.45}","{""ai_coding_innovations"": 0.07, ""ai_copyright_theft"": 0.56, ""ai_mass_surveillance"": 0.37}"
user_0365,coding_heavy,Mostly AI coding innovations,100,0.0,0.0,0.0,0.0,0.0,0.0,0.13,0.0,0.77,0.0,0.0,0.0,0.0,0.0,0.0,0.0,0.0,0.1,0.0,0.0,0.0,0.0,0.0,0.0,0.0,0.0,0.13,0.0,0.77,0.0,0.0,0.0,0.0,0.0,0.0,0.0,0.0,0.1,0.0,0.0,hard,"{""ai_coding_innovations"": 0.8, ""ai_copyright_theft"": 0.1, ""ai_mass_surveillance"": 0.1}","{""ai_coding_innovations"": 0.77, ""ai_copyright_theft"": 0.13, ""ai_mass_surveillance"": 0.1}"
user_0366,copyright_heavy,Mostly AI copyright / theft concerns,100,0.0,0.0,0.0,0.0,0.0,0.0,0.83,0.0,0.1,0.0,0.0,0.0,0.0,0.0,0.0,0.0,0.0,0.07,0.0,0.0,0.0,0.0,0.0,0.0,0.0,0.0,0.83,0.0,0.1,0.0,0.0,0.0,0.0,0.0,0.0,0.0,0.0,0.07,0.0,0.0,hard,"{""ai_coding_innovations"": 0.1, ""ai_copyright_theft"": 0.8, ""ai_mass_surveillance"": 0.1}","{""ai_coding_innovations"": 0.1, ""ai_copyright_theft"": 0.83, ""ai_mass_surveillance"": 0.07}"
user_0367,surveillance_heavy,Mostly AI mass surveillance,100,0.0,0.0,0.0,0.0,0.0,0.0,0.08,0.0,0.14,0.0,0.0,0.0,0.0,0.0,0.0,0.0,0.0,0.78,0.0,0.0,0.0,0.0,0.0,0.0,0.0,0.0,0.08,0.0,0.14,0.0,0.0,0.0,0.0,0.0,0.0,0.0,0.0,0.78,0.0,0.0,hard,"{""ai_coding_innovations"": 0.1, ""ai_copyright_theft"": 0.1, ""ai_mass_surveillance"": 0.8}","{""ai_coding_innovations"": 0.14, ""ai_copyright_theft"": 0.08, ""ai_mass_surveillance"": 0.78}"
user_0368,balanced,Even across all topics,100,0.0,0.0,0.0,0.0,0.0,0.0,0.28,0.0,0.33,0.0,0.0,0.0,0.0,0.0,0.0,0.0,0.0,0.39,0.0,0.0,0.0,0.0,0.0,0.0,0.0,0.0,0.28,0.0,0.33,0.0,0.0,0.0,0.0,0.0,0.0,0.0,0.0,0.39,0.0,0.0,hard,"{""ai_coding_innovations"": 0.333333, ""ai_copyright_theft"": 0.333333, ""ai_mass_surveillance"": 0.333334}","{""ai_coding_innovations"": 0.33, ""ai_copyright_theft"": 0.28, ""ai_mass_surveillance"": 0.39}"
user_0369,coding_copyright,Split: coding + copyright,100,0.0,0.0,0.0,0.0,0.0,0.0,0.48,0.0,0.44,0.0,0.0,0.0,0.0,0.0,0.0,0.0,0.0,0.08,0.0,0.0,0.0,0.0,0.0,0.0,0.0,0.0,0.48,0.0,0.44,0.0,0.0,0.0,0.0,0.0,0.0,0.0,0.0,0.08,0.0,0.0,hard,"{""ai_coding_innovations"": 0.45, ""ai_copyright_theft"": 0.45, ""ai_mass_surveillance"": 0.1}","{""ai_coding_innovations"": 0.44, ""ai_copyright_theft"": 0.48, ""ai_mass_surveillance"": 0.08}"
user_0370,coding_surveillance,Split: coding + surveillance,100,0.0,0.0,0.0,0.0,0.0,0.0,0.1,0.0,0.41,0.0,0.0,0.0,0.0,0.0,0.0,0.0,0.0,0.49,0.0,0.0,0.0,0.0,0.0,0.0,0.0,0.0,0.1,0.0,0.41,0.0,0.0,0.0,0.0,0.0,0.0,0.0,0.0,0.49,0.0,0.0,hard,"{""ai_coding_innovations"": 0.45, ""ai_copyright_theft"": 0.1, ""ai_mass_surveillance"": 0.45}","{""ai_coding_innovations"": 0.41, ""ai_copyright_theft"": 0.1, ""ai_mass_surveillance"": 0.49}"
user_0371,copyright_surveillance,Split: copyright + surveillance,100,0.0,0.0,0.0,0.0,0.0,0.0,0.45,0.0,0.1,0.0,0.0,0.0,0.0,0.0,0.0,0.0,0.0,0.45,0.0,0.0,0.0,0.0,0.0,0.0,0.0,0.0,0.45,0.0,0.1,0.0,0.0,0.0,0.0,0.0,0.0,0.0,0.0,0.45,0.0,0.0,hard,"{""ai_coding_innovations"": 0.1, ""ai_copyright_theft"": 0.45, ""ai_mass_surveillance"": 0.45}","{""ai_coding_innovations"": 0.1, ""ai_copyright_theft"": 0.45, ""ai_mass_surveillance"": 0.45}"
user_0372,coding_heavy,Mostly AI coding innovations,100,0.0,0.0,0.0,0.0,0.0,0.0,0.13,0.0,0.81,0.0,0.0,0.0,0.0,0.0,0.0,0.0,0.0,0.06,0.0,0.0,0.0,0.0,0.0,0.0,0.0,0.0,0.13,0.0,0.81,0.0,0.0,0.0,0.0,0.0,0.0,0.0,0.0,0.06,0.0,0.0,hard,"{""ai_coding_innovations"": 0.8, ""ai_copyright_theft"": 0.1, ""ai_mass_surveillance"": 0.1}","{""ai_coding_innovations"": 0.81, ""ai_copyright_theft"": 0.13, ""ai_mass_surveillance"": 0.06}"
user_0373,copyright_heavy,Mostly AI copyright / theft concerns,100,0.0,0.0,0.0,0.0,0.0,0.0,0.81,0.0,0.1,0.0,0.0,0.0,0.0,0.0,0.0,0.0,0.0,0.09,0.0,0.0,0.0,0.0,0.0,0.0,0.0,0.0,0.81,0.0,0.1,0.0,0.0,0.0,0.0,0.0,0.0,0.0,0.0,0.09,0.0,0.0,hard,"{""ai_coding_innovations"": 0.1, ""ai_copyright_theft"": 0.8, ""ai_mass_surveillance"": 0.1}","{""ai_coding_innovations"": 0.1, ""ai_copyright_theft"": 0.81, ""ai_mass_surveillance"": 0.09}"
user_0374,surveillance_heavy,Mostly AI mass surveillance,100,0.0,0.0,0.0,0.0,0.0,0.0,0.11,0.0,0.05,0.0,0.0,0.0,0.0,0.0,0.0,0.0,0.0,0.84,0.0,0.0,0.0,0.0,0.0,0.0,0.0,0.0,0.11,0.0,0.05,0.0,0.0,0.0,0.0,0.0,0.0,0.0,0.0,0.84,0.0,0.0,hard,"{""ai_coding_innovations"": 0.1, ""ai_copyright_theft"": 0.1, ""ai_mass_surveillance"": 0.8}","{""ai_coding_innovations"": 0.05, ""ai_copyright_theft"": 0.11, ""ai_mass_surveillance"": 0.84}"
user_0375,balanced,Even across all topics,100,0.0,0.0,0.0,0.0,0.0,0.0,0.26,0.0,0.33,0.0,0.0,0.0,0.0,0.0,0.0,0.0,0.0,0.41,0.0,0.0,0.0,0.0,0.0,0.0,0.0,0.0,0.26,0.0,0.33,0.0,0.0,0.0,0.0,0.0,0.0,0.0,0.0,0.41,0.0,0.0,hard,"{""ai_coding_innovations"": 0.333333, ""ai_copyright_theft"": 0.333333, ""ai_mass_surveillance"": 0.333334}","{""ai_coding_innovations"": 0.33, ""ai_copyright_theft"": 0.26, ""ai_mass_surveillance"": 0.41}"
user_0376,coding_copyright,Split: coding + copyright,100,0.0,0.0,0.0,0.0,0.0,0.0,0.49,0.0,0.41,0.0,0.0,0.0,0.0,0.0,0.0,0.0,0.0,0.1,0.0,0.0,0.0,0.0,0.0,0.0,0.0,0.0,0.49,0.0,0.41,0.0,0.0,0.0,0.0,0.0,0.0,0.0,0.0,0.1,0.0,0.0,hard,"{""ai_coding_innovations"": 0.45, ""ai_copyright_theft"": 0.45, ""ai_mass_surveillance"": 0.1}","{""ai_coding_innovations"": 0.41, ""ai_copyright_theft"": 0.49, ""ai_mass_surveillance"": 0.1}"
user_0377,coding_surveillance,Split: coding + surveillance,100,0.0,0.0,0.0,0.0,0.0,0.0,0.16,0.0,0.4,0.0,0.0,0.0,0.0,0.0,0.0,0.0,0.0,0.44,0.0,0.0,0.0,0.0,0.0,0.0,0.0,0.0,0.16,0.0,0.4,0.0,0.0,0.0,0.0,0.0,0.0,0.0,0.0,0.44,0.0,0.0,hard,"{""ai_coding_innovations"": 0.45, ""ai_copyright_theft"": 0.1, ""ai_mass_surveillance"": 0.45}","{""ai_coding_innovations"": 0.4, ""ai_copyright_theft"": 0.16, ""ai_mass_surveillance"": 0.44}"
user_0378,copyright_surveillance,Split: copyright + surveillance,100,0.0,0.0,0.0,0.0,0.0,0.0,0.45,0.0,0.08,0.0,0.0,0.0,0.0,0.0,0.0,0.0,0.0,0.47,0.0,0.0,0.0,0.0,0.0,0.0,0.0,0.0,0.45,0.0,0.08,0.0,0.0,0.0,0.0,0.0,0.0,0.0,0.0,0.47,0.0,0.0,hard,"{""ai_coding_innovations"": 0.1, ""ai_copyright_theft"": 0.45, ""ai_mass_surveillance"": 0.45}","{""ai_coding_innovations"": 0.08, ""ai_copyright_theft"": 0.45, ""ai_mass_surveillance"": 0.47}"
user_0379,coding_heavy,Mostly AI coding innovations,100,0.0,0.0,0.0,0.0,0.0,0.0,0.03,0.0,0.84,0.0,0.0,0.0,0.0,0.0,0.0,0.0,0.0,0.13,0.0,0.0,0.0,0.0,0.0,0.0,0.0,0.0,0.03,0.0,0.84,0.0,0.0,0.0,0.0,0.0,0.0,0.0,0.0,0.13,0.0,0.0,hard,"{""ai_coding_innovations"": 0.8, ""ai_copyright_theft"": 0.1, ""ai_mass_surveillance"": 0.1}","{""ai_coding_innovations"": 0.84, ""ai_copyright_theft"": 0.03, ""ai_mass_surveillance"": 0.13}"
user_0380,copyright_heavy,Mostly AI copyright / theft concerns,100,0.0,0.0,0.0,0.0,0.0,0.0,0.84,0.0,0.06,0.0,0.0,0.0,0.0,0.0,0.0,0.0,0.0,0.1,0.0,0.0,0.0,0.0,0.0,0.0,0.0,0.0,0.84,0.0,0.06,0.0,0.0,0.0,0.0,0.0,0.0,0.0,0.0,0.1,0.0,0.0,hard,"{""ai_coding_innovations"": 0.1, ""ai_copyright_theft"": 0.8, ""ai_mass_surveillance"": 0.1}","{""ai_coding_innovations"": 0.06, ""ai_copyright_theft"": 0.84, ""ai_mass_surveillance"": 0.1}"
user_0381,surveillance_heavy,Mostly AI mass surveillance,100,0.0,0.0,0.0,0.0,0.0,0.0,0.11,0.0,0.1,0.0,0.0,0.0,0.0,0.0,0.0,0.0,0.0,0.79,0.0,0.0,0.0,0.0,0.0,0.0,0.0,0.0,0.11,0.0,0.1,0.0,0.0,0.0,0.0,0.0,0.0,0.0,0.0,0.79,0.0,0.0,hard,"{""ai_coding_innovations"": 0.1, ""ai_copyright_theft"": 0.1, ""ai_mass_surveillance"": 0.8}","{""ai_coding_innovations"": 0.1, ""ai_copyright_theft"": 0.11, ""ai_mass_surveillance"": 0.79}"
user_0382,balanced,Even across all topics,100,0.0,0.0,0.0,0.0,0.0,0.0,0.41,0.0,0.2,0.0,0.0,0.0,0.0,0.0,0.0,0.0,0.0,0.39,0.0,0.0,0.0,0.0,0.0,0.0,0.0,0.0,0.41,0.0,0.2,0.0,0.0,0.0,0.0,0.0,0.0,0.0,0.0,0.39,0.0,0.0,hard,"{""ai_coding_innovations"": 0.333333, ""ai_copyright_theft"": 0.333333, ""ai_mass_surveillance"": 0.333334}","{""ai_coding_innovations"": 0.2, ""ai_copyright_theft"": 0.41, ""ai_mass_surveillance"": 0.39}"
user_0383,coding_copyright,Split: coding + copyright,100,0.0,0.0,0.0,0.0,0.0,0.0,0.45,0.0,0.42,0.0,0.0,0.0,0.0,0.0,0.0,0.0,0.0,0.13,0.0,0.0,0.0,0.0,0.0,0.0,0.0,0.0,0.45,0.0,0.42,0.0,0.0,0.0,0.0,0.0,0.0,0.0,0.0,0.13,0.0,0.0,hard,"{""ai_coding_innovations"": 0.45, ""ai_copyright_theft"": 0.45, ""ai_mass_surveillance"": 0.1}","{""ai_coding_innovations"": 0.42, ""ai_copyright_theft"": 0.45, ""ai_mass_surveillance"": 0.13}"
user_0384,coding_surveillance,Split: coding + surveillance,100,0.0,0.0,0.0,0.0,0.0,0.0,0.12,0.0,0.51,0.0,0.0,0.0,0.0,0.0,0.0,0.0,0.0,0.37,0.0,0.0,0.0,0.0,0.0,0.0,0.0,0.0,0.12,0.0,0.51,0.0,0.0,0.0,0.0,0.0,0.0,0.0,0.0,0.37,0.0,0.0,hard,"{""ai_coding_innovations"": 0.45, ""ai_copyright_theft"": 0.1, ""ai_mass_surveillance"": 0.45}","{""ai_coding_innovations"": 0.51, ""ai_copyright_theft"": 0.12, ""ai_mass_surveillance"": 0.37}"
user_0385,copyright_surveillance,Split: copyright + surveillance,100,0.0,0.0,0.0,0.0,0.0,0.0,0.46,0.0,0.07,0.0,0.0,0.0,0.0,0.0,0.0,0.0,0.0,0.47,0.0,0.0,0.0,0.0,0.0,0.0,0.0,0.0,0.46,0.0,0.07,0.0,0.0,0.0,0.0,0.0,0.0,0.0,0.0,0.47,0.0,0.0,hard,"{""ai_coding_innovations"": 0.1, ""ai_copyright_theft"": 0.45, ""ai_mass_surveillance"": 0.45}","{""ai_coding_innovations"": 0.07, ""ai_copyright_theft"": 0.46, ""ai_mass_surveillance"": 0.47}"
user_0386,coding_heavy,Mostly AI coding innovations,100,0.0,0.0,0.0,0.0,0.0,0.0,0.08,0.0,0.82,0.0,0.0,0.0,0.0,0.0,0.0,0.0,0.0,0.1,0.0,0.0,0.0,0.0,0.0,0.0,0.0,0.0,0.08,0.0,0.82,0.0,0.0,0.0,0.0,0.0,0.0,0.0,0.0,0.1,0.0,0.0,hard,"{""ai_coding_innovations"": 0.8, ""ai_copyright_theft"": 0.1, ""ai_mass_surveillance"": 0.1}","{""ai_coding_innovations"": 0.82, ""ai_copyright_theft"": 0.08, ""ai_mass_surveillance"": 0.1}"
user_0387,copyright_heavy,Mostly AI copyright / theft concerns,100,0.0,0.0,0.0,0.0,0.0,0.0,0.7,0.0,0.13,0.0,0.0,0.0,0.0,0.0,0.0,0.0,0.0,0.17,0.0,0.0,0.0,0.0,0.0,0.0,0.0,0.0,0.7,0.0,0.13,0.0,0.0,0.0,0.0,0.0,0.0,0.0,0.0,0.17,0.0,0.0,hard,"{""ai_coding_innovations"": 0.1, ""ai_copyright_theft"": 0.8, ""ai_mass_surveillance"": 0.1}","{""ai_coding_innovations"": 0.13, ""ai_copyright_theft"": 0.7, ""ai_mass_surveillance"": 0.17}"
user_0388,surveillance_heavy,Mostly AI mass surveillance,100,0.0,0.0,0.0,0.0,0.0,0.0,0.1,0.0,0.07,0.0,0.0,0.0,0.0,0.0,0.0,0.0,0.0,0.83,0.0,0.0,0.0,0.0,0.0,0.0,0.0,0.0,0.1,0.0,0.07,0.0,0.0,0.0,0.0,0.0,0.0,0.0,0.0,0.83,0.0,0.0,hard,"{""ai_coding_innovations"": 0.1, ""ai_copyright_theft"": 0.1, ""ai_mass_surveillance"": 0.8}","{""ai_coding_innovations"": 0.07, ""ai_copyright_theft"": 0.1, ""ai_mass_surveillance"": 0.83}"
user_0389,balanced,Even across all topics,100,0.0,0.0,0.0,0.0,0.0,0.0,0.3,0.0,0.4,0.0,0.0,0.0,0.0,0.0,0.0,0.0,0.0,0.3,0.0,0.0,0.0,0.0,0.0,0.0,0.0,0.0,0.3,0.0,0.4,0.0,0.0,0.0,0.0,0.0,0.0,0.0,0.0,0.3,0.0,0.0,hard,"{""ai_coding_innovations"": 0.333333, ""ai_copyright_theft"": 0.333333, ""ai_mass_surveillance"": 0.333334}","{""ai_coding_innovations"": 0.4, ""ai_copyright_theft"": 0.3, ""ai_mass_surveillance"": 0.3}"
user_0390,coding_copyright,Split: coding + copyright,100,0.0,0.0,0.0,0.0,0.0,0.0,0.5,0.0,0.44,0.0,0.0,0.0,0.0,0.0,0.0,0.0,0.0,0.06,0.0,0.0,0.0,0.0,0.0,0.0,0.0,0.0,0.5,0.0,0.44,0.0,0.0,0.0,0.0,0.0,0.0,0.0,0.0,0.06,0.0,0.0,hard,"{""ai_coding_innovations"": 0.45, ""ai_copyright_theft"": 0.45, ""ai_mass_surveillance"": 0.1}","{""ai_coding_innovations"": 0.44, ""ai_copyright_theft"": 0.5, ""ai_mass_surveillance"": 0.06}"
user_0391,coding_surveillance,Split: coding + surveillance,100,0.0,0.0,0.0,0.0,0.0,0.0,0.14,0.0,0.42,0.0,0.0,0.0,0.0,0.0,0.0,0.0,0.0,0.44,0.0,0.0,0.0,0.0,0.0,0.0,0.0,0.0,0.14,0.0,0.42,0.0,0.0,0.0,0.0,0.0,0.0,0.0,0.0,0.44,0.0,0.0,hard,"{""ai_coding_innovations"": 0.45, ""ai_copyright_theft"": 0.1, ""ai_mass_surveillance"": 0.45}","{""ai_coding_innovations"": 0.42, ""ai_copyright_theft"": 0.14, ""ai_mass_surveillance"": 0.44}"
user_0392,copyright_surveillance,Split: copyright + surveillance,100,0.0,0.0,0.0,0.0,0.0,0.0,0.47,0.0,0.15,0.0,0.0,0.0,0.0,0.0,0.0,0.0,0.0,0.38,0.0,0.0,0.0,0.0,0.0,0.0,0.0,0.0,0.47,0.0,0.15,0.0,0.0,0.0,0.0,0.0,0.0,0.0,0.0,0.38,0.0,0.0,hard,"{""ai_coding_innovations"": 0.1, ""ai_copyright_theft"": 0.45, ""ai_mass_surveillance"": 0.45}","{""ai_coding_innovations"": 0.15, ""ai_copyright_theft"": 0.47, ""ai_mass_surveillance"": 0.38}"
user_0393,coding_heavy,Mostly AI coding innovations,100,0.0,0.0,0.0,0.0,0.0,0.0,0.11,0.0,0.78,0.0,0.0,0.0,0.0,0.0,0.0,0.0,0.0,0.11,0.0,0.0,0.0,0.0,0.0,0.0,0.0,0.0,0.11,0.0,0.78,0.0,0.0,0.0,0.0,0.0,0.0,0.0,0.0,0.11,0.0,0.0,hard,"{""ai_coding_innovations"": 0.8, ""ai_copyright_theft"": 0.1, ""ai_mass_surveillance"": 0.1}","{""ai_coding_innovations"": 0.78, ""ai_copyright_theft"": 0.11, ""ai_mass_surveillance"": 0.11}"
user_0394,copyright_heavy,Mostly AI copyright / theft concerns,100,0.0,0.0,0.0,0.0,0.0,0.0,0.84,0.0,0.09,0.0,0.0,0.0,0.0,0.0,0.0,0.0,0.0,0.07,0.0,0.0,0.0,0.0,0.0,0.0,0.0,0.0,0.84,0.0,0.09,0.0,0.0,0.0,0.0,0.0,0.0,0.0,0.0,0.07,0.0,0.0,hard,"{""ai_coding_innovations"": 0.1, ""ai_copyright_theft"": 0.8, ""ai_mass_surveillance"": 0.1}","{""ai_coding_innovations"": 0.09, ""ai_copyright_theft"": 0.84, ""ai_mass_surveillance"": 0.07}"
user_0395,surveillance_heavy,Mostly AI mass surveillance,100,0.0,0.0,0.0,0.0,0.0,0.0,0.09,0.0,0.07,0.0,0.0,0.0,0.0,0.0,0.0,0.0,0.0,0.84,0.0,0.0,0.0,0.0,0.0,0.0,0.0,0.0,0.09,0.0,0.07,0.0,0.0,0.0,0.0,0.0,0.0,0.0,0.0,0.84,0.0,0.0,hard,"{""ai_coding_innovations"": 0.1, ""ai_copyright_theft"": 0.1, ""ai_mass_surveillance"": 0.8}","{""ai_coding_innovations"": 0.07, ""ai_copyright_theft"": 0.09, ""ai_mass_surveillance"": 0.84}"
user_0396,balanced,Even across all topics,100,0.0,0.0,0.0,0.0,0.0,0.0,0.28,0.0,0.45,0.0,0.0,0.0,0.0,0.0,0.0,0.0,0.0,0.27,0.0,0.0,0.0,0.0,0.0,0.0,0.0,0.0,0.28,0.0,0.45,0.0,0.0,0.0,0.0,0.0,0.0,0.0,0.0,0.27,0.0,0.0,hard,"{""ai_coding_innovations"": 0.333333, ""ai_copyright_theft"": 0.333333, ""ai_mass_surveillance"": 0.333334}","{""ai_coding_innovations"": 0.45, ""ai_copyright_theft"": 0.28, ""ai_mass_surveillance"": 0.27}"
user_0397,coding_copyright,Split: coding + copyright,100,0.0,0.0,0.0,0.0,0.0,0.0,0.39,0.0,0.52,0.0,0.0,0.0,0.0,0.0,0.0,0.0,0.0,0.09,0.0,0.0,0.0,0.0,0.0,0.0,0.0,0.0,0.39,0.0,0.52,0.0,0.0,0.0,0.0,0.0,0.0,0.0,0.0,0.09,0.0,0.0,hard,"{""ai_coding_innovations"": 0.45, ""ai_copyright_theft"": 0.45, ""ai_mass_surveillance"": 0.1}","{""ai_coding_innovations"": 0.52, ""ai_copyright_theft"": 0.39, ""ai_mass_surveillance"": 0.09}"
user_0398,coding_surveillance,Split: coding + surveillance,100,0.0,0.0,0.0,0.0,0.0,0.0,0.09,0.0,0.39,0.0,0.0,0.0,0.0,0.0,0.0,0.0,0.0,0.52,0.0,0.0,0.0,0.0,0.0,0.0,0.0,0.0,0.09,0.0,0.39,0.0,0.0,0.0,0.0,0.0,0.0,0.0,0.0,0.52,0.0,0.0,hard,"{""ai_coding_innovations"": 0.45, ""ai_copyright_theft"": 0.1, ""ai_mass_surveillance"": 0.45}","{""ai_coding_innovations"": 0.39, ""ai_copyright_theft"": 0.09, ""ai_mass_surveillance"": 0.52}"
user_0399,copyright_surveillance,Split: copyright + surveillance,100,0.0,0.0,0.0,0.0,0.0,0.0,0.52,0.0,0.08,0.0,0.0,0.0,0.0,0.0,0.0,0.0,0.0,0.4,0.0,0.0,0.0,0.0,0.0,0.0,0.0,0.0,0.52,0.0,0.08,0.0,0.0,0.0,0.0,0.0,0.0,0.0,0.0,0.4,0.0,0.0,hard,"{""ai_coding_innovations"": 0.1, ""ai_copyright_theft"": 0.45, ""ai_mass_surveillance"": 0.45}","{""ai_coding_innovations"": 0.08, ""ai_copyright_theft"": 0.52, ""ai_mass_surveillance"": 0.4}"
user_0400,coding_heavy,Mostly AI coding innovations,100,0.0,0.0,0.0,0.0,0.0,0.0,0.08,0.0,0.77,0.0,0.0,0.0,0.0,0.0,0.0,0.0,0.0,0.15,0.0,0.0,0.0,0.0,0.0,0.0,0.0,0.0,0.08,0.0,0.77,0.0,0.0,0.0,0.0,0.0,0.0,0.0,0.0,0.15,0.0,0.0,hard,"{""ai_coding_innovations"": 0.8, ""ai_copyright_theft"": 0.1, ""ai_mass_surveillance"": 0.1}","{""ai_coding_innovations"": 0.77, ""ai_copyright_theft"": 0.08, ""ai_mass_surveillance"": 0.15}"
user_0401,copyright_heavy,Mostly AI copyright / theft concerns,100,0.0,0.0,0.0,0.0,0.0,0.0,0.81,0.0,0.1,0.0,0.0,0.0,0.0,0.0,0.0,0.0,0.0,0.09,0.0,0.0,0.0,0.0,0.0,0.0,0.0,0.0,0.81,0.0,0.1,0.0,0.0,0.0,0.0,0.0,0.0,0.0,0.0,0.09,0.0,0.0,hard,"{""ai_coding_innovations"": 0.1, ""ai_copyright_theft"": 0.8, ""ai_mass_surveillance"": 0.1}","{""ai_coding_innovations"": 0.1, ""ai_copyright_theft"": 0.81, ""ai_mass_surveillance"": 0.09}"
user_0402,surveillance_heavy,Mostly AI mass surveillance,100,0.0,0.0,0.0,0.0,0.0,0.0,0.11,0.0,0.15,0.0,0.0,0.0,0.0,0.0,0.0,0.0,0.0,0.74,0.0,0.0,0.0,0.0,0.0,0.0,0.0,0.0,0.11,0.0,0.15,0.0,0.0,0.0,0.0,0.0,0.0,0.0,0.0,0.74,0.0,0.0,hard,"{""ai_coding_innovations"": 0.1, ""ai_copyright_theft"": 0.1, ""ai_mass_surveillance"": 0.8}","{""ai_coding_innovations"": 0.15, ""ai_copyright_theft"": 0.11, ""ai_mass_surveillance"": 0.74}"
user_0403,balanced,Even across all topics,100,0.0,0.0,0.0,0.0,0.0,0.0,0.32,0.0,0.39,0.0,0.0,0.0,0.0,0.0,0.0,0.0,0.0,0.29,0.0,0.0,0.0,0.0,0.0,0.0,0.0,0.0,0.32,0.0,0.39,0.0,0.0,0.0,0.0,0.0,0.0,0.0,0.0,0.29,0.0,0.0,hard,"{""ai_coding_innovations"": 0.333333, ""ai_copyright_theft"": 0.333333, ""ai_mass_surveillance"": 0.333334}","{""ai_coding_innovations"": 0.39, ""ai_copyright_theft"": 0.32, ""ai_mass_surveillance"": 0.29}"
user_0404,coding_copyright,Split: coding + copyright,100,0.0,0.0,0.0,0.0,0.0,0.0,0.41,0.0,0.47,0.0,0.0,0.0,0.0,0.0,0.0,0.0,0.0,0.12,0.0,0.0,0.0,0.0,0.0,0.0,0.0,0.0,0.41,0.0,0.47,0.0,0.0,0.0,0.0,0.0,0.0,0.0,0.0,0.12,0.0,0.0,hard,"{""ai_coding_innovations"": 0.45, ""ai_copyright_theft"": 0.45, ""ai_mass_surveillance"": 0.1}","{""ai_coding_innovations"": 0.47, ""ai_copyright_theft"": 0.41, ""ai_mass_surveillance"": 0.12}"
user_0405,coding_surveillance,Split: coding + surveillance,100,0.0,0.0,0.0,0.0,0.0,0.0,0.14,0.0,0.43,0.0,0.0,0.0,0.0,0.0,0.0,0.0,0.0,0.43,0.0,0.0,0.0,0.0,0.0,0.0,0.0,0.0,0.14,0.0,0.43,0.0,0.0,0.0,0.0,0.0,0.0,0.0,0.0,0.43,0.0,0.0,hard,"{""ai_coding_innovations"": 0.45, ""ai_copyright_theft"": 0.1, ""ai_mass_surveillance"": 0.45}","{""ai_coding_innovations"": 0.43, ""ai_copyright_theft"": 0.14, ""ai_mass_surveillance"": 0.43}"
user_0406,copyright_surveillance,Split: copyright + surveillance,100,0.0,0.0,0.0,0.0,0.0,0.0,0.45,0.0,0.11,0.0,0.0,0.0,0.0,0.0,0.0,0.0,0.0,0.44,0.0,0.0,0.0,0.0,0.0,0.0,0.0,0.0,0.45,0.0,0.11,0.0,0.0,0.0,0.0,0.0,0.0,0.0,0.0,0.44,0.0,0.0,hard,"{""ai_coding_innovations"": 0.1, ""ai_copyright_theft"": 0.45, ""ai_mass_surveillance"": 0.45}","{""ai_coding_innovations"": 0.11, ""ai_copyright_theft"": 0.45, ""ai_mass_surveillance"": 0.44}"
user_0407,coding_heavy,Mostly AI coding innovations,100,0.0,0.0,0.0,0.0,0.0,0.0,0.09,0.0,0.81,0.0,0.0,0.0,0.0,0.0,0.0,0.0,0.0,0.1,0.0,0.0,0.0,0.0,0.0,0.0,0.0,0.0,0.09,0.0,0.81,0.0,0.0,0.0,0.0,0.0,0.0,0.0,0.0,0.1,0.0,0.0,hard,"{""ai_coding_innovations"": 0.8, ""ai_copyright_theft"": 0.1, ""ai_mass_surveillance"": 0.1}","{""ai_coding_innovations"": 0.81, ""ai_copyright_theft"": 0.09, ""ai_mass_surveillance"": 0.1}"
user_0408,copyright_heavy,Mostly AI copyright / theft concerns,100,0.0,0.0,0.0,0.0,0.0,0.0,0.74,0.0,0.15,0.0,0.0,0.0,0.0,0.0,0.0,0.0,0.0,0.11,0.0,0.0,0.0,0.0,0.0,0.0,0.0,0.0,0.74,0.0,0.15,0.0,0.0,0.0,0.0,0.0,0.0,0.0,0.0,0.11,0.0,0.0,hard,"{""ai_coding_innovations"": 0.1, ""ai_copyright_theft"": 0.8, ""ai_mass_surveillance"": 0.1}","{""ai_coding_innovations"": 0.15, ""ai_copyright_theft"": 0.74, ""ai_mass_surveillance"": 0.11}"
user_0409,surveillance_heavy,Mostly AI mass surveillance,100,0.0,0.0,0.0,0.0,0.0,0.0,0.05,0.0,0.12,0.0,0.0,0.0,0.0,0.0,0.0,0.0,0.0,0.83,0.0,0.0,0.0,0.0,0.0,0.0,0.0,0.0,0.05,0.0,0.12,0.0,0.0,0.0,0.0,0.0,0.0,0.0,0.0,0.83,0.0,0.0,hard,"{""ai_coding_innovations"": 0.1, ""ai_copyright_theft"": 0.1, ""ai_mass_surveillance"": 0.8}","{""ai_coding_innovations"": 0.12, ""ai_copyright_theft"": 0.05, ""ai_mass_surveillance"": 0.83}"
user_0410,balanced,Even across all topics,100,0.0,0.0,0.0,0.0,0.0,0.0,0.34,0.0,0.28,0.0,0.0,0.0,0.0,0.0,0.0,0.0,0.0,0.38,0.0,0.0,0.0,0.0,0.0,0.0,0.0,0.0,0.34,0.0,0.28,0.0,0.0,0.0,0.0,0.0,0.0,0.0,0.0,0.38,0.0,0.0,hard,"{""ai_coding_innovations"": 0.333333, ""ai_copyright_theft"": 0.333333, ""ai_mass_surveillance"": 0.333334}","{""ai_coding_innovations"": 0.28, ""ai_copyright_theft"": 0.34, ""ai_mass_surveillance"": 0.38}"
user_0411,coding_copyright,Split: coding + copyright,100,0.0,0.0,0.0,0.0,0.0,0.0,0.51,0.0,0.38,0.0,0.0,0.0,0.0,0.0,0.0,0.0,0.0,0.11,0.0,0.0,0.0,0.0,0.0,0.0,0.0,0.0,0.51,0.0,0.38,0.0,0.0,0.0,0.0,0.0,0.0,0.0,0.0,0.11,0.0,0.0,hard,"{""ai_coding_innovations"": 0.45, ""ai_copyright_theft"": 0.45, ""ai_mass_surveillance"": 0.1}","{""ai_coding_innovations"": 0.38, ""ai_copyright_theft"": 0.51, ""ai_mass_surveillance"": 0.11}"
user_0412,coding_surveillance,Split: coding + surveillance,100,0.0,0.0,0.0,0.0,0.0,0.0,0.1,0.0,0.44,0.0,0.0,0.0,0.0,0.0,0.0,0.0,0.0,0.46,0.0,0.0,0.0,0.0,0.0,0.0,0.0,0.0,0.1,0.0,0.44,0.0,0.0,0.0,0.0,0.0,0.0,0.0,0.0,0.46,0.0,0.0,hard,"{""ai_coding_innovations"": 0.45, ""ai_copyright_theft"": 0.1, ""ai_mass_surveillance"": 0.45}","{""ai_coding_innovations"": 0.44, ""ai_copyright_theft"": 0.1, ""ai_mass_surveillance"": 0.46}"
user_0413,copyright_surveillance,Split: copyright + surveillance,100,0.0,0.0,0.0,0.0,0.0,0.0,0.43,0.0,0.1,0.0,0.0,0.0,0.0,0.0,0.0,0.0,0.0,0.47,0.0,0.0,0.0,0.0,0.0,0.0,0.0,0.0,0.43,0.0,0.1,0.0,0.0,0.0,0.0,0.0,0.0,0.0,0.0,0.47,0.0,0.0,hard,"{""ai_coding_innovations"": 0.1, ""ai_copyright_theft"": 0.45, ""ai_mass_surveillance"": 0.45}","{""ai_coding_innovations"": 0.1, ""ai_copyright_theft"": 0.43, ""ai_mass_surveillance"": 0.47}"
user_0414,coding_heavy,Mostly AI coding innovations,100,0.0,0.0,0.0,0.0,0.0,0.0,0.13,0.0,0.74,0.0,0.0,0.0,0.0,0.0,0.0,0.0,0.0,0.13,0.0,0.0,0.0,0.0,0.0,0.0,0.0,0.0,0.13,0.0,0.74,0.0,0.0,0.0,0.0,0.0,0.0,0.0,0.0,0.13,0.0,0.0,hard,"{""ai_coding_innovations"": 0.8, ""ai_copyright_theft"": 0.1, ""ai_mass_surveillance"": 0.1}","{""ai_coding_innovations"": 0.74, ""ai_copyright_theft"": 0.13, ""ai_mass_surveillance"": 0.13}"
user_0415,copyright_heavy,Mostly AI copyright / theft concerns,100,0.0,0.0,0.0,0.0,0.0,0.0,0.75,0.0,0.13,0.0,0.0,0.0,0.0,0.0,0.0,0.0,0.0,0.12,0.0,0.0,0.0,0.0,0.0,0.0,0.0,0.0,0.75,0.0,0.13,0.0,0.0,0.0,0.0,0.0,0.0,0.0,0.0,0.12,0.0,0.0,hard,"{""ai_coding_innovations"": 0.1, ""ai_copyright_theft"": 0.8, ""ai_mass_surveillance"": 0.1}","{""ai_coding_innovations"": 0.13, ""ai_copyright_theft"": 0.75, ""ai_mass_surveillance"": 0.12}"
user_0416,surveillance_heavy,Mostly AI mass surveillance,100,0.0,0.0,0.0,0.0,0.0,0.0,0.07,0.0,0.15,0.0,0.0,0.0,0.0,0.0,0.0,0.0,0.0,0.78,0.0,0.0,0.0,0.0,0.0,0.0,0.0,0.0,0.07,0.0,0.15,0.0,0.0,0.0,0.0,0.0,0.0,0.0,0.0,0.78,0.0,0.0,hard,"{""ai_coding_innovations"": 0.1, ""ai_copyright_theft"": 0.1, ""ai_mass_surveillance"": 0.8}","{""ai_coding_innovations"": 0.15, ""ai_copyright_theft"": 0.07, ""ai_mass_surveillance"": 0.78}"
user_0417,balanced,Even across all topics,100,0.0,0.0,0.0,0.0,0.0,0.0,0.37,0.0,0.25,0.0,0.0,0.0,0.0,0.0,0.0,0.0,0.0,0.38,0.0,0.0,0.0,0.0,0.0,0.0,0.0,0.0,0.37,0.0,0.25,0.0,0.0,0.0,0.0,0.0,0.0,0.0,0.0,0.38,0.0,0.0,hard,"{""ai_coding_innovations"": 0.333333, ""ai_copyright_theft"": 0.333333, ""ai_mass_surveillance"": 0.333334}","{""ai_coding_innovations"": 0.25, ""ai_copyright_theft"": 0.37, ""ai_mass_surveillance"": 0.38}"
user_0418,coding_copyright,Split: coding + copyright,100,0.0,0.0,0.0,0.0,0.0,0.0,0.33,0.0,0.56,0.0,0.0,0.0,0.0,0.0,0.0,0.0,0.0,0.11,0.0,0.0,0.0,0.0,0.0,0.0,0.0,0.0,0.33,0.0,0.56,0.0,0.0,0.0,0.0,0.0,0.0,0.0,0.0,0.11,0.0,0.0,hard,"{""ai_coding_innovations"": 0.45, ""ai_copyright_theft"": 0.45, ""ai_mass_surveillance"": 0.1}","{""ai_coding_innovations"": 0.56, ""ai_copyright_theft"": 0.33, ""ai_mass_surveillance"": 0.11}"
user_0419,coding_surveillance,Split: coding + surveillance,100,0.0,0.0,0.0,0.0,0.0,0.0,0.12,0.0,0.48,0.0,0.0,0.0,0.0,0.0,0.0,0.0,0.0,0.4,0.0,0.0,0.0,0.0,0.0,0.0,0.0,0.0,0.12,0.0,0.48,0.0,0.0,0.0,0.0,0.0,0.0,0.0,0.0,0.4,0.0,0.0,hard,"{""ai_coding_innovations"": 0.45, ""ai_copyright_theft"": 0.1, ""ai_mass_surveillance"": 0.45}","{""ai_coding_innovations"": 0.48, ""ai_copyright_theft"": 0.12, ""ai_mass_surveillance"": 0.4}"
user_0420,copyright_surveillance,Split: copyright + surveillance,100,0.0,0.0,0.0,0.0,0.0,0.0,0.45,0.0,0.11,0.0,0.0,0.0,0.0,0.0,0.0,0.0,0.0,0.44,0.0,0.0,0.0,0.0,0.0,0.0,0.0,0.0,0.45,0.0,0.11,0.0,0.0,0.0,0.0,0.0,0.0,0.0,0.0,0.44,0.0,0.0,hard,"{""ai_coding_innovations"": 0.1, ""ai_copyright_theft"": 0.45, ""ai_mass_surveillance"": 0.45}","{""ai_coding_innovations"": 0.11, ""ai_copyright_theft"": 0.45, ""ai_mass_surveillance"": 0.44}"
user_0421,coding_heavy,Mostly AI coding innovations,100,0.0,0.0,0.0,0.0,0.0,0.0,0.07,0.0,0.82,0.0,0.0,0.0,0.0,0.0,0.0,0.0,0.0,0.11,0.0,0.0,0.0,0.0,0.0,0.0,0.0,0.0,0.07,0.0,0.82,0.0,0.0,0.0,0.0,0.0,0.0,0.0,0.0,0.11,0.0,0.0,hard,"{""ai_coding_innovations"": 0.8, ""ai_copyright_theft"": 0.1, ""ai_mass_surveillance"": 0.1}","{""ai_coding_innovations"": 0.82, ""ai_copyright_theft"": 0.07, ""ai_mass_surveillance"": 0.11}"
user_0422,copyright_heavy,Mostly AI copyright / theft concerns,100,0.0,0.0,0.0,0.0,0.0,0.0,0.79,0.0,0.07,0.0,0.0,0.0,0.0,0.0,0.0,0.0,0.0,0.14,0.0,0.0,0.0,0.0,0.0,0.0,0.0,0.0,0.79,0.0,0.07,0.0,0.0,0.0,0.0,0.0,0.0,0.0,0.0,0.14,0.0,0.0,hard,"{""ai_coding_innovations"": 0.1, ""ai_copyright_theft"": 0.8, ""ai_mass_surveillance"": 0.1}","{""ai_coding_innovations"": 0.07, ""ai_copyright_theft"": 0.79, ""ai_mass_surveillance"": 0.14}"
user_0423,surveillance_heavy,Mostly AI mass surveillance,100,0.0,0.0,0.0,0.0,0.0,0.0,0.13,0.0,0.08,0.0,0.0,0.0,0.0,0.0,0.0,0.0,0.0,0.79,0.0,0.0,0.0,0.0,0.0,0.0,0.0,0.0,0.13,0.0,0.08,0.0,0.0,0.0,0.0,0.0,0.0,0.0,0.0,0.79,0.0,0.0,hard,"{""ai_coding_innovations"": 0.1, ""ai_copyright_theft"": 0.1, ""ai_mass_surveillance"": 0.8}","{""ai_coding_innovations"": 0.08, ""ai_copyright_theft"": 0.13, ""ai_mass_surveillance"": 0.79}"
user_0424,balanced,Even across all topics,100,0.0,0.0,0.0,0.0,0.0,0.0,0.43,0.0,0.26,0.0,0.0,0.0,0.0,0.0,0.0,0.0,0.0,0.31,0.0,0.0,0.0,0.0,0.0,0.0,0.0,0.0,0.43,0.0,0.26,0.0,0.0,0.0,0.0,0.0,0.0,0.0,0.0,0.31,0.0,0.0,hard,"{""ai_coding_innovations"": 0.333333, ""ai_copyright_theft"": 0.333333, ""ai_mass_surveillance"": 0.333334}","{""ai_coding_innovations"": 0.26, ""ai_copyright_theft"": 0.43, ""ai_mass_surveillance"": 0.31}"
user_0425,coding_copyright,Split: coding + copyright,100,0.0,0.0,0.0,0.0,0.0,0.0,0.42,0.0,0.46,0.0,0.0,0.0,0.0,0.0,0.0,0.0,0.0,0.12,0.0,0.0,0.0,0.0,0.0,0.0,0.0,0.0,0.42,0.0,0.46,0.0,0.0,0.0,0.0,0.0,0.0,0.0,0.0,0.12,0.0,0.0,hard,"{""ai_coding_innovations"": 0.45, ""ai_copyright_theft"": 0.45, ""ai_mass_surveillance"": 0.1}","{""ai_coding_innovations"": 0.46, ""ai_copyright_theft"": 0.42, ""ai_mass_surveillance"": 0.12}"
user_0426,coding_surveillance,Split: coding + surveillance,100,0.0,0.0,0.0,0.0,0.0,0.0,0.12,0.0,0.38,0.0,0.0,0.0,0.0,0.0,0.0,0.0,0.0,0.5,0.0,0.0,0.0,0.0,0.0,0.0,0.0,0.0,0.12,0.0,0.38,0.0,0.0,0.0,0.0,0.0,0.0,0.0,0.0,0.5,0.0,0.0,hard,"{""ai_coding_innovations"": 0.45, ""ai_copyright_theft"": 0.1, ""ai_mass_surveillance"": 0.45}","{""ai_coding_innovations"": 0.38, ""ai_copyright_theft"": 0.12, ""ai_mass_surveillance"": 0.5}"
user_0427,copyright_surveillance,Split: copyright + surveillance,100,0.0,0.0,0.0,0.0,0.0,0.0,0.38,0.0,0.08,0.0,0.0,0.0,0.0,0.0,0.0,0.0,0.0,0.54,0.0,0.0,0.0,0.0,0.0,0.0,0.0,0.0,0.38,0.0,0.08,0.0,0.0,0.0,0.0,0.0,0.0,0.0,0.0,0.54,0.0,0.0,hard,"{""ai_coding_innovations"": 0.1, ""ai_copyright_theft"": 0.45, ""ai_mass_surveillance"": 0.45}","{""ai_coding_innovations"": 0.08, ""ai_copyright_theft"": 0.38, ""ai_mass_surveillance"": 0.54}"
user_0428,coding_heavy,Mostly AI coding innovations,100,0.0,0.0,0.0,0.0,0.0,0.0,0.15,0.0,0.75,0.0,0.0,0.0,0.0,0.0,0.0,0.0,0.0,0.1,0.0,0.0,0.0,0.0,0.0,0.0,0.0,0.0,0.15,0.0,0.75,0.0,0.0,0.0,0.0,0.0,0.0,0.0,0.0,0.1,0.0,0.0,hard,"{""ai_coding_innovations"": 0.8, ""ai_copyright_theft"": 0.1, ""ai_mass_surveillance"": 0.1}","{""ai_coding_innovations"": 0.75, ""ai_copyright_theft"": 0.15, ""ai_mass_surveillance"": 0.1}"
user_0429,copyright_heavy,Mostly AI copyright / theft concerns,100,0.0,0.0,0.0,0.0,0.0,0.0,0.84,0.0,0.08,0.0,0.0,0.0,0.0,0.0,0.0,0.0,0.0,0.08,0.0,0.0,0.0,0.0,0.0,0.0,0.0,0.0,0.84,0.0,0.08,0.0,0.0,0.0,0.0,0.0,0.0,0.0,0.0,0.08,0.0,0.0,hard,"{""ai_coding_innovations"": 0.1, ""ai_copyright_theft"": 0.8, ""ai_mass_surveillance"": 0.1}","{""ai_coding_innovations"": 0.08, ""ai_copyright_theft"": 0.84, ""ai_mass_surveillance"": 0.08}"
user_0430,surveillance_heavy,Mostly AI mass surveillance,100,0.0,0.0,0.0,0.0,0.0,0.0,0.12,0.0,0.04,0.0,0.0,0.0,0.0,0.0,0.0,0.0,0.0,0.84,0.0,0.0,0.0,0.0,0.0,0.0,0.0,0.0,0.12,0.0,0.04,0.0,0.0,0.0,0.0,0.0,0.0,0.0,0.0,0.84,0.0,0.0,hard,"{""ai_coding_innovations"": 0.1, ""ai_copyright_theft"": 0.1, ""ai_mass_surveillance"": 0.8}","{""ai_coding_innovations"": 0.04, ""ai_copyright_theft"": 0.12, ""ai_mass_surveillance"": 0.84}"
user_0431,balanced,Even across all topics,100,0.0,0.0,0.0,0.0,0.0,0.0,0.3,0.0,0.36,0.0,0.0,0.0,0.0,0.0,0.0,0.0,0.0,0.34,0.0,0.0,0.0,0.0,0.0,0.0,0.0,0.0,0.3,0.0,0.36,0.0,0.0,0.0,0.0,0.0,0.0,0.0,0.0,0.34,0.0,0.0,hard,"{""ai_coding_innovations"": 0.333333, ""ai_copyright_theft"": 0.333333, ""ai_mass_surveillance"": 0.333334}","{""ai_coding_innovations"": 0.36, ""ai_copyright_theft"": 0.3, ""ai_mass_surveillance"": 0.34}"
user_0432,coding_copyright,Split: coding + copyright,100,0.0,0.0,0.0,0.0,0.0,0.0,0.37,0.0,0.51,0.0,0.0,0.0,0.0,0.0,0.0,0.0,0.0,0.12,0.0,0.0,0.0,0.0,0.0,0.0,0.0,0.0,0.37,0.0,0.51,0.0,0.0,0.0,0.0,0.0,0.0,0.0,0.0,0.12,0.0,0.0,hard,"{""ai_coding_innovations"": 0.45, ""ai_copyright_theft"": 0.45, ""ai_mass_surveillance"": 0.1}","{""ai_coding_innovations"": 0.51, ""ai_copyright_theft"": 0.37, ""ai_mass_surveillance"": 0.12}"
user_0433,coding_surveillance,Split: coding + surveillance,100,0.0,0.0,0.0,0.0,0.0,0.0,0.13,0.0,0.43,0.0,0.0,0.0,0.0,0.0,0.0,0.0,0.0,0.44,0.0,0.0,0.0,0.0,0.0,0.0,0.0,0.0,0.13,0.0,0.43,0.0,0.0,0.0,0.0,0.0,0.0,0.0,0.0,0.44,0.0,0.0,hard,"{""ai_coding_innovations"": 0.45, ""ai_copyright_theft"": 0.1, ""ai_mass_surveillance"": 0.45}","{""ai_coding_innovations"": 0.43, ""ai_copyright_theft"": 0.13, ""ai_mass_surveillance"": 0.44}"
user_0434,copyright_surveillance,Split: copyright + surveillance,100,0.0,0.0,0.0,0.0,0.0,0.0,0.52,0.0,0.08,0.0,0.0,0.0,0.0,0.0,0.0,0.0,0.0,0.4,0.0,0.0,0.0,0.0,0.0,0.0,0.0,0.0,0.52,0.0,0.08,0.0,0.0,0.0,0.0,0.0,0.0,0.0,0.0,0.4,0.0,0.0,hard,"{""ai_coding_innovations"": 0.1, ""ai_copyright_theft"": 0.45, ""ai_mass_surveillance"": 0.45}","{""ai_coding_innovations"": 0.08, ""ai_copyright_theft"": 0.52, ""ai_mass_surveillance"": 0.4}"
user_0435,coding_heavy,Mostly AI coding innovations,100,0.0,0.0,0.0,0.0,0.0,0.0,0.11,0.0,0.78,0.0,0.0,0.0,0.0,0.0,0.0,0.0,0.0,0.11,0.0,0.0,0.0,0.0,0.0,0.0,0.0,0.0,0.11,0.0,0.78,0.0,0.0,0.0,0.0,0.0,0.0,0.0,0.0,0.11,0.0,0.0,hard,"{""ai_coding_innovations"": 0.8, ""ai_copyright_theft"": 0.1, ""ai_mass_surveillance"": 0.1}","{""ai_coding_innovations"": 0.78, ""ai_copyright_theft"": 0.11, ""ai_mass_surveillance"": 0.11}"
user_0436,copyright_heavy,Mostly AI copyright / theft concerns,100,0.0,0.0,0.0,0.0,0.0,0.0,0.8,0.0,0.11,0.0,0.0,0.0,0.0,0.0,0.0,0.0,0.0,0.09,0.0,0.0,0.0,0.0,0.0,0.0,0.0,0.0,0.8,0.0,0.11,0.0,0.0,0.0,0.0,0.0,0.0,0.0,0.0,0.09,0.0,0.0,hard,"{""ai_coding_innovations"": 0.1, ""ai_copyright_theft"": 0.8, ""ai_mass_surveillance"": 0.1}","{""ai_coding_innovations"": 0.11, ""ai_copyright_theft"": 0.8, ""ai_mass_surveillance"": 0.09}"
user_0437,surveillance_heavy,Mostly AI mass surveillance,100,0.0,0.0,0.0,0.0,0.0,0.0,0.1,0.0,0.08,0.0,0.0,0.0,0.0,0.0,0.0,0.0,0.0,0.82,0.0,0.0,0.0,0.0,0.0,0.0,0.0,0.0,0.1,0.0,0.08,0.0,0.0,0.0,0.0,0.0,0.0,0.0,0.0,0.82,0.0,0.0,hard,"{""ai_coding_innovations"": 0.1, ""ai_copyright_theft"": 0.1, ""ai_mass_surveillance"": 0.8}","{""ai_coding_innovations"": 0.08, ""ai_copyright_theft"": 0.1, ""ai_mass_surveillance"": 0.82}"
user_0438,balanced,Even across all topics,100,0.0,0.0,0.0,0.0,0.0,0.0,0.4,0.0,0.27,0.0,0.0,0.0,0.0,0.0,0.0,0.0,0.0,0.33,0.0,0.0,0.0,0.0,0.0,0.0,0.0,0.0,0.4,0.0,0.27,0.0,0.0,0.0,0.0,0.0,0.0,0.0,0.0,0.33,0.0,0.0,hard,"{""ai_coding_innovations"": 0.333333, ""ai_copyright_theft"": 0.333333, ""ai_mass_surveillance"": 0.333334}","{""ai_coding_innovations"": 0.27, ""ai_copyright_theft"": 0.4, ""ai_mass_surveillance"": 0.33}"
user_0439,coding_copyright,Split: coding + copyright,100,0.0,0.0,0.0,0.0,0.0,0.0,0.44,0.0,0.46,0.0,0.0,0.0,0.0,0.0,0.0,0.0,0.0,0.1,0.0,0.0,0.0,0.0,0.0,0.0,0.0,0.0,0.44,0.0,0.46,0.0,0.0,0.0,0.0,0.0,0.0,0.0,0.0,0.1,0.0,0.0,hard,"{""ai_coding_innovations"": 0.45, ""ai_copyright_theft"": 0.45, ""ai_mass_surveillance"": 0.1}","{""ai_coding_innovations"": 0.46, ""ai_copyright_theft"": 0.44, ""ai_mass_surveillance"": 0.1}"
user_0440,coding_surveillance,Split: coding + surveillance,100,0.0,0.0,0.0,0.0,0.0,0.0,0.15,0.0,0.45,0.0,0.0,0.0,0.0,0.0,0.0,0.0,0.0,0.4,0.0,0.0,0.0,0.0,0.0,0.0,0.0,0.0,0.15,0.0,0.45,0.0,0.0,0.0,0.0,0.0,0.0,0.0,0.0,0.4,0.0,0.0,hard,"{""ai_coding_innovations"": 0.45, ""ai_copyright_theft"": 0.1, ""ai_mass_surveillance"": 0.45}","{""ai_coding_innovations"": 0.45, ""ai_copyright_theft"": 0.15, ""ai_mass_surveillance"": 0.4}"
user_0441,copyright_surveillance,Split: copyright + surveillance,100,0.0,0.0,0.0,0.0,0.0,0.0,0.5,0.0,0.05,0.0,0.0,0.0,0.0,0.0,0.0,0.0,0.0,0.45,0.0,0.0,0.0,0.0,0.0,0.0,0.0,0.0,0.5,0.0,0.05,0.0,0.0,0.0,0.0,0.0,0.0,0.0,0.0,0.45,0.0,0.0,hard,"{""ai_coding_innovations"": 0.1, ""ai_copyright_theft"": 0.45, ""ai_mass_surveillance"": 0.45}","{""ai_coding_innovations"": 0.05, ""ai_copyright_theft"": 0.5, ""ai_mass_surveillance"": 0.45}"
user_0442,coding_heavy,Mostly AI coding innovations,100,0.0,0.0,0.0,0.0,0.0,0.0,0.06,0.0,0.8,0.0,0.0,0.0,0.0,0.0,0.0,0.0,0.0,0.14,0.0,0.0,0.0,0.0,0.0,0.0,0.0,0.0,0.06,0.0,0.8,0.0,0.0,0.0,0.0,0.0,0.0,0.0,0.0,0.14,0.0,0.0,hard,"{""ai_coding_innovations"": 0.8, ""ai_copyright_theft"": 0.1, ""ai_mass_surveillance"": 0.1}","{""ai_coding_innovations"": 0.8, ""ai_copyright_theft"": 0.06, ""ai_mass_surveillance"": 0.14}"
user_0443,copyright_heavy,Mostly AI copyright / theft concerns,100,0.0,0.0,0.0,0.0,0.0,0.0,0.81,0.0,0.09,0.0,0.0,0.0,0.0,0.0,0.0,0.0,0.0,0.1,0.0,0.0,0.0,0.0,0.0,0.0,0.0,0.0,0.81,0.0,0.09,0.0,0.0,0.0,0.0,0.0,0.0,0.0,0.0,0.1,0.0,0.0,hard,"{""ai_coding_innovations"": 0.1, ""ai_copyright_theft"": 0.8, ""ai_mass_surveillance"": 0.1}","{""ai_coding_innovations"": 0.09, ""ai_copyright_theft"": 0.81, ""ai_mass_surveillance"": 0.1}"
user_0444,surveillance_heavy,Mostly AI mass surveillance,100,0.0,0.0,0.0,0.0,0.0,0.0,0.1,0.0,0.12,0.0,0.0,0.0,0.0,0.0,0.0,0.0,0.0,0.78,0.0,0.0,0.0,0.0,0.0,0.0,0.0,0.0,0.1,0.0,0.12,0.0,0.0,0.0,0.0,0.0,0.0,0.0,0.0,0.78,0.0,0.0,hard,"{""ai_coding_innovations"": 0.1, ""ai_copyright_theft"": 0.1, ""ai_mass_surveillance"": 0.8}","{""ai_coding_innovations"": 0.12, ""ai_copyright_theft"": 0.1, ""ai_mass_surveillance"": 0.78}"
user_0445,balanced,Even across all topics,100,0.0,0.0,0.0,0.0,0.0,0.0,0.33,0.0,0.4,0.0,0.0,0.0,0.0,0.0,0.0,0.0,0.0,0.27,0.0,0.0,0.0,0.0,0.0,0.0,0.0,0.0,0.33,0.0,0.4,0.0,0.0,0.0,0.0,0.0,0.0,0.0,0.0,0.27,0.0,0.0,hard,"{""ai_coding_innovations"": 0.333333, ""ai_copyright_theft"": 0.333333, ""ai_mass_surveillance"": 0.333334}","{""ai_coding_innovations"": 0.4, ""ai_copyright_theft"": 0.33, ""ai_mass_surveillance"": 0.27}"
user_0446,coding_copyright,Split: coding + copyright,100,0.0,0.0,0.0,0.0,0.0,0.0,0.33,0.0,0.54,0.0,0.0,0.0,0.0,0.0,0.0,0.0,0.0,0.13,0.0,0.0,0.0,0.0,0.0,0.0,0.0,0.0,0.33,0.0,0.54,0.0,0.0,0.0,0.0,0.0,0.0,0.0,0.0,0.13,0.0,0.0,hard,"{""ai_coding_innovations"": 0.45, ""ai_copyright_theft"": 0.45, ""ai_mass_surveillance"": 0.1}","{""ai_coding_innovations"": 0.54, ""ai_copyright_theft"": 0.33, ""ai_mass_surveillance"": 0.13}"
user_0447,coding_surveillance,Split: coding + surveillance,100,0.0,0.0,0.0,0.0,0.0,0.0,0.08,0.0,0.42,0.0,0.0,0.0,0.0,0.0,0.0,0.0,0.0,0.5,0.0,0.0,0.0,0.0,0.0,0.0,0.0,0.0,0.08,0.0,0.42,0.0,0.0,0.0,0.0,0.0,0.0,0.0,0.0,0.5,0.0,0.0,hard,"{""ai_coding_innovations"": 0.45, ""ai_copyright_theft"": 0.1, ""ai_mass_surveillance"": 0.45}","{""ai_coding_innovations"": 0.42, ""ai_copyright_theft"": 0.08, ""ai_mass_surveillance"": 0.5}"
user_0448,copyright_surveillance,Split: copyright + surveillance,100,0.0,0.0,0.0,0.0,0.0,0.0,0.38,0.0,0.09,0.0,0.0,0.0,0.0,0.0,0.0,0.0,0.0,0.53,0.0,0.0,0.0,0.0,0.0,0.0,0.0,0.0,0.38,0.0,0.09,0.0,0.0,0.0,0.0,0.0,0.0,0.0,0.0,0.53,0.0,0.0,hard,"{""ai_coding_innovations"": 0.1, ""ai_copyright_theft"": 0.45, ""ai_mass_surveillance"": 0.45}","{""ai_coding_innovations"": 0.09, ""ai_copyright_theft"": 0.38, ""ai_mass_surveillance"": 0.53}"
user_0449,coding_heavy,Mostly AI coding innovations,100,0.0,0.0,0.0,0.0,0.0,0.0,0.13,0.0,0.77,0.0,0.0,0.0,0.0,0.0,0.0,0.0,0.0,0.1,0.0,0.0,0.0,0.0,0.0,0.0,0.0,0.0,0.13,0.0,0.77,0.0,0.0,0.0,0.0,0.0,0.0,0.0,0.0,0.1,0.0,0.0,hard,"{""ai_coding_innovations"": 0.8, ""ai_copyright_theft"": 0.1, ""ai_mass_surveillance"": 0.1}","{""ai_coding_innovations"": 0.77, ""ai_copyright_theft"": 0.13, ""ai_mass_surveillance"": 0.1}"
user_0450,copyright_heavy,Mostly AI copyright / theft concerns,100,0.0,0.0,0.0,0.0,0.0,0.0,0.83,0.0,0.08,0.0,0.0,0.0,0.0,0.0,0.0,0.0,0.0,0.09,0.0,0.0,0.0,0.0,0.0,0.0,0.0,0.0,0.83,0.0,0.08,0.0,0.0,0.0,0.0,0.0,0.0,0.0,0.0,0.09,0.0,0.0,hard,"{""ai_coding_innovations"": 0.1, ""ai_copyright_theft"": 0.8, ""ai_mass_surveillance"": 0.1}","{""ai_coding_innovations"": 0.08, ""ai_copyright_theft"": 0.83, ""ai_mass_surveillance"": 0.09}"
user_0451,surveillance_heavy,Mostly AI mass surveillance,100,0.0,0.0,0.0,0.0,0.0,0.0,0.04,0.0,0.16,0.0,0.0,0.0,0.0,0.0,0.0,0.0,0.0,0.8,0.0,0.0,0.0,0.0,0.0,0.0,0.0,0.0,0.04,0.0,0.16,0.0,0.0,0.0,0.0,0.0,0.0,0.0,0.0,0.8,0.0,0.0,hard,"{""ai_coding_innovations"": 0.1, ""ai_copyright_theft"": 0.1, ""ai_mass_surveillance"": 0.8}","{""ai_coding_innovations"": 0.16, ""ai_copyright_theft"": 0.04, ""ai_mass_surveillance"": 0.8}"
user_0452,balanced,Even across all topics,100,0.0,0.0,0.0,0.0,0.0,0.0,0.41,0.0,0.32,0.0,0.0,0.0,0.0,0.0,0.0,0.0,0.0,0.27,0.0,0.0,0.0,0.0,0.0,0.0,0.0,0.0,0.41,0.0,0.32,0.0,0.0,0.0,0.0,0.0,0.0,0.0,0.0,0.27,0.0,0.0,hard,"{""ai_coding_innovations"": 0.333333, ""ai_copyright_theft"": 0.333333, ""ai_mass_surveillance"": 0.333334}","{""ai_coding_innovations"": 0.32, ""ai_copyright_theft"": 0.41, ""ai_mass_surveillance"": 0.27}"
user_0453,coding_copyright,Split: coding + copyright,100,0.0,0.0,0.0,0.0,0.0,0.0,0.49,0.0,0.39,0.0,0.0,0.0,0.0,0.0,0.0,0.0,0.0,0.12,0.0,0.0,0.0,0.0,0.0,0.0,0.0,0.0,0.49,0.0,0.39,0.0,0.0,0.0,0.0,0.0,0.0,0.0,0.0,0.12,0.0,0.0,hard,"{""ai_coding_innovations"": 0.45, ""ai_copyright_theft"": 0.45, ""ai_mass_surveillance"": 0.1}","{""ai_coding_innovations"": 0.39, ""ai_copyright_theft"": 0.49, ""ai_mass_surveillance"": 0.12}"
user_0454,coding_surveillance,Split: coding + surveillance,100,0.0,0.0,0.0,0.0,0.0,0.0,0.06,0.0,0.46,0.0,0.0,0.0,0.0,0.0,0.0,0.0,0.0,0.48,0.0,0.0,0.0,0.0,0.0,0.0,0.0,0.0,0.06,0.0,0.46,0.0,0.0,0.0,0.0,0.0,0.0,0.0,0.0,0.48,0.0,0.0,hard,"{""ai_coding_innovations"": 0.45, ""ai_copyright_theft"": 0.1, ""ai_mass_surveillance"": 0.45}","{""ai_coding_innovations"": 0.46, ""ai_copyright_theft"": 0.06, ""ai_mass_surveillance"": 0.48}"
user_0455,copyright_surveillance,Split: copyright + surveillance,100,0.0,0.0,0.0,0.0,0.0,0.0,0.36,0.0,0.18,0.0,0.0,0.0,0.0,0.0,0.0,0.0,0.0,0.46,0.0,0.0,0.0,0.0,0.0,0.0,0.0,0.0,0.36,0.0,0.18,0.0,0.0,0.0,0.0,0.0,0.0,0.0,0.0,0.46,0.0,0.0,hard,"{""ai_coding_innovations"": 0.1, ""ai_copyright_theft"": 0.45, ""ai_mass_surveillance"": 0.45}","{""ai_coding_innovations"": 0.18, ""ai_copyright_theft"": 0.36, ""ai_mass_surveillance"": 0.46}"
user_0456,coding_heavy,Mostly AI coding innovations,100,0.0,0.0,0.0,0.0,0.0,0.0,0.1,0.0,0.85,0.0,0.0,0.0,0.0,0.0,0.0,0.0,0.0,0.05,0.0,0.0,0.0,0.0,0.0,0.0,0.0,0.0,0.1,0.0,0.85,0.0,0.0,0.0,0.0,0.0,0.0,0.0,0.0,0.05,0.0,0.0,hard,"{""ai_coding_innovations"": 0.8, ""ai_copyright_theft"": 0.1, ""ai_mass_surveillance"": 0.1}","{""ai_coding_innovations"": 0.85, ""ai_copyright_theft"": 0.1, ""ai_mass_surveillance"": 0.05}"
user_0457,copyright_heavy,Mostly AI copyright / theft concerns,100,0.0,0.0,0.0,0.0,0.0,0.0,0.77,0.0,0.12,0.0,0.0,0.0,0.0,0.0,0.0,0.0,0.0,0.11,0.0,0.0,0.0,0.0,0.0,0.0,0.0,0.0,0.77,0.0,0.12,0.0,0.0,0.0,0.0,0.0,0.0,0.0,0.0,0.11,0.0,0.0,hard,"{""ai_coding_innovations"": 0.1, ""ai_copyright_theft"": 0.8, ""ai_mass_surveillance"": 0.1}","{""ai_coding_innovations"": 0.12, ""ai_copyright_theft"": 0.77, ""ai_mass_surveillance"": 0.11}"
user_0458,surveillance_heavy,Mostly AI mass surveillance,100,0.0,0.0,0.0,0.0,0.0,0.0,0.07,0.0,0.1,0.0,0.0,0.0,0.0,0.0,0.0,0.0,0.0,0.83,0.0,0.0,0.0,0.0,0.0,0.0,0.0,0.0,0.07,0.0,0.1,0.0,0.0,0.0,0.0,0.0,0.0,0.0,0.0,0.83,0.0,0.0,hard,"{""ai_coding_innovations"": 0.1, ""ai_copyright_theft"": 0.1, ""ai_mass_surveillance"": 0.8}","{""ai_coding_innovations"": 0.1, ""ai_copyright_theft"": 0.07, ""ai_mass_surveillance"": 0.83}"
user_0459,balanced,Even across all topics,100,0.0,0.0,0.0,0.0,0.0,0.0,0.32,0.0,0.34,0.0,0.0,0.0,0.0,0.0,0.0,0.0,0.0,0.34,0.0,0.0,0.0,0.0,0.0,0.0,0.0,0.0,0.32,0.0,0.34,0.0,0.0,0.0,0.0,0.0,0.0,0.0,0.0,0.34,0.0,0.0,hard,"{""ai_coding_innovations"": 0.333333, ""ai_copyright_theft"": 0.333333, ""ai_mass_surveillance"": 0.333334}","{""ai_coding_innovations"": 0.34, ""ai_copyright_theft"": 0.32, ""ai_mass_surveillance"": 0.34}"
user_0460,coding_copyright,Split: coding + copyright,100,0.0,0.0,0.0,0.0,0.0,0.0,0.52,0.0,0.35,0.0,0.0,0.0,0.0,0.0,0.0,0.0,0.0,0.13,0.0,0.0,0.0,0.0,0.0,0.0,0.0,0.0,0.52,0.0,0.35,0.0,0.0,0.0,0.0,0.0,0.0,0.0,0.0,0.13,0.0,0.0,hard,"{""ai_coding_innovations"": 0.45, ""ai_copyright_theft"": 0.45, ""ai_mass_surveillance"": 0.1}","{""ai_coding_innovations"": 0.35, ""ai_copyright_theft"": 0.52, ""ai_mass_surveillance"": 0.13}"
user_0461,coding_surveillance,Split: coding + surveillance,100,0.0,0.0,0.0,0.0,0.0,0.0,0.13,0.0,0.4,0.0,0.0,0.0,0.0,0.0,0.0,0.0,0.0,0.47,0.0,0.0,0.0,0.0,0.0,0.0,0.0,0.0,0.13,0.0,0.4,0.0,0.0,0.0,0.0,0.0,0.0,0.0,0.0,0.47,0.0,0.0,hard,"{""ai_coding_innovations"": 0.45, ""ai_copyright_theft"": 0.1, ""ai_mass_surveillance"": 0.45}","{""ai_coding_innovations"": 0.4, ""ai_copyright_theft"": 0.13, ""ai_mass_surveillance"": 0.47}"
user_0462,copyright_surveillance,Split: copyright + surveillance,100,0.0,0.0,0.0,0.0,0.0,0.0,0.42,0.0,0.13,0.0,0.0,0.0,0.0,0.0,0.0,0.0,0.0,0.45,0.0,0.0,0.0,0.0,0.0,0.0,0.0,0.0,0.42,0.0,0.13,0.0,0.0,0.0,0.0,0.0,0.0,0.0,0.0,0.45,0.0,0.0,hard,"{""ai_coding_innovations"": 0.1, ""ai_copyright_theft"": 0.45, ""ai_mass_surveillance"": 0.45}","{""ai_coding_innovations"": 0.13, ""ai_copyright_theft"": 0.42, ""ai_mass_surveillance"": 0.45}"
user_0463,coding_heavy,Mostly AI coding innovations,100,0.0,0.0,0.0,0.0,0.0,0.0,0.11,0.0,0.78,0.0,0.0,0.0,0.0,0.0,0.0,0.0,0.0,0.11,0.0,0.0,0.0,0.0,0.0,0.0,0.0,0.0,0.11,0.0,0.78,0.0,0.0,0.0,0.0,0.0,0.0,0.0,0.0,0.11,0.0,0.0,hard,"{""ai_coding_innovations"": 0.8, ""ai_copyright_theft"": 0.1, ""ai_mass_surveillance"": 0.1}","{""ai_coding_innovations"": 0.78, ""ai_copyright_theft"": 0.11, ""ai_mass_surveillance"": 0.11}"
user_0464,copyright_heavy,Mostly AI copyright / theft concerns,100,0.0,0.0,0.0,0.0,0.0,0.0,0.78,0.0,0.05,0.0,0.0,0.0,0.0,0.0,0.0,0.0,0.0,0.17,0.0,0.0,0.0,0.0,0.0,0.0,0.0,0.0,0.78,0.0,0.05,0.0,0.0,0.0,0.0,0.0,0.0,0.0,0.0,0.17,0.0,0.0,hard,"{""ai_coding_innovations"": 0.1, ""ai_copyright_theft"": 0.8, ""ai_mass_surveillance"": 0.1}","{""ai_coding_innovations"": 0.05, ""ai_copyright_theft"": 0.78, ""ai_mass_surveillance"": 0.17}"
user_0465,surveillance_heavy,Mostly AI mass surveillance,100,0.0,0.0,0.0,0.0,0.0,0.0,0.05,0.0,0.1,0.0,0.0,0.0,0.0,0.0,0.0,0.0,0.0,0.85,0.0,0.0,0.0,0.0,0.0,0.0,0.0,0.0,0.05,0.0,0.1,0.0,0.0,0.0,0.0,0.0,0.0,0.0,0.0,0.85,0.0,0.0,hard,"{""ai_coding_innovations"": 0.1, ""ai_copyright_theft"": 0.1, ""ai_mass_surveillance"": 0.8}","{""ai_coding_innovations"": 0.1, ""ai_copyright_theft"": 0.05, ""ai_mass_surveillance"": 0.85}"
user_0466,balanced,Even across all topics,100,0.0,0.0,0.0,0.0,0.0,0.0,0.34,0.0,0.33,0.0,0.0,0.0,0.0,0.0,0.0,0.0,0.0,0.33,0.0,0.0,0.0,0.0,0.0,0.0,0.0,0.0,0.34,0.0,0.33,0.0,0.0,0.0,0.0,0.0,0.0,0.0,0.0,0.33,0.0,0.0,hard,"{""ai_coding_innovations"": 0.333333, ""ai_copyright_theft"": 0.333333, ""ai_mass_surveillance"": 0.333334}","{""ai_coding_innovations"": 0.33, ""ai_copyright_theft"": 0.34, ""ai_mass_surveillance"": 0.33}"
user_0467,coding_copyright,Split: coding + copyright,100,0.0,0.0,0.0,0.0,0.0,0.0,0.49,0.0,0.4,0.0,0.0,0.0,0.0,0.0,0.0,0.0,0.0,0.11,0.0,0.0,0.0,0.0,0.0,0.0,0.0,0.0,0.49,0.0,0.4,0.0,0.0,0.0,0.0,0.0,0.0,0.0,0.0,0.11,0.0,0.0,hard,"{""ai_coding_innovations"": 0.45, ""ai_copyright_theft"": 0.45, ""ai_mass_surveillance"": 0.1}","{""ai_coding_innovations"": 0.4, ""ai_copyright_theft"": 0.49, ""ai_mass_surveillance"": 0.11}"
user_0468,coding_surveillance,Split: coding + surveillance,100,0.0,0.0,0.0,0.0,0.0,0.0,0.12,0.0,0.46,0.0,0.0,0.0,0.0,0.0,0.0,0.0,0.0,0.42,0.0,0.0,0.0,0.0,0.0,0.0,0.0,0.0,0.12,0.0,0.46,0.0,0.0,0.0,0.0,0.0,0.0,0.0,0.0,0.42,0.0,0.0,hard,"{""ai_coding_innovations"": 0.45, ""ai_copyright_theft"": 0.1, ""ai_mass_surveillance"": 0.45}","{""ai_coding_innovations"": 0.46, ""ai_copyright_theft"": 0.12, ""ai_mass_surveillance"": 0.42}"
user_0469,copyright_surveillance,Split: copyright + surveillance,100,0.0,0.0,0.0,0.0,0.0,0.0,0.46,0.0,0.11,0.0,0.0,0.0,0.0,0.0,0.0,0.0,0.0,0.43,0.0,0.0,0.0,0.0,0.0,0.0,0.0,0.0,0.46,0.0,0.11,0.0,0.0,0.0,0.0,0.0,0.0,0.0,0.0,0.43,0.0,0.0,hard,"{""ai_coding_innovations"": 0.1, ""ai_copyright_theft"": 0.45, ""ai_mass_surveillance"": 0.45}","{""ai_coding_innovations"": 0.11, ""ai_copyright_theft"": 0.46, ""ai_mass_surveillance"": 0.43}"
user_0470,coding_heavy,Mostly AI coding innovations,100,0.0,0.0,0.0,0.0,0.0,0.0,0.09,0.0,0.82,0.0,0.0,0.0,0.0,0.0,0.0,0.0,0.0,0.09,0.0,0.0,0.0,0.0,0.0,0.0,0.0,0.0,0.09,0.0,0.82,0.0,0.0,0.0,0.0,0.0,0.0,0.0,0.0,0.09,0.0,0.0,hard,"{""ai_coding_innovations"": 0.8, ""ai_copyright_theft"": 0.1, ""ai_mass_surveillance"": 0.1}","{""ai_coding_innovations"": 0.82, ""ai_copyright_theft"": 0.09, ""ai_mass_surveillance"": 0.09}"
user_0471,copyright_heavy,Mostly AI copyright / theft concerns,100,0.0,0.0,0.0,0.0,0.0,0.0,0.84,0.0,0.1,0.0,0.0,0.0,0.0,0.0,0.0,0.0,0.0,0.06,0.0,0.0,0.0,0.0,0.0,0.0,0.0,0.0,0.84,0.0,0.1,0.0,0.0,0.0,0.0,0.0,0.0,0.0,0.0,0.06,0.0,0.0,hard,"{""ai_coding_innovations"": 0.1, ""ai_copyright_theft"": 0.8, ""ai_mass_surveillance"": 0.1}","{""ai_coding_innovations"": 0.1, ""ai_copyright_theft"": 0.84, ""ai_mass_surveillance"": 0.06}"
user_0472,surveillance_heavy,Mostly AI mass surveillance,100,0.0,0.0,0.0,0.0,0.0,0.0,0.17,0.0,0.08,0.0,0.0,0.0,0.0,0.0,0.0,0.0,0.0,0.75,0.0,0.0,0.0,0.0,0.0,0.0,0.0,0.0,0.17,0.0,0.08,0.0,0.0,0.0,0.0,0.0,0.0,0.0,0.0,0.75,0.0,0.0,hard,"{""ai_coding_innovations"": 0.1, ""ai_copyright_theft"": 0.1, ""ai_mass_surveillance"": 0.8}","{""ai_coding_innovations"": 0.08, ""ai_copyright_theft"": 0.17, ""ai_mass_surveillance"": 0.75}"
user_0473,balanced,Even across all topics,100,0.0,0.0,0.0,0.0,0.0,0.0,0.39,0.0,0.29,0.0,0.0,0.0,0.0,0.0,0.0,0.0,0.0,0.32,0.0,0.0,0.0,0.0,0.0,0.0,0.0,0.0,0.39,0.0,0.29,0.0,0.0,0.0,0.0,0.0,0.0,0.0,0.0,0.32,0.0,0.0,hard,"{""ai_coding_innovations"": 0.333333, ""ai_copyright_theft"": 0.333333, ""ai_mass_surveillance"": 0.333334}","{""ai_coding_innovations"": 0.29, ""ai_copyright_theft"": 0.39, ""ai_mass_surveillance"": 0.32}"
user_0474,coding_copyright,Split: coding + copyright,100,0.0,0.0,0.0,0.0,0.0,0.0,0.39,0.0,0.57,0.0,0.0,0.0,0.0,0.0,0.0,0.0,0.0,0.04,0.0,0.0,0.0,0.0,0.0,0.0,0.0,0.0,0.39,0.0,0.57,0.0,0.0,0.0,0.0,0.0,0.0,0.0,0.0,0.04,0.0,0.0,hard,"{""ai_coding_innovations"": 0.45, ""ai_copyright_theft"": 0.45, ""ai_mass_surveillance"": 0.1}","{""ai_coding_innovations"": 0.57, ""ai_copyright_theft"": 0.39, ""ai_mass_surveillance"": 0.04}"
user_0475,coding_surveillance,Split: coding + surveillance,100,0.0,0.0,0.0,0.0,0.0,0.0,0.15,0.0,0.36,0.0,0.0,0.0,0.0,0.0,0.0,0.0,0.0,0.49,0.0,0.0,0.0,0.0,0.0,0.0,0.0,0.0,0.15,0.0,0.36,0.0,0.0,0.0,0.0,0.0,0.0,0.0,0.0,0.49,0.0,0.0,hard,"{""ai_coding_innovations"": 0.45, ""ai_copyright_theft"": 0.1, ""ai_mass_surveillance"": 0.45}","{""ai_coding_innovations"": 0.36, ""ai_copyright_theft"": 0.15, ""ai_mass_surveillance"": 0.49}"
user_0476,copyright_surveillance,Split: copyright + surveillance,100,0.0,0.0,0.0,0.0,0.0,0.0,0.48,0.0,0.11,0.0,0.0,0.0,0.0,0.0,0.0,0.0,0.0,0.41,0.0,0.0,0.0,0.0,0.0,0.0,0.0,0.0,0.48,0.0,0.11,0.0,0.0,0.0,0.0,0.0,0.0,0.0,0.0,0.41,0.0,0.0,hard,"{""ai_coding_innovations"": 0.1, ""ai_copyright_theft"": 0.45, ""ai_mass_surveillance"": 0.45}","{""ai_coding_innovations"": 0.11, ""ai_copyright_theft"": 0.48, ""ai_mass_surveillance"": 0.41}"
user_0477,coding_heavy,Mostly AI coding innovations,100,0.0,0.0,0.0,0.0,0.0,0.0,0.06,0.0,0.84,0.0,0.0,0.0,0.0,0.0,0.0,0.0,0.0,0.1,0.0,0.0,0.0,0.0,0.0,0.0,0.0,0.0,0.06,0.0,0.84,0.0,0.0,0.0,0.0,0.0,0.0,0.0,0.0,0.1,0.0,0.0,hard,"{""ai_coding_innovations"": 0.8, ""ai_copyright_theft"": 0.1, ""ai_mass_surveillance"": 0.1}","{""ai_coding_innovations"": 0.84, ""ai_copyright_theft"": 0.06, ""ai_mass_surveillance"": 0.1}"
user_0478,copyright_heavy,Mostly AI copyright / theft concerns,100,0.0,0.0,0.0,0.0,0.0,0.0,0.79,0.0,0.13,0.0,0.0,0.0,0.0,0.0,0.0,0.0,0.0,0.08,0.0,0.0,0.0,0.0,0.0,0.0,0.0,0.0,0.79,0.0,0.13,0.0,0.0,0.0,0.0,0.0,0.0,0.0,0.0,0.08,0.0,0.0,hard,"{""ai_coding_innovations"": 0.1, ""ai_copyright_theft"": 0.8, ""ai_mass_surveillance"": 0.1}","{""ai_coding_innovations"": 0.13, ""ai_copyright_theft"": 0.79, ""ai_mass_surveillance"": 0.08}"
user_0479,surveillance_heavy,Mostly AI mass surveillance,100,0.0,0.0,0.0,0.0,0.0,0.0,0.1,0.0,0.15,0.0,0.0,0.0,0.0,0.0,0.0,0.0,0.0,0.75,0.0,0.0,0.0,0.0,0.0,0.0,0.0,0.0,0.1,0.0,0.15,0.0,0.0,0.0,0.0,0.0,0.0,0.0,0.0,0.75,0.0,0.0,hard,"{""ai_coding_innovations"": 0.1, ""ai_copyright_theft"": 0.1, ""ai_mass_surveillance"": 0.8}","{""ai_coding_innovations"": 0.15, ""ai_copyright_theft"": 0.1, ""ai_mass_surveillance"": 0.75}"
user_0480,balanced,Even across all topics,100,0.0,0.0,0.0,0.0,0.0,0.0,0.33,0.0,0.32,0.0,0.0,0.0,0.0,0.0,0.0,0.0,0.0,0.35,0.0,0.0,0.0,0.0,0.0,0.0,0.0,0.0,0.33,0.0,0.32,0.0,0.0,0.0,0.0,0.0,0.0,0.0,0.0,0.35,0.0,0.0,hard,"{""ai_coding_innovations"": 0.333333, ""ai_copyright_theft"": 0.333333, ""ai_mass_surveillance"": 0.333334}","{""ai_coding_innovations"": 0.32, ""ai_copyright_theft"": 0.33, ""ai_mass_surveillance"": 0.35}"
user_0481,coding_copyright,Split: coding + copyright,100,0.0,0.0,0.0,0.0,0.0,0.0,0.43,0.0,0.46,0.0,0.0,0.0,0.0,0.0,0.0,0.0,0.0,0.11,0.0,0.0,0.0,0.0,0.0,0.0,0.0,0.0,0.43,0.0,0.46,0.0,0.0,0.0,0.0,0.0,0.0,0.0,0.0,0.11,0.0,0.0,hard,"{""ai_coding_innovations"": 0.45, ""ai_copyright_theft"": 0.45, ""ai_mass_surveillance"": 0.1}","{""ai_coding_innovations"": 0.46, ""ai_copyright_theft"": 0.43, ""ai_mass_surveillance"": 0.11}"
user_0482,coding_surveillance,Split: coding + surveillance,100,0.0,0.0,0.0,0.0,0.0,0.0,0.09,0.0,0.46,0.0,0.0,0.0,0.0,0.0,0.0,0.0,0.0,0.45,0.0,0.0,0.0,0.0,0.0,0.0,0.0,0.0,0.09,0.0,0.46,0.0,0.0,0.0,0.0,0.0,0.0,0.0,0.0,0.45,0.0,0.0,hard,"{""ai_coding_innovations"": 0.45, ""ai_copyright_theft"": 0.1, ""ai_mass_surveillance"": 0.45}","{""ai_coding_innovations"": 0.46, ""ai_copyright_theft"": 0.09, ""ai_mass_surveillance"": 0.45}"
user_0483,copyright_surveillance,Split: copyright + surveillance,100,0.0,0.0,0.0,0.0,0.0,0.0,0.47,0.0,0.14,0.0,0.0,0.0,0.0,0.0,0.0,0.0,0.0,0.39,0.0,0.0,0.0,0.0,0.0,0.0,0.0,0.0,0.47,0.0,0.14,0.0,0.0,0.0,0.0,0.0,0.0,0.0,0.0,0.39,0.0,0.0,hard,"{""ai_coding_innovations"": 0.1, ""ai_copyright_theft"": 0.45, ""ai_mass_surveillance"": 0.45}","{""ai_coding_innovations"": 0.14, ""ai_copyright_theft"": 0.47, ""ai_mass_surveillance"": 0.39}"
user_0484,coding_heavy,Mostly AI coding innovations,100,0.0,0.0,0.0,0.0,0.0,0.0,0.13,0.0,0.77,0.0,0.0,0.0,0.0,0.0,0.0,0.0,0.0,0.1,0.0,0.0,0.0,0.0,0.0,0.0,0.0,0.0,0.13,0.0,0.77,0.0,0.0,0.0,0.0,0.0,0.0,0.0,0.0,0.1,0.0,0.0,hard,"{""ai_coding_innovations"": 0.8, ""ai_copyright_theft"": 0.1, ""ai_mass_surveillance"": 0.1}","{""ai_coding_innovations"": 0.77, ""ai_copyright_theft"": 0.13, ""ai_mass_surveillance"": 0.1}"
user_0485,copyright_heavy,Mostly AI copyright / theft concerns,100,0.0,0.0,0.0,0.0,0.0,0.0,0.84,0.0,0.11,0.0,0.0,0.0,0.0,0.0,0.0,0.0,0.0,0.05,0.0,0.0,0.0,0.0,0.0,0.0,0.0,0.0,0.84,0.0,0.11,0.0,0.0,0.0,0.0,0.0,0.0,0.0,0.0,0.05,0.0,0.0,hard,"{""ai_coding_innovations"": 0.1, ""ai_copyright_theft"": 0.8, ""ai_mass_surveillance"": 0.1}","{""ai_coding_innovations"": 0.11, ""ai_copyright_theft"": 0.84, ""ai_mass_surveillance"": 0.05}"
user_0486,surveillance_heavy,Mostly AI mass surveillance,100,0.0,0.0,0.0,0.0,0.0,0.0,0.12,0.0,0.1,0.0,0.0,0.0,0.0,0.0,0.0,0.0,0.0,0.78,0.0,0.0,0.0,0.0,0.0,0.0,0.0,0.0,0.12,0.0,0.1,0.0,0.0,0.0,0.0,0.0,0.0,0.0,0.0,0.78,0.0,0.0,hard,"{""ai_coding_innovations"": 0.1, ""ai_copyright_theft"": 0.1, ""ai_mass_surveillance"": 0.8}","{""ai_coding_innovations"": 0.1, ""ai_copyright_theft"": 0.12, ""ai_mass_surveillance"": 0.78}"
user_0487,balanced,Even across all topics,100,0.0,0.0,0.0,0.0,0.0,0.0,0.3,0.0,0.35,0.0,0.0,0.0,0.0,0.0,0.0,0.0,0.0,0.35,0.0,0.0,0.0,0.0,0.0,0.0,0.0,0.0,0.3,0.0,0.35,0.0,0.0,0.0,0.0,0.0,0.0,0.0,0.0,0.35,0.0,0.0,hard,"{""ai_coding_innovations"": 0.333333, ""ai_copyright_theft"": 0.333333, ""ai_mass_surveillance"": 0.333334}","{""ai_coding_innovations"": 0.35, ""ai_copyright_theft"": 0.3, ""ai_mass_surveillance"": 0.35}"
user_0488,coding_copyright,Split: coding + copyright,100,0.0,0.0,0.0,0.0,0.0,0.0,0.41,0.0,0.47,0.0,0.0,0.0,0.0,0.0,0.0,0.0,0.0,0.12,0.0,0.0,0.0,0.0,0.0,0.0,0.0,0.0,0.41,0.0,0.47,0.0,0.0,0.0,0.0,0.0,0.0,0.0,0.0,0.12,0.0,0.0,hard,"{""ai_coding_innovations"": 0.45, ""ai_copyright_theft"": 0.45, ""ai_mass_surveillance"": 0.1}","{""ai_coding_innovations"": 0.47, ""ai_copyright_theft"": 0.41, ""ai_mass_surveillance"": 0.12}"
user_0489,coding_surveillance,Split: coding + surveillance,100,0.0,0.0,0.0,0.0,0.0,0.0,0.05,0.0,0.48,0.0,0.0,0.0,0.0,0.0,0.0,0.0,0.0,0.47,0.0,0.0,0.0,0.0,0.0,0.0,0.0,0.0,0.05,0.0,0.48,0.0,0.0,0.0,0.0,0.0,0.0,0.0,0.0,0.47,0.0,0.0,hard,"{""ai_coding_innovations"": 0.45, ""ai_copyright_theft"": 0.1, ""ai_mass_surveillance"": 0.45}","{""ai_coding_innovations"": 0.48, ""ai_copyright_theft"": 0.05, ""ai_mass_surveillance"": 0.47}"
user_0490,copyright_surveillance,Split: copyright + surveillance,100,0.0,0.0,0.0,0.0,0.0,0.0,0.41,0.0,0.13,0.0,0.0,0.0,0.0,0.0,0.0,0.0,0.0,0.46,0.0,0.0,0.0,0.0,0.0,0.0,0.0,0.0,0.41,0.0,0.13,0.0,0.0,0.0,0.0,0.0,0.0,0.0,0.0,0.46,0.0,0.0,hard,"{""ai_coding_innovations"": 0.1, ""ai_copyright_theft"": 0.45, ""ai_mass_surveillance"": 0.45}","{""ai_coding_innovations"": 0.13, ""ai_copyright_theft"": 0.41, ""ai_mass_surveillance"": 0.46}"
user_0491,coding_heavy,Mostly AI coding innovations,100,0.0,0.0,0.0,0.0,0.0,0.0,0.08,0.0,0.87,0.0,0.0,0.0,0.0,0.0,0.0,0.0,0.0,0.05,0.0,0.0,0.0,0.0,0.0,0.0,0.0,0.0,0.08,0.0,0.87,0.0,0.0,0.0,0.0,0.0,0.0,0.0,0.0,0.05,0.0,0.0,hard,"{""ai_coding_innovations"": 0.8, ""ai_copyright_theft"": 0.1, ""ai_mass_surveillance"": 0.1}","{""ai_coding_innovations"": 0.87, ""ai_copyright_theft"": 0.08, ""ai_mass_surveillance"": 0.05}"
user_0492,copyright_heavy,Mostly AI copyright / theft concerns,100,0.0,0.0,0.0,0.0,0.0,0.0,0.77,0.0,0.08,0.0,0.0,0.0,0.0,0.0,0.0,0.0,0.0,0.15,0.0,0.0,0.0,0.0,0.0,0.0,0.0,0.0,0.77,0.0,0.08,0.0,0.0,0.0,0.0,0.0,0.0,0.0,0.0,0.15,0.0,0.0,hard,"{""ai_coding_innovations"": 0.1, ""ai_copyright_theft"": 0.8, ""ai_mass_surveillance"": 0.1}","{""ai_coding_innovations"": 0.08, ""ai_copyright_theft"": 0.77, ""ai_mass_surveillance"": 0.15}"
user_0493,surveillance_heavy,Mostly AI mass surveillance,100,0.0,0.0,0.0,0.0,0.0,0.0,0.14,0.0,0.08,0.0,0.0,0.0,0.0,0.0,0.0,0.0,0.0,0.78,0.0,0.0,0.0,0.0,0.0,0.0,0.0,0.0,0.14,0.0,0.08,0.0,0.0,0.0,0.0,0.0,0.0,0.0,0.0,0.78,0.0,0.0,hard,"{""ai_coding_innovations"": 0.1, ""ai_copyright_theft"": 0.1, ""ai_mass_surveillance"": 0.8}","{""ai_coding_innovations"": 0.08, ""ai_copyright_theft"": 0.14, ""ai_mass_surveillance"": 0.78}"
user_0494,balanced,Even across all topics,100,0.0,0.0,0.0,0.0,0.0,0.0,0.37,0.0,0.34,0.0,0.0,0.0,0.0,0.0,0.0,0.0,0.0,0.29,0.0,0.0,0.0,0.0,0.0,0.0,0.0,0.0,0.37,0.0,0.34,0.0,0.0,0.0,0.0,0.0,0.0,0.0,0.0,0.29,0.0,0.0,hard,"{""ai_coding_innovations"": 0.333333, ""ai_copyright_theft"": 0.333333, ""ai_mass_surveillance"": 0.333334}","{""ai_coding_innovations"": 0.34, ""ai_copyright_theft"": 0.37, ""ai_mass_surveillance"": 0.29}"
user_0495,coding_copyright,Split: coding + copyright,100,0.0,0.0,0.0,0.0,0.0,0.0,0.49,0.0,0.43,0.0,0.0,0.0,0.0,0.0,0.0,0.0,0.0,0.08,0.0,0.0,0.0,0.0,0.0,0.0,0.0,0.0,0.49,0.0,0.43,0.0,0.0,0.0,0.0,0.0,0.0,0.0,0.0,0.08,0.0,0.0,hard,"{""ai_coding_innovations"": 0.45, ""ai_copyright_theft"": 0.45, ""ai_mass_surveillance"": 0.1}","{""ai_coding_innovations"": 0.43, ""ai_copyright_theft"": 0.49, ""ai_mass_surveillance"": 0.08}"
user_0496,coding_surveillance,Split: coding + surveillance,100,0.0,0.0,0.0,0.0,0.0,0.0,0.06,0.0,0.43,0.0,0.0,0.0,0.0,0.0,0.0,0.0,0.0,0.51,0.0,0.0,0.0,0.0,0.0,0.0,0.0,0.0,0.06,0.0,0.43,0.0,0.0,0.0,0.0,0.0,0.0,0.0,0.0,0.51,0.0,0.0,hard,"{""ai_coding_innovations"": 0.45, ""ai_copyright_theft"": 0.1, ""ai_mass_surveillance"": 0.45}","{""ai_coding_innovations"": 0.43, ""ai_copyright_theft"": 0.06, ""ai_mass_surveillance"": 0.51}"
user_0497,copyright_surveillance,Split: copyright + surveillance,100,0.0,0.0,0.0,0.0,0.0,0.0,0.49,0.0,0.08,0.0,0.0,0.0,0.0,0.0,0.0,0.0,0.0,0.43,0.0,0.0,0.0,0.0,0.0,0.0,0.0,0.0,0.49,0.0,0.08,0.0,0.0,0.0,0.0,0.0,0.0,0.0,0.0,0.43,0.0,0.0,hard,"{""ai_coding_innovations"": 0.1, ""ai_copyright_theft"": 0.45, ""ai_mass_surveillance"": 0.45}","{""ai_coding_innovations"": 0.08, ""ai_copyright_theft"": 0.49, ""ai_mass_surveillance"": 0.43}"
user_0498,coding_heavy,Mostly AI coding innovations,100,0.0,0.0,0.0,0.0,0.0,0.0,0.11,0.0,0.85,0.0,0.0,0.0,0.0,0.0,0.0,0.0,0.0,0.04,0.0,0.0,0.0,0.0,0.0,0.0,0.0,0.0,0.11,0.0,0.85,0.0,0.0,0.0,0.0,0.0,0.0,0.0,0.0,0.04,0.0,0.0,hard,"{""ai_coding_innovations"": 0.8, ""ai_copyright_theft"": 0.1, ""ai_mass_surveillance"": 0.1}","{""ai_coding_innovations"": 0.85, ""ai_copyright_theft"": 0.11, ""ai_mass_surveillance"": 0.04}"
user_0499,copyright_heavy,Mostly AI copyright / theft concerns,100,0.0,0.0,0.0,0.0,0.0,0.0,0.8,0.0,0.1,0.0,0.0,0.0,0.0,0.0,0.0,0.0,0.0,0.1,0.0,0.0,0.0,0.0,0.0,0.0,0.0,0.0,0.8,0.0,0.1,0.0,0.0,0.0,0.0,0.0,0.0,0.0,0.0,0.1,0.0,0.0,hard,"{""ai_coding_innovations"": 0.1, ""ai_copyright_theft"": 0.8, ""ai_mass_surveillance"": 0.1}","{""ai_coding_innovations"": 0.1, ""ai_copyright_theft"": 0.8, ""ai_mass_surveillance"": 0.1}"
user_0500,surveillance_heavy,Mostly AI mass surveillance,100,0.0,0.0,0.0,0.0,0.0,0.0,0.15,0.0,0.14,0.0,0.0,0.0,0.0,0.0,0.0,0.0,0.0,0.71,0.0,0.0,0.0,0.0,0.0,0.0,0.0,0.0,0.15,0.0,0.14,0.0,0.0,0.0,0.0,0.0,0.0,0.0,0.0,0.71,0.0,0.0,hard,"{""ai_coding_innovations"": 0.1, ""ai_copyright_theft"": 0.1, ""ai_mass_surveillance"": 0.8}","{""ai_coding_innovations"": 0.14, ""ai_copyright_theft"": 0.15, ""ai_mass_surveillance"": 0.71}"
user_0501,balanced,Even across all topics,100,0.0,0.0,0.0,0.0,0.0,0.0,0.34,0.0,0.29,0.0,0.0,0.0,0.0,0.0,0.0,0.0,0.0,0.37,0.0,0.0,0.0,0.0,0.0,0.0,0.0,0.0,0.34,0.0,0.29,0.0,0.0,0.0,0.0,0.0,0.0,0.0,0.0,0.37,0.0,0.0,hard,"{""ai_coding_innovations"": 0.333333, ""ai_copyright_theft"": 0.333333, ""ai_mass_surveillance"": 0.333334}","{""ai_coding_innovations"": 0.29, ""ai_copyright_theft"": 0.34, ""ai_mass_surveillance"": 0.37}"
user_0502,coding_copyright,Split: coding + copyright,100,0.0,0.0,0.0,0.0,0.0,0.0,0.41,0.0,0.51,0.0,0.0,0.0,0.0,0.0,0.0,0.0,0.0,0.08,0.0,0.0,0.0,0.0,0.0,0.0,0.0,0.0,0.41,0.0,0.51,0.0,0.0,0.0,0.0,0.0,0.0,0.0,0.0,0.08,0.0,0.0,hard,"{""ai_coding_innovations"": 0.45, ""ai_copyright_theft"": 0.45, ""ai_mass_surveillance"": 0.1}","{""ai_coding_innovations"": 0.51, ""ai_copyright_theft"": 0.41, ""ai_mass_surveillance"": 0.08}"
user_0503,coding_surveillance,Split: coding + surveillance,100,0.0,0.0,0.0,0.0,0.0,0.0,0.09,0.0,0.51,0.0,0.0,0.0,0.0,0.0,0.0,0.0,0.0,0.4,0.0,0.0,0.0,0.0,0.0,0.0,0.0,0.0,0.09,0.0,0.51,0.0,0.0,0.0,0.0,0.0,0.0,0.0,0.0,0.4,0.0,0.0,hard,"{""ai_coding_innovations"": 0.45, ""ai_copyright_theft"": 0.1, ""ai_mass_surveillance"": 0.45}","{""ai_coding_innovations"": 0.51, ""ai_copyright_theft"": 0.09, ""ai_mass_surveillance"": 0.4}"
user_0504,copyright_surveillance,Split: copyright + surveillance,100,0.0,0.0,0.0,0.0,0.0,0.0,0.43,0.0,0.12,0.0,0.0,0.0,0.0,0.0,0.0,0.0,0.0,0.45,0.0,0.0,0.0,0.0,0.0,0.0,0.0,0.0,0.43,0.0,0.12,0.0,0.0,0.0,0.0,0.0,0.0,0.0,0.0,0.45,0.0,0.0,hard,"{""ai_coding_innovations"": 0.1, ""ai_copyright_theft"": 0.45, ""ai_mass_surveillance"": 0.45}","{""ai_coding_innovations"": 0.12, ""ai_copyright_theft"": 0.43, ""ai_mass_surveillance"": 0.45}"
user_0505,coding_heavy,Mostly AI coding innovations,100,0.0,0.0,0.0,0.0,0.0,0.0,0.04,0.0,0.85,0.0,0.0,0.0,0.0,0.0,0.0,0.0,0.0,0.11,0.0,0.0,0.0,0.0,0.0,0.0,0.0,0.0,0.04,0.0,0.85,0.0,0.0,0.0,0.0,0.0,0.0,0.0,0.0,0.11,0.0,0.0,hard,"{""ai_coding_innovations"": 0.8, ""ai_copyright_theft"": 0.1, ""ai_mass_surveillance"": 0.1}","{""ai_coding_innovations"": 0.85, ""ai_copyright_theft"": 0.04, ""ai_mass_surveillance"": 0.11}"
user_0506,copyright_heavy,Mostly AI copyright / theft concerns,100,0.0,0.0,0.0,0.0,0.0,0.0,0.82,0.0,0.09,0.0,0.0,0.0,0.0,0.0,0.0,0.0,0.0,0.09,0.0,0.0,0.0,0.0,0.0,0.0,0.0,0.0,0.82,0.0,0.09,0.0,0.0,0.0,0.0,0.0,0.0,0.0,0.0,0.09,0.0,0.0,hard,"{""ai_coding_innovations"": 0.1, ""ai_copyright_theft"": 0.8, ""ai_mass_surveillance"": 0.1}","{""ai_coding_innovations"": 0.09, ""ai_copyright_theft"": 0.82, ""ai_mass_surveillance"": 0.09}"
user_0507,surveillance_heavy,Mostly AI mass surveillance,100,0.0,0.0,0.0,0.0,0.0,0.0,0.09,0.0,0.07,0.0,0.0,0.0,0.0,0.0,0.0,0.0,0.0,0.84,0.0,0.0,0.0,0.0,0.0,0.0,0.0,0.0,0.09,0.0,0.07,0.0,0.0,0.0,0.0,0.0,0.0,0.0,0.0,0.84,0.0,0.0,hard,"{""ai_coding_innovations"": 0.1, ""ai_copyright_theft"": 0.1, ""ai_mass_surveillance"": 0.8}","{""ai_coding_innovations"": 0.07, ""ai_copyright_theft"": 0.09, ""ai_mass_surveillance"": 0.84}"
user_0508,balanced,Even across all topics,100,0.0,0.0,0.0,0.0,0.0,0.0,0.36,0.0,0.35,0.0,0.0,0.0,0.0,0.0,0.0,0.0,0.0,0.29,0.0,0.0,0.0,0.0,0.0,0.0,0.0,0.0,0.36,0.0,0.35,0.0,0.0,0.0,0.0,0.0,0.0,0.0,0.0,0.29,0.0,0.0,hard,"{""ai_coding_innovations"": 0.333333, ""ai_copyright_theft"": 0.333333, ""ai_mass_surveillance"": 0.333334}","{""ai_coding_innovations"": 0.35, ""ai_copyright_theft"": 0.36, ""ai_mass_surveillance"": 0.29}"
user_0509,coding_copyright,Split: coding + copyright,100,0.0,0.0,0.0,0.0,0.0,0.0,0.49,0.0,0.4,0.0,0.0,0.0,0.0,0.0,0.0,0.0,0.0,0.11,0.0,0.0,0.0,0.0,0.0,0.0,0.0,0.0,0.49,0.0,0.4,0.0,0.0,0.0,0.0,0.0,0.0,0.0,0.0,0.11,0.0,0.0,hard,"{""ai_coding_innovations"": 0.45, ""ai_copyright_theft"": 0.45, ""ai_mass_surveillance"": 0.1}","{""ai_coding_innovations"": 0.4, ""ai_copyright_theft"": 0.49, ""ai_mass_surveillance"": 0.11}"
user_0510,coding_surveillance,Split: coding + surveillance,100,0.0,0.0,0.0,0.0,0.0,0.0,0.04,0.0,0.48,0.0,0.0,0.0,0.0,0.0,0.0,0.0,0.0,0.48,0.0,0.0,0.0,0.0,0.0,0.0,0.0,0.0,0.04,0.0,0.48,0.0,0.0,0.0,0.0,0.0,0.0,0.0,0.0,0.48,0.0,0.0,hard,"{""ai_coding_innovations"": 0.45, ""ai_copyright_theft"": 0.1, ""ai_mass_surveillance"": 0.45}","{""ai_coding_innovations"": 0.48, ""ai_copyright_theft"": 0.04, ""ai_mass_surveillance"": 0.48}"
user_0511,copyright_surveillance,Split: copyright + surveillance,100,0.0,0.0,0.0,0.0,0.0,0.0,0.43,0.0,0.11,0.0,0.0,0.0,0.0,0.0,0.0,0.0,0.0,0.46,0.0,0.0,0.0,0.0,0.0,0.0,0.0,0.0,0.43,0.0,0.11,0.0,0.0,0.0,0.0,0.0,0.0,0.0,0.0,0.46,0.0,0.0,hard,"{""ai_coding_innovations"": 0.1, ""ai_copyright_theft"": 0.45, ""ai_mass_surveillance"": 0.45}","{""ai_coding_innovations"": 0.11, ""ai_copyright_theft"": 0.43, ""ai_mass_surveillance"": 0.46}"
user_0512,coding_heavy,Mostly AI coding innovations,100,0.0,0.0,0.0,0.0,0.0,0.0,0.05,0.0,0.85,0.0,0.0,0.0,0.0,0.0,0.0,0.0,0.0,0.1,0.0,0.0,0.0,0.0,0.0,0.0,0.0,0.0,0.05,0.0,0.85,0.0,0.0,0.0,0.0,0.0,0.0,0.0,0.0,0.1,0.0,0.0,hard,"{""ai_coding_innovations"": 0.8, ""ai_copyright_theft"": 0.1, ""ai_mass_surveillance"": 0.1}","{""ai_coding_innovations"": 0.85, ""ai_copyright_theft"": 0.05, ""ai_mass_surveillance"": 0.1}"
user_0513,copyright_heavy,Mostly AI copyright / theft concerns,100,0.0,0.0,0.0,0.0,0.0,0.0,0.82,0.0,0.12,0.0,0.0,0.0,0.0,0.0,0.0,0.0,0.0,0.06,0.0,0.0,0.0,0.0,0.0,0.0,0.0,0.0,0.82,0.0,0.12,0.0,0.0,0.0,0.0,0.0,0.0,0.0,0.0,0.06,0.0,0.0,hard,"{""ai_coding_innovations"": 0.1, ""ai_copyright_theft"": 0.8, ""ai_mass_surveillance"": 0.1}","{""ai_coding_innovations"": 0.12, ""ai_copyright_theft"": 0.82, ""ai_mass_surveillance"": 0.06}"
user_0514,surveillance_heavy,Mostly AI mass surveillance,100,0.0,0.0,0.0,0.0,0.0,0.0,0.06,0.0,0.1,0.0,0.0,0.0,0.0,0.0,0.0,0.0,0.0,0.84,0.0,0.0,0.0,0.0,0.0,0.0,0.0,0.0,0.06,0.0,0.1,0.0,0.0,0.0,0.0,0.0,0.0,0.0,0.0,0.84,0.0,0.0,hard,"{""ai_coding_innovations"": 0.1, ""ai_copyright_theft"": 0.1, ""ai_mass_surveillance"": 0.8}","{""ai_coding_innovations"": 0.1, ""ai_copyright_theft"": 0.06, ""ai_mass_surveillance"": 0.84}"
user_0515,balanced,Even across all topics,100,0.0,0.0,0.0,0.0,0.0,0.0,0.33,0.0,0.33,0.0,0.0,0.0,0.0,0.0,0.0,0.0,0.0,0.34,0.0,0.0,0.0,0.0,0.0,0.0,0.0,0.0,0.33,0.0,0.33,0.0,0.0,0.0,0.0,0.0,0.0,0.0,0.0,0.34,0.0,0.0,hard,"{""ai_coding_innovations"": 0.333333, ""ai_copyright_theft"": 0.333333, ""ai_mass_surveillance"": 0.333334}","{""ai_coding_innovations"": 0.33, ""ai_copyright_theft"": 0.33, ""ai_mass_surveillance"": 0.34}"
user_0516,coding_copyright,Split: coding + copyright,100,0.0,0.0,0.0,0.0,0.0,0.0,0.4,0.0,0.49,0.0,0.0,0.0,0.0,0.0,0.0,0.0,0.0,0.11,0.0,0.0,0.0,0.0,0.0,0.0,0.0,0.0,0.4,0.0,0.49,0.0,0.0,0.0,0.0,0.0,0.0,0.0,0.0,0.11,0.0,0.0,hard,"{""ai_coding_innovations"": 0.45, ""ai_copyright_theft"": 0.45, ""ai_mass_surveillance"": 0.1}","{""ai_coding_innovations"": 0.49, ""ai_copyright_theft"": 0.4, ""ai_mass_surveillance"": 0.11}"
user_0517,coding_surveillance,Split: coding + surveillance,100,0.0,0.0,0.0,0.0,0.0,0.0,0.12,0.0,0.4,0.0,0.0,0.0,0.0,0.0,0.0,0.0,0.0,0.48,0.0,0.0,0.0,0.0,0.0,0.0,0.0,0.0,0.12,0.0,0.4,0.0,0.0,0.0,0.0,0.0,0.0,0.0,0.0,0.48,0.0,0.0,hard,"{""ai_coding_innovations"": 0.45, ""ai_copyright_theft"": 0.1, ""ai_mass_surveillance"": 0.45}","{""ai_coding_innovations"": 0.4, ""ai_copyright_theft"": 0.12, ""ai_mass_surveillance"": 0.48}"
user_0518,copyright_surveillance,Split: copyright + surveillance,100,0.0,0.0,0.0,0.0,0.0,0.0,0.5,0.0,0.14,0.0,0.0,0.0,0.0,0.0,0.0,0.0,0.0,0.36,0.0,0.0,0.0,0.0,0.0,0.0,0.0,0.0,0.5,0.0,0.14,0.0,0.0,0.0,0.0,0.0,0.0,0.0,0.0,0.36,0.0,0.0,hard,"{""ai_coding_innovations"": 0.1, ""ai_copyright_theft"": 0.45, ""ai_mass_surveillance"": 0.45}","{""ai_coding_innovations"": 0.14, ""ai_copyright_theft"": 0.5, ""ai_mass_surveillance"": 0.36}"
user_0519,coding_heavy,Mostly AI coding innovations,100,0.0,0.0,0.0,0.0,0.0,0.0,0.12,0.0,0.79,0.0,0.0,0.0,0.0,0.0,0.0,0.0,0.0,0.09,0.0,0.0,0.0,0.0,0.0,0.0,0.0,0.0,0.12,0.0,0.79,0.0,0.0,0.0,0.0,0.0,0.0,0.0,0.0,0.09,0.0,0.0,hard,"{""ai_coding_innovations"": 0.8, ""ai_copyright_theft"": 0.1, ""ai_mass_surveillance"": 0.1}","{""ai_coding_innovations"": 0.79, ""ai_copyright_theft"": 0.12, ""ai_mass_surveillance"": 0.09}"
user_0520,copyright_heavy,Mostly AI copyright / theft concerns,100,0.0,0.0,0.0,0.0,0.0,0.0,0.85,0.0,0.04,0.0,0.0,0.0,0.0,0.0,0.0,0.0,0.0,0.11,0.0,0.0,0.0,0.0,0.0,0.0,0.0,0.0,0.85,0.0,0.04,0.0,0.0,0.0,0.0,0.0,0.0,0.0,0.0,0.11,0.0,0.0,hard,"{""ai_coding_innovations"": 0.1, ""ai_copyright_theft"": 0.8, ""ai_mass_surveillance"": 0.1}","{""ai_coding_innovations"": 0.04, ""ai_copyright_theft"": 0.85, ""ai_mass_surveillance"": 0.11}"
user_0521,surveillance_heavy,Mostly AI mass surveillance,100,0.0,0.0,0.0,0.0,0.0,0.0,0.12,0.0,0.11,0.0,0.0,0.0,0.0,0.0,0.0,0.0,0.0,0.77,0.0,0.0,0.0,0.0,0.0,0.0,0.0,0.0,0.12,0.0,0.11,0.0,0.0,0.0,0.0,0.0,0.0,0.0,0.0,0.77,0.0,0.0,hard,"{""ai_coding_innovations"": 0.1, ""ai_copyright_theft"": 0.1, ""ai_mass_surveillance"": 0.8}","{""ai_coding_innovations"": 0.11, ""ai_copyright_theft"": 0.12, ""ai_mass_surveillance"": 0.77}"
user_0522,balanced,Even across all topics,100,0.0,0.0,0.0,0.0,0.0,0.0,0.34,0.0,0.31,0.0,0.0,0.0,0.0,0.0,0.0,0.0,0.0,0.35,0.0,0.0,0.0,0.0,0.0,0.0,0.0,0.0,0.34,0.0,0.31,0.0,0.0,0.0,0.0,0.0,0.0,0.0,0.0,0.35,0.0,0.0,hard,"{""ai_coding_innovations"": 0.333333, ""ai_copyright_theft"": 0.333333, ""ai_mass_surveillance"": 0.333334}","{""ai_coding_innovations"": 0.31, ""ai_copyright_theft"": 0.34, ""ai_mass_surveillance"": 0.35}"
user_0523,coding_copyright,Split: coding + copyright,100,0.0,0.0,0.0,0.0,0.0,0.0,0.52,0.0,0.39,0.0,0.0,0.0,0.0,0.0,0.0,0.0,0.0,0.09,0.0,0.0,0.0,0.0,0.0,0.0,0.0,0.0,0.52,0.0,0.39,0.0,0.0,0.0,0.0,0.0,0.0,0.0,0.0,0.09,0.0,0.0,hard,"{""ai_coding_innovations"": 0.45, ""ai_copyright_theft"": 0.45, ""ai_mass_surveillance"": 0.1}","{""ai_coding_innovations"": 0.39, ""ai_copyright_theft"": 0.52, ""ai_mass_surveillance"": 0.09}"
user_0524,coding_surveillance,Split: coding + surveillance,100,0.0,0.0,0.0,0.0,0.0,0.0,0.09,0.0,0.39,0.0,0.0,0.0,0.0,0.0,0.0,0.0,0.0,0.52,0.0,0.0,0.0,0.0,0.0,0.0,0.0,0.0,0.09,0.0,0.39,0.0,0.0,0.0,0.0,0.0,0.0,0.0,0.0,0.52,0.0,0.0,hard,"{""ai_coding_innovations"": 0.45, ""ai_copyright_theft"": 0.1, ""ai_mass_surveillance"": 0.45}","{""ai_coding_innovations"": 0.39, ""ai_copyright_theft"": 0.09, ""ai_mass_surveillance"": 0.52}"
user_0525,copyright_surveillance,Split: copyright + surveillance,100,0.0,0.0,0.0,0.0,0.0,0.0,0.41,0.0,0.08,0.0,0.0,0.0,0.0,0.0,0.0,0.0,0.0,0.51,0.0,0.0,0.0,0.0,0.0,0.0,0.0,0.0,0.41,0.0,0.08,0.0,0.0,0.0,0.0,0.0,0.0,0.0,0.0,0.51,0.0,0.0,hard,"{""ai_coding_innovations"": 0.1, ""ai_copyright_theft"": 0.45, ""ai_mass_surveillance"": 0.45}","{""ai_coding_innovations"": 0.08, ""ai_copyright_theft"": 0.41, ""ai_mass_surveillance"": 0.51}"
user_0526,coding_heavy,Mostly AI coding innovations,100,0.0,0.0,0.0,0.0,0.0,0.0,0.08,0.0,0.77,0.0,0.0,0.0,0.0,0.0,0.0,0.0,0.0,0.15,0.0,0.0,0.0,0.0,0.0,0.0,0.0,0.0,0.08,0.0,0.77,0.0,0.0,0.0,0.0,0.0,0.0,0.0,0.0,0.15,0.0,0.0,hard,"{""ai_coding_innovations"": 0.8, ""ai_copyright_theft"": 0.1, ""ai_mass_surveillance"": 0.1}","{""ai_coding_innovations"": 0.77, ""ai_copyright_theft"": 0.08, ""ai_mass_surveillance"": 0.15}"
user_0527,copyright_heavy,Mostly AI copyright / theft concerns,100,0.0,0.0,0.0,0.0,0.0,0.0,0.76,0.0,0.1,0.0,0.0,0.0,0.0,0.0,0.0,0.0,0.0,0.14,0.0,0.0,0.0,0.0,0.0,0.0,0.0,0.0,0.76,0.0,0.1,0.0,0.0,0.0,0.0,0.0,0.0,0.0,0.0,0.14,0.0,0.0,hard,"{""ai_coding_innovations"": 0.1, ""ai_copyright_theft"": 0.8, ""ai_mass_surveillance"": 0.1}","{""ai_coding_innovations"": 0.1, ""ai_copyright_theft"": 0.76, ""ai_mass_surveillance"": 0.14}"
user_0528,surveillance_heavy,Mostly AI mass surveillance,100,0.0,0.0,0.0,0.0,0.0,0.0,0.09,0.0,0.14,0.0,0.0,0.0,0.0,0.0,0.0,0.0,0.0,0.77,0.0,0.0,0.0,0.0,0.0,0.0,0.0,0.0,0.09,0.0,0.14,0.0,0.0,0.0,0.0,0.0,0.0,0.0,0.0,0.77,0.0,0.0,hard,"{""ai_coding_innovations"": 0.1, ""ai_copyright_theft"": 0.1, ""ai_mass_surveillance"": 0.8}","{""ai_coding_innovations"": 0.14, ""ai_copyright_theft"": 0.09, ""ai_mass_surveillance"": 0.77}"
user_0529,balanced,Even across all topics,100,0.0,0.0,0.0,0.0,0.0,0.0,0.27,0.0,0.31,0.0,0.0,0.0,0.0,0.0,0.0,0.0,0.0,0.42,0.0,0.0,0.0,0.0,0.0,0.0,0.0,0.0,0.27,0.0,0.31,0.0,0.0,0.0,0.0,0.0,0.0,0.0,0.0,0.42,0.0,0.0,hard,"{""ai_coding_innovations"": 0.333333, ""ai_copyright_theft"": 0.333333, ""ai_mass_surveillance"": 0.333334}","{""ai_coding_innovations"": 0.31, ""ai_copyright_theft"": 0.27, ""ai_mass_surveillance"": 0.42}"
user_0530,coding_copyright,Split: coding + copyright,100,0.0,0.0,0.0,0.0,0.0,0.0,0.48,0.0,0.44,0.0,0.0,0.0,0.0,0.0,0.0,0.0,0.0,0.08,0.0,0.0,0.0,0.0,0.0,0.0,0.0,0.0,0.48,0.0,0.44,0.0,0.0,0.0,0.0,0.0,0.0,0.0,0.0,0.08,0.0,0.0,hard,"{""ai_coding_innovations"": 0.45, ""ai_copyright_theft"": 0.45, ""ai_mass_surveillance"": 0.1}","{""ai_coding_innovations"": 0.44, ""ai_copyright_theft"": 0.48, ""ai_mass_surveillance"": 0.08}"
user_0531,coding_surveillance,Split: coding + surveillance,100,0.0,0.0,0.0,0.0,0.0,0.0,0.13,0.0,0.45,0.0,0.0,0.0,0.0,0.0,0.0,0.0,0.0,0.42,0.0,0.0,0.0,0.0,0.0,0.0,0.0,0.0,0.13,0.0,0.45,0.0,0.0,0.0,0.0,0.0,0.0,0.0,0.0,0.42,0.0,0.0,hard,"{""ai_coding_innovations"": 0.45, ""ai_copyright_theft"": 0.1, ""ai_mass_surveillance"": 0.45}","{""ai_coding_innovations"": 0.45, ""ai_copyright_theft"": 0.13, ""ai_mass_surveillance"": 0.42}"
user_0532,copyright_surveillance,Split: copyright + surveillance,100,0.0,0.0,0.0,0.0,0.0,0.0,0.52,0.0,0.07,0.0,0.0,0.0,0.0,0.0,0.0,0.0,0.0,0.41,0.0,0.0,0.0,0.0,0.0,0.0,0.0,0.0,0.52,0.0,0.07,0.0,0.0,0.0,0.0,0.0,0.0,0.0,0.0,0.41,0.0,0.0,hard,"{""ai_coding_innovations"": 0.1, ""ai_copyright_theft"": 0.45, ""ai_mass_surveillance"": 0.45}","{""ai_coding_innovations"": 0.07, ""ai_copyright_theft"": 0.52, ""ai_mass_surveillance"": 0.41}"
user_0533,coding_heavy,Mostly AI coding innovations,100,0.0,0.0,0.0,0.0,0.0,0.0,0.14,0.0,0.74,0.0,0.0,0.0,0.0,0.0,0.0,0.0,0.0,0.12,0.0,0.0,0.0,0.0,0.0,0.0,0.0,0.0,0.14,0.0,0.74,0.0,0.0,0.0,0.0,0.0,0.0,0.0,0.0,0.12,0.0,0.0,hard,"{""ai_coding_innovations"": 0.8, ""ai_copyright_theft"": 0.1, ""ai_mass_surveillance"": 0.1}","{""ai_coding_innovations"": 0.74, ""ai_copyright_theft"": 0.14, ""ai_mass_surveillance"": 0.12}"
user_0534,copyright_heavy,Mostly AI copyright / theft concerns,100,0.0,0.0,0.0,0.0,0.0,0.0,0.79,0.0,0.11,0.0,0.0,0.0,0.0,0.0,0.0,0.0,0.0,0.1,0.0,0.0,0.0,0.0,0.0,0.0,0.0,0.0,0.79,0.0,0.11,0.0,0.0,0.0,0.0,0.0,0.0,0.0,0.0,0.1,0.0,0.0,hard,"{""ai_coding_innovations"": 0.1, ""ai_copyright_theft"": 0.8, ""ai_mass_surveillance"": 0.1}","{""ai_coding_innovations"": 0.11, ""ai_copyright_theft"": 0.79, ""ai_mass_surveillance"": 0.1}"
user_0535,surveillance_heavy,Mostly AI mass surveillance,100,0.0,0.0,0.0,0.0,0.0,0.0,0.11,0.0,0.09,0.0,0.0,0.0,0.0,0.0,0.0,0.0,0.0,0.8,0.0,0.0,0.0,0.0,0.0,0.0,0.0,0.0,0.11,0.0,0.09,0.0,0.0,0.0,0.0,0.0,0.0,0.0,0.0,0.8,0.0,0.0,hard,"{""ai_coding_innovations"": 0.1, ""ai_copyright_theft"": 0.1, ""ai_mass_surveillance"": 0.8}","{""ai_coding_innovations"": 0.09, ""ai_copyright_theft"": 0.11, ""ai_mass_surveillance"": 0.8}"
user_0536,balanced,Even across all topics,100,0.0,0.0,0.0,0.0,0.0,0.0,0.35,0.0,0.39,0.0,0.0,0.0,0.0,0.0,0.0,0.0,0.0,0.26,0.0,0.0,0.0,0.0,0.0,0.0,0.0,0.0,0.35,0.0,0.39,0.0,0.0,0.0,0.0,0.0,0.0,0.0,0.0,0.26,0.0,0.0,hard,"{""ai_coding_innovations"": 0.333333, ""ai_copyright_theft"": 0.333333, ""ai_mass_surveillance"": 0.333334}","{""ai_coding_innovations"": 0.39, ""ai_copyright_theft"": 0.35, ""ai_mass_surveillance"": 0.26}"
user_0537,coding_copyright,Split: coding + copyright,100,0.0,0.0,0.0,0.0,0.0,0.0,0.41,0.0,0.54,0.0,0.0,0.0,0.0,0.0,0.0,0.0,0.0,0.05,0.0,0.0,0.0,0.0,0.0,0.0,0.0,0.0,0.41,0.0,0.54,0.0,0.0,0.0,0.0,0.0,0.0,0.0,0.0,0.05,0.0,0.0,hard,"{""ai_coding_innovations"": 0.45, ""ai_copyright_theft"": 0.45, ""ai_mass_surveillance"": 0.1}","{""ai_coding_innovations"": 0.54, ""ai_copyright_theft"": 0.41, ""ai_mass_surveillance"": 0.05}"
user_0538,coding_surveillance,Split: coding + surveillance,100,0.0,0.0,0.0,0.0,0.0,0.0,0.08,0.0,0.45,0.0,0.0,0.0,0.0,0.0,0.0,0.0,0.0,0.47,0.0,0.0,0.0,0.0,0.0,0.0,0.0,0.0,0.08,0.0,0.45,0.0,0.0,0.0,0.0,0.0,0.0,0.0,0.0,0.47,0.0,0.0,hard,"{""ai_coding_innovations"": 0.45, ""ai_copyright_theft"": 0.1, ""ai_mass_surveillance"": 0.45}","{""ai_coding_innovations"": 0.45, ""ai_copyright_theft"": 0.08, ""ai_mass_surveillance"": 0.47}"
user_0539,copyright_surveillance,Split: copyright + surveillance,100,0.0,0.0,0.0,0.0,0.0,0.0,0.47,0.0,0.12,0.0,0.0,0.0,0.0,0.0,0.0,0.0,0.0,0.41,0.0,0.0,0.0,0.0,0.0,0.0,0.0,0.0,0.47,0.0,0.12,0.0,0.0,0.0,0.0,0.0,0.0,0.0,0.0,0.41,0.0,0.0,hard,"{""ai_coding_innovations"": 0.1, ""ai_copyright_theft"": 0.45, ""ai_mass_surveillance"": 0.45}","{""ai_coding_innovations"": 0.12, ""ai_copyright_theft"": 0.47, ""ai_mass_surveillance"": 0.41}"
user_0540,coding_heavy,Mostly AI coding innovations,100,0.0,0.0,0.0,0.0,0.0,0.0,0.12,0.0,0.8,0.0,0.0,0.0,0.0,0.0,0.0,0.0,0.0,0.08,0.0,0.0,0.0,0.0,0.0,0.0,0.0,0.0,0.12,0.0,0.8,0.0,0.0,0.0,0.0,0.0,0.0,0.0,0.0,0.08,0.0,0.0,hard,"{""ai_coding_innovations"": 0.8, ""ai_copyright_theft"": 0.1, ""ai_mass_surveillance"": 0.1}","{""ai_coding_innovations"": 0.8, ""ai_copyright_theft"": 0.12, ""ai_mass_surveillance"": 0.08}"
user_0541,copyright_heavy,Mostly AI copyright / theft concerns,100,0.0,0.0,0.0,0.0,0.0,0.0,0.84,0.0,0.05,0.0,0.0,0.0,0.0,0.0,0.0,0.0,0.0,0.11,0.0,0.0,0.0,0.0,0.0,0.0,0.0,0.0,0.84,0.0,0.05,0.0,0.0,0.0,0.0,0.0,0.0,0.0,0.0,0.11,0.0,0.0,hard,"{""ai_coding_innovations"": 0.1, ""ai_copyright_theft"": 0.8, ""ai_mass_surveillance"": 0.1}","{""ai_coding_innovations"": 0.05, ""ai_copyright_theft"": 0.84, ""ai_mass_surveillance"": 0.11}"
user_0542,surveillance_heavy,Mostly AI mass surveillance,100,0.0,0.0,0.0,0.0,0.0,0.0,0.12,0.0,0.14,0.0,0.0,0.0,0.0,0.0,0.0,0.0,0.0,0.74,0.0,0.0,0.0,0.0,0.0,0.0,0.0,0.0,0.12,0.0,0.14,0.0,0.0,0.0,0.0,0.0,0.0,0.0,0.0,0.74,0.0,0.0,hard,"{""ai_coding_innovations"": 0.1, ""ai_copyright_theft"": 0.1, ""ai_mass_surveillance"": 0.8}","{""ai_coding_innovations"": 0.14, ""ai_copyright_theft"": 0.12, ""ai_mass_surveillance"": 0.74}"
user_0543,balanced,Even across all topics,100,0.0,0.0,0.0,0.0,0.0,0.0,0.31,0.0,0.4,0.0,0.0,0.0,0.0,0.0,0.0,0.0,0.0,0.29,0.0,0.0,0.0,0.0,0.0,0.0,0.0,0.0,0.31,0.0,0.4,0.0,0.0,0.0,0.0,0.0,0.0,0.0,0.0,0.29,0.0,0.0,hard,"{""ai_coding_innovations"": 0.333333, ""ai_copyright_theft"": 0.333333, ""ai_mass_surveillance"": 0.333334}","{""ai_coding_innovations"": 0.4, ""ai_copyright_theft"": 0.31, ""ai_mass_surveillance"": 0.29}"
user_0544,coding_copyright,Split: coding + copyright,100,0.0,0.0,0.0,0.0,0.0,0.0,0.48,0.0,0.45,0.0,0.0,0.0,0.0,0.0,0.0,0.0,0.0,0.07,0.0,0.0,0.0,0.0,0.0,0.0,0.0,0.0,0.48,0.0,0.45,0.0,0.0,0.0,0.0,0.0,0.0,0.0,0.0,0.07,0.0,0.0,hard,"{""ai_coding_innovations"": 0.45, ""ai_copyright_theft"": 0.45, ""ai_mass_surveillance"": 0.1}","{""ai_coding_innovations"": 0.45, ""ai_copyright_theft"": 0.48, ""ai_mass_surveillance"": 0.07}"
user_0545,coding_surveillance,Split: coding + surveillance,100,0.0,0.0,0.0,0.0,0.0,0.0,0.11,0.0,0.38,0.0,0.0,0.0,0.0,0.0,0.0,0.0,0.0,0.51,0.0,0.0,0.0,0.0,0.0,0.0,0.0,0.0,0.11,0.0,0.38,0.0,0.0,0.0,0.0,0.0,0.0,0.0,0.0,0.51,0.0,0.0,hard,"{""ai_coding_innovations"": 0.45, ""ai_copyright_theft"": 0.1, ""ai_mass_surveillance"": 0.45}","{""ai_coding_innovations"": 0.38, ""ai_copyright_theft"": 0.11, ""ai_mass_surveillance"": 0.51}"
user_0546,copyright_surveillance,Split: copyright + surveillance,100,0.0,0.0,0.0,0.0,0.0,0.0,0.48,0.0,0.14,0.0,0.0,0.0,0.0,0.0,0.0,0.0,0.0,0.38,0.0,0.0,0.0,0.0,0.0,0.0,0.0,0.0,0.48,0.0,0.14,0.0,0.0,0.0,0.0,0.0,0.0,0.0,0.0,0.38,0.0,0.0,hard,"{""ai_coding_innovations"": 0.1, ""ai_copyright_theft"": 0.45, ""ai_mass_surveillance"": 0.45}","{""ai_coding_innovations"": 0.14, ""ai_copyright_theft"": 0.48, ""ai_mass_surveillance"": 0.38}"
user_0547,coding_heavy,Mostly AI coding innovations,100,0.0,0.0,0.0,0.0,0.0,0.0,0.09,0.0,0.79,0.0,0.0,0.0,0.0,0.0,0.0,0.0,0.0,0.12,0.0,0.0,0.0,0.0,0.0,0.0,0.0,0.0,0.09,0.0,0.79,0.0,0.0,0.0,0.0,0.0,0.0,0.0,0.0,0.12,0.0,0.0,hard,"{""ai_coding_innovations"": 0.8, ""ai_copyright_theft"": 0.1, ""ai_mass_surveillance"": 0.1}","{""ai_coding_innovations"": 0.79, ""ai_copyright_theft"": 0.09, ""ai_mass_surveillance"": 0.12}"
user_0548,copyright_heavy,Mostly AI copyright / theft concerns,100,0.0,0.0,0.0,0.0,0.0,0.0,0.78,0.0,0.12,0.0,0.0,0.0,0.0,0.0,0.0,0.0,0.0,0.1,0.0,0.0,0.0,0.0,0.0,0.0,0.0,0.0,0.78,0.0,0.12,0.0,0.0,0.0,0.0,0.0,0.0,0.0,0.0,0.1,0.0,0.0,hard,"{""ai_coding_innovations"": 0.1, ""ai_copyright_theft"": 0.8, ""ai_mass_surveillance"": 0.1}","{""ai_coding_innovations"": 0.12, ""ai_copyright_theft"": 0.78, ""ai_mass_surveillance"": 0.1}"
user_0549,surveillance_heavy,Mostly AI mass surveillance,100,0.0,0.0,0.0,0.0,0.0,0.0,0.11,0.0,0.1,0.0,0.0,0.0,0.0,0.0,0.0,0.0,0.0,0.79,0.0,0.0,0.0,0.0,0.0,0.0,0.0,0.0,0.11,0.0,0.1,0.0,0.0,0.0,0.0,0.0,0.0,0.0,0.0,0.79,0.0,0.0,hard,"{""ai_coding_innovations"": 0.1, ""ai_copyright_theft"": 0.1, ""ai_mass_surveillance"": 0.8}","{""ai_coding_innovations"": 0.1, ""ai_copyright_theft"": 0.11, ""ai_mass_surveillance"": 0.79}"
user_0550,balanced,Even across all topics,100,0.0,0.0,0.0,0.0,0.0,0.0,0.33,0.0,0.3,0.0,0.0,0.0,0.0,0.0,0.0,0.0,0.0,0.37,0.0,0.0,0.0,0.0,0.0,0.0,0.0,0.0,0.33,0.0,0.3,0.0,0.0,0.0,0.0,0.0,0.0,0.0,0.0,0.37,0.0,0.0,hard,"{""ai_coding_innovations"": 0.333333, ""ai_copyright_theft"": 0.333333, ""ai_mass_surveillance"": 0.333334}","{""ai_coding_innovations"": 0.3, ""ai_copyright_theft"": 0.33, ""ai_mass_surveillance"": 0.37}"
user_0551,coding_copyright,Split: coding + copyright,100,0.0,0.0,0.0,0.0,0.0,0.0,0.51,0.0,0.36,0.0,0.0,0.0,0.0,0.0,0.0,0.0,0.0,0.13,0.0,0.0,0.0,0.0,0.0,0.0,0.0,0.0,0.51,0.0,0.36,0.0,0.0,0.0,0.0,0.0,0.0,0.0,0.0,0.13,0.0,0.0,hard,"{""ai_coding_innovations"": 0.45, ""ai_copyright_theft"": 0.45, ""ai_mass_surveillance"": 0.1}","{""ai_coding_innovations"": 0.36, ""ai_copyright_theft"": 0.51, ""ai_mass_surveillance"": 0.13}"
user_0552,coding_surveillance,Split: coding + surveillance,100,0.0,0.0,0.0,0.0,0.0,0.0,0.11,0.0,0.38,0.0,0.0,0.0,0.0,0.0,0.0,0.0,0.0,0.51,0.0,0.0,0.0,0.0,0.0,0.0,0.0,0.0,0.11,0.0,0.38,0.0,0.0,0.0,0.0,0.0,0.0,0.0,0.0,0.51,0.0,0.0,hard,"{""ai_coding_innovations"": 0.45, ""ai_copyright_theft"": 0.1, ""ai_mass_surveillance"": 0.45}","{""ai_coding_innovations"": 0.38, ""ai_copyright_theft"": 0.11, ""ai_mass_surveillance"": 0.51}"
user_0553,copyright_surveillance,Split: copyright + surveillance,100,0.0,0.0,0.0,0.0,0.0,0.0,0.37,0.0,0.13,0.0,0.0,0.0,0.0,0.0,0.0,0.0,0.0,0.5,0.0,0.0,0.0,0.0,0.0,0.0,0.0,0.0,0.37,0.0,0.13,0.0,0.0,0.0,0.0,0.0,0.0,0.0,0.0,0.5,0.0,0.0,hard,"{""ai_coding_innovations"": 0.1, ""ai_copyright_theft"": 0.45, ""ai_mass_surveillance"": 0.45}","{""ai_coding_innovations"": 0.13, ""ai_copyright_theft"": 0.37, ""ai_mass_surveillance"": 0.5}"
user_0554,coding_heavy,Mostly AI coding innovations,100,0.0,0.0,0.0,0.0,0.0,0.0,0.08,0.0,0.8,0.0,0.0,0.0,0.0,0.0,0.0,0.0,0.0,0.12,0.0,0.0,0.0,0.0,0.0,0.0,0.0,0.0,0.08,0.0,0.8,0.0,0.0,0.0,0.0,0.0,0.0,0.0,0.0,0.12,0.0,0.0,hard,"{""ai_coding_innovations"": 0.8, ""ai_copyright_theft"": 0.1, ""ai_mass_surveillance"": 0.1}","{""ai_coding_innovations"": 0.8, ""ai_copyright_theft"": 0.08, ""ai_mass_surveillance"": 0.12}"
user_0555,copyright_heavy,Mostly AI copyright / theft concerns,100,0.0,0.0,0.0,0.0,0.0,0.0,0.77,0.0,0.14,0.0,0.0,0.0,0.0,0.0,0.0,0.0,0.0,0.09,0.0,0.0,0.0,0.0,0.0,0.0,0.0,0.0,0.77,0.0,0.14,0.0,0.0,0.0,0.0,0.0,0.0,0.0,0.0,0.09,0.0,0.0,hard,"{""ai_coding_innovations"": 0.1, ""ai_copyright_theft"": 0.8, ""ai_mass_surveillance"": 0.1}","{""ai_coding_innovations"": 0.14, ""ai_copyright_theft"": 0.77, ""ai_mass_surveillance"": 0.09}"
user_0556,surveillance_heavy,Mostly AI mass surveillance,100,0.0,0.0,0.0,0.0,0.0,0.0,0.09,0.0,0.13,0.0,0.0,0.0,0.0,0.0,0.0,0.0,0.0,0.78,0.0,0.0,0.0,0.0,0.0,0.0,0.0,0.0,0.09,0.0,0.13,0.0,0.0,0.0,0.0,0.0,0.0,0.0,0.0,0.78,0.0,0.0,hard,"{""ai_coding_innovations"": 0.1, ""ai_copyright_theft"": 0.1, ""ai_mass_surveillance"": 0.8}","{""ai_coding_innovations"": 0.13, ""ai_copyright_theft"": 0.09, ""ai_mass_surveillance"": 0.78}"
user_0557,balanced,Even across all topics,100,0.0,0.0,0.0,0.0,0.0,0.0,0.29,0.0,0.32,0.0,0.0,0.0,0.0,0.0,0.0,0.0,0.0,0.39,0.0,0.0,0.0,0.0,0.0,0.0,0.0,0.0,0.29,0.0,0.32,0.0,0.0,0.0,0.0,0.0,0.0,0.0,0.0,0.39,0.0,0.0,hard,"{""ai_coding_innovations"": 0.333333, ""ai_copyright_theft"": 0.333333, ""ai_mass_surveillance"": 0.333334}","{""ai_coding_innovations"": 0.32, ""ai_copyright_theft"": 0.29, ""ai_mass_surveillance"": 0.39}"
user_0558,coding_copyright,Split: coding + copyright,100,0.0,0.0,0.0,0.0,0.0,0.0,0.53,0.0,0.38,0.0,0.0,0.0,0.0,0.0,0.0,0.0,0.0,0.09,0.0,0.0,0.0,0.0,0.0,0.0,0.0,0.0,0.53,0.0,0.38,0.0,0.0,0.0,0.0,0.0,0.0,0.0,0.0,0.09,0.0,0.0,hard,"{""ai_coding_innovations"": 0.45, ""ai_copyright_theft"": 0.45, ""ai_mass_surveillance"": 0.1}","{""ai_coding_innovations"": 0.38, ""ai_copyright_theft"": 0.53, ""ai_mass_surveillance"": 0.09}"
user_0559,coding_surveillance,Split: coding + surveillance,100,0.0,0.0,0.0,0.0,0.0,0.0,0.13,0.0,0.43,0.0,0.0,0.0,0.0,0.0,0.0,0.0,0.0,0.44,0.0,0.0,0.0,0.0,0.0,0.0,0.0,0.0,0.13,0.0,0.43,0.0,0.0,0.0,0.0,0.0,0.0,0.0,0.0,0.44,0.0,0.0,hard,"{""ai_coding_innovations"": 0.45, ""ai_copyright_theft"": 0.1, ""ai_mass_surveillance"": 0.45}","{""ai_coding_innovations"": 0.43, ""ai_copyright_theft"": 0.13, ""ai_mass_surveillance"": 0.44}"
user_0560,copyright_surveillance,Split: copyright + surveillance,100,0.0,0.0,0.0,0.0,0.0,0.0,0.47,0.0,0.12,0.0,0.0,0.0,0.0,0.0,0.0,0.0,0.0,0.41,0.0,0.0,0.0,0.0,0.0,0.0,0.0,0.0,0.47,0.0,0.12,0.0,0.0,0.0,0.0,0.0,0.0,0.0,0.0,0.41,0.0,0.0,hard,"{""ai_coding_innovations"": 0.1, ""ai_copyright_theft"": 0.45, ""ai_mass_surveillance"": 0.45}","{""ai_coding_innovations"": 0.12, ""ai_copyright_theft"": 0.47, ""ai_mass_surveillance"": 0.41}"
user_0561,coding_heavy,Mostly AI coding innovations,100,0.0,0.0,0.0,0.0,0.0,0.0,0.11,0.0,0.76,0.0,0.0,0.0,0.0,0.0,0.0,0.0,0.0,0.13,0.0,0.0,0.0,0.0,0.0,0.0,0.0,0.0,0.11,0.0,0.76,0.0,0.0,0.0,0.0,0.0,0.0,0.0,0.0,0.13,0.0,0.0,hard,"{""ai_coding_innovations"": 0.8, ""ai_copyright_theft"": 0.1, ""ai_mass_surveillance"": 0.1}","{""ai_coding_innovations"": 0.76, ""ai_copyright_theft"": 0.11, ""ai_mass_surveillance"": 0.13}"
user_0562,copyright_heavy,Mostly AI copyright / theft concerns,100,0.0,0.0,0.0,0.0,0.0,0.0,0.81,0.0,0.11,0.0,0.0,0.0,0.0,0.0,0.0,0.0,0.0,0.08,0.0,0.0,0.0,0.0,0.0,0.0,0.0,0.0,0.81,0.0,0.11,0.0,0.0,0.0,0.0,0.0,0.0,0.0,0.0,0.08,0.0,0.0,hard,"{""ai_coding_innovations"": 0.1, ""ai_copyright_theft"": 0.8, ""ai_mass_surveillance"": 0.1}","{""ai_coding_innovations"": 0.11, ""ai_copyright_theft"": 0.81, ""ai_mass_surveillance"": 0.08}"
user_0563,surveillance_heavy,Mostly AI mass surveillance,100,0.0,0.0,0.0,0.0,0.0,0.0,0.07,0.0,0.06,0.0,0.0,0.0,0.0,0.0,0.0,0.0,0.0,0.87,0.0,0.0,0.0,0.0,0.0,0.0,0.0,0.0,0.07,0.0,0.06,0.0,0.0,0.0,0.0,0.0,0.0,0.0,0.0,0.87,0.0,0.0,hard,"{""ai_coding_innovations"": 0.1, ""ai_copyright_theft"": 0.1, ""ai_mass_surveillance"": 0.8}","{""ai_coding_innovations"": 0.06, ""ai_copyright_theft"": 0.07, ""ai_mass_surveillance"": 0.87}"
user_0564,balanced,Even across all topics,100,0.0,0.0,0.0,0.0,0.0,0.0,0.32,0.0,0.34,0.0,0.0,0.0,0.0,0.0,0.0,0.0,0.0,0.34,0.0,0.0,0.0,0.0,0.0,0.0,0.0,0.0,0.32,0.0,0.34,0.0,0.0,0.0,0.0,0.0,0.0,0.0,0.0,0.34,0.0,0.0,hard,"{""ai_coding_innovations"": 0.333333, ""ai_copyright_theft"": 0.333333, ""ai_mass_surveillance"": 0.333334}","{""ai_coding_innovations"": 0.34, ""ai_copyright_theft"": 0.32, ""ai_mass_surveillance"": 0.34}"
user_0565,coding_copyright,Split: coding + copyright,100,0.0,0.0,0.0,0.0,0.0,0.0,0.48,0.0,0.4,0.0,0.0,0.0,0.0,0.0,0.0,0.0,0.0,0.12,0.0,0.0,0.0,0.0,0.0,0.0,0.0,0.0,0.48,0.0,0.4,0.0,0.0,0.0,0.0,0.0,0.0,0.0,0.0,0.12,0.0,0.0,hard,"{""ai_coding_innovations"": 0.45, ""ai_copyright_theft"": 0.45, ""ai_mass_surveillance"": 0.1}","{""ai_coding_innovations"": 0.4, ""ai_copyright_theft"": 0.48, ""ai_mass_surveillance"": 0.12}"
user_0566,coding_surveillance,Split: coding + surveillance,100,0.0,0.0,0.0,0.0,0.0,0.0,0.13,0.0,0.39,0.0,0.0,0.0,0.0,0.0,0.0,0.0,0.0,0.48,0.0,0.0,0.0,0.0,0.0,0.0,0.0,0.0,0.13,0.0,0.39,0.0,0.0,0.0,0.0,0.0,0.0,0.0,0.0,0.48,0.0,0.0,hard,"{""ai_coding_innovations"": 0.45, ""ai_copyright_theft"": 0.1, ""ai_mass_surveillance"": 0.45}","{""ai_coding_innovations"": 0.39, ""ai_copyright_theft"": 0.13, ""ai_mass_surveillance"": 0.48}"
user_0567,copyright_surveillance,Split: copyright + surveillance,100,0.0,0.0,0.0,0.0,0.0,0.0,0.5,0.0,0.09,0.0,0.0,0.0,0.0,0.0,0.0,0.0,0.0,0.41,0.0,0.0,0.0,0.0,0.0,0.0,0.0,0.0,0.5,0.0,0.09,0.0,0.0,0.0,0.0,0.0,0.0,0.0,0.0,0.41,0.0,0.0,hard,"{""ai_coding_innovations"": 0.1, ""ai_copyright_theft"": 0.45, ""ai_mass_surveillance"": 0.45}","{""ai_coding_innovations"": 0.09, ""ai_copyright_theft"": 0.5, ""ai_mass_surveillance"": 0.41}"
user_0568,coding_heavy,Mostly AI coding innovations,100,0.0,0.0,0.0,0.0,0.0,0.0,0.12,0.0,0.82,0.0,0.0,0.0,0.0,0.0,0.0,0.0,0.0,0.06,0.0,0.0,0.0,0.0,0.0,0.0,0.0,0.0,0.12,0.0,0.82,0.0,0.0,0.0,0.0,0.0,0.0,0.0,0.0,0.06,0.0,0.0,hard,"{""ai_coding_innovations"": 0.8, ""ai_copyright_theft"": 0.1, ""ai_mass_surveillance"": 0.1}","{""ai_coding_innovations"": 0.82, ""ai_copyright_theft"": 0.12, ""ai_mass_surveillance"": 0.06}"
user_0569,copyright_heavy,Mostly AI copyright / theft concerns,100,0.0,0.0,0.0,0.0,0.0,0.0,0.78,0.0,0.11,0.0,0.0,0.0,0.0,0.0,0.0,0.0,0.0,0.11,0.0,0.0,0.0,0.0,0.0,0.0,0.0,0.0,0.78,0.0,0.11,0.0,0.0,0.0,0.0,0.0,0.0,0.0,0.0,0.11,0.0,0.0,hard,"{""ai_coding_innovations"": 0.1, ""ai_copyright_theft"": 0.8, ""ai_mass_surveillance"": 0.1}","{""ai_coding_innovations"": 0.11, ""ai_copyright_theft"": 0.78, ""ai_mass_surveillance"": 0.11}"
user_0570,surveillance_heavy,Mostly AI mass surveillance,100,0.0,0.0,0.0,0.0,0.0,0.0,0.08,0.0,0.09,0.0,0.0,0.0,0.0,0.0,0.0,0.0,0.0,0.83,0.0,0.0,0.0,0.0,0.0,0.0,0.0,0.0,0.08,0.0,0.09,0.0,0.0,0.0,0.0,0.0,0.0,0.0,0.0,0.83,0.0,0.0,hard,"{""ai_coding_innovations"": 0.1, ""ai_copyright_theft"": 0.1, ""ai_mass_surveillance"": 0.8}","{""ai_coding_innovations"": 0.09, ""ai_copyright_theft"": 0.08, ""ai_mass_surveillance"": 0.83}"
user_0571,balanced,Even across all topics,100,0.0,0.0,0.0,0.0,0.0,0.0,0.35,0.0,0.36,0.0,0.0,0.0,0.0,0.0,0.0,0.0,0.0,0.29,0.0,0.0,0.0,0.0,0.0,0.0,0.0,0.0,0.35,0.0,0.36,0.0,0.0,0.0,0.0,0.0,0.0,0.0,0.0,0.29,0.0,0.0,hard,"{""ai_coding_innovations"": 0.333333, ""ai_copyright_theft"": 0.333333, ""ai_mass_surveillance"": 0.333334}","{""ai_coding_innovations"": 0.36, ""ai_copyright_theft"": 0.35, ""ai_mass_surveillance"": 0.29}"
user_0572,coding_copyright,Split: coding + copyright,100,0.0,0.0,0.0,0.0,0.0,0.0,0.42,0.0,0.44,0.0,0.0,0.0,0.0,0.0,0.0,0.0,0.0,0.14,0.0,0.0,0.0,0.0,0.0,0.0,0.0,0.0,0.42,0.0,0.44,0.0,0.0,0.0,0.0,0.0,0.0,0.0,0.0,0.14,0.0,0.0,hard,"{""ai_coding_innovations"": 0.45, ""ai_copyright_theft"": 0.45, ""ai_mass_surveillance"": 0.1}","{""ai_coding_innovations"": 0.44, ""ai_copyright_theft"": 0.42, ""ai_mass_surveillance"": 0.14}"
user_0573,coding_surveillance,Split: coding + surveillance,100,0.0,0.0,0.0,0.0,0.0,0.0,0.06,0.0,0.47,0.0,0.0,0.0,0.0,0.0,0.0,0.0,0.0,0.47,0.0,0.0,0.0,0.0,0.0,0.0,0.0,0.0,0.06,0.0,0.47,0.0,0.0,0.0,0.0,0.0,0.0,0.0,0.0,0.47,0.0,0.0,hard,"{""ai_coding_innovations"": 0.45, ""ai_copyright_theft"": 0.1, ""ai_mass_surveillance"": 0.45}","{""ai_coding_innovations"": 0.47, ""ai_copyright_theft"": 0.06, ""ai_mass_surveillance"": 0.47}"
user_0574,copyright_surveillance,Split: copyright + surveillance,100,0.0,0.0,0.0,0.0,0.0,0.0,0.49,0.0,0.11,0.0,0.0,0.0,0.0,0.0,0.0,0.0,0.0,0.4,0.0,0.0,0.0,0.0,0.0,0.0,0.0,0.0,0.49,0.0,0.11,0.0,0.0,0.0,0.0,0.0,0.0,0.0,0.0,0.4,0.0,0.0,hard,"{""ai_coding_innovations"": 0.1, ""ai_copyright_theft"": 0.45, ""ai_mass_surveillance"": 0.45}","{""ai_coding_innovations"": 0.11, ""ai_copyright_theft"": 0.49, ""ai_mass_surveillance"": 0.4}"
user_0575,coding_heavy,Mostly AI coding innovations,100,0.0,0.0,0.0,0.0,0.0,0.0,0.07,0.0,0.83,0.0,0.0,0.0,0.0,0.0,0.0,0.0,0.0,0.1,0.0,0.0,0.0,0.0,0.0,0.0,0.0,0.0,0.07,0.0,0.83,0.0,0.0,0.0,0.0,0.0,0.0,0.0,0.0,0.1,0.0,0.0,hard,"{""ai_coding_innovations"": 0.8, ""ai_copyright_theft"": 0.1, ""ai_mass_surveillance"": 0.1}","{""ai_coding_innovations"": 0.83, ""ai_copyright_theft"": 0.07, ""ai_mass_surveillance"": 0.1}"
user_0576,copyright_heavy,Mostly AI copyright / theft concerns,100,0.0,0.0,0.0,0.0,0.0,0.0,0.78,0.0,0.13,0.0,0.0,0.0,0.0,0.0,0.0,0.0,0.0,0.09,0.0,0.0,0.0,0.0,0.0,0.0,0.0,0.0,0.78,0.0,0.13,0.0,0.0,0.0,0.0,0.0,0.0,0.0,0.0,0.09,0.0,0.0,hard,"{""ai_coding_innovations"": 0.1, ""ai_copyright_theft"": 0.8, ""ai_mass_surveillance"": 0.1}","{""ai_coding_innovations"": 0.13, ""ai_copyright_theft"": 0.78, ""ai_mass_surveillance"": 0.09}"
user_0577,surveillance_heavy,Mostly AI mass surveillance,100,0.0,0.0,0.0,0.0,0.0,0.0,0.07,0.0,0.11,0.0,0.0,0.0,0.0,0.0,0.0,0.0,0.0,0.82,0.0,0.0,0.0,0.0,0.0,0.0,0.0,0.0,0.07,0.0,0.11,0.0,0.0,0.0,0.0,0.0,0.0,0.0,0.0,0.82,0.0,0.0,hard,"{""ai_coding_innovations"": 0.1, ""ai_copyright_theft"": 0.1, ""ai_mass_surveillance"": 0.8}","{""ai_coding_innovations"": 0.11, ""ai_copyright_theft"": 0.07, ""ai_mass_surveillance"": 0.82}"
user_0578,balanced,Even across all topics,100,0.0,0.0,0.0,0.0,0.0,0.0,0.31,0.0,0.3,0.0,0.0,0.0,0.0,0.0,0.0,0.0,0.0,0.39,0.0,0.0,0.0,0.0,0.0,0.0,0.0,0.0,0.31,0.0,0.3,0.0,0.0,0.0,0.0,0.0,0.0,0.0,0.0,0.39,0.0,0.0,hard,"{""ai_coding_innovations"": 0.333333, ""ai_copyright_theft"": 0.333333, ""ai_mass_surveillance"": 0.333334}","{""ai_coding_innovations"": 0.3, ""ai_copyright_theft"": 0.31, ""ai_mass_surveillance"": 0.39}"
user_0579,coding_copyright,Split: coding + copyright,100,0.0,0.0,0.0,0.0,0.0,0.0,0.41,0.0,0.45,0.0,0.0,0.0,0.0,0.0,0.0,0.0,0.0,0.14,0.0,0.0,0.0,0.0,0.0,0.0,0.0,0.0,0.41,0.0,0.45,0.0,0.0,0.0,0.0,0.0,0.0,0.0,0.0,0.14,0.0,0.0,hard,"{""ai_coding_innovations"": 0.45, ""ai_copyright_theft"": 0.45, ""ai_mass_surveillance"": 0.1}","{""ai_coding_innovations"": 0.45, ""ai_copyright_theft"": 0.41, ""ai_mass_surveillance"": 0.14}"
user_0580,coding_surveillance,Split: coding + surveillance,100,0.0,0.0,0.0,0.0,0.0,0.0,0.12,0.0,0.39,0.0,0.0,0.0,0.0,0.0,0.0,0.0,0.0,0.49,0.0,0.0,0.0,0.0,0.0,0.0,0.0,0.0,0.12,0.0,0.39,0.0,0.0,0.0,0.0,0.0,0.0,0.0,0.0,0.49,0.0,0.0,hard,"{""ai_coding_innovations"": 0.45, ""ai_copyright_theft"": 0.1, ""ai_mass_surveillance"": 0.45}","{""ai_coding_innovations"": 0.39, ""ai_copyright_theft"": 0.12, ""ai_mass_surveillance"": 0.49}"
user_0581,copyright_surveillance,Split: copyright + surveillance,100,0.0,0.0,0.0,0.0,0.0,0.0,0.47,0.0,0.13,0.0,0.0,0.0,0.0,0.0,0.0,0.0,0.0,0.4,0.0,0.0,0.0,0.0,0.0,0.0,0.0,0.0,0.47,0.0,0.13,0.0,0.0,0.0,0.0,0.0,0.0,0.0,0.0,0.4,0.0,0.0,hard,"{""ai_coding_innovations"": 0.1, ""ai_copyright_theft"": 0.45, ""ai_mass_surveillance"": 0.45}","{""ai_coding_innovations"": 0.13, ""ai_copyright_theft"": 0.47, ""ai_mass_surveillance"": 0.4}"
user_0582,coding_heavy,Mostly AI coding innovations,100,0.0,0.0,0.0,0.0,0.0,0.0,0.09,0.0,0.83,0.0,0.0,0.0,0.0,0.0,0.0,0.0,0.0,0.08,0.0,0.0,0.0,0.0,0.0,0.0,0.0,0.0,0.09,0.0,0.83,0.0,0.0,0.0,0.0,0.0,0.0,0.0,0.0,0.08,0.0,0.0,hard,"{""ai_coding_innovations"": 0.8, ""ai_copyright_theft"": 0.1, ""ai_mass_surveillance"": 0.1}","{""ai_coding_innovations"": 0.83, ""ai_copyright_theft"": 0.09, ""ai_mass_surveillance"": 0.08}"
user_0583,copyright_heavy,Mostly AI copyright / theft concerns,100,0.0,0.0,0.0,0.0,0.0,0.0,0.89,0.0,0.04,0.0,0.0,0.0,0.0,0.0,0.0,0.0,0.0,0.07,0.0,0.0,0.0,0.0,0.0,0.0,0.0,0.0,0.89,0.0,0.04,0.0,0.0,0.0,0.0,0.0,0.0,0.0,0.0,0.07,0.0,0.0,hard,"{""ai_coding_innovations"": 0.1, ""ai_copyright_theft"": 0.8, ""ai_mass_surveillance"": 0.1}","{""ai_coding_innovations"": 0.04, ""ai_copyright_theft"": 0.89, ""ai_mass_surveillance"": 0.07}"
user_0584,surveillance_heavy,Mostly AI mass surveillance,100,0.0,0.0,0.0,0.0,0.0,0.0,0.04,0.0,0.09,0.0,0.0,0.0,0.0,0.0,0.0,0.0,0.0,0.87,0.0,0.0,0.0,0.0,0.0,0.0,0.0,0.0,0.04,0.0,0.09,0.0,0.0,0.0,0.0,0.0,0.0,0.0,0.0,0.87,0.0,0.0,hard,"{""ai_coding_innovations"": 0.1, ""ai_copyright_theft"": 0.1, ""ai_mass_surveillance"": 0.8}","{""ai_coding_innovations"": 0.09, ""ai_copyright_theft"": 0.04, ""ai_mass_surveillance"": 0.87}"
user_0585,balanced,Even across all topics,100,0.0,0.0,0.0,0.0,0.0,0.0,0.32,0.0,0.38,0.0,0.0,0.0,0.0,0.0,0.0,0.0,0.0,0.3,0.0,0.0,0.0,0.0,0.0,0.0,0.0,0.0,0.32,0.0,0.38,0.0,0.0,0.0,0.0,0.0,0.0,0.0,0.0,0.3,0.0,0.0,hard,"{""ai_coding_innovations"": 0.333333, ""ai_copyright_theft"": 0.333333, ""ai_mass_surveillance"": 0.333334}","{""ai_coding_innovations"": 0.38, ""ai_copyright_theft"": 0.32, ""ai_mass_surveillance"": 0.3}"
user_0586,coding_copyright,Split: coding + copyright,100,0.0,0.0,0.0,0.0,0.0,0.0,0.48,0.0,0.42,0.0,0.0,0.0,0.0,0.0,0.0,0.0,0.0,0.1,0.0,0.0,0.0,0.0,0.0,0.0,0.0,0.0,0.48,0.0,0.42,0.0,0.0,0.0,0.0,0.0,0.0,0.0,0.0,0.1,0.0,0.0,hard,"{""ai_coding_innovations"": 0.45, ""ai_copyright_theft"": 0.45, ""ai_mass_surveillance"": 0.1}","{""ai_coding_innovations"": 0.42, ""ai_copyright_theft"": 0.48, ""ai_mass_surveillance"": 0.1}"
user_0587,coding_surveillance,Split: coding + surveillance,100,0.0,0.0,0.0,0.0,0.0,0.0,0.08,0.0,0.39,0.0,0.0,0.0,0.0,0.0,0.0,0.0,0.0,0.53,0.0,0.0,0.0,0.0,0.0,0.0,0.0,0.0,0.08,0.0,0.39,0.0,0.0,0.0,0.0,0.0,0.0,0.0,0.0,0.53,0.0,0.0,hard,"{""ai_coding_innovations"": 0.45, ""ai_copyright_theft"": 0.1, ""ai_mass_surveillance"": 0.45}","{""ai_coding_innovations"": 0.39, ""ai_copyright_theft"": 0.08, ""ai_mass_surveillance"": 0.53}"
user_0588,copyright_surveillance,Split: copyright + surveillance,100,0.0,0.0,0.0,0.0,0.0,0.0,0.47,0.0,0.08,0.0,0.0,0.0,0.0,0.0,0.0,0.0,0.0,0.45,0.0,0.0,0.0,0.0,0.0,0.0,0.0,0.0,0.47,0.0,0.08,0.0,0.0,0.0,0.0,0.0,0.0,0.0,0.0,0.45,0.0,0.0,hard,"{""ai_coding_innovations"": 0.1, ""ai_copyright_theft"": 0.45, ""ai_mass_surveillance"": 0.45}","{""ai_coding_innovations"": 0.08, ""ai_copyright_theft"": 0.47, ""ai_mass_surveillance"": 0.45}"
user_0589,coding_heavy,Mostly AI coding innovations,100,0.0,0.0,0.0,0.0,0.0,0.0,0.09,0.0,0.75,0.0,0.0,0.0,0.0,0.0,0.0,0.0,0.0,0.16,0.0,0.0,0.0,0.0,0.0,0.0,0.0,0.0,0.09,0.0,0.75,0.0,0.0,0.0,0.0,0.0,0.0,0.0,0.0,0.16,0.0,0.0,hard,"{""ai_coding_innovations"": 0.8, ""ai_copyright_theft"": 0.1, ""ai_mass_surveillance"": 0.1}","{""ai_coding_innovations"": 0.75, ""ai_copyright_theft"": 0.09, ""ai_mass_surveillance"": 0.16}"
user_0590,copyright_heavy,Mostly AI copyright / theft concerns,100,0.0,0.0,0.0,0.0,0.0,0.0,0.75,0.0,0.15,0.0,0.0,0.0,0.0,0.0,0.0,0.0,0.0,0.1,0.0,0.0,0.0,0.0,0.0,0.0,0.0,0.0,0.75,0.0,0.15,0.0,0.0,0.0,0.0,0.0,0.0,0.0,0.0,0.1,0.0,0.0,hard,"{""ai_coding_innovations"": 0.1, ""ai_copyright_theft"": 0.8, ""ai_mass_surveillance"": 0.1}","{""ai_coding_innovations"": 0.15, ""ai_copyright_theft"": 0.75, ""ai_mass_surveillance"": 0.1}"
user_0591,surveillance_heavy,Mostly AI mass surveillance,100,0.0,0.0,0.0,0.0,0.0,0.0,0.07,0.0,0.1,0.0,0.0,0.0,0.0,0.0,0.0,0.0,0.0,0.83,0.0,0.0,0.0,0.0,0.0,0.0,0.0,0.0,0.07,0.0,0.1,0.0,0.0,0.0,0.0,0.0,0.0,0.0,0.0,0.83,0.0,0.0,hard,"{""ai_coding_innovations"": 0.1, ""ai_copyright_theft"": 0.1, ""ai_mass_surveillance"": 0.8}","{""ai_coding_innovations"": 0.1, ""ai_copyright_theft"": 0.07, ""ai_mass_surveillance"": 0.83}"
user_0592,balanced,Even across all topics,100,0.0,0.0,0.0,0.0,0.0,0.0,0.35,0.0,0.35,0.0,0.0,0.0,0.0,0.0,0.0,0.0,0.0,0.3,0.0,0.0,0.0,0.0,0.0,0.0,0.0,0.0,0.35,0.0,0.35,0.0,0.0,0.0,0.0,0.0,0.0,0.0,0.0,0.3,0.0,0.0,hard,"{""ai_coding_innovations"": 0.333333, ""ai_copyright_theft"": 0.333333, ""ai_mass_surveillance"": 0.333334}","{""ai_coding_innovations"": 0.35, ""ai_copyright_theft"": 0.35, ""ai_mass_surveillance"": 0.3}"
user_0593,coding_copyright,Split: coding + copyright,100,0.0,0.0,0.0,0.0,0.0,0.0,0.44,0.0,0.44,0.0,0.0,0.0,0.0,0.0,0.0,0.0,0.0,0.12,0.0,0.0,0.0,0.0,0.0,0.0,0.0,0.0,0.44,0.0,0.44,0.0,0.0,0.0,0.0,0.0,0.0,0.0,0.0,0.12,0.0,0.0,hard,"{""ai_coding_innovations"": 0.45, ""ai_copyright_theft"": 0.45, ""ai_mass_surveillance"": 0.1}","{""ai_coding_innovations"": 0.44, ""ai_copyright_theft"": 0.44, ""ai_mass_surveillance"": 0.12}"
user_0594,coding_surveillance,Split: coding + surveillance,100,0.0,0.0,0.0,0.0,0.0,0.0,0.1,0.0,0.39,0.0,0.0,0.0,0.0,0.0,0.0,0.0,0.0,0.51,0.0,0.0,0.0,0.0,0.0,0.0,0.0,0.0,0.1,0.0,0.39,0.0,0.0,0.0,0.0,0.0,0.0,0.0,0.0,0.51,0.0,0.0,hard,"{""ai_coding_innovations"": 0.45, ""ai_copyright_theft"": 0.1, ""ai_mass_surveillance"": 0.45}","{""ai_coding_innovations"": 0.39, ""ai_copyright_theft"": 0.1, ""ai_mass_surveillance"": 0.51}"
user_0595,copyright_surveillance,Split: copyright + surveillance,100,0.0,0.0,0.0,0.0,0.0,0.0,0.43,0.0,0.15,0.0,0.0,0.0,0.0,0.0,0.0,0.0,0.0,0.42,0.0,0.0,0.0,0.0,0.0,0.0,0.0,0.0,0.43,0.0,0.15,0.0,0.0,0.0,0.0,0.0,0.0,0.0,0.0,0.42,0.0,0.0,hard,"{""ai_coding_innovations"": 0.1, ""ai_copyright_theft"": 0.45, ""ai_mass_surveillance"": 0.45}","{""ai_coding_innovations"": 0.15, ""ai_copyright_theft"": 0.43, ""ai_mass_surveillance"": 0.42}"
user_0596,coding_heavy,Mostly AI coding innovations,100,0.0,0.0,0.0,0.0,0.0,0.0,0.17,0.0,0.74,0.0,0.0,0.0,0.0,0.0,0.0,0.0,0.0,0.09,0.0,0.0,0.0,0.0,0.0,0.0,0.0,0.0,0.17,0.0,0.74,0.0,0.0,0.0,0.0,0.0,0.0,0.0,0.0,0.09,0.0,0.0,hard,"{""ai_coding_innovations"": 0.8, ""ai_copyright_theft"": 0.1, ""ai_mass_surveillance"": 0.1}","{""ai_coding_innovations"": 0.74, ""ai_copyright_theft"": 0.17, ""ai_mass_surveillance"": 0.09}"
user_0597,copyright_heavy,Mostly AI copyright / theft concerns,100,0.0,0.0,0.0,0.0,0.0,0.0,0.83,0.0,0.08,0.0,0.0,0.0,0.0,0.0,0.0,0.0,0.0,0.09,0.0,0.0,0.0,0.0,0.0,0.0,0.0,0.0,0.83,0.0,0.08,0.0,0.0,0.0,0.0,0.0,0.0,0.0,0.0,0.09,0.0,0.0,hard,"{""ai_coding_innovations"": 0.1, ""ai_copyright_theft"": 0.8, ""ai_mass_surveillance"": 0.1}","{""ai_coding_innovations"": 0.08, ""ai_copyright_theft"": 0.83, ""ai_mass_surveillance"": 0.09}"
user_0598,surveillance_heavy,Mostly AI mass surveillance,100,0.0,0.0,0.0,0.0,0.0,0.0,0.07,0.0,0.1,0.0,0.0,0.0,0.0,0.0,0.0,0.0,0.0,0.83,0.0,0.0,0.0,0.0,0.0,0.0,0.0,0.0,0.07,0.0,0.1,0.0,0.0,0.0,0.0,0.0,0.0,0.0,0.0,0.83,0.0,0.0,hard,"{""ai_coding_innovations"": 0.1, ""ai_copyright_theft"": 0.1, ""ai_mass_surveillance"": 0.8}","{""ai_coding_innovations"": 0.1, ""ai_copyright_theft"": 0.07, ""ai_mass_surveillance"": 0.83}"
user_0599,balanced,Even across all topics,100,0.0,0.0,0.0,0.0,0.0,0.0,0.34,0.0,0.31,0.0,0.0,0.0,0.0,0.0,0.0,0.0,0.0,0.35,0.0,0.0,0.0,0.0,0.0,0.0,0.0,0.0,0.34,0.0,0.31,0.0,0.0,0.0,0.0,0.0,0.0,0.0,0.0,0.35,0.0,0.0,hard,"{""ai_coding_innovations"": 0.333333, ""ai_copyright_theft"": 0.333333, ""ai_mass_surveillance"": 0.333334}","{""ai_coding_innovations"": 0.31, ""ai_copyright_theft"": 0.34, ""ai_mass_surveillance"": 0.35}"
user_0600,coding_copyright,Split: coding + copyright,100,0.0,0.0,0.0,0.0,0.0,0.0,0.51,0.0,0.36,0.0,0.0,0.0,0.0,0.0,0.0,0.0,0.0,0.13,0.0,0.0,0.0,0.0,0.0,0.0,0.0,0.0,0.51,0.0,0.36,0.0,0.0,0.0,0.0,0.0,0.0,0.0,0.0,0.13,0.0,0.0,hard,"{""ai_coding_innovations"": 0.45, ""ai_copyright_theft"": 0.45, ""ai_mass_surveillance"": 0.1}","{""ai_coding_innovations"": 0.36, ""ai_copyright_theft"": 0.51, ""ai_mass_surveillance"": 0.13}"
user_0601,coding_surveillance,Split: coding + surveillance,100,0.0,0.0,0.0,0.0,0.0,0.0,0.05,0.0,0.51,0.0,0.0,0.0,0.0,0.0,0.0,0.0,0.0,0.44,0.0,0.0,0.0,0.0,0.0,0.0,0.0,0.0,0.05,0.0,0.51,0.0,0.0,0.0,0.0,0.0,0.0,0.0,0.0,0.44,0.0,0.0,hard,"{""ai_coding_innovations"": 0.45, ""ai_copyright_theft"": 0.1, ""ai_mass_surveillance"": 0.45}","{""ai_coding_innovations"": 0.51, ""ai_copyright_theft"": 0.05, ""ai_mass_surveillance"": 0.44}"
user_0602,copyright_surveillance,Split: copyright + surveillance,100,0.0,0.0,0.0,0.0,0.0,0.0,0.45,0.0,0.08,0.0,0.0,0.0,0.0,0.0,0.0,0.0,0.0,0.47,0.0,0.0,0.0,0.0,0.0,0.0,0.0,0.0,0.45,0.0,0.08,0.0,0.0,0.0,0.0,0.0,0.0,0.0,0.0,0.47,0.0,0.0,hard,"{""ai_coding_innovations"": 0.1, ""ai_copyright_theft"": 0.45, ""ai_mass_surveillance"": 0.45}","{""ai_coding_innovations"": 0.08, ""ai_copyright_theft"": 0.45, ""ai_mass_surveillance"": 0.47}"
user_0603,coding_heavy,Mostly AI coding innovations,100,0.0,0.0,0.0,0.0,0.0,0.0,0.08,0.0,0.8,0.0,0.0,0.0,0.0,0.0,0.0,0.0,0.0,0.12,0.0,0.0,0.0,0.0,0.0,0.0,0.0,0.0,0.08,0.0,0.8,0.0,0.0,0.0,0.0,0.0,0.0,0.0,0.0,0.12,0.0,0.0,hard,"{""ai_coding_innovations"": 0.8, ""ai_copyright_theft"": 0.1, ""ai_mass_surveillance"": 0.1}","{""ai_coding_innovations"": 0.8, ""ai_copyright_theft"": 0.08, ""ai_mass_surveillance"": 0.12}"
user_0604,copyright_heavy,Mostly AI copyright / theft concerns,100,0.0,0.0,0.0,0.0,0.0,0.0,0.73,0.0,0.15,0.0,0.0,0.0,0.0,0.0,0.0,0.0,0.0,0.12,0.0,0.0,0.0,0.0,0.0,0.0,0.0,0.0,0.73,0.0,0.15,0.0,0.0,0.0,0.0,0.0,0.0,0.0,0.0,0.12,0.0,0.0,hard,"{""ai_coding_innovations"": 0.1, ""ai_copyright_theft"": 0.8, ""ai_mass_surveillance"": 0.1}","{""ai_coding_innovations"": 0.15, ""ai_copyright_theft"": 0.73, ""ai_mass_surveillance"": 0.12}"
user_0605,surveillance_heavy,Mostly AI mass surveillance,100,0.0,0.0,0.0,0.0,0.0,0.0,0.11,0.0,0.08,0.0,0.0,0.0,0.0,0.0,0.0,0.0,0.0,0.81,0.0,0.0,0.0,0.0,0.0,0.0,0.0,0.0,0.11,0.0,0.08,0.0,0.0,0.0,0.0,0.0,0.0,0.0,0.0,0.81,0.0,0.0,hard,"{""ai_coding_innovations"": 0.1, ""ai_copyright_theft"": 0.1, ""ai_mass_surveillance"": 0.8}","{""ai_coding_innovations"": 0.08, ""ai_copyright_theft"": 0.11, ""ai_mass_surveillance"": 0.81}"
user_0606,balanced,Even across all topics,100,0.0,0.0,0.0,0.0,0.0,0.0,0.35,0.0,0.3,0.0,0.0,0.0,0.0,0.0,0.0,0.0,0.0,0.35,0.0,0.0,0.0,0.0,0.0,0.0,0.0,0.0,0.35,0.0,0.3,0.0,0.0,0.0,0.0,0.0,0.0,0.0,0.0,0.35,0.0,0.0,hard,"{""ai_coding_innovations"": 0.333333, ""ai_copyright_theft"": 0.333333, ""ai_mass_surveillance"": 0.333334}","{""ai_coding_innovations"": 0.3, ""ai_copyright_theft"": 0.35, ""ai_mass_surveillance"": 0.35}"
user_0607,coding_copyright,Split: coding + copyright,100,0.0,0.0,0.0,0.0,0.0,0.0,0.51,0.0,0.42,0.0,0.0,0.0,0.0,0.0,0.0,0.0,0.0,0.07,0.0,0.0,0.0,0.0,0.0,0.0,0.0,0.0,0.51,0.0,0.42,0.0,0.0,0.0,0.0,0.0,0.0,0.0,0.0,0.07,0.0,0.0,hard,"{""ai_coding_innovations"": 0.45, ""ai_copyright_theft"": 0.45, ""ai_mass_surveillance"": 0.1}","{""ai_coding_innovations"": 0.42, ""ai_copyright_theft"": 0.51, ""ai_mass_surveillance"": 0.07}"
user_0608,coding_surveillance,Split: coding + surveillance,100,0.0,0.0,0.0,0.0,0.0,0.0,0.12,0.0,0.43,0.0,0.0,0.0,0.0,0.0,0.0,0.0,0.0,0.45,0.0,0.0,0.0,0.0,0.0,0.0,0.0,0.0,0.12,0.0,0.43,0.0,0.0,0.0,0.0,0.0,0.0,0.0,0.0,0.45,0.0,0.0,hard,"{""ai_coding_innovations"": 0.45, ""ai_copyright_theft"": 0.1, ""ai_mass_surveillance"": 0.45}","{""ai_coding_innovations"": 0.43, ""ai_copyright_theft"": 0.12, ""ai_mass_surveillance"": 0.45}"
user_0609,copyright_surveillance,Split: copyright + surveillance,100,0.0,0.0,0.0,0.0,0.0,0.0,0.41,0.0,0.15,0.0,0.0,0.0,0.0,0.0,0.0,0.0,0.0,0.44,0.0,0.0,0.0,0.0,0.0,0.0,0.0,0.0,0.41,0.0,0.15,0.0,0.0,0.0,0.0,0.0,0.0,0.0,0.0,0.44,0.0,0.0,hard,"{""ai_coding_innovations"": 0.1, ""ai_copyright_theft"": 0.45, ""ai_mass_surveillance"": 0.45}","{""ai_coding_innovations"": 0.15, ""ai_copyright_theft"": 0.41, ""ai_mass_surveillance"": 0.44}"
user_0610,coding_heavy,Mostly AI coding innovations,100,0.0,0.0,0.0,0.0,0.0,0.0,0.06,0.0,0.84,0.0,0.0,0.0,0.0,0.0,0.0,0.0,0.0,0.1,0.0,0.0,0.0,0.0,0.0,0.0,0.0,0.0,0.06,0.0,0.84,0.0,0.0,0.0,0.0,0.0,0.0,0.0,0.0,0.1,0.0,0.0,hard,"{""ai_coding_innovations"": 0.8, ""ai_copyright_theft"": 0.1, ""ai_mass_surveillance"": 0.1}","{""ai_coding_innovations"": 0.84, ""ai_copyright_theft"": 0.06, ""ai_mass_surveillance"": 0.1}"
user_0611,copyright_heavy,Mostly AI copyright / theft concerns,100,0.0,0.0,0.0,0.0,0.0,0.0,0.76,0.0,0.12,0.0,0.0,0.0,0.0,0.0,0.0,0.0,0.0,0.12,0.0,0.0,0.0,0.0,0.0,0.0,0.0,0.0,0.76,0.0,0.12,0.0,0.0,0.0,0.0,0.0,0.0,0.0,0.0,0.12,0.0,0.0,hard,"{""ai_coding_innovations"": 0.1, ""ai_copyright_theft"": 0.8, ""ai_mass_surveillance"": 0.1}","{""ai_coding_innovations"": 0.12, ""ai_copyright_theft"": 0.76, ""ai_mass_surveillance"": 0.12}"
user_0612,surveillance_heavy,Mostly AI mass surveillance,100,0.0,0.0,0.0,0.0,0.0,0.0,0.07,0.0,0.15,0.0,0.0,0.0,0.0,0.0,0.0,0.0,0.0,0.78,0.0,0.0,0.0,0.0,0.0,0.0,0.0,0.0,0.07,0.0,0.15,0.0,0.0,0.0,0.0,0.0,0.0,0.0,0.0,0.78,0.0,0.0,hard,"{""ai_coding_innovations"": 0.1, ""ai_copyright_theft"": 0.1, ""ai_mass_surveillance"": 0.8}","{""ai_coding_innovations"": 0.15, ""ai_copyright_theft"": 0.07, ""ai_mass_surveillance"": 0.78}"
user_0613,balanced,Even across all topics,100,0.0,0.0,0.0,0.0,0.0,0.0,0.37,0.0,0.31,0.0,0.0,0.0,0.0,0.0,0.0,0.0,0.0,0.32,0.0,0.0,0.0,0.0,0.0,0.0,0.0,0.0,0.37,0.0,0.31,0.0,0.0,0.0,0.0,0.0,0.0,0.0,0.0,0.32,0.0,0.0,hard,"{""ai_coding_innovations"": 0.333333, ""ai_copyright_theft"": 0.333333, ""ai_mass_surveillance"": 0.333334}","{""ai_coding_innovations"": 0.31, ""ai_copyright_theft"": 0.37, ""ai_mass_surveillance"": 0.32}"
user_0614,coding_copyright,Split: coding + copyright,100,0.0,0.0,0.0,0.0,0.0,0.0,0.42,0.0,0.49,0.0,0.0,0.0,0.0,0.0,0.0,0.0,0.0,0.09,0.0,0.0,0.0,0.0,0.0,0.0,0.0,0.0,0.42,0.0,0.49,0.0,0.0,0.0,0.0,0.0,0.0,0.0,0.0,0.09,0.0,0.0,hard,"{""ai_coding_innovations"": 0.45, ""ai_copyright_theft"": 0.45, ""ai_mass_surveillance"": 0.1}","{""ai_coding_innovations"": 0.49, ""ai_copyright_theft"": 0.42, ""ai_mass_surveillance"": 0.09}"
user_0615,coding_surveillance,Split: coding + surveillance,100,0.0,0.0,0.0,0.0,0.0,0.0,0.08,0.0,0.42,0.0,0.0,0.0,0.0,0.0,0.0,0.0,0.0,0.5,0.0,0.0,0.0,0.0,0.0,0.0,0.0,0.0,0.08,0.0,0.42,0.0,0.0,0.0,0.0,0.0,0.0,0.0,0.0,0.5,0.0,0.0,hard,"{""ai_coding_innovations"": 0.45, ""ai_copyright_theft"": 0.1, ""ai_mass_surveillance"": 0.45}","{""ai_coding_innovations"": 0.42, ""ai_copyright_theft"": 0.08, ""ai_mass_surveillance"": 0.5}"
user_0616,copyright_surveillance,Split: copyright + surveillance,100,0.0,0.0,0.0,0.0,0.0,0.0,0.51,0.0,0.06,0.0,0.0,0.0,0.0,0.0,0.0,0.0,0.0,0.43,0.0,0.0,0.0,0.0,0.0,0.0,0.0,0.0,0.51,0.0,0.06,0.0,0.0,0.0,0.0,0.0,0.0,0.0,0.0,0.43,0.0,0.0,hard,"{""ai_coding_innovations"": 0.1, ""ai_copyright_theft"": 0.45, ""ai_mass_surveillance"": 0.45}","{""ai_coding_innovations"": 0.06, ""ai_copyright_theft"": 0.51, ""ai_mass_surveillance"": 0.43}"
user_0617,coding_heavy,Mostly AI coding innovations,100,0.0,0.0,0.0,0.0,0.0,0.0,0.11,0.0,0.78,0.0,0.0,0.0,0.0,0.0,0.0,0.0,0.0,0.11,0.0,0.0,0.0,0.0,0.0,0.0,0.0,0.0,0.11,0.0,0.78,0.0,0.0,0.0,0.0,0.0,0.0,0.0,0.0,0.11,0.0,0.0,hard,"{""ai_coding_innovations"": 0.8, ""ai_copyright_theft"": 0.1, ""ai_mass_surveillance"": 0.1}","{""ai_coding_innovations"": 0.78, ""ai_copyright_theft"": 0.11, ""ai_mass_surveillance"": 0.11}"
user_0618,copyright_heavy,Mostly AI copyright / theft concerns,100,0.0,0.0,0.0,0.0,0.0,0.0,0.8,0.0,0.09,0.0,0.0,0.0,0.0,0.0,0.0,0.0,0.0,0.11,0.0,0.0,0.0,0.0,0.0,0.0,0.0,0.0,0.8,0.0,0.09,0.0,0.0,0.0,0.0,0.0,0.0,0.0,0.0,0.11,0.0,0.0,hard,"{""ai_coding_innovations"": 0.1, ""ai_copyright_theft"": 0.8, ""ai_mass_surveillance"": 0.1}","{""ai_coding_innovations"": 0.09, ""ai_copyright_theft"": 0.8, ""ai_mass_surveillance"": 0.11}"
user_0619,surveillance_heavy,Mostly AI mass surveillance,100,0.0,0.0,0.0,0.0,0.0,0.0,0.12,0.0,0.1,0.0,0.0,0.0,0.0,0.0,0.0,0.0,0.0,0.78,0.0,0.0,0.0,0.0,0.0,0.0,0.0,0.0,0.12,0.0,0.1,0.0,0.0,0.0,0.0,0.0,0.0,0.0,0.0,0.78,0.0,0.0,hard,"{""ai_coding_innovations"": 0.1, ""ai_copyright_theft"": 0.1, ""ai_mass_surveillance"": 0.8}","{""ai_coding_innovations"": 0.1, ""ai_copyright_theft"": 0.12, ""ai_mass_surveillance"": 0.78}"
user_0620,balanced,Even across all topics,100,0.0,0.0,0.0,0.0,0.0,0.0,0.41,0.0,0.24,0.0,0.0,0.0,0.0,0.0,0.0,0.0,0.0,0.35,0.0,0.0,0.0,0.0,0.0,0.0,0.0,0.0,0.41,0.0,0.24,0.0,0.0,0.0,0.0,0.0,0.0,0.0,0.0,0.35,0.0,0.0,hard,"{""ai_coding_innovations"": 0.333333, ""ai_copyright_theft"": 0.333333, ""ai_mass_surveillance"": 0.333334}","{""ai_coding_innovations"": 0.24, ""ai_copyright_theft"": 0.41, ""ai_mass_surveillance"": 0.35}"
user_0621,coding_copyright,Split: coding + copyright,100,0.0,0.0,0.0,0.0,0.0,0.0,0.49,0.0,0.42,0.0,0.0,0.0,0.0,0.0,0.0,0.0,0.0,0.09,0.0,0.0,0.0,0.0,0.0,0.0,0.0,0.0,0.49,0.0,0.42,0.0,0.0,0.0,0.0,0.0,0.0,0.0,0.0,0.09,0.0,0.0,hard,"{""ai_coding_innovations"": 0.45, ""ai_copyright_theft"": 0.45, ""ai_mass_surveillance"": 0.1}","{""ai_coding_innovations"": 0.42, ""ai_copyright_theft"": 0.49, ""ai_mass_surveillance"": 0.09}"
user_0622,coding_surveillance,Split: coding + surveillance,100,0.0,0.0,0.0,0.0,0.0,0.0,0.13,0.0,0.45,0.0,0.0,0.0,0.0,0.0,0.0,0.0,0.0,0.42,0.0,0.0,0.0,0.0,0.0,0.0,0.0,0.0,0.13,0.0,0.45,0.0,0.0,0.0,0.0,0.0,0.0,0.0,0.0,0.42,0.0,0.0,hard,"{""ai_coding_innovations"": 0.45, ""ai_copyright_theft"": 0.1, ""ai_mass_surveillance"": 0.45}","{""ai_coding_innovations"": 0.45, ""ai_copyright_theft"": 0.13, ""ai_mass_surveillance"": 0.42}"
user_0623,copyright_surveillance,Split: copyright + surveillance,100,0.0,0.0,0.0,0.0,0.0,0.0,0.56,0.0,0.09,0.0,0.0,0.0,0.0,0.0,0.0,0.0,0.0,0.35,0.0,0.0,0.0,0.0,0.0,0.0,0.0,0.0,0.56,0.0,0.09,0.0,0.0,0.0,0.0,0.0,0.0,0.0,0.0,0.35,0.0,0.0,hard,"{""ai_coding_innovations"": 0.1, ""ai_copyright_theft"": 0.45, ""ai_mass_surveillance"": 0.45}","{""ai_coding_innovations"": 0.09, ""ai_copyright_theft"": 0.56, ""ai_mass_surveillance"": 0.35}"
user_0624,coding_heavy,Mostly AI coding innovations,100,0.0,0.0,0.0,0.0,0.0,0.0,0.09,0.0,0.8,0.0,0.0,0.0,0.0,0.0,0.0,0.0,0.0,0.11,0.0,0.0,0.0,0.0,0.0,0.0,0.0,0.0,0.09,0.0,0.8,0.0,0.0,0.0,0.0,0.0,0.0,0.0,0.0,0.11,0.0,0.0,hard,"{""ai_coding_innovations"": 0.8, ""ai_copyright_theft"": 0.1, ""ai_mass_surveillance"": 0.1}","{""ai_coding_innovations"": 0.8, ""ai_copyright_theft"": 0.09, ""ai_mass_surveillance"": 0.11}"
user_0625,copyright_heavy,Mostly AI copyright / theft concerns,100,0.0,0.0,0.0,0.0,0.0,0.0,0.72,0.0,0.11,0.0,0.0,0.0,0.0,0.0,0.0,0.0,0.0,0.17,0.0,0.0,0.0,0.0,0.0,0.0,0.0,0.0,0.72,0.0,0.11,0.0,0.0,0.0,0.0,0.0,0.0,0.0,0.0,0.17,0.0,0.0,hard,"{""ai_coding_innovations"": 0.1, ""ai_copyright_theft"": 0.8, ""ai_mass_surveillance"": 0.1}","{""ai_coding_innovations"": 0.11, ""ai_copyright_theft"": 0.72, ""ai_mass_surveillance"": 0.17}"
user_0626,surveillance_heavy,Mostly AI mass surveillance,100,0.0,0.0,0.0,0.0,0.0,0.0,0.11,0.0,0.13,0.0,0.0,0.0,0.0,0.0,0.0,0.0,0.0,0.76,0.0,0.0,0.0,0.0,0.0,0.0,0.0,0.0,0.11,0.0,0.13,0.0,0.0,0.0,0.0,0.0,0.0,0.0,0.0,0.76,0.0,0.0,hard,"{""ai_coding_innovations"": 0.1, ""ai_copyright_theft"": 0.1, ""ai_mass_surveillance"": 0.8}","{""ai_coding_innovations"": 0.13, ""ai_copyright_theft"": 0.11, ""ai_mass_surveillance"": 0.76}"
user_0627,balanced,Even across all topics,100,0.0,0.0,0.0,0.0,0.0,0.0,0.25,0.0,0.42,0.0,0.0,0.0,0.0,0.0,0.0,0.0,0.0,0.33,0.0,0.0,0.0,0.0,0.0,0.0,0.0,0.0,0.25,0.0,0.42,0.0,0.0,0.0,0.0,0.0,0.0,0.0,0.0,0.33,0.0,0.0,hard,"{""ai_coding_innovations"": 0.333333, ""ai_copyright_theft"": 0.333333, ""ai_mass_surveillance"": 0.333334}","{""ai_coding_innovations"": 0.42, ""ai_copyright_theft"": 0.25, ""ai_mass_surveillance"": 0.33}"
user_0628,coding_copyright,Split: coding + copyright,100,0.0,0.0,0.0,0.0,0.0,0.0,0.43,0.0,0.47,0.0,0.0,0.0,0.0,0.0,0.0,0.0,0.0,0.1,0.0,0.0,0.0,0.0,0.0,0.0,0.0,0.0,0.43,0.0,0.47,0.0,0.0,0.0,0.0,0.0,0.0,0.0,0.0,0.1,0.0,0.0,hard,"{""ai_coding_innovations"": 0.45, ""ai_copyright_theft"": 0.45, ""ai_mass_surveillance"": 0.1}","{""ai_coding_innovations"": 0.47, ""ai_copyright_theft"": 0.43, ""ai_mass_surveillance"": 0.1}"
user_0629,coding_surveillance,Split: coding + surveillance,100,0.0,0.0,0.0,0.0,0.0,0.0,0.09,0.0,0.46,0.0,0.0,0.0,0.0,0.0,0.0,0.0,0.0,0.45,0.0,0.0,0.0,0.0,0.0,0.0,0.0,0.0,0.09,0.0,0.46,0.0,0.0,0.0,0.0,0.0,0.0,0.0,0.0,0.45,0.0,0.0,hard,"{""ai_coding_innovations"": 0.45, ""ai_copyright_theft"": 0.1, ""ai_mass_surveillance"": 0.45}","{""ai_coding_innovations"": 0.46, ""ai_copyright_theft"": 0.09, ""ai_mass_surveillance"": 0.45}"
user_0630,copyright_surveillance,Split: copyright + surveillance,100,0.0,0.0,0.0,0.0,0.0,0.0,0.45,0.0,0.13,0.0,0.0,0.0,0.0,0.0,0.0,0.0,0.0,0.42,0.0,0.0,0.0,0.0,0.0,0.0,0.0,0.0,0.45,0.0,0.13,0.0,0.0,0.0,0.0,0.0,0.0,0.0,0.0,0.42,0.0,0.0,hard,"{""ai_coding_innovations"": 0.1, ""ai_copyright_theft"": 0.45, ""ai_mass_surveillance"": 0.45}","{""ai_coding_innovations"": 0.13, ""ai_copyright_theft"": 0.45, ""ai_mass_surveillance"": 0.42}"
user_0631,coding_heavy,Mostly AI coding innovations,100,0.0,0.0,0.0,0.0,0.0,0.0,0.14,0.0,0.78,0.0,0.0,0.0,0.0,0.0,0.0,0.0,0.0,0.08,0.0,0.0,0.0,0.0,0.0,0.0,0.0,0.0,0.14,0.0,0.78,0.0,0.0,0.0,0.0,0.0,0.0,0.0,0.0,0.08,0.0,0.0,hard,"{""ai_coding_innovations"": 0.8, ""ai_copyright_theft"": 0.1, ""ai_mass_surveillance"": 0.1}","{""ai_coding_innovations"": 0.78, ""ai_copyright_theft"": 0.14, ""ai_mass_surveillance"": 0.08}"
user_0632,copyright_heavy,Mostly AI copyright / theft concerns,100,0.0,0.0,0.0,0.0,0.0,0.0,0.84,0.0,0.05,0.0,0.0,0.0,0.0,0.0,0.0,0.0,0.0,0.11,0.0,0.0,0.0,0.0,0.0,0.0,0.0,0.0,0.84,0.0,0.05,0.0,0.0,0.0,0.0,0.0,0.0,0.0,0.0,0.11,0.0,0.0,hard,"{""ai_coding_innovations"": 0.1, ""ai_copyright_theft"": 0.8, ""ai_mass_surveillance"": 0.1}","{""ai_coding_innovations"": 0.05, ""ai_copyright_theft"": 0.84, ""ai_mass_surveillance"": 0.11}"
user_0633,surveillance_heavy,Mostly AI mass surveillance,100,0.0,0.0,0.0,0.0,0.0,0.0,0.13,0.0,0.08,0.0,0.0,0.0,0.0,0.0,0.0,0.0,0.0,0.79,0.0,0.0,0.0,0.0,0.0,0.0,0.0,0.0,0.13,0.0,0.08,0.0,0.0,0.0,0.0,0.0,0.0,0.0,0.0,0.79,0.0,0.0,hard,"{""ai_coding_innovations"": 0.1, ""ai_copyright_theft"": 0.1, ""ai_mass_surveillance"": 0.8}","{""ai_coding_innovations"": 0.08, ""ai_copyright_theft"": 0.13, ""ai_mass_surveillance"": 0.79}"
user_0634,balanced,Even across all topics,100,0.0,0.0,0.0,0.0,0.0,0.0,0.33,0.0,0.26,0.0,0.0,0.0,0.0,0.0,0.0,0.0,0.0,0.41,0.0,0.0,0.0,0.0,0.0,0.0,0.0,0.0,0.33,0.0,0.26,0.0,0.0,0.0,0.0,0.0,0.0,0.0,0.0,0.41,0.0,0.0,hard,"{""ai_coding_innovations"": 0.333333, ""ai_copyright_theft"": 0.333333, ""ai_mass_surveillance"": 0.333334}","{""ai_coding_innovations"": 0.26, ""ai_copyright_theft"": 0.33, ""ai_mass_surveillance"": 0.41}"
user_0635,coding_copyright,Split: coding + copyright,100,0.0,0.0,0.0,0.0,0.0,0.0,0.46,0.0,0.45,0.0,0.0,0.0,0.0,0.0,0.0,0.0,0.0,0.09,0.0,0.0,0.0,0.0,0.0,0.0,0.0,0.0,0.46,0.0,0.45,0.0,0.0,0.0,0.0,0.0,0.0,0.0,0.0,0.09,0.0,0.0,hard,"{""ai_coding_innovations"": 0.45, ""ai_copyright_theft"": 0.45, ""ai_mass_surveillance"": 0.1}","{""ai_coding_innovations"": 0.45, ""ai_copyright_theft"": 0.46, ""ai_mass_surveillance"": 0.09}"
user_0636,coding_surveillance,Split: coding + surveillance,100,0.0,0.0,0.0,0.0,0.0,0.0,0.09,0.0,0.45,0.0,0.0,0.0,0.0,0.0,0.0,0.0,0.0,0.46,0.0,0.0,0.0,0.0,0.0,0.0,0.0,0.0,0.09,0.0,0.45,0.0,0.0,0.0,0.0,0.0,0.0,0.0,0.0,0.46,0.0,0.0,hard,"{""ai_coding_innovations"": 0.45, ""ai_copyright_theft"": 0.1, ""ai_mass_surveillance"": 0.45}","{""ai_coding_innovations"": 0.45, ""ai_copyright_theft"": 0.09, ""ai_mass_surveillance"": 0.46}"
user_0637,copyright_surveillance,Split: copyright + surveillance,100,0.0,0.0,0.0,0.0,0.0,0.0,0.39,0.0,0.06,0.0,0.0,0.0,0.0,0.0,0.0,0.0,0.0,0.55,0.0,0.0,0.0,0.0,0.0,0.0,0.0,0.0,0.39,0.0,0.06,0.0,0.0,0.0,0.0,0.0,0.0,0.0,0.0,0.55,0.0,0.0,hard,"{""ai_coding_innovations"": 0.1, ""ai_copyright_theft"": 0.45, ""ai_mass_surveillance"": 0.45}","{""ai_coding_innovations"": 0.06, ""ai_copyright_theft"": 0.39, ""ai_mass_surveillance"": 0.55}"
user_0638,coding_heavy,Mostly AI coding innovations,100,0.0,0.0,0.0,0.0,0.0,0.0,0.1,0.0,0.81,0.0,0.0,0.0,0.0,0.0,0.0,0.0,0.0,0.09,0.0,0.0,0.0,0.0,0.0,0.0,0.0,0.0,0.1,0.0,0.81,0.0,0.0,0.0,0.0,0.0,0.0,0.0,0.0,0.09,0.0,0.0,hard,"{""ai_coding_innovations"": 0.8, ""ai_copyright_theft"": 0.1, ""ai_mass_surveillance"": 0.1}","{""ai_coding_innovations"": 0.81, ""ai_copyright_theft"": 0.1, ""ai_mass_surveillance"": 0.09}"
user_0639,copyright_heavy,Mostly AI copyright / theft concerns,100,0.0,0.0,0.0,0.0,0.0,0.0,0.81,0.0,0.1,0.0,0.0,0.0,0.0,0.0,0.0,0.0,0.0,0.09,0.0,0.0,0.0,0.0,0.0,0.0,0.0,0.0,0.81,0.0,0.1,0.0,0.0,0.0,0.0,0.0,0.0,0.0,0.0,0.09,0.0,0.0,hard,"{""ai_coding_innovations"": 0.1, ""ai_copyright_theft"": 0.8, ""ai_mass_surveillance"": 0.1}","{""ai_coding_innovations"": 0.1, ""ai_copyright_theft"": 0.81, ""ai_mass_surveillance"": 0.09}"
user_0640,surveillance_heavy,Mostly AI mass surveillance,100,0.0,0.0,0.0,0.0,0.0,0.0,0.09,0.0,0.11,0.0,0.0,0.0,0.0,0.0,0.0,0.0,0.0,0.8,0.0,0.0,0.0,0.0,0.0,0.0,0.0,0.0,0.09,0.0,0.11,0.0,0.0,0.0,0.0,0.0,0.0,0.0,0.0,0.8,0.0,0.0,hard,"{""ai_coding_innovations"": 0.1, ""ai_copyright_theft"": 0.1, ""ai_mass_surveillance"": 0.8}","{""ai_coding_innovations"": 0.11, ""ai_copyright_theft"": 0.09, ""ai_mass_surveillance"": 0.8}"
user_0641,balanced,Even across all topics,100,0.0,0.0,0.0,0.0,0.0,0.0,0.33,0.0,0.34,0.0,0.0,0.0,0.0,0.0,0.0,0.0,0.0,0.33,0.0,0.0,0.0,0.0,0.0,0.0,0.0,0.0,0.33,0.0,0.34,0.0,0.0,0.0,0.0,0.0,0.0,0.0,0.0,0.33,0.0,0.0,hard,"{""ai_coding_innovations"": 0.333333, ""ai_copyright_theft"": 0.333333, ""ai_mass_surveillance"": 0.333334}","{""ai_coding_innovations"": 0.34, ""ai_copyright_theft"": 0.33, ""ai_mass_surveillance"": 0.33}"
user_0642,coding_copyright,Split: coding + copyright,100,0.0,0.0,0.0,0.0,0.0,0.0,0.49,0.0,0.44,0.0,0.0,0.0,0.0,0.0,0.0,0.0,0.0,0.07,0.0,0.0,0.0,0.0,0.0,0.0,0.0,0.0,0.49,0.0,0.44,0.0,0.0,0.0,0.0,0.0,0.0,0.0,0.0,0.07,0.0,0.0,hard,"{""ai_coding_innovations"": 0.45, ""ai_copyright_theft"": 0.45, ""ai_mass_surveillance"": 0.1}","{""ai_coding_innovations"": 0.44, ""ai_copyright_theft"": 0.49, ""ai_mass_surveillance"": 0.07}"
user_0643,coding_surveillance,Split: coding + surveillance,100,0.0,0.0,0.0,0.0,0.0,0.0,0.11,0.0,0.43,0.0,0.0,0.0,0.0,0.0,0.0,0.0,0.0,0.46,0.0,0.0,0.0,0.0,0.0,0.0,0.0,0.0,0.11,0.0,0.43,0.0,0.0,0.0,0.0,0.0,0.0,0.0,0.0,0.46,0.0,0.0,hard,"{""ai_coding_innovations"": 0.45, ""ai_copyright_theft"": 0.1, ""ai_mass_surveillance"": 0.45}","{""ai_coding_innovations"": 0.43, ""ai_copyright_theft"": 0.11, ""ai_mass_surveillance"": 0.46}"
user_0644,copyright_surveillance,Split: copyright + surveillance,100,0.0,0.0,0.0,0.0,0.0,0.0,0.49,0.0,0.08,0.0,0.0,0.0,0.0,0.0,0.0,0.0,0.0,0.43,0.0,0.0,0.0,0.0,0.0,0.0,0.0,0.0,0.49,0.0,0.08,0.0,0.0,0.0,0.0,0.0,0.0,0.0,0.0,0.43,0.0,0.0,hard,"{""ai_coding_innovations"": 0.1, ""ai_copyright_theft"": 0.45, ""ai_mass_surveillance"": 0.45}","{""ai_coding_innovations"": 0.08, ""ai_copyright_theft"": 0.49, ""ai_mass_surveillance"": 0.43}"
user_0645,coding_heavy,Mostly AI coding innovations,100,0.0,0.0,0.0,0.0,0.0,0.0,0.1,0.0,0.81,0.0,0.0,0.0,0.0,0.0,0.0,0.0,0.0,0.09,0.0,0.0,0.0,0.0,0.0,0.0,0.0,0.0,0.1,0.0,0.81,0.0,0.0,0.0,0.0,0.0,0.0,0.0,0.0,0.09,0.0,0.0,hard,"{""ai_coding_innovations"": 0.8, ""ai_copyright_theft"": 0.1, ""ai_mass_surveillance"": 0.1}","{""ai_coding_innovations"": 0.81, ""ai_copyright_theft"": 0.1, ""ai_mass_surveillance"": 0.09}"
user_0646,copyright_heavy,Mostly AI copyright / theft concerns,100,0.0,0.0,0.0,0.0,0.0,0.0,0.77,0.0,0.11,0.0,0.0,0.0,0.0,0.0,0.0,0.0,0.0,0.12,0.0,0.0,0.0,0.0,0.0,0.0,0.0,0.0,0.77,0.0,0.11,0.0,0.0,0.0,0.0,0.0,0.0,0.0,0.0,0.12,0.0,0.0,hard,"{""ai_coding_innovations"": 0.1, ""ai_copyright_theft"": 0.8, ""ai_mass_surveillance"": 0.1}","{""ai_coding_innovations"": 0.11, ""ai_copyright_theft"": 0.77, ""ai_mass_surveillance"": 0.12}"
user_0647,surveillance_heavy,Mostly AI mass surveillance,100,0.0,0.0,0.0,0.0,0.0,0.0,0.07,0.0,0.11,0.0,0.0,0.0,0.0,0.0,0.0,0.0,0.0,0.82,0.0,0.0,0.0,0.0,0.0,0.0,0.0,0.0,0.07,0.0,0.11,0.0,0.0,0.0,0.0,0.0,0.0,0.0,0.0,0.82,0.0,0.0,hard,"{""ai_coding_innovations"": 0.1, ""ai_copyright_theft"": 0.1, ""ai_mass_surveillance"": 0.8}","{""ai_coding_innovations"": 0.11, ""ai_copyright_theft"": 0.07, ""ai_mass_surveillance"": 0.82}"
user_0648,balanced,Even across all topics,100,0.0,0.0,0.0,0.0,0.0,0.0,0.33,0.0,0.36,0.0,0.0,0.0,0.0,0.0,0.0,0.0,0.0,0.31,0.0,0.0,0.0,0.0,0.0,0.0,0.0,0.0,0.33,0.0,0.36,0.0,0.0,0.0,0.0,0.0,0.0,0.0,0.0,0.31,0.0,0.0,hard,"{""ai_coding_innovations"": 0.333333, ""ai_copyright_theft"": 0.333333, ""ai_mass_surveillance"": 0.333334}","{""ai_coding_innovations"": 0.36, ""ai_copyright_theft"": 0.33, ""ai_mass_surveillance"": 0.31}"
user_0649,coding_copyright,Split: coding + copyright,100,0.0,0.0,0.0,0.0,0.0,0.0,0.46,0.0,0.43,0.0,0.0,0.0,0.0,0.0,0.0,0.0,0.0,0.11,0.0,0.0,0.0,0.0,0.0,0.0,0.0,0.0,0.46,0.0,0.43,0.0,0.0,0.0,0.0,0.0,0.0,0.0,0.0,0.11,0.0,0.0,hard,"{""ai_coding_innovations"": 0.45, ""ai_copyright_theft"": 0.45, ""ai_mass_surveillance"": 0.1}","{""ai_coding_innovations"": 0.43, ""ai_copyright_theft"": 0.46, ""ai_mass_surveillance"": 0.11}"
user_0650,coding_surveillance,Split: coding + surveillance,100,0.0,0.0,0.0,0.0,0.0,0.0,0.08,0.0,0.42,0.0,0.0,0.0,0.0,0.0,0.0,0.0,0.0,0.5,0.0,0.0,0.0,0.0,0.0,0.0,0.0,0.0,0.08,0.0,0.42,0.0,0.0,0.0,0.0,0.0,0.0,0.0,0.0,0.5,0.0,0.0,hard,"{""ai_coding_innovations"": 0.45, ""ai_copyright_theft"": 0.1, ""ai_mass_surveillance"": 0.45}","{""ai_coding_innovations"": 0.42, ""ai_copyright_theft"": 0.08, ""ai_mass_surveillance"": 0.5}"
user_0651,copyright_surveillance,Split: copyright + surveillance,100,0.0,0.0,0.0,0.0,0.0,0.0,0.44,0.0,0.12,0.0,0.0,0.0,0.0,0.0,0.0,0.0,0.0,0.44,0.0,0.0,0.0,0.0,0.0,0.0,0.0,0.0,0.44,0.0,0.12,0.0,0.0,0.0,0.0,0.0,0.0,0.0,0.0,0.44,0.0,0.0,hard,"{""ai_coding_innovations"": 0.1, ""ai_copyright_theft"": 0.45, ""ai_mass_surveillance"": 0.45}","{""ai_coding_innovations"": 0.12, ""ai_copyright_theft"": 0.44, ""ai_mass_surveillance"": 0.44}"
user_0652,coding_heavy,Mostly AI coding innovations,100,0.0,0.0,0.0,0.0,0.0,0.0,0.09,0.0,0.77,0.0,0.0,0.0,0.0,0.0,0.0,0.0,0.0,0.14,0.0,0.0,0.0,0.0,0.0,0.0,0.0,0.0,0.09,0.0,0.77,0.0,0.0,0.0,0.0,0.0,0.0,0.0,0.0,0.14,0.0,0.0,hard,"{""ai_coding_innovations"": 0.8, ""ai_copyright_theft"": 0.1, ""ai_mass_surveillance"": 0.1}","{""ai_coding_innovations"": 0.77, ""ai_copyright_theft"": 0.09, ""ai_mass_surveillance"": 0.14}"
user_0653,copyright_heavy,Mostly AI copyright / theft concerns,100,0.0,0.0,0.0,0.0,0.0,0.0,0.69,0.0,0.17,0.0,0.0,0.0,0.0,0.0,0.0,0.0,0.0,0.14,0.0,0.0,0.0,0.0,0.0,0.0,0.0,0.0,0.69,0.0,0.17,0.0,0.0,0.0,0.0,0.0,0.0,0.0,0.0,0.14,0.0,0.0,hard,"{""ai_coding_innovations"": 0.1, ""ai_copyright_theft"": 0.8, ""ai_mass_surveillance"": 0.1}","{""ai_coding_innovations"": 0.17, ""ai_copyright_theft"": 0.69, ""ai_mass_surveillance"": 0.14}"
user_0654,surveillance_heavy,Mostly AI mass surveillance,100,0.0,0.0,0.0,0.0,0.0,0.0,0.14,0.0,0.06,0.0,0.0,0.0,0.0,0.0,0.0,0.0,0.0,0.8,0.0,0.0,0.0,0.0,0.0,0.0,0.0,0.0,0.14,0.0,0.06,0.0,0.0,0.0,0.0,0.0,0.0,0.0,0.0,0.8,0.0,0.0,hard,"{""ai_coding_innovations"": 0.1, ""ai_copyright_theft"": 0.1, ""ai_mass_surveillance"": 0.8}","{""ai_coding_innovations"": 0.06, ""ai_copyright_theft"": 0.14, ""ai_mass_surveillance"": 0.8}"
user_0655,balanced,Even across all topics,100,0.0,0.0,0.0,0.0,0.0,0.0,0.32,0.0,0.38,0.0,0.0,0.0,0.0,0.0,0.0,0.0,0.0,0.3,0.0,0.0,0.0,0.0,0.0,0.0,0.0,0.0,0.32,0.0,0.38,0.0,0.0,0.0,0.0,0.0,0.0,0.0,0.0,0.3,0.0,0.0,hard,"{""ai_coding_innovations"": 0.333333, ""ai_copyright_theft"": 0.333333, ""ai_mass_surveillance"": 0.333334}","{""ai_coding_innovations"": 0.38, ""ai_copyright_theft"": 0.32, ""ai_mass_surveillance"": 0.3}"
user_0656,coding_copyright,Split: coding + copyright,100,0.0,0.0,0.0,0.0,0.0,0.0,0.4,0.0,0.53,0.0,0.0,0.0,0.0,0.0,0.0,0.0,0.0,0.07,0.0,0.0,0.0,0.0,0.0,0.0,0.0,0.0,0.4,0.0,0.53,0.0,0.0,0.0,0.0,0.0,0.0,0.0,0.0,0.07,0.0,0.0,hard,"{""ai_coding_innovations"": 0.45, ""ai_copyright_theft"": 0.45, ""ai_mass_surveillance"": 0.1}","{""ai_coding_innovations"": 0.53, ""ai_copyright_theft"": 0.4, ""ai_mass_surveillance"": 0.07}"
user_0657,coding_surveillance,Split: coding + surveillance,100,0.0,0.0,0.0,0.0,0.0,0.0,0.12,0.0,0.44,0.0,0.0,0.0,0.0,0.0,0.0,0.0,0.0,0.44,0.0,0.0,0.0,0.0,0.0,0.0,0.0,0.0,0.12,0.0,0.44,0.0,0.0,0.0,0.0,0.0,0.0,0.0,0.0,0.44,0.0,0.0,hard,"{""ai_coding_innovations"": 0.45, ""ai_copyright_theft"": 0.1, ""ai_mass_surveillance"": 0.45}","{""ai_coding_innovations"": 0.44, ""ai_copyright_theft"": 0.12, ""ai_mass_surveillance"": 0.44}"
user_0658,copyright_surveillance,Split: copyright + surveillance,100,0.0,0.0,0.0,0.0,0.0,0.0,0.49,0.0,0.07,0.0,0.0,0.0,0.0,0.0,0.0,0.0,0.0,0.44,0.0,0.0,0.0,0.0,0.0,0.0,0.0,0.0,0.49,0.0,0.07,0.0,0.0,0.0,0.0,0.0,0.0,0.0,0.0,0.44,0.0,0.0,hard,"{""ai_coding_innovations"": 0.1, ""ai_copyright_theft"": 0.45, ""ai_mass_surveillance"": 0.45}","{""ai_coding_innovations"": 0.07, ""ai_copyright_theft"": 0.49, ""ai_mass_surveillance"": 0.44}"
user_0659,coding_heavy,Mostly AI coding innovations,100,0.0,0.0,0.0,0.0,0.0,0.0,0.08,0.0,0.85,0.0,0.0,0.0,0.0,0.0,0.0,0.0,0.0,0.07,0.0,0.0,0.0,0.0,0.0,0.0,0.0,0.0,0.08,0.0,0.85,0.0,0.0,0.0,0.0,0.0,0.0,0.0,0.0,0.07,0.0,0.0,hard,"{""ai_coding_innovations"": 0.8, ""ai_copyright_theft"": 0.1, ""ai_mass_surveillance"": 0.1}","{""ai_coding_innovations"": 0.85, ""ai_copyright_theft"": 0.08, ""ai_mass_surveillance"": 0.07}"
user_0660,copyright_heavy,Mostly AI copyright / theft concerns,100,0.0,0.0,0.0,0.0,0.0,0.0,0.81,0.0,0.04,0.0,0.0,0.0,0.0,0.0,0.0,0.0,0.0,0.15,0.0,0.0,0.0,0.0,0.0,0.0,0.0,0.0,0.81,0.0,0.04,0.0,0.0,0.0,0.0,0.0,0.0,0.0,0.0,0.15,0.0,0.0,hard,"{""ai_coding_innovations"": 0.1, ""ai_copyright_theft"": 0.8, ""ai_mass_surveillance"": 0.1}","{""ai_coding_innovations"": 0.04, ""ai_copyright_theft"": 0.81, ""ai_mass_surveillance"": 0.15}"
user_0661,surveillance_heavy,Mostly AI mass surveillance,100,0.0,0.0,0.0,0.0,0.0,0.0,0.13,0.0,0.13,0.0,0.0,0.0,0.0,0.0,0.0,0.0,0.0,0.74,0.0,0.0,0.0,0.0,0.0,0.0,0.0,0.0,0.13,0.0,0.13,0.0,0.0,0.0,0.0,0.0,0.0,0.0,0.0,0.74,0.0,0.0,hard,"{""ai_coding_innovations"": 0.1, ""ai_copyright_theft"": 0.1, ""ai_mass_surveillance"": 0.8}","{""ai_coding_innovations"": 0.13, ""ai_copyright_theft"": 0.13, ""ai_mass_surveillance"": 0.74}"
user_0662,balanced,Even across all topics,100,0.0,0.0,0.0,0.0,0.0,0.0,0.33,0.0,0.28,0.0,0.0,0.0,0.0,0.0,0.0,0.0,0.0,0.39,0.0,0.0,0.0,0.0,0.0,0.0,0.0,0.0,0.33,0.0,0.28,0.0,0.0,0.0,0.0,0.0,0.0,0.0,0.0,0.39,0.0,0.0,hard,"{""ai_coding_innovations"": 0.333333, ""ai_copyright_theft"": 0.333333, ""ai_mass_surveillance"": 0.333334}","{""ai_coding_innovations"": 0.28, ""ai_copyright_theft"": 0.33, ""ai_mass_surveillance"": 0.39}"
user_0663,coding_copyright,Split: coding + copyright,100,0.0,0.0,0.0,0.0,0.0,0.0,0.45,0.0,0.45,0.0,0.0,0.0,0.0,0.0,0.0,0.0,0.0,0.1,0.0,0.0,0.0,0.0,0.0,0.0,0.0,0.0,0.45,0.0,0.45,0.0,0.0,0.0,0.0,0.0,0.0,0.0,0.0,0.1,0.0,0.0,hard,"{""ai_coding_innovations"": 0.45, ""ai_copyright_theft"": 0.45, ""ai_mass_surveillance"": 0.1}","{""ai_coding_innovations"": 0.45, ""ai_copyright_theft"": 0.45, ""ai_mass_surveillance"": 0.1}"
user_0664,coding_surveillance,Split: coding + surveillance,100,0.0,0.0,0.0,0.0,0.0,0.0,0.13,0.0,0.46,0.0,0.0,0.0,0.0,0.0,0.0,0.0,0.0,0.41,0.0,0.0,0.0,0.0,0.0,0.0,0.0,0.0,0.13,0.0,0.46,0.0,0.0,0.0,0.0,0.0,0.0,0.0,0.0,0.41,0.0,0.0,hard,"{""ai_coding_innovations"": 0.45, ""ai_copyright_theft"": 0.1, ""ai_mass_surveillance"": 0.45}","{""ai_coding_innovations"": 0.46, ""ai_copyright_theft"": 0.13, ""ai_mass_surveillance"": 0.41}"
user_0665,copyright_surveillance,Split: copyright + surveillance,100,0.0,0.0,0.0,0.0,0.0,0.0,0.39,0.0,0.1,0.0,0.0,0.0,0.0,0.0,0.0,0.0,0.0,0.51,0.0,0.0,0.0,0.0,0.0,0.0,0.0,0.0,0.39,0.0,0.1,0.0,0.0,0.0,0.0,0.0,0.0,0.0,0.0,0.51,0.0,0.0,hard,"{""ai_coding_innovations"": 0.1, ""ai_copyright_theft"": 0.45, ""ai_mass_surveillance"": 0.45}","{""ai_coding_innovations"": 0.1, ""ai_copyright_theft"": 0.39, ""ai_mass_surveillance"": 0.51}"
user_0666,coding_heavy,Mostly AI coding innovations,100,0.0,0.0,0.0,0.0,0.0,0.0,0.13,0.0,0.83,0.0,0.0,0.0,0.0,0.0,0.0,0.0,0.0,0.04,0.0,0.0,0.0,0.0,0.0,0.0,0.0,0.0,0.13,0.0,0.83,0.0,0.0,0.0,0.0,0.0,0.0,0.0,0.0,0.04,0.0,0.0,hard,"{""ai_coding_innovations"": 0.8, ""ai_copyright_theft"": 0.1, ""ai_mass_surveillance"": 0.1}","{""ai_coding_innovations"": 0.83, ""ai_copyright_theft"": 0.13, ""ai_mass_surveillance"": 0.04}"
user_0667,copyright_heavy,Mostly AI copyright / theft concerns,100,0.0,0.0,0.0,0.0,0.0,0.0,0.78,0.0,0.1,0.0,0.0,0.0,0.0,0.0,0.0,0.0,0.0,0.12,0.0,0.0,0.0,0.0,0.0,0.0,0.0,0.0,0.78,0.0,0.1,0.0,0.0,0.0,0.0,0.0,0.0,0.0,0.0,0.12,0.0,0.0,hard,"{""ai_coding_innovations"": 0.1, ""ai_copyright_theft"": 0.8, ""ai_mass_surveillance"": 0.1}","{""ai_coding_innovations"": 0.1, ""ai_copyright_theft"": 0.78, ""ai_mass_surveillance"": 0.12}"
user_0668,surveillance_heavy,Mostly AI mass surveillance,100,0.0,0.0,0.0,0.0,0.0,0.0,0.12,0.0,0.13,0.0,0.0,0.0,0.0,0.0,0.0,0.0,0.0,0.75,0.0,0.0,0.0,0.0,0.0,0.0,0.0,0.0,0.12,0.0,0.13,0.0,0.0,0.0,0.0,0.0,0.0,0.0,0.0,0.75,0.0,0.0,hard,"{""ai_coding_innovations"": 0.1, ""ai_copyright_theft"": 0.1, ""ai_mass_surveillance"": 0.8}","{""ai_coding_innovations"": 0.13, ""ai_copyright_theft"": 0.12, ""ai_mass_surveillance"": 0.75}"
user_0669,balanced,Even across all topics,100,0.0,0.0,0.0,0.0,0.0,0.0,0.29,0.0,0.35,0.0,0.0,0.0,0.0,0.0,0.0,0.0,0.0,0.36,0.0,0.0,0.0,0.0,0.0,0.0,0.0,0.0,0.29,0.0,0.35,0.0,0.0,0.0,0.0,0.0,0.0,0.0,0.0,0.36,0.0,0.0,hard,"{""ai_coding_innovations"": 0.333333, ""ai_copyright_theft"": 0.333333, ""ai_mass_surveillance"": 0.333334}","{""ai_coding_innovations"": 0.35, ""ai_copyright_theft"": 0.29, ""ai_mass_surveillance"": 0.36}"
user_0670,coding_copyright,Split: coding + copyright,100,0.0,0.0,0.0,0.0,0.0,0.0,0.38,0.0,0.53,0.0,0.0,0.0,0.0,0.0,0.0,0.0,0.0,0.09,0.0,0.0,0.0,0.0,0.0,0.0,0.0,0.0,0.38,0.0,0.53,0.0,0.0,0.0,0.0,0.0,0.0,0.0,0.0,0.09,0.0,0.0,hard,"{""ai_coding_innovations"": 0.45, ""ai_copyright_theft"": 0.45, ""ai_mass_surveillance"": 0.1}","{""ai_coding_innovations"": 0.53, ""ai_copyright_theft"": 0.38, ""ai_mass_surveillance"": 0.09}"
user_0671,coding_surveillance,Split: coding + surveillance,100,0.0,0.0,0.0,0.0,0.0,0.0,0.07,0.0,0.43,0.0,0.0,0.0,0.0,0.0,0.0,0.0,0.0,0.5,0.0,0.0,0.0,0.0,0.0,0.0,0.0,0.0,0.07,0.0,0.43,0.0,0.0,0.0,0.0,0.0,0.0,0.0,0.0,0.5,0.0,0.0,hard,"{""ai_coding_innovations"": 0.45, ""ai_copyright_theft"": 0.1, ""ai_mass_surveillance"": 0.45}","{""ai_coding_innovations"": 0.43, ""ai_copyright_theft"": 0.07, ""ai_mass_surveillance"": 0.5}"
user_0672,copyright_surveillance,Split: copyright + surveillance,100,0.0,0.0,0.0,0.0,0.0,0.0,0.42,0.0,0.07,0.0,0.0,0.0,0.0,0.0,0.0,0.0,0.0,0.51,0.0,0.0,0.0,0.0,0.0,0.0,0.0,0.0,0.42,0.0,0.07,0.0,0.0,0.0,0.0,0.0,0.0,0.0,0.0,0.51,0.0,0.0,hard,"{""ai_coding_innovations"": 0.1, ""ai_copyright_theft"": 0.45, ""ai_mass_surveillance"": 0.45}","{""ai_coding_innovations"": 0.07, ""ai_copyright_theft"": 0.42, ""ai_mass_surveillance"": 0.51}"
user_0673,coding_heavy,Mostly AI coding innovations,100,0.0,0.0,0.0,0.0,0.0,0.0,0.08,0.0,0.85,0.0,0.0,0.0,0.0,0.0,0.0,0.0,0.0,0.07,0.0,0.0,0.0,0.0,0.0,0.0,0.0,0.0,0.08,0.0,0.85,0.0,0.0,0.0,0.0,0.0,0.0,0.0,0.0,0.07,0.0,0.0,hard,"{""ai_coding_innovations"": 0.8, ""ai_copyright_theft"": 0.1, ""ai_mass_surveillance"": 0.1}","{""ai_coding_innovations"": 0.85, ""ai_copyright_theft"": 0.08, ""ai_mass_surveillance"": 0.07}"
user_0674,copyright_heavy,Mostly AI copyright / theft concerns,100,0.0,0.0,0.0,0.0,0.0,0.0,0.8,0.0,0.08,0.0,0.0,0.0,0.0,0.0,0.0,0.0,0.0,0.12,0.0,0.0,0.0,0.0,0.0,0.0,0.0,0.0,0.8,0.0,0.08,0.0,0.0,0.0,0.0,0.0,0.0,0.0,0.0,0.12,0.0,0.0,hard,"{""ai_coding_innovations"": 0.1, ""ai_copyright_theft"": 0.8, ""ai_mass_surveillance"": 0.1}","{""ai_coding_innovations"": 0.08, ""ai_copyright_theft"": 0.8, ""ai_mass_surveillance"": 0.12}"
user_0675,surveillance_heavy,Mostly AI mass surveillance,100,0.0,0.0,0.0,0.0,0.0,0.0,0.06,0.0,0.11,0.0,0.0,0.0,0.0,0.0,0.0,0.0,0.0,0.83,0.0,0.0,0.0,0.0,0.0,0.0,0.0,0.0,0.06,0.0,0.11,0.0,0.0,0.0,0.0,0.0,0.0,0.0,0.0,0.83,0.0,0.0,hard,"{""ai_coding_innovations"": 0.1, ""ai_copyright_theft"": 0.1, ""ai_mass_surveillance"": 0.8}","{""ai_coding_innovations"": 0.11, ""ai_copyright_theft"": 0.06, ""ai_mass_surveillance"": 0.83}"
user_0676,balanced,Even across all topics,100,0.0,0.0,0.0,0.0,0.0,0.0,0.35,0.0,0.38,0.0,0.0,0.0,0.0,0.0,0.0,0.0,0.0,0.27,0.0,0.0,0.0,0.0,0.0,0.0,0.0,0.0,0.35,0.0,0.38,0.0,0.0,0.0,0.0,0.0,0.0,0.0,0.0,0.27,0.0,0.0,hard,"{""ai_coding_innovations"": 0.333333, ""ai_copyright_theft"": 0.333333, ""ai_mass_surveillance"": 0.333334}","{""ai_coding_innovations"": 0.38, ""ai_copyright_theft"": 0.35, ""ai_mass_surveillance"": 0.27}"
user_0677,coding_copyright,Split: coding + copyright,100,0.0,0.0,0.0,0.0,0.0,0.0,0.52,0.0,0.38,0.0,0.0,0.0,0.0,0.0,0.0,0.0,0.0,0.1,0.0,0.0,0.0,0.0,0.0,0.0,0.0,0.0,0.52,0.0,0.38,0.0,0.0,0.0,0.0,0.0,0.0,0.0,0.0,0.1,0.0,0.0,hard,"{""ai_coding_innovations"": 0.45, ""ai_copyright_theft"": 0.45, ""ai_mass_surveillance"": 0.1}","{""ai_coding_innovations"": 0.38, ""ai_copyright_theft"": 0.52, ""ai_mass_surveillance"": 0.1}"
user_0678,coding_surveillance,Split: coding + surveillance,100,0.0,0.0,0.0,0.0,0.0,0.0,0.04,0.0,0.45,0.0,0.0,0.0,0.0,0.0,0.0,0.0,0.0,0.51,0.0,0.0,0.0,0.0,0.0,0.0,0.0,0.0,0.04,0.0,0.45,0.0,0.0,0.0,0.0,0.0,0.0,0.0,0.0,0.51,0.0,0.0,hard,"{""ai_coding_innovations"": 0.45, ""ai_copyright_theft"": 0.1, ""ai_mass_surveillance"": 0.45}","{""ai_coding_innovations"": 0.45, ""ai_copyright_theft"": 0.04, ""ai_mass_surveillance"": 0.51}"
user_0679,copyright_surveillance,Split: copyright + surveillance,100,0.0,0.0,0.0,0.0,0.0,0.0,0.43,0.0,0.08,0.0,0.0,0.0,0.0,0.0,0.0,0.0,0.0,0.49,0.0,0.0,0.0,0.0,0.0,0.0,0.0,0.0,0.43,0.0,0.08,0.0,0.0,0.0,0.0,0.0,0.0,0.0,0.0,0.49,0.0,0.0,hard,"{""ai_coding_innovations"": 0.1, ""ai_copyright_theft"": 0.45, ""ai_mass_surveillance"": 0.45}","{""ai_coding_innovations"": 0.08, ""ai_copyright_theft"": 0.43, ""ai_mass_surveillance"": 0.49}"
user_0680,coding_heavy,Mostly AI coding innovations,100,0.0,0.0,0.0,0.0,0.0,0.0,0.09,0.0,0.87,0.0,0.0,0.0,0.0,0.0,0.0,0.0,0.0,0.04,0.0,0.0,0.0,0.0,0.0,0.0,0.0,0.0,0.09,0.0,0.87,0.0,0.0,0.0,0.0,0.0,0.0,0.0,0.0,0.04,0.0,0.0,hard,"{""ai_coding_innovations"": 0.8, ""ai_copyright_theft"": 0.1, ""ai_mass_surveillance"": 0.1}","{""ai_coding_innovations"": 0.87, ""ai_copyright_theft"": 0.09, ""ai_mass_surveillance"": 0.04}"
user_0681,copyright_heavy,Mostly AI copyright / theft concerns,100,0.0,0.0,0.0,0.0,0.0,0.0,0.65,0.0,0.13,0.0,0.0,0.0,0.0,0.0,0.0,0.0,0.0,0.22,0.0,0.0,0.0,0.0,0.0,0.0,0.0,0.0,0.65,0.0,0.13,0.0,0.0,0.0,0.0,0.0,0.0,0.0,0.0,0.22,0.0,0.0,hard,"{""ai_coding_innovations"": 0.1, ""ai_copyright_theft"": 0.8, ""ai_mass_surveillance"": 0.1}","{""ai_coding_innovations"": 0.13, ""ai_copyright_theft"": 0.65, ""ai_mass_surveillance"": 0.22}"
user_0682,surveillance_heavy,Mostly AI mass surveillance,100,0.0,0.0,0.0,0.0,0.0,0.0,0.08,0.0,0.09,0.0,0.0,0.0,0.0,0.0,0.0,0.0,0.0,0.83,0.0,0.0,0.0,0.0,0.0,0.0,0.0,0.0,0.08,0.0,0.09,0.0,0.0,0.0,0.0,0.0,0.0,0.0,0.0,0.83,0.0,0.0,hard,"{""ai_coding_innovations"": 0.1, ""ai_copyright_theft"": 0.1, ""ai_mass_surveillance"": 0.8}","{""ai_coding_innovations"": 0.09, ""ai_copyright_theft"": 0.08, ""ai_mass_surveillance"": 0.83}"
user_0683,balanced,Even across all topics,100,0.0,0.0,0.0,0.0,0.0,0.0,0.32,0.0,0.37,0.0,0.0,0.0,0.0,0.0,0.0,0.0,0.0,0.31,0.0,0.0,0.0,0.0,0.0,0.0,0.0,0.0,0.32,0.0,0.37,0.0,0.0,0.0,0.0,0.0,0.0,0.0,0.0,0.31,0.0,0.0,hard,"{""ai_coding_innovations"": 0.333333, ""ai_copyright_theft"": 0.333333, ""ai_mass_surveillance"": 0.333334}","{""ai_coding_innovations"": 0.37, ""ai_copyright_theft"": 0.32, ""ai_mass_surveillance"": 0.31}"
user_0684,coding_copyright,Split: coding + copyright,100,0.0,0.0,0.0,0.0,0.0,0.0,0.43,0.0,0.47,0.0,0.0,0.0,0.0,0.0,0.0,0.0,0.0,0.1,0.0,0.0,0.0,0.0,0.0,0.0,0.0,0.0,0.43,0.0,0.47,0.0,0.0,0.0,0.0,0.0,0.0,0.0,0.0,0.1,0.0,0.0,hard,"{""ai_coding_innovations"": 0.45, ""ai_copyright_theft"": 0.45, ""ai_mass_surveillance"": 0.1}","{""ai_coding_innovations"": 0.47, ""ai_copyright_theft"": 0.43, ""ai_mass_surveillance"": 0.1}"
user_0685,coding_surveillance,Split: coding + surveillance,100,0.0,0.0,0.0,0.0,0.0,0.0,0.08,0.0,0.35,0.0,0.0,0.0,0.0,0.0,0.0,0.0,0.0,0.57,0.0,0.0,0.0,0.0,0.0,0.0,0.0,0.0,0.08,0.0,0.35,0.0,0.0,0.0,0.0,0.0,0.0,0.0,0.0,0.57,0.0,0.0,hard,"{""ai_coding_innovations"": 0.45, ""ai_copyright_theft"": 0.1, ""ai_mass_surveillance"": 0.45}","{""ai_coding_innovations"": 0.35, ""ai_copyright_theft"": 0.08, ""ai_mass_surveillance"": 0.57}"
user_0686,copyright_surveillance,Split: copyright + surveillance,100,0.0,0.0,0.0,0.0,0.0,0.0,0.37,0.0,0.11,0.0,0.0,0.0,0.0,0.0,0.0,0.0,0.0,0.52,0.0,0.0,0.0,0.0,0.0,0.0,0.0,0.0,0.37,0.0,0.11,0.0,0.0,0.0,0.0,0.0,0.0,0.0,0.0,0.52,0.0,0.0,hard,"{""ai_coding_innovations"": 0.1, ""ai_copyright_theft"": 0.45, ""ai_mass_surveillance"": 0.45}","{""ai_coding_innovations"": 0.11, ""ai_copyright_theft"": 0.37, ""ai_mass_surveillance"": 0.52}"
user_0687,coding_heavy,Mostly AI coding innovations,100,0.0,0.0,0.0,0.0,0.0,0.0,0.09,0.0,0.84,0.0,0.0,0.0,0.0,0.0,0.0,0.0,0.0,0.07,0.0,0.0,0.0,0.0,0.0,0.0,0.0,0.0,0.09,0.0,0.84,0.0,0.0,0.0,0.0,0.0,0.0,0.0,0.0,0.07,0.0,0.0,hard,"{""ai_coding_innovations"": 0.8, ""ai_copyright_theft"": 0.1, ""ai_mass_surveillance"": 0.1}","{""ai_coding_innovations"": 0.84, ""ai_copyright_theft"": 0.09, ""ai_mass_surveillance"": 0.07}"
user_0688,copyright_heavy,Mostly AI copyright / theft concerns,100,0.0,0.0,0.0,0.0,0.0,0.0,0.85,0.0,0.08,0.0,0.0,0.0,0.0,0.0,0.0,0.0,0.0,0.07,0.0,0.0,0.0,0.0,0.0,0.0,0.0,0.0,0.85,0.0,0.08,0.0,0.0,0.0,0.0,0.0,0.0,0.0,0.0,0.07,0.0,0.0,hard,"{""ai_coding_innovations"": 0.1, ""ai_copyright_theft"": 0.8, ""ai_mass_surveillance"": 0.1}","{""ai_coding_innovations"": 0.08, ""ai_copyright_theft"": 0.85, ""ai_mass_surveillance"": 0.07}"
user_0689,surveillance_heavy,Mostly AI mass surveillance,100,0.0,0.0,0.0,0.0,0.0,0.0,0.13,0.0,0.12,0.0,0.0,0.0,0.0,0.0,0.0,0.0,0.0,0.75,0.0,0.0,0.0,0.0,0.0,0.0,0.0,0.0,0.13,0.0,0.12,0.0,0.0,0.0,0.0,0.0,0.0,0.0,0.0,0.75,0.0,0.0,hard,"{""ai_coding_innovations"": 0.1, ""ai_copyright_theft"": 0.1, ""ai_mass_surveillance"": 0.8}","{""ai_coding_innovations"": 0.12, ""ai_copyright_theft"": 0.13, ""ai_mass_surveillance"": 0.75}"
user_0690,balanced,Even across all topics,100,0.0,0.0,0.0,0.0,0.0,0.0,0.24,0.0,0.36,0.0,0.0,0.0,0.0,0.0,0.0,0.0,0.0,0.4,0.0,0.0,0.0,0.0,0.0,0.0,0.0,0.0,0.24,0.0,0.36,0.0,0.0,0.0,0.0,0.0,0.0,0.0,0.0,0.4,0.0,0.0,hard,"{""ai_coding_innovations"": 0.333333, ""ai_copyright_theft"": 0.333333, ""ai_mass_surveillance"": 0.333334}","{""ai_coding_innovations"": 0.36, ""ai_copyright_theft"": 0.24, ""ai_mass_surveillance"": 0.4}"
user_0691,coding_copyright,Split: coding + copyright,100,0.0,0.0,0.0,0.0,0.0,0.0,0.46,0.0,0.43,0.0,0.0,0.0,0.0,0.0,0.0,0.0,0.0,0.11,0.0,0.0,0.0,0.0,0.0,0.0,0.0,0.0,0.46,0.0,0.43,0.0,0.0,0.0,0.0,0.0,0.0,0.0,0.0,0.11,0.0,0.0,hard,"{""ai_coding_innovations"": 0.45, ""ai_copyright_theft"": 0.45, ""ai_mass_surveillance"": 0.1}","{""ai_coding_innovations"": 0.43, ""ai_copyright_theft"": 0.46, ""ai_mass_surveillance"": 0.11}"
user_0692,coding_surveillance,Split: coding + surveillance,100,0.0,0.0,0.0,0.0,0.0,0.0,0.13,0.0,0.45,0.0,0.0,0.0,0.0,0.0,0.0,0.0,0.0,0.42,0.0,0.0,0.0,0.0,0.0,0.0,0.0,0.0,0.13,0.0,0.45,0.0,0.0,0.0,0.0,0.0,0.0,0.0,0.0,0.42,0.0,0.0,hard,"{""ai_coding_innovations"": 0.45, ""ai_copyright_theft"": 0.1, ""ai_mass_surveillance"": 0.45}","{""ai_coding_innovations"": 0.45, ""ai_copyright_theft"": 0.13, ""ai_mass_surveillance"": 0.42}"
user_0693,copyright_surveillance,Split: copyright + surveillance,100,0.0,0.0,0.0,0.0,0.0,0.0,0.39,0.0,0.1,0.0,0.0,0.0,0.0,0.0,0.0,0.0,0.0,0.51,0.0,0.0,0.0,0.0,0.0,0.0,0.0,0.0,0.39,0.0,0.1,0.0,0.0,0.0,0.0,0.0,0.0,0.0,0.0,0.51,0.0,0.0,hard,"{""ai_coding_innovations"": 0.1, ""ai_copyright_theft"": 0.45, ""ai_mass_surveillance"": 0.45}","{""ai_coding_innovations"": 0.1, ""ai_copyright_theft"": 0.39, ""ai_mass_surveillance"": 0.51}"
user_0694,coding_heavy,Mostly AI coding innovations,100,0.0,0.0,0.0,0.0,0.0,0.0,0.08,0.0,0.83,0.0,0.0,0.0,0.0,0.0,0.0,0.0,0.0,0.09,0.0,0.0,0.0,0.0,0.0,0.0,0.0,0.0,0.08,0.0,0.83,0.0,0.0,0.0,0.0,0.0,0.0,0.0,0.0,0.09,0.0,0.0,hard,"{""ai_coding_innovations"": 0.8, ""ai_copyright_theft"": 0.1, ""ai_mass_surveillance"": 0.1}","{""ai_coding_innovations"": 0.83, ""ai_copyright_theft"": 0.08, ""ai_mass_surveillance"": 0.09}"
user_0695,copyright_heavy,Mostly AI copyright / theft concerns,100,0.0,0.0,0.0,0.0,0.0,0.0,0.78,0.0,0.12,0.0,0.0,0.0,0.0,0.0,0.0,0.0,0.0,0.1,0.0,0.0,0.0,0.0,0.0,0.0,0.0,0.0,0.78,0.0,0.12,0.0,0.0,0.0,0.0,0.0,0.0,0.0,0.0,0.1,0.0,0.0,hard,"{""ai_coding_innovations"": 0.1, ""ai_copyright_theft"": 0.8, ""ai_mass_surveillance"": 0.1}","{""ai_coding_innovations"": 0.12, ""ai_copyright_theft"": 0.78, ""ai_mass_surveillance"": 0.1}"
user_0696,surveillance_heavy,Mostly AI mass surveillance,100,0.0,0.0,0.0,0.0,0.0,0.0,0.07,0.0,0.13,0.0,0.0,0.0,0.0,0.0,0.0,0.0,0.0,0.8,0.0,0.0,0.0,0.0,0.0,0.0,0.0,0.0,0.07,0.0,0.13,0.0,0.0,0.0,0.0,0.0,0.0,0.0,0.0,0.8,0.0,0.0,hard,"{""ai_coding_innovations"": 0.1, ""ai_copyright_theft"": 0.1, ""ai_mass_surveillance"": 0.8}","{""ai_coding_innovations"": 0.13, ""ai_copyright_theft"": 0.07, ""ai_mass_surveillance"": 0.8}"
user_0697,balanced,Even across all topics,100,0.0,0.0,0.0,0.0,0.0,0.0,0.32,0.0,0.35,0.0,0.0,0.0,0.0,0.0,0.0,0.0,0.0,0.33,0.0,0.0,0.0,0.0,0.0,0.0,0.0,0.0,0.32,0.0,0.35,0.0,0.0,0.0,0.0,0.0,0.0,0.0,0.0,0.33,0.0,0.0,hard,"{""ai_coding_innovations"": 0.333333, ""ai_copyright_theft"": 0.333333, ""ai_mass_surveillance"": 0.333334}","{""ai_coding_innovations"": 0.35, ""ai_copyright_theft"": 0.32, ""ai_mass_surveillance"": 0.33}"
user_0698,coding_copyright,Split: coding + copyright,100,0.0,0.0,0.0,0.0,0.0,0.0,0.46,0.0,0.47,0.0,0.0,0.0,0.0,0.0,0.0,0.0,0.0,0.07,0.0,0.0,0.0,0.0,0.0,0.0,0.0,0.0,0.46,0.0,0.47,0.0,0.0,0.0,0.0,0.0,0.0,0.0,0.0,0.07,0.0,0.0,hard,"{""ai_coding_innovations"": 0.45, ""ai_copyright_theft"": 0.45, ""ai_mass_surveillance"": 0.1}","{""ai_coding_innovations"": 0.47, ""ai_copyright_theft"": 0.46, ""ai_mass_surveillance"": 0.07}"
user_0699,coding_surveillance,Split: coding + surveillance,100,0.0,0.0,0.0,0.0,0.0,0.0,0.09,0.0,0.47,0.0,0.0,0.0,0.0,0.0,0.0,0.0,0.0,0.44,0.0,0.0,0.0,0.0,0.0,0.0,0.0,0.0,0.09,0.0,0.47,0.0,0.0,0.0,0.0,0.0,0.0,0.0,0.0,0.44,0.0,0.0,hard,"{""ai_coding_innovations"": 0.45, ""ai_copyright_theft"": 0.1, ""ai_mass_surveillance"": 0.45}","{""ai_coding_innovations"": 0.47, ""ai_copyright_theft"": 0.09, ""ai_mass_surveillance"": 0.44}"
user_0700,copyright_surveillance,Split: copyright + surveillance,100,0.0,0.0,0.0,0.0,0.0,0.0,0.43,0.0,0.09,0.0,0.0,0.0,0.0,0.0,0.0,0.0,0.0,0.48,0.0,0.0,0.0,0.0,0.0,0.0,0.0,0.0,0.43,0.0,0.09,0.0,0.0,0.0,0.0,0.0,0.0,0.0,0.0,0.48,0.0,0.0,hard,"{""ai_coding_innovations"": 0.1, ""ai_copyright_theft"": 0.45, ""ai_mass_surveillance"": 0.45}","{""ai_coding_innovations"": 0.09, ""ai_copyright_theft"": 0.43, ""ai_mass_surveillance"": 0.48}"
user_0701,coding_heavy,Mostly AI coding innovations,100,0.0,0.0,0.0,0.0,0.0,0.0,0.16,0.0,0.7,0.0,0.0,0.0,0.0,0.0,0.0,0.0,0.0,0.14,0.0,0.0,0.0,0.0,0.0,0.0,0.0,0.0,0.16,0.0,0.7,0.0,0.0,0.0,0.0,0.0,0.0,0.0,0.0,0.14,0.0,0.0,hard,"{""ai_coding_innovations"": 0.8, ""ai_copyright_theft"": 0.1, ""ai_mass_surveillance"": 0.1}","{""ai_coding_innovations"": 0.7, ""ai_copyright_theft"": 0.16, ""ai_mass_surveillance"": 0.14}"
user_0702,copyright_heavy,Mostly AI copyright / theft concerns,100,0.0,0.0,0.0,0.0,0.0,0.0,0.82,0.0,0.1,0.0,0.0,0.0,0.0,0.0,0.0,0.0,0.0,0.08,0.0,0.0,0.0,0.0,0.0,0.0,0.0,0.0,0.82,0.0,0.1,0.0,0.0,0.0,0.0,0.0,0.0,0.0,0.0,0.08,0.0,0.0,hard,"{""ai_coding_innovations"": 0.1, ""ai_copyright_theft"": 0.8, ""ai_mass_surveillance"": 0.1}","{""ai_coding_innovations"": 0.1, ""ai_copyright_theft"": 0.82, ""ai_mass_surveillance"": 0.08}"
user_0703,surveillance_heavy,Mostly AI mass surveillance,100,0.0,0.0,0.0,0.0,0.0,0.0,0.08,0.0,0.16,0.0,0.0,0.0,0.0,0.0,0.0,0.0,0.0,0.76,0.0,0.0,0.0,0.0,0.0,0.0,0.0,0.0,0.08,0.0,0.16,0.0,0.0,0.0,0.0,0.0,0.0,0.0,0.0,0.76,0.0,0.0,hard,"{""ai_coding_innovations"": 0.1, ""ai_copyright_theft"": 0.1, ""ai_mass_surveillance"": 0.8}","{""ai_coding_innovations"": 0.16, ""ai_copyright_theft"": 0.08, ""ai_mass_surveillance"": 0.76}"
user_0704,balanced,Even across all topics,100,0.0,0.0,0.0,0.0,0.0,0.0,0.38,0.0,0.27,0.0,0.0,0.0,0.0,0.0,0.0,0.0,0.0,0.35,0.0,0.0,0.0,0.0,0.0,0.0,0.0,0.0,0.38,0.0,0.27,0.0,0.0,0.0,0.0,0.0,0.0,0.0,0.0,0.35,0.0,0.0,hard,"{""ai_coding_innovations"": 0.333333, ""ai_copyright_theft"": 0.333333, ""ai_mass_surveillance"": 0.333334}","{""ai_coding_innovations"": 0.27, ""ai_copyright_theft"": 0.38, ""ai_mass_surveillance"": 0.35}"
user_0705,coding_copyright,Split: coding + copyright,100,0.0,0.0,0.0,0.0,0.0,0.0,0.4,0.0,0.5,0.0,0.0,0.0,0.0,0.0,0.0,0.0,0.0,0.1,0.0,0.0,0.0,0.0,0.0,0.0,0.0,0.0,0.4,0.0,0.5,0.0,0.0,0.0,0.0,0.0,0.0,0.0,0.0,0.1,0.0,0.0,hard,"{""ai_coding_innovations"": 0.45, ""ai_copyright_theft"": 0.45, ""ai_mass_surveillance"": 0.1}","{""ai_coding_innovations"": 0.5, ""ai_copyright_theft"": 0.4, ""ai_mass_surveillance"": 0.1}"
user_0706,coding_surveillance,Split: coding + surveillance,100,0.0,0.0,0.0,0.0,0.0,0.0,0.09,0.0,0.49,0.0,0.0,0.0,0.0,0.0,0.0,0.0,0.0,0.42,0.0,0.0,0.0,0.0,0.0,0.0,0.0,0.0,0.09,0.0,0.49,0.0,0.0,0.0,0.0,0.0,0.0,0.0,0.0,0.42,0.0,0.0,hard,"{""ai_coding_innovations"": 0.45, ""ai_copyright_theft"": 0.1, ""ai_mass_surveillance"": 0.45}","{""ai_coding_innovations"": 0.49, ""ai_copyright_theft"": 0.09, ""ai_mass_surveillance"": 0.42}"
user_0707,copyright_surveillance,Split: copyright + surveillance,100,0.0,0.0,0.0,0.0,0.0,0.0,0.37,0.0,0.16,0.0,0.0,0.0,0.0,0.0,0.0,0.0,0.0,0.47,0.0,0.0,0.0,0.0,0.0,0.0,0.0,0.0,0.37,0.0,0.16,0.0,0.0,0.0,0.0,0.0,0.0,0.0,0.0,0.47,0.0,0.0,hard,"{""ai_coding_innovations"": 0.1, ""ai_copyright_theft"": 0.45, ""ai_mass_surveillance"": 0.45}","{""ai_coding_innovations"": 0.16, ""ai_copyright_theft"": 0.37, ""ai_mass_surveillance"": 0.47}"
user_0708,coding_heavy,Mostly AI coding innovations,100,0.0,0.0,0.0,0.0,0.0,0.0,0.09,0.0,0.8,0.0,0.0,0.0,0.0,0.0,0.0,0.0,0.0,0.11,0.0,0.0,0.0,0.0,0.0,0.0,0.0,0.0,0.09,0.0,0.8,0.0,0.0,0.0,0.0,0.0,0.0,0.0,0.0,0.11,0.0,0.0,hard,"{""ai_coding_innovations"": 0.8, ""ai_copyright_theft"": 0.1, ""ai_mass_surveillance"": 0.1}","{""ai_coding_innovations"": 0.8, ""ai_copyright_theft"": 0.09, ""ai_mass_surveillance"": 0.11}"
user_0709,copyright_heavy,Mostly AI copyright / theft concerns,100,0.0,0.0,0.0,0.0,0.0,0.0,0.81,0.0,0.08,0.0,0.0,0.0,0.0,0.0,0.0,0.0,0.0,0.11,0.0,0.0,0.0,0.0,0.0,0.0,0.0,0.0,0.81,0.0,0.08,0.0,0.0,0.0,0.0,0.0,0.0,0.0,0.0,0.11,0.0,0.0,hard,"{""ai_coding_innovations"": 0.1, ""ai_copyright_theft"": 0.8, ""ai_mass_surveillance"": 0.1}","{""ai_coding_innovations"": 0.08, ""ai_copyright_theft"": 0.81, ""ai_mass_surveillance"": 0.11}"
user_0710,surveillance_heavy,Mostly AI mass surveillance,100,0.0,0.0,0.0,0.0,0.0,0.0,0.14,0.0,0.07,0.0,0.0,0.0,0.0,0.0,0.0,0.0,0.0,0.79,0.0,0.0,0.0,0.0,0.0,0.0,0.0,0.0,0.14,0.0,0.07,0.0,0.0,0.0,0.0,0.0,0.0,0.0,0.0,0.79,0.0,0.0,hard,"{""ai_coding_innovations"": 0.1, ""ai_copyright_theft"": 0.1, ""ai_mass_surveillance"": 0.8}","{""ai_coding_innovations"": 0.07, ""ai_copyright_theft"": 0.14, ""ai_mass_surveillance"": 0.79}"
user_0711,balanced,Even across all topics,100,0.0,0.0,0.0,0.0,0.0,0.0,0.34,0.0,0.33,0.0,0.0,0.0,0.0,0.0,0.0,0.0,0.0,0.33,0.0,0.0,0.0,0.0,0.0,0.0,0.0,0.0,0.34,0.0,0.33,0.0,0.0,0.0,0.0,0.0,0.0,0.0,0.0,0.33,0.0,0.0,hard,"{""ai_coding_innovations"": 0.333333, ""ai_copyright_theft"": 0.333333, ""ai_mass_surveillance"": 0.333334}","{""ai_coding_innovations"": 0.33, ""ai_copyright_theft"": 0.34, ""ai_mass_surveillance"": 0.33}"
user_0712,coding_copyright,Split: coding + copyright,100,0.0,0.0,0.0,0.0,0.0,0.0,0.53,0.0,0.37,0.0,0.0,0.0,0.0,0.0,0.0,0.0,0.0,0.1,0.0,0.0,0.0,0.0,0.0,0.0,0.0,0.0,0.53,0.0,0.37,0.0,0.0,0.0,0.0,0.0,0.0,0.0,0.0,0.1,0.0,0.0,hard,"{""ai_coding_innovations"": 0.45, ""ai_copyright_theft"": 0.45, ""ai_mass_surveillance"": 0.1}","{""ai_coding_innovations"": 0.37, ""ai_copyright_theft"": 0.53, ""ai_mass_surveillance"": 0.1}"
user_0713,coding_surveillance,Split: coding + surveillance,100,0.0,0.0,0.0,0.0,0.0,0.0,0.09,0.0,0.44,0.0,0.0,0.0,0.0,0.0,0.0,0.0,0.0,0.47,0.0,0.0,0.0,0.0,0.0,0.0,0.0,0.0,0.09,0.0,0.44,0.0,0.0,0.0,0.0,0.0,0.0,0.0,0.0,0.47,0.0,0.0,hard,"{""ai_coding_innovations"": 0.45, ""ai_copyright_theft"": 0.1, ""ai_mass_surveillance"": 0.45}","{""ai_coding_innovations"": 0.44, ""ai_copyright_theft"": 0.09, ""ai_mass_surveillance"": 0.47}"
user_0714,copyright_surveillance,Split: copyright + surveillance,100,0.0,0.0,0.0,0.0,0.0,0.0,0.44,0.0,0.15,0.0,0.0,0.0,0.0,0.0,0.0,0.0,0.0,0.41,0.0,0.0,0.0,0.0,0.0,0.0,0.0,0.0,0.44,0.0,0.15,0.0,0.0,0.0,0.0,0.0,0.0,0.0,0.0,0.41,0.0,0.0,hard,"{""ai_coding_innovations"": 0.1, ""ai_copyright_theft"": 0.45, ""ai_mass_surveillance"": 0.45}","{""ai_coding_innovations"": 0.15, ""ai_copyright_theft"": 0.44, ""ai_mass_surveillance"": 0.41}"
user_0715,coding_heavy,Mostly AI coding innovations,100,0.0,0.0,0.0,0.0,0.0,0.0,0.09,0.0,0.77,0.0,0.0,0.0,0.0,0.0,0.0,0.0,0.0,0.14,0.0,0.0,0.0,0.0,0.0,0.0,0.0,0.0,0.09,0.0,0.77,0.0,0.0,0.0,0.0,0.0,0.0,0.0,0.0,0.14,0.0,0.0,hard,"{""ai_coding_innovations"": 0.8, ""ai_copyright_theft"": 0.1, ""ai_mass_surveillance"": 0.1}","{""ai_coding_innovations"": 0.77, ""ai_copyright_theft"": 0.09, ""ai_mass_surveillance"": 0.14}"
user_0716,copyright_heavy,Mostly AI copyright / theft concerns,100,0.0,0.0,0.0,0.0,0.0,0.0,0.73,0.0,0.12,0.0,0.0,0.0,0.0,0.0,0.0,0.0,0.0,0.15,0.0,0.0,0.0,0.0,0.0,0.0,0.0,0.0,0.73,0.0,0.12,0.0,0.0,0.0,0.0,0.0,0.0,0.0,0.0,0.15,0.0,0.0,hard,"{""ai_coding_innovations"": 0.1, ""ai_copyright_theft"": 0.8, ""ai_mass_surveillance"": 0.1}","{""ai_coding_innovations"": 0.12, ""ai_copyright_theft"": 0.73, ""ai_mass_surveillance"": 0.15}"
user_0717,surveillance_heavy,Mostly AI mass surveillance,100,0.0,0.0,0.0,0.0,0.0,0.0,0.06,0.0,0.14,0.0,0.0,0.0,0.0,0.0,0.0,0.0,0.0,0.8,0.0,0.0,0.0,0.0,0.0,0.0,0.0,0.0,0.06,0.0,0.14,0.0,0.0,0.0,0.0,0.0,0.0,0.0,0.0,0.8,0.0,0.0,hard,"{""ai_coding_innovations"": 0.1, ""ai_copyright_theft"": 0.1, ""ai_mass_surveillance"": 0.8}","{""ai_coding_innovations"": 0.14, ""ai_copyright_theft"": 0.06, ""ai_mass_surveillance"": 0.8}"
user_0718,balanced,Even across all topics,100,0.0,0.0,0.0,0.0,0.0,0.0,0.37,0.0,0.3,0.0,0.0,0.0,0.0,0.0,0.0,0.0,0.0,0.33,0.0,0.0,0.0,0.0,0.0,0.0,0.0,0.0,0.37,0.0,0.3,0.0,0.0,0.0,0.0,0.0,0.0,0.0,0.0,0.33,0.0,0.0,hard,"{""ai_coding_innovations"": 0.333333, ""ai_copyright_theft"": 0.333333, ""ai_mass_surveillance"": 0.333334}","{""ai_coding_innovations"": 0.3, ""ai_copyright_theft"": 0.37, ""ai_mass_surveillance"": 0.33}"
user_0719,coding_copyright,Split: coding + copyright,100,0.0,0.0,0.0,0.0,0.0,0.0,0.46,0.0,0.47,0.0,0.0,0.0,0.0,0.0,0.0,0.0,0.0,0.07,0.0,0.0,0.0,0.0,0.0,0.0,0.0,0.0,0.46,0.0,0.47,0.0,0.0,0.0,0.0,0.0,0.0,0.0,0.0,0.07,0.0,0.0,hard,"{""ai_coding_innovations"": 0.45, ""ai_copyright_theft"": 0.45, ""ai_mass_surveillance"": 0.1}","{""ai_coding_innovations"": 0.47, ""ai_copyright_theft"": 0.46, ""ai_mass_surveillance"": 0.07}"
user_0720,coding_surveillance,Split: coding + surveillance,100,0.0,0.0,0.0,0.0,0.0,0.0,0.13,0.0,0.43,0.0,0.0,0.0,0.0,0.0,0.0,0.0,0.0,0.44,0.0,0.0,0.0,0.0,0.0,0.0,0.0,0.0,0.13,0.0,0.43,0.0,0.0,0.0,0.0,0.0,0.0,0.0,0.0,0.44,0.0,0.0,hard,"{""ai_coding_innovations"": 0.45, ""ai_copyright_theft"": 0.1, ""ai_mass_surveillance"": 0.45}","{""ai_coding_innovations"": 0.43, ""ai_copyright_theft"": 0.13, ""ai_mass_surveillance"": 0.44}"
user_0721,copyright_surveillance,Split: copyright + surveillance,100,0.0,0.0,0.0,0.0,0.0,0.0,0.43,0.0,0.1,0.0,0.0,0.0,0.0,0.0,0.0,0.0,0.0,0.47,0.0,0.0,0.0,0.0,0.0,0.0,0.0,0.0,0.43,0.0,0.1,0.0,0.0,0.0,0.0,0.0,0.0,0.0,0.0,0.47,0.0,0.0,hard,"{""ai_coding_innovations"": 0.1, ""ai_copyright_theft"": 0.45, ""ai_mass_surveillance"": 0.45}","{""ai_coding_innovations"": 0.1, ""ai_copyright_theft"": 0.43, ""ai_mass_surveillance"": 0.47}"
user_0722,coding_heavy,Mostly AI coding innovations,100,0.0,0.0,0.0,0.0,0.0,0.0,0.06,0.0,0.84,0.0,0.0,0.0,0.0,0.0,0.0,0.0,0.0,0.1,0.0,0.0,0.0,0.0,0.0,0.0,0.0,0.0,0.06,0.0,0.84,0.0,0.0,0.0,0.0,0.0,0.0,0.0,0.0,0.1,0.0,0.0,hard,"{""ai_coding_innovations"": 0.8, ""ai_copyright_theft"": 0.1, ""ai_mass_surveillance"": 0.1}","{""ai_coding_innovations"": 0.84, ""ai_copyright_theft"": 0.06, ""ai_mass_surveillance"": 0.1}"
user_0723,copyright_heavy,Mostly AI copyright / theft concerns,100,0.0,0.0,0.0,0.0,0.0,0.0,0.78,0.0,0.1,0.0,0.0,0.0,0.0,0.0,0.0,0.0,0.0,0.12,0.0,0.0,0.0,0.0,0.0,0.0,0.0,0.0,0.78,0.0,0.1,0.0,0.0,0.0,0.0,0.0,0.0,0.0,0.0,0.12,0.0,0.0,hard,"{""ai_coding_innovations"": 0.1, ""ai_copyright_theft"": 0.8, ""ai_mass_surveillance"": 0.1}","{""ai_coding_innovations"": 0.1, ""ai_copyright_theft"": 0.78, ""ai_mass_surveillance"": 0.12}"
user_0724,surveillance_heavy,Mostly AI mass surveillance,100,0.0,0.0,0.0,0.0,0.0,0.0,0.12,0.0,0.14,0.0,0.0,0.0,0.0,0.0,0.0,0.0,0.0,0.74,0.0,0.0,0.0,0.0,0.0,0.0,0.0,0.0,0.12,0.0,0.14,0.0,0.0,0.0,0.0,0.0,0.0,0.0,0.0,0.74,0.0,0.0,hard,"{""ai_coding_innovations"": 0.1, ""ai_copyright_theft"": 0.1, ""ai_mass_surveillance"": 0.8}","{""ai_coding_innovations"": 0.14, ""ai_copyright_theft"": 0.12, ""ai_mass_surveillance"": 0.74}"
user_0725,balanced,Even across all topics,100,0.0,0.0,0.0,0.0,0.0,0.0,0.31,0.0,0.41,0.0,0.0,0.0,0.0,0.0,0.0,0.0,0.0,0.28,0.0,0.0,0.0,0.0,0.0,0.0,0.0,0.0,0.31,0.0,0.41,0.0,0.0,0.0,0.0,0.0,0.0,0.0,0.0,0.28,0.0,0.0,hard,"{""ai_coding_innovations"": 0.333333, ""ai_copyright_theft"": 0.333333, ""ai_mass_surveillance"": 0.333334}","{""ai_coding_innovations"": 0.41, ""ai_copyright_theft"": 0.31, ""ai_mass_surveillance"": 0.28}"
user_0726,coding_copyright,Split: coding + copyright,100,0.0,0.0,0.0,0.0,0.0,0.0,0.39,0.0,0.53,0.0,0.0,0.0,0.0,0.0,0.0,0.0,0.0,0.08,0.0,0.0,0.0,0.0,0.0,0.0,0.0,0.0,0.39,0.0,0.53,0.0,0.0,0.0,0.0,0.0,0.0,0.0,0.0,0.08,0.0,0.0,hard,"{""ai_coding_innovations"": 0.45, ""ai_copyright_theft"": 0.45, ""ai_mass_surveillance"": 0.1}","{""ai_coding_innovations"": 0.53, ""ai_copyright_theft"": 0.39, ""ai_mass_surveillance"": 0.08}"
user_0727,coding_surveillance,Split: coding + surveillance,100,0.0,0.0,0.0,0.0,0.0,0.0,0.12,0.0,0.44,0.0,0.0,0.0,0.0,0.0,0.0,0.0,0.0,0.44,0.0,0.0,0.0,0.0,0.0,0.0,0.0,0.0,0.12,0.0,0.44,0.0,0.0,0.0,0.0,0.0,0.0,0.0,0.0,0.44,0.0,0.0,hard,"{""ai_coding_innovations"": 0.45, ""ai_copyright_theft"": 0.1, ""ai_mass_surveillance"": 0.45}","{""ai_coding_innovations"": 0.44, ""ai_copyright_theft"": 0.12, ""ai_mass_surveillance"": 0.44}"
user_0728,copyright_surveillance,Split: copyright + surveillance,100,0.0,0.0,0.0,0.0,0.0,0.0,0.39,0.0,0.07,0.0,0.0,0.0,0.0,0.0,0.0,0.0,0.0,0.54,0.0,0.0,0.0,0.0,0.0,0.0,0.0,0.0,0.39,0.0,0.07,0.0,0.0,0.0,0.0,0.0,0.0,0.0,0.0,0.54,0.0,0.0,hard,"{""ai_coding_innovations"": 0.1, ""ai_copyright_theft"": 0.45, ""ai_mass_surveillance"": 0.45}","{""ai_coding_innovations"": 0.07, ""ai_copyright_theft"": 0.39, ""ai_mass_surveillance"": 0.54}"
user_0729,coding_heavy,Mostly AI coding innovations,100,0.0,0.0,0.0,0.0,0.0,0.0,0.16,0.0,0.71,0.0,0.0,0.0,0.0,0.0,0.0,0.0,0.0,0.13,0.0,0.0,0.0,0.0,0.0,0.0,0.0,0.0,0.16,0.0,0.71,0.0,0.0,0.0,0.0,0.0,0.0,0.0,0.0,0.13,0.0,0.0,hard,"{""ai_coding_innovations"": 0.8, ""ai_copyright_theft"": 0.1, ""ai_mass_surveillance"": 0.1}","{""ai_coding_innovations"": 0.71, ""ai_copyright_theft"": 0.16, ""ai_mass_surveillance"": 0.13}"
user_0730,copyright_heavy,Mostly AI copyright / theft concerns,100,0.0,0.0,0.0,0.0,0.0,0.0,0.78,0.0,0.07,0.0,0.0,0.0,0.0,0.0,0.0,0.0,0.0,0.15,0.0,0.0,0.0,0.0,0.0,0.0,0.0,0.0,0.78,0.0,0.07,0.0,0.0,0.0,0.0,0.0,0.0,0.0,0.0,0.15,0.0,0.0,hard,"{""ai_coding_innovations"": 0.1, ""ai_copyright_theft"": 0.8, ""ai_mass_surveillance"": 0.1}","{""ai_coding_innovations"": 0.07, ""ai_copyright_theft"": 0.78, ""ai_mass_surveillance"": 0.15}"
user_0731,surveillance_heavy,Mostly AI mass surveillance,100,0.0,0.0,0.0,0.0,0.0,0.0,0.09,0.0,0.09,0.0,0.0,0.0,0.0,0.0,0.0,0.0,0.0,0.82,0.0,0.0,0.0,0.0,0.0,0.0,0.0,0.0,0.09,0.0,0.09,0.0,0.0,0.0,0.0,0.0,0.0,0.0,0.0,0.82,0.0,0.0,hard,"{""ai_coding_innovations"": 0.1, ""ai_copyright_theft"": 0.1, ""ai_mass_surveillance"": 0.8}","{""ai_coding_innovations"": 0.09, ""ai_copyright_theft"": 0.09, ""ai_mass_surveillance"": 0.82}"
user_0732,balanced,Even across all topics,100,0.0,0.0,0.0,0.0,0.0,0.0,0.44,0.0,0.24,0.0,0.0,0.0,0.0,0.0,0.0,0.0,0.0,0.32,0.0,0.0,0.0,0.0,0.0,0.0,0.0,0.0,0.44,0.0,0.24,0.0,0.0,0.0,0.0,0.0,0.0,0.0,0.0,0.32,0.0,0.0,hard,"{""ai_coding_innovations"": 0.333333, ""ai_copyright_theft"": 0.333333, ""ai_mass_surveillance"": 0.333334}","{""ai_coding_innovations"": 0.24, ""ai_copyright_theft"": 0.44, ""ai_mass_surveillance"": 0.32}"
user_0733,coding_copyright,Split: coding + copyright,100,0.0,0.0,0.0,0.0,0.0,0.0,0.45,0.0,0.47,0.0,0.0,0.0,0.0,0.0,0.0,0.0,0.0,0.08,0.0,0.0,0.0,0.0,0.0,0.0,0.0,0.0,0.45,0.0,0.47,0.0,0.0,0.0,0.0,0.0,0.0,0.0,0.0,0.08,0.0,0.0,hard,"{""ai_coding_innovations"": 0.45, ""ai_copyright_theft"": 0.45, ""ai_mass_surveillance"": 0.1}","{""ai_coding_innovations"": 0.47, ""ai_copyright_theft"": 0.45, ""ai_mass_surveillance"": 0.08}"
user_0734,coding_surveillance,Split: coding + surveillance,100,0.0,0.0,0.0,0.0,0.0,0.0,0.15,0.0,0.39,0.0,0.0,0.0,0.0,0.0,0.0,0.0,0.0,0.46,0.0,0.0,0.0,0.0,0.0,0.0,0.0,0.0,0.15,0.0,0.39,0.0,0.0,0.0,0.0,0.0,0.0,0.0,0.0,0.46,0.0,0.0,hard,"{""ai_coding_innovations"": 0.45, ""ai_copyright_theft"": 0.1, ""ai_mass_surveillance"": 0.45}","{""ai_coding_innovations"": 0.39, ""ai_copyright_theft"": 0.15, ""ai_mass_surveillance"": 0.46}"
user_0735,copyright_surveillance,Split: copyright + surveillance,100,0.0,0.0,0.0,0.0,0.0,0.0,0.46,0.0,0.06,0.0,0.0,0.0,0.0,0.0,0.0,0.0,0.0,0.48,0.0,0.0,0.0,0.0,0.0,0.0,0.0,0.0,0.46,0.0,0.06,0.0,0.0,0.0,0.0,0.0,0.0,0.0,0.0,0.48,0.0,0.0,hard,"{""ai_coding_innovations"": 0.1, ""ai_copyright_theft"": 0.45, ""ai_mass_surveillance"": 0.45}","{""ai_coding_innovations"": 0.06, ""ai_copyright_theft"": 0.46, ""ai_mass_surveillance"": 0.48}"
user_0736,coding_heavy,Mostly AI coding innovations,100,0.0,0.0,0.0,0.0,0.0,0.0,0.08,0.0,0.83,0.0,0.0,0.0,0.0,0.0,0.0,0.0,0.0,0.09,0.0,0.0,0.0,0.0,0.0,0.0,0.0,0.0,0.08,0.0,0.83,0.0,0.0,0.0,0.0,0.0,0.0,0.0,0.0,0.09,0.0,0.0,hard,"{""ai_coding_innovations"": 0.8, ""ai_copyright_theft"": 0.1, ""ai_mass_surveillance"": 0.1}","{""ai_coding_innovations"": 0.83, ""ai_copyright_theft"": 0.08, ""ai_mass_surveillance"": 0.09}"
user_0737,copyright_heavy,Mostly AI copyright / theft concerns,100,0.0,0.0,0.0,0.0,0.0,0.0,0.88,0.0,0.07,0.0,0.0,0.0,0.0,0.0,0.0,0.0,0.0,0.05,0.0,0.0,0.0,0.0,0.0,0.0,0.0,0.0,0.88,0.0,0.07,0.0,0.0,0.0,0.0,0.0,0.0,0.0,0.0,0.05,0.0,0.0,hard,"{""ai_coding_innovations"": 0.1, ""ai_copyright_theft"": 0.8, ""ai_mass_surveillance"": 0.1}","{""ai_coding_innovations"": 0.07, ""ai_copyright_theft"": 0.88, ""ai_mass_surveillance"": 0.05}"
user_0738,surveillance_heavy,Mostly AI mass surveillance,100,0.0,0.0,0.0,0.0,0.0,0.0,0.15,0.0,0.13,0.0,0.0,0.0,0.0,0.0,0.0,0.0,0.0,0.72,0.0,0.0,0.0,0.0,0.0,0.0,0.0,0.0,0.15,0.0,0.13,0.0,0.0,0.0,0.0,0.0,0.0,0.0,0.0,0.72,0.0,0.0,hard,"{""ai_coding_innovations"": 0.1, ""ai_copyright_theft"": 0.1, ""ai_mass_surveillance"": 0.8}","{""ai_coding_innovations"": 0.13, ""ai_copyright_theft"": 0.15, ""ai_mass_surveillance"": 0.72}"
user_0739,balanced,Even across all topics,100,0.0,0.0,0.0,0.0,0.0,0.0,0.34,0.0,0.32,0.0,0.0,0.0,0.0,0.0,0.0,0.0,0.0,0.34,0.0,0.0,0.0,0.0,0.0,0.0,0.0,0.0,0.34,0.0,0.32,0.0,0.0,0.0,0.0,0.0,0.0,0.0,0.0,0.34,0.0,0.0,hard,"{""ai_coding_innovations"": 0.333333, ""ai_copyright_theft"": 0.333333, ""ai_mass_surveillance"": 0.333334}","{""ai_coding_innovations"": 0.32, ""ai_copyright_theft"": 0.34, ""ai_mass_surveillance"": 0.34}"
user_0740,coding_copyright,Split: coding + copyright,100,0.0,0.0,0.0,0.0,0.0,0.0,0.48,0.0,0.42,0.0,0.0,0.0,0.0,0.0,0.0,0.0,0.0,0.1,0.0,0.0,0.0,0.0,0.0,0.0,0.0,0.0,0.48,0.0,0.42,0.0,0.0,0.0,0.0,0.0,0.0,0.0,0.0,0.1,0.0,0.0,hard,"{""ai_coding_innovations"": 0.45, ""ai_copyright_theft"": 0.45, ""ai_mass_surveillance"": 0.1}","{""ai_coding_innovations"": 0.42, ""ai_copyright_theft"": 0.48, ""ai_mass_surveillance"": 0.1}"
user_0741,coding_surveillance,Split: coding + surveillance,100,0.0,0.0,0.0,0.0,0.0,0.0,0.07,0.0,0.54,0.0,0.0,0.0,0.0,0.0,0.0,0.0,0.0,0.39,0.0,0.0,0.0,0.0,0.0,0.0,0.0,0.0,0.07,0.0,0.54,0.0,0.0,0.0,0.0,0.0,0.0,0.0,0.0,0.39,0.0,0.0,hard,"{""ai_coding_innovations"": 0.45, ""ai_copyright_theft"": 0.1, ""ai_mass_surveillance"": 0.45}","{""ai_coding_innovations"": 0.54, ""ai_copyright_theft"": 0.07, ""ai_mass_surveillance"": 0.39}"
user_0742,copyright_surveillance,Split: copyright + surveillance,100,0.0,0.0,0.0,0.0,0.0,0.0,0.34,0.0,0.08,0.0,0.0,0.0,0.0,0.0,0.0,0.0,0.0,0.58,0.0,0.0,0.0,0.0,0.0,0.0,0.0,0.0,0.34,0.0,0.08,0.0,0.0,0.0,0.0,0.0,0.0,0.0,0.0,0.58,0.0,0.0,hard,"{""ai_coding_innovations"": 0.1, ""ai_copyright_theft"": 0.45, ""ai_mass_surveillance"": 0.45}","{""ai_coding_innovations"": 0.08, ""ai_copyright_theft"": 0.34, ""ai_mass_surveillance"": 0.58}"
user_0743,coding_heavy,Mostly AI coding innovations,100,0.0,0.0,0.0,0.0,0.0,0.0,0.1,0.0,0.82,0.0,0.0,0.0,0.0,0.0,0.0,0.0,0.0,0.08,0.0,0.0,0.0,0.0,0.0,0.0,0.0,0.0,0.1,0.0,0.82,0.0,0.0,0.0,0.0,0.0,0.0,0.0,0.0,0.08,0.0,0.0,hard,"{""ai_coding_innovations"": 0.8, ""ai_copyright_theft"": 0.1, ""ai_mass_surveillance"": 0.1}","{""ai_coding_innovations"": 0.82, ""ai_copyright_theft"": 0.1, ""ai_mass_surveillance"": 0.08}"
user_0744,copyright_heavy,Mostly AI copyright / theft concerns,100,0.0,0.0,0.0,0.0,0.0,0.0,0.84,0.0,0.1,0.0,0.0,0.0,0.0,0.0,0.0,0.0,0.0,0.06,0.0,0.0,0.0,0.0,0.0,0.0,0.0,0.0,0.84,0.0,0.1,0.0,0.0,0.0,0.0,0.0,0.0,0.0,0.0,0.06,0.0,0.0,hard,"{""ai_coding_innovations"": 0.1, ""ai_copyright_theft"": 0.8, ""ai_mass_surveillance"": 0.1}","{""ai_coding_innovations"": 0.1, ""ai_copyright_theft"": 0.84, ""ai_mass_surveillance"": 0.06}"
user_0745,surveillance_heavy,Mostly AI mass surveillance,100,0.0,0.0,0.0,0.0,0.0,0.0,0.1,0.0,0.13,0.0,0.0,0.0,0.0,0.0,0.0,0.0,0.0,0.77,0.0,0.0,0.0,0.0,0.0,0.0,0.0,0.0,0.1,0.0,0.13,0.0,0.0,0.0,0.0,0.0,0.0,0.0,0.0,0.77,0.0,0.0,hard,"{""ai_coding_innovations"": 0.1, ""ai_copyright_theft"": 0.1, ""ai_mass_surveillance"": 0.8}","{""ai_coding_innovations"": 0.13, ""ai_copyright_theft"": 0.1, ""ai_mass_surveillance"": 0.77}"
user_0746,balanced,Even across all topics,100,0.0,0.0,0.0,0.0,0.0,0.0,0.2,0.0,0.49,0.0,0.0,0.0,0.0,0.0,0.0,0.0,0.0,0.31,0.0,0.0,0.0,0.0,0.0,0.0,0.0,0.0,0.2,0.0,0.49,0.0,0.0,0.0,0.0,0.0,0.0,0.0,0.0,0.31,0.0,0.0,hard,"{""ai_coding_innovations"": 0.333333, ""ai_copyright_theft"": 0.333333, ""ai_mass_surveillance"": 0.333334}","{""ai_coding_innovations"": 0.49, ""ai_copyright_theft"": 0.2, ""ai_mass_surveillance"": 0.31}"
user_0747,coding_copyright,Split: coding + copyright,100,0.0,0.0,0.0,0.0,0.0,0.0,0.35,0.0,0.56,0.0,0.0,0.0,0.0,0.0,0.0,0.0,0.0,0.09,0.0,0.0,0.0,0.0,0.0,0.0,0.0,0.0,0.35,0.0,0.56,0.0,0.0,0.0,0.0,0.0,0.0,0.0,0.0,0.09,0.0,0.0,hard,"{""ai_coding_innovations"": 0.45, ""ai_copyright_theft"": 0.45, ""ai_mass_surveillance"": 0.1}","{""ai_coding_innovations"": 0.56, ""ai_copyright_theft"": 0.35, ""ai_mass_surveillance"": 0.09}"
user_0748,coding_surveillance,Split: coding + surveillance,100,0.0,0.0,0.0,0.0,0.0,0.0,0.13,0.0,0.46,0.0,0.0,0.0,0.0,0.0,0.0,0.0,0.0,0.41,0.0,0.0,0.0,0.0,0.0,0.0,0.0,0.0,0.13,0.0,0.46,0.0,0.0,0.0,0.0,0.0,0.0,0.0,0.0,0.41,0.0,0.0,hard,"{""ai_coding_innovations"": 0.45, ""ai_copyright_theft"": 0.1, ""ai_mass_surveillance"": 0.45}","{""ai_coding_innovations"": 0.46, ""ai_copyright_theft"": 0.13, ""ai_mass_surveillance"": 0.41}"
user_0749,copyright_surveillance,Split: copyright + surveillance,100,0.0,0.0,0.0,0.0,0.0,0.0,0.51,0.0,0.03,0.0,0.0,0.0,0.0,0.0,0.0,0.0,0.0,0.46,0.0,0.0,0.0,0.0,0.0,0.0,0.0,0.0,0.51,0.0,0.03,0.0,0.0,0.0,0.0,0.0,0.0,0.0,0.0,0.46,0.0,0.0,hard,"{""ai_coding_innovations"": 0.1, ""ai_copyright_theft"": 0.45, ""ai_mass_surveillance"": 0.45}","{""ai_coding_innovations"": 0.03, ""ai_copyright_theft"": 0.51, ""ai_mass_surveillance"": 0.46}"
user_0750,coding_heavy,Mostly AI coding innovations,100,0.0,0.0,0.0,0.0,0.0,0.0,0.09,0.0,0.8,0.0,0.0,0.0,0.0,0.0,0.0,0.0,0.0,0.11,0.0,0.0,0.0,0.0,0.0,0.0,0.0,0.0,0.09,0.0,0.8,0.0,0.0,0.0,0.0,0.0,0.0,0.0,0.0,0.11,0.0,0.0,hard,"{""ai_coding_innovations"": 0.8, ""ai_copyright_theft"": 0.1, ""ai_mass_surveillance"": 0.1}","{""ai_coding_innovations"": 0.8, ""ai_copyright_theft"": 0.09, ""ai_mass_surveillance"": 0.11}"
user_0751,copyright_heavy,Mostly AI copyright / theft concerns,100,0.0,0.0,0.0,0.0,0.0,0.0,0.79,0.0,0.12,0.0,0.0,0.0,0.0,0.0,0.0,0.0,0.0,0.09,0.0,0.0,0.0,0.0,0.0,0.0,0.0,0.0,0.79,0.0,0.12,0.0,0.0,0.0,0.0,0.0,0.0,0.0,0.0,0.09,0.0,0.0,hard,"{""ai_coding_innovations"": 0.1, ""ai_copyright_theft"": 0.8, ""ai_mass_surveillance"": 0.1}","{""ai_coding_innovations"": 0.12, ""ai_copyright_theft"": 0.79, ""ai_mass_surveillance"": 0.09}"
user_0752,surveillance_heavy,Mostly AI mass surveillance,100,0.0,0.0,0.0,0.0,0.0,0.0,0.16,0.0,0.12,0.0,0.0,0.0,0.0,0.0,0.0,0.0,0.0,0.72,0.0,0.0,0.0,0.0,0.0,0.0,0.0,0.0,0.16,0.0,0.12,0.0,0.0,0.0,0.0,0.0,0.0,0.0,0.0,0.72,0.0,0.0,hard,"{""ai_coding_innovations"": 0.1, ""ai_copyright_theft"": 0.1, ""ai_mass_surveillance"": 0.8}","{""ai_coding_innovations"": 0.12, ""ai_copyright_theft"": 0.16, ""ai_mass_surveillance"": 0.72}"
user_0753,balanced,Even across all topics,100,0.0,0.0,0.0,0.0,0.0,0.0,0.29,0.0,0.31,0.0,0.0,0.0,0.0,0.0,0.0,0.0,0.0,0.4,0.0,0.0,0.0,0.0,0.0,0.0,0.0,0.0,0.29,0.0,0.31,0.0,0.0,0.0,0.0,0.0,0.0,0.0,0.0,0.4,0.0,0.0,hard,"{""ai_coding_innovations"": 0.333333, ""ai_copyright_theft"": 0.333333, ""ai_mass_surveillance"": 0.333334}","{""ai_coding_innovations"": 0.31, ""ai_copyright_theft"": 0.29, ""ai_mass_surveillance"": 0.4}"
user_0754,coding_copyright,Split: coding + copyright,100,0.0,0.0,0.0,0.0,0.0,0.0,0.45,0.0,0.49,0.0,0.0,0.0,0.0,0.0,0.0,0.0,0.0,0.06,0.0,0.0,0.0,0.0,0.0,0.0,0.0,0.0,0.45,0.0,0.49,0.0,0.0,0.0,0.0,0.0,0.0,0.0,0.0,0.06,0.0,0.0,hard,"{""ai_coding_innovations"": 0.45, ""ai_copyright_theft"": 0.45, ""ai_mass_surveillance"": 0.1}","{""ai_coding_innovations"": 0.49, ""ai_copyright_theft"": 0.45, ""ai_mass_surveillance"": 0.06}"
user_0755,coding_surveillance,Split: coding + surveillance,100,0.0,0.0,0.0,0.0,0.0,0.0,0.1,0.0,0.34,0.0,0.0,0.0,0.0,0.0,0.0,0.0,0.0,0.56,0.0,0.0,0.0,0.0,0.0,0.0,0.0,0.0,0.1,0.0,0.34,0.0,0.0,0.0,0.0,0.0,0.0,0.0,0.0,0.56,0.0,0.0,hard,"{""ai_coding_innovations"": 0.45, ""ai_copyright_theft"": 0.1, ""ai_mass_surveillance"": 0.45}","{""ai_coding_innovations"": 0.34, ""ai_copyright_theft"": 0.1, ""ai_mass_surveillance"": 0.56}"
user_0756,copyright_surveillance,Split: copyright + surveillance,100,0.0,0.0,0.0,0.0,0.0,0.0,0.53,0.0,0.08,0.0,0.0,0.0,0.0,0.0,0.0,0.0,0.0,0.39,0.0,0.0,0.0,0.0,0.0,0.0,0.0,0.0,0.53,0.0,0.08,0.0,0.0,0.0,0.0,0.0,0.0,0.0,0.0,0.39,0.0,0.0,hard,"{""ai_coding_innovations"": 0.1, ""ai_copyright_theft"": 0.45, ""ai_mass_surveillance"": 0.45}","{""ai_coding_innovations"": 0.08, ""ai_copyright_theft"": 0.53, ""ai_mass_surveillance"": 0.39}"
user_0757,coding_heavy,Mostly AI coding innovations,100,0.0,0.0,0.0,0.0,0.0,0.0,0.09,0.0,0.81,0.0,0.0,0.0,0.0,0.0,0.0,0.0,0.0,0.1,0.0,0.0,0.0,0.0,0.0,0.0,0.0,0.0,0.09,0.0,0.81,0.0,0.0,0.0,0.0,0.0,0.0,0.0,0.0,0.1,0.0,0.0,hard,"{""ai_coding_innovations"": 0.8, ""ai_copyright_theft"": 0.1, ""ai_mass_surveillance"": 0.1}","{""ai_coding_innovations"": 0.81, ""ai_copyright_theft"": 0.09, ""ai_mass_surveillance"": 0.1}"
user_0758,copyright_heavy,Mostly AI copyright / theft concerns,100,0.0,0.0,0.0,0.0,0.0,0.0,0.81,0.0,0.1,0.0,0.0,0.0,0.0,0.0,0.0,0.0,0.0,0.09,0.0,0.0,0.0,0.0,0.0,0.0,0.0,0.0,0.81,0.0,0.1,0.0,0.0,0.0,0.0,0.0,0.0,0.0,0.0,0.09,0.0,0.0,hard,"{""ai_coding_innovations"": 0.1, ""ai_copyright_theft"": 0.8, ""ai_mass_surveillance"": 0.1}","{""ai_coding_innovations"": 0.1, ""ai_copyright_theft"": 0.81, ""ai_mass_surveillance"": 0.09}"
user_0759,surveillance_heavy,Mostly AI mass surveillance,100,0.0,0.0,0.0,0.0,0.0,0.0,0.16,0.0,0.08,0.0,0.0,0.0,0.0,0.0,0.0,0.0,0.0,0.76,0.0,0.0,0.0,0.0,0.0,0.0,0.0,0.0,0.16,0.0,0.08,0.0,0.0,0.0,0.0,0.0,0.0,0.0,0.0,0.76,0.0,0.0,hard,"{""ai_coding_innovations"": 0.1, ""ai_copyright_theft"": 0.1, ""ai_mass_surveillance"": 0.8}","{""ai_coding_innovations"": 0.08, ""ai_copyright_theft"": 0.16, ""ai_mass_surveillance"": 0.76}"
user_0760,balanced,Even across all topics,100,0.0,0.0,0.0,0.0,0.0,0.0,0.31,0.0,0.35,0.0,0.0,0.0,0.0,0.0,0.0,0.0,0.0,0.34,0.0,0.0,0.0,0.0,0.0,0.0,0.0,0.0,0.31,0.0,0.35,0.0,0.0,0.0,0.0,0.0,0.0,0.0,0.0,0.34,0.0,0.0,hard,"{""ai_coding_innovations"": 0.333333, ""ai_copyright_theft"": 0.333333, ""ai_mass_surveillance"": 0.333334}","{""ai_coding_innovations"": 0.35, ""ai_copyright_theft"": 0.31, ""ai_mass_surveillance"": 0.34}"
user_0761,coding_copyright,Split: coding + copyright,100,0.0,0.0,0.0,0.0,0.0,0.0,0.47,0.0,0.44,0.0,0.0,0.0,0.0,0.0,0.0,0.0,0.0,0.09,0.0,0.0,0.0,0.0,0.0,0.0,0.0,0.0,0.47,0.0,0.44,0.0,0.0,0.0,0.0,0.0,0.0,0.0,0.0,0.09,0.0,0.0,hard,"{""ai_coding_innovations"": 0.45, ""ai_copyright_theft"": 0.45, ""ai_mass_surveillance"": 0.1}","{""ai_coding_innovations"": 0.44, ""ai_copyright_theft"": 0.47, ""ai_mass_surveillance"": 0.09}"
user_0762,coding_surveillance,Split: coding + surveillance,100,0.0,0.0,0.0,0.0,0.0,0.0,0.15,0.0,0.42,0.0,0.0,0.0,0.0,0.0,0.0,0.0,0.0,0.43,0.0,0.0,0.0,0.0,0.0,0.0,0.0,0.0,0.15,0.0,0.42,0.0,0.0,0.0,0.0,0.0,0.0,0.0,0.0,0.43,0.0,0.0,hard,"{""ai_coding_innovations"": 0.45, ""ai_copyright_theft"": 0.1, ""ai_mass_surveillance"": 0.45}","{""ai_coding_innovations"": 0.42, ""ai_copyright_theft"": 0.15, ""ai_mass_surveillance"": 0.43}"
user_0763,copyright_surveillance,Split: copyright + surveillance,100,0.0,0.0,0.0,0.0,0.0,0.0,0.47,0.0,0.07,0.0,0.0,0.0,0.0,0.0,0.0,0.0,0.0,0.46,0.0,0.0,0.0,0.0,0.0,0.0,0.0,0.0,0.47,0.0,0.07,0.0,0.0,0.0,0.0,0.0,0.0,0.0,0.0,0.46,0.0,0.0,hard,"{""ai_coding_innovations"": 0.1, ""ai_copyright_theft"": 0.45, ""ai_mass_surveillance"": 0.45}","{""ai_coding_innovations"": 0.07, ""ai_copyright_theft"": 0.47, ""ai_mass_surveillance"": 0.46}"
user_0764,coding_heavy,Mostly AI coding innovations,100,0.0,0.0,0.0,0.0,0.0,0.0,0.03,0.0,0.88,0.0,0.0,0.0,0.0,0.0,0.0,0.0,0.0,0.09,0.0,0.0,0.0,0.0,0.0,0.0,0.0,0.0,0.03,0.0,0.88,0.0,0.0,0.0,0.0,0.0,0.0,0.0,0.0,0.09,0.0,0.0,hard,"{""ai_coding_innovations"": 0.8, ""ai_copyright_theft"": 0.1, ""ai_mass_surveillance"": 0.1}","{""ai_coding_innovations"": 0.88, ""ai_copyright_theft"": 0.03, ""ai_mass_surveillance"": 0.09}"
user_0765,copyright_heavy,Mostly AI copyright / theft concerns,100,0.0,0.0,0.0,0.0,0.0,0.0,0.73,0.0,0.17,0.0,0.0,0.0,0.0,0.0,0.0,0.0,0.0,0.1,0.0,0.0,0.0,0.0,0.0,0.0,0.0,0.0,0.73,0.0,0.17,0.0,0.0,0.0,0.0,0.0,0.0,0.0,0.0,0.1,0.0,0.0,hard,"{""ai_coding_innovations"": 0.1, ""ai_copyright_theft"": 0.8, ""ai_mass_surveillance"": 0.1}","{""ai_coding_innovations"": 0.17, ""ai_copyright_theft"": 0.73, ""ai_mass_surveillance"": 0.1}"
user_0766,surveillance_heavy,Mostly AI mass surveillance,100,0.0,0.0,0.0,0.0,0.0,0.0,0.1,0.0,0.06,0.0,0.0,0.0,0.0,0.0,0.0,0.0,0.0,0.84,0.0,0.0,0.0,0.0,0.0,0.0,0.0,0.0,0.1,0.0,0.06,0.0,0.0,0.0,0.0,0.0,0.0,0.0,0.0,0.84,0.0,0.0,hard,"{""ai_coding_innovations"": 0.1, ""ai_copyright_theft"": 0.1, ""ai_mass_surveillance"": 0.8}","{""ai_coding_innovations"": 0.06, ""ai_copyright_theft"": 0.1, ""ai_mass_surveillance"": 0.84}"
user_0767,balanced,Even across all topics,100,0.0,0.0,0.0,0.0,0.0,0.0,0.34,0.0,0.33,0.0,0.0,0.0,0.0,0.0,0.0,0.0,0.0,0.33,0.0,0.0,0.0,0.0,0.0,0.0,0.0,0.0,0.34,0.0,0.33,0.0,0.0,0.0,0.0,0.0,0.0,0.0,0.0,0.33,0.0,0.0,hard,"{""ai_coding_innovations"": 0.333333, ""ai_copyright_theft"": 0.333333, ""ai_mass_surveillance"": 0.333334}","{""ai_coding_innovations"": 0.33, ""ai_copyright_theft"": 0.34, ""ai_mass_surveillance"": 0.33}"
user_0768,coding_copyright,Split: coding + copyright,100,0.0,0.0,0.0,0.0,0.0,0.0,0.4,0.0,0.47,0.0,0.0,0.0,0.0,0.0,0.0,0.0,0.0,0.13,0.0,0.0,0.0,0.0,0.0,0.0,0.0,0.0,0.4,0.0,0.47,0.0,0.0,0.0,0.0,0.0,0.0,0.0,0.0,0.13,0.0,0.0,hard,"{""ai_coding_innovations"": 0.45, ""ai_copyright_theft"": 0.45, ""ai_mass_surveillance"": 0.1}","{""ai_coding_innovations"": 0.47, ""ai_copyright_theft"": 0.4, ""ai_mass_surveillance"": 0.13}"
user_0769,coding_surveillance,Split: coding + surveillance,100,0.0,0.0,0.0,0.0,0.0,0.0,0.13,0.0,0.41,0.0,0.0,0.0,0.0,0.0,0.0,0.0,0.0,0.46,0.0,0.0,0.0,0.0,0.0,0.0,0.0,0.0,0.13,0.0,0.41,0.0,0.0,0.0,0.0,0.0,0.0,0.0,0.0,0.46,0.0,0.0,hard,"{""ai_coding_innovations"": 0.45, ""ai_copyright_theft"": 0.1, ""ai_mass_surveillance"": 0.45}","{""ai_coding_innovations"": 0.41, ""ai_copyright_theft"": 0.13, ""ai_mass_surveillance"": 0.46}"
user_0770,copyright_surveillance,Split: copyright + surveillance,100,0.0,0.0,0.0,0.0,0.0,0.0,0.49,0.0,0.09,0.0,0.0,0.0,0.0,0.0,0.0,0.0,0.0,0.42,0.0,0.0,0.0,0.0,0.0,0.0,0.0,0.0,0.49,0.0,0.09,0.0,0.0,0.0,0.0,0.0,0.0,0.0,0.0,0.42,0.0,0.0,hard,"{""ai_coding_innovations"": 0.1, ""ai_copyright_theft"": 0.45, ""ai_mass_surveillance"": 0.45}","{""ai_coding_innovations"": 0.09, ""ai_copyright_theft"": 0.49, ""ai_mass_surveillance"": 0.42}"
user_0771,coding_heavy,Mostly AI coding innovations,100,0.0,0.0,0.0,0.0,0.0,0.0,0.12,0.0,0.84,0.0,0.0,0.0,0.0,0.0,0.0,0.0,0.0,0.04,0.0,0.0,0.0,0.0,0.0,0.0,0.0,0.0,0.12,0.0,0.84,0.0,0.0,0.0,0.0,0.0,0.0,0.0,0.0,0.04,0.0,0.0,hard,"{""ai_coding_innovations"": 0.8, ""ai_copyright_theft"": 0.1, ""ai_mass_surveillance"": 0.1}","{""ai_coding_innovations"": 0.84, ""ai_copyright_theft"": 0.12, ""ai_mass_surveillance"": 0.04}"
user_0772,copyright_heavy,Mostly AI copyright / theft concerns,100,0.0,0.0,0.0,0.0,0.0,0.0,0.87,0.0,0.08,0.0,0.0,0.0,0.0,0.0,0.0,0.0,0.0,0.05,0.0,0.0,0.0,0.0,0.0,0.0,0.0,0.0,0.87,0.0,0.08,0.0,0.0,0.0,0.0,0.0,0.0,0.0,0.0,0.05,0.0,0.0,hard,"{""ai_coding_innovations"": 0.1, ""ai_copyright_theft"": 0.8, ""ai_mass_surveillance"": 0.1}","{""ai_coding_innovations"": 0.08, ""ai_copyright_theft"": 0.87, ""ai_mass_surveillance"": 0.05}"
user_0773,surveillance_heavy,Mostly AI mass surveillance,100,0.0,0.0,0.0,0.0,0.0,0.0,0.11,0.0,0.07,0.0,0.0,0.0,0.0,0.0,0.0,0.0,0.0,0.82,0.0,0.0,0.0,0.0,0.0,0.0,0.0,0.0,0.11,0.0,0.07,0.0,0.0,0.0,0.0,0.0,0.0,0.0,0.0,0.82,0.0,0.0,hard,"{""ai_coding_innovations"": 0.1, ""ai_copyright_theft"": 0.1, ""ai_mass_surveillance"": 0.8}","{""ai_coding_innovations"": 0.07, ""ai_copyright_theft"": 0.11, ""ai_mass_surveillance"": 0.82}"
user_0774,balanced,Even across all topics,100,0.0,0.0,0.0,0.0,0.0,0.0,0.3,0.0,0.36,0.0,0.0,0.0,0.0,0.0,0.0,0.0,0.0,0.34,0.0,0.0,0.0,0.0,0.0,0.0,0.0,0.0,0.3,0.0,0.36,0.0,0.0,0.0,0.0,0.0,0.0,0.0,0.0,0.34,0.0,0.0,hard,"{""ai_coding_innovations"": 0.333333, ""ai_copyright_theft"": 0.333333, ""ai_mass_surveillance"": 0.333334}","{""ai_coding_innovations"": 0.36, ""ai_copyright_theft"": 0.3, ""ai_mass_surveillance"": 0.34}"
user_0775,coding_copyright,Split: coding + copyright,100,0.0,0.0,0.0,0.0,0.0,0.0,0.53,0.0,0.34,0.0,0.0,0.0,0.0,0.0,0.0,0.0,0.0,0.13,0.0,0.0,0.0,0.0,0.0,0.0,0.0,0.0,0.53,0.0,0.34,0.0,0.0,0.0,0.0,0.0,0.0,0.0,0.0,0.13,0.0,0.0,hard,"{""ai_coding_innovations"": 0.45, ""ai_copyright_theft"": 0.45, ""ai_mass_surveillance"": 0.1}","{""ai_coding_innovations"": 0.34, ""ai_copyright_theft"": 0.53, ""ai_mass_surveillance"": 0.13}"
user_0776,coding_surveillance,Split: coding + surveillance,100,0.0,0.0,0.0,0.0,0.0,0.0,0.07,0.0,0.45,0.0,0.0,0.0,0.0,0.0,0.0,0.0,0.0,0.48,0.0,0.0,0.0,0.0,0.0,0.0,0.0,0.0,0.07,0.0,0.45,0.0,0.0,0.0,0.0,0.0,0.0,0.0,0.0,0.48,0.0,0.0,hard,"{""ai_coding_innovations"": 0.45, ""ai_copyright_theft"": 0.1, ""ai_mass_surveillance"": 0.45}","{""ai_coding_innovations"": 0.45, ""ai_copyright_theft"": 0.07, ""ai_mass_surveillance"": 0.48}"
user_0777,copyright_surveillance,Split: copyright + surveillance,100,0.0,0.0,0.0,0.0,0.0,0.0,0.53,0.0,0.13,0.0,0.0,0.0,0.0,0.0,0.0,0.0,0.0,0.34,0.0,0.0,0.0,0.0,0.0,0.0,0.0,0.0,0.53,0.0,0.13,0.0,0.0,0.0,0.0,0.0,0.0,0.0,0.0,0.34,0.0,0.0,hard,"{""ai_coding_innovations"": 0.1, ""ai_copyright_theft"": 0.45, ""ai_mass_surveillance"": 0.45}","{""ai_coding_innovations"": 0.13, ""ai_copyright_theft"": 0.53, ""ai_mass_surveillance"": 0.34}"
user_0778,coding_heavy,Mostly AI coding innovations,100,0.0,0.0,0.0,0.0,0.0,0.0,0.06,0.0,0.85,0.0,0.0,0.0,0.0,0.0,0.0,0.0,0.0,0.09,0.0,0.0,0.0,0.0,0.0,0.0,0.0,0.0,0.06,0.0,0.85,0.0,0.0,0.0,0.0,0.0,0.0,0.0,0.0,0.09,0.0,0.0,hard,"{""ai_coding_innovations"": 0.8, ""ai_copyright_theft"": 0.1, ""ai_mass_surveillance"": 0.1}","{""ai_coding_innovations"": 0.85, ""ai_copyright_theft"": 0.06, ""ai_mass_surveillance"": 0.09}"
user_0779,copyright_heavy,Mostly AI copyright / theft concerns,100,0.0,0.0,0.0,0.0,0.0,0.0,0.86,0.0,0.09,0.0,0.0,0.0,0.0,0.0,0.0,0.0,0.0,0.05,0.0,0.0,0.0,0.0,0.0,0.0,0.0,0.0,0.86,0.0,0.09,0.0,0.0,0.0,0.0,0.0,0.0,0.0,0.0,0.05,0.0,0.0,hard,"{""ai_coding_innovations"": 0.1, ""ai_copyright_theft"": 0.8, ""ai_mass_surveillance"": 0.1}","{""ai_coding_innovations"": 0.09, ""ai_copyright_theft"": 0.86, ""ai_mass_surveillance"": 0.05}"
user_0780,surveillance_heavy,Mostly AI mass surveillance,100,0.0,0.0,0.0,0.0,0.0,0.0,0.08,0.0,0.11,0.0,0.0,0.0,0.0,0.0,0.0,0.0,0.0,0.81,0.0,0.0,0.0,0.0,0.0,0.0,0.0,0.0,0.08,0.0,0.11,0.0,0.0,0.0,0.0,0.0,0.0,0.0,0.0,0.81,0.0,0.0,hard,"{""ai_coding_innovations"": 0.1, ""ai_copyright_theft"": 0.1, ""ai_mass_surveillance"": 0.8}","{""ai_coding_innovations"": 0.11, ""ai_copyright_theft"": 0.08, ""ai_mass_surveillance"": 0.81}"
user_0781,balanced,Even across all topics,100,0.0,0.0,0.0,0.0,0.0,0.0,0.28,0.0,0.35,0.0,0.0,0.0,0.0,0.0,0.0,0.0,0.0,0.37,0.0,0.0,0.0,0.0,0.0,0.0,0.0,0.0,0.28,0.0,0.35,0.0,0.0,0.0,0.0,0.0,0.0,0.0,0.0,0.37,0.0,0.0,hard,"{""ai_coding_innovations"": 0.333333, ""ai_copyright_theft"": 0.333333, ""ai_mass_surveillance"": 0.333334}","{""ai_coding_innovations"": 0.35, ""ai_copyright_theft"": 0.28, ""ai_mass_surveillance"": 0.37}"
user_0782,coding_copyright,Split: coding + copyright,100,0.0,0.0,0.0,0.0,0.0,0.0,0.44,0.0,0.47,0.0,0.0,0.0,0.0,0.0,0.0,0.0,0.0,0.09,0.0,0.0,0.0,0.0,0.0,0.0,0.0,0.0,0.44,0.0,0.47,0.0,0.0,0.0,0.0,0.0,0.0,0.0,0.0,0.09,0.0,0.0,hard,"{""ai_coding_innovations"": 0.45, ""ai_copyright_theft"": 0.45, ""ai_mass_surveillance"": 0.1}","{""ai_coding_innovations"": 0.47, ""ai_copyright_theft"": 0.44, ""ai_mass_surveillance"": 0.09}"
user_0783,coding_surveillance,Split: coding + surveillance,100,0.0,0.0,0.0,0.0,0.0,0.0,0.06,0.0,0.5,0.0,0.0,0.0,0.0,0.0,0.0,0.0,0.0,0.44,0.0,0.0,0.0,0.0,0.0,0.0,0.0,0.0,0.06,0.0,0.5,0.0,0.0,0.0,0.0,0.0,0.0,0.0,0.0,0.44,0.0,0.0,hard,"{""ai_coding_innovations"": 0.45, ""ai_copyright_theft"": 0.1, ""ai_mass_surveillance"": 0.45}","{""ai_coding_innovations"": 0.5, ""ai_copyright_theft"": 0.06, ""ai_mass_surveillance"": 0.44}"
user_0784,copyright_surveillance,Split: copyright + surveillance,100,0.0,0.0,0.0,0.0,0.0,0.0,0.5,0.0,0.08,0.0,0.0,0.0,0.0,0.0,0.0,0.0,0.0,0.42,0.0,0.0,0.0,0.0,0.0,0.0,0.0,0.0,0.5,0.0,0.08,0.0,0.0,0.0,0.0,0.0,0.0,0.0,0.0,0.42,0.0,0.0,hard,"{""ai_coding_innovations"": 0.1, ""ai_copyright_theft"": 0.45, ""ai_mass_surveillance"": 0.45}","{""ai_coding_innovations"": 0.08, ""ai_copyright_theft"": 0.5, ""ai_mass_surveillance"": 0.42}"
user_0785,coding_heavy,Mostly AI coding innovations,100,0.0,0.0,0.0,0.0,0.0,0.0,0.18,0.0,0.68,0.0,0.0,0.0,0.0,0.0,0.0,0.0,0.0,0.14,0.0,0.0,0.0,0.0,0.0,0.0,0.0,0.0,0.18,0.0,0.68,0.0,0.0,0.0,0.0,0.0,0.0,0.0,0.0,0.14,0.0,0.0,hard,"{""ai_coding_innovations"": 0.8, ""ai_copyright_theft"": 0.1, ""ai_mass_surveillance"": 0.1}","{""ai_coding_innovations"": 0.68, ""ai_copyright_theft"": 0.18, ""ai_mass_surveillance"": 0.14}"
user_0786,copyright_heavy,Mostly AI copyright / theft concerns,100,0.0,0.0,0.0,0.0,0.0,0.0,0.73,0.0,0.14,0.0,0.0,0.0,0.0,0.0,0.0,0.0,0.0,0.13,0.0,0.0,0.0,0.0,0.0,0.0,0.0,0.0,0.73,0.0,0.14,0.0,0.0,0.0,0.0,0.0,0.0,0.0,0.0,0.13,0.0,0.0,hard,"{""ai_coding_innovations"": 0.1, ""ai_copyright_theft"": 0.8, ""ai_mass_surveillance"": 0.1}","{""ai_coding_innovations"": 0.14, ""ai_copyright_theft"": 0.73, ""ai_mass_surveillance"": 0.13}"
user_0787,surveillance_heavy,Mostly AI mass surveillance,100,0.0,0.0,0.0,0.0,0.0,0.0,0.09,0.0,0.16,0.0,0.0,0.0,0.0,0.0,0.0,0.0,0.0,0.75,0.0,0.0,0.0,0.0,0.0,0.0,0.0,0.0,0.09,0.0,0.16,0.0,0.0,0.0,0.0,0.0,0.0,0.0,0.0,0.75,0.0,0.0,hard,"{""ai_coding_innovations"": 0.1, ""ai_copyright_theft"": 0.1, ""ai_mass_surveillance"": 0.8}","{""ai_coding_innovations"": 0.16, ""ai_copyright_theft"": 0.09, ""ai_mass_surveillance"": 0.75}"
user_0788,balanced,Even across all topics,100,0.0,0.0,0.0,0.0,0.0,0.0,0.34,0.0,0.29,0.0,0.0,0.0,0.0,0.0,0.0,0.0,0.0,0.37,0.0,0.0,0.0,0.0,0.0,0.0,0.0,0.0,0.34,0.0,0.29,0.0,0.0,0.0,0.0,0.0,0.0,0.0,0.0,0.37,0.0,0.0,hard,"{""ai_coding_innovations"": 0.333333, ""ai_copyright_theft"": 0.333333, ""ai_mass_surveillance"": 0.333334}","{""ai_coding_innovations"": 0.29, ""ai_copyright_theft"": 0.34, ""ai_mass_surveillance"": 0.37}"
user_0789,coding_copyright,Split: coding + copyright,100,0.0,0.0,0.0,0.0,0.0,0.0,0.42,0.0,0.47,0.0,0.0,0.0,0.0,0.0,0.0,0.0,0.0,0.11,0.0,0.0,0.0,0.0,0.0,0.0,0.0,0.0,0.42,0.0,0.47,0.0,0.0,0.0,0.0,0.0,0.0,0.0,0.0,0.11,0.0,0.0,hard,"{""ai_coding_innovations"": 0.45, ""ai_copyright_theft"": 0.45, ""ai_mass_surveillance"": 0.1}","{""ai_coding_innovations"": 0.47, ""ai_copyright_theft"": 0.42, ""ai_mass_surveillance"": 0.11}"
user_0790,coding_surveillance,Split: coding + surveillance,100,0.0,0.0,0.0,0.0,0.0,0.0,0.13,0.0,0.5,0.0,0.0,0.0,0.0,0.0,0.0,0.0,0.0,0.37,0.0,0.0,0.0,0.0,0.0,0.0,0.0,0.0,0.13,0.0,0.5,0.0,0.0,0.0,0.0,0.0,0.0,0.0,0.0,0.37,0.0,0.0,hard,"{""ai_coding_innovations"": 0.45, ""ai_copyright_theft"": 0.1, ""ai_mass_surveillance"": 0.45}","{""ai_coding_innovations"": 0.5, ""ai_copyright_theft"": 0.13, ""ai_mass_surveillance"": 0.37}"
user_0791,copyright_surveillance,Split: copyright + surveillance,100,0.0,0.0,0.0,0.0,0.0,0.0,0.42,0.0,0.1,0.0,0.0,0.0,0.0,0.0,0.0,0.0,0.0,0.48,0.0,0.0,0.0,0.0,0.0,0.0,0.0,0.0,0.42,0.0,0.1,0.0,0.0,0.0,0.0,0.0,0.0,0.0,0.0,0.48,0.0,0.0,hard,"{""ai_coding_innovations"": 0.1, ""ai_copyright_theft"": 0.45, ""ai_mass_surveillance"": 0.45}","{""ai_coding_innovations"": 0.1, ""ai_copyright_theft"": 0.42, ""ai_mass_surveillance"": 0.48}"
user_0792,coding_heavy,Mostly AI coding innovations,100,0.0,0.0,0.0,0.0,0.0,0.0,0.1,0.0,0.79,0.0,0.0,0.0,0.0,0.0,0.0,0.0,0.0,0.11,0.0,0.0,0.0,0.0,0.0,0.0,0.0,0.0,0.1,0.0,0.79,0.0,0.0,0.0,0.0,0.0,0.0,0.0,0.0,0.11,0.0,0.0,hard,"{""ai_coding_innovations"": 0.8, ""ai_copyright_theft"": 0.1, ""ai_mass_surveillance"": 0.1}","{""ai_coding_innovations"": 0.79, ""ai_copyright_theft"": 0.1, ""ai_mass_surveillance"": 0.11}"
user_0793,copyright_heavy,Mostly AI copyright / theft concerns,100,0.0,0.0,0.0,0.0,0.0,0.0,0.81,0.0,0.08,0.0,0.0,0.0,0.0,0.0,0.0,0.0,0.0,0.11,0.0,0.0,0.0,0.0,0.0,0.0,0.0,0.0,0.81,0.0,0.08,0.0,0.0,0.0,0.0,0.0,0.0,0.0,0.0,0.11,0.0,0.0,hard,"{""ai_coding_innovations"": 0.1, ""ai_copyright_theft"": 0.8, ""ai_mass_surveillance"": 0.1}","{""ai_coding_innovations"": 0.08, ""ai_copyright_theft"": 0.81, ""ai_mass_surveillance"": 0.11}"
user_0794,surveillance_heavy,Mostly AI mass surveillance,100,0.0,0.0,0.0,0.0,0.0,0.0,0.15,0.0,0.09,0.0,0.0,0.0,0.0,0.0,0.0,0.0,0.0,0.76,0.0,0.0,0.0,0.0,0.0,0.0,0.0,0.0,0.15,0.0,0.09,0.0,0.0,0.0,0.0,0.0,0.0,0.0,0.0,0.76,0.0,0.0,hard,"{""ai_coding_innovations"": 0.1, ""ai_copyright_theft"": 0.1, ""ai_mass_surveillance"": 0.8}","{""ai_coding_innovations"": 0.09, ""ai_copyright_theft"": 0.15, ""ai_mass_surveillance"": 0.76}"
user_0795,balanced,Even across all topics,100,0.0,0.0,0.0,0.0,0.0,0.0,0.25,0.0,0.35,0.0,0.0,0.0,0.0,0.0,0.0,0.0,0.0,0.4,0.0,0.0,0.0,0.0,0.0,0.0,0.0,0.0,0.25,0.0,0.35,0.0,0.0,0.0,0.0,0.0,0.0,0.0,0.0,0.4,0.0,0.0,hard,"{""ai_coding_innovations"": 0.333333, ""ai_copyright_theft"": 0.333333, ""ai_mass_surveillance"": 0.333334}","{""ai_coding_innovations"": 0.35, ""ai_copyright_theft"": 0.25, ""ai_mass_surveillance"": 0.4}"
user_0796,coding_copyright,Split: coding + copyright,100,0.0,0.0,0.0,0.0,0.0,0.0,0.38,0.0,0.53,0.0,0.0,0.0,0.0,0.0,0.0,0.0,0.0,0.09,0.0,0.0,0.0,0.0,0.0,0.0,0.0,0.0,0.38,0.0,0.53,0.0,0.0,0.0,0.0,0.0,0.0,0.0,0.0,0.09,0.0,0.0,hard,"{""ai_coding_innovations"": 0.45, ""ai_copyright_theft"": 0.45, ""ai_mass_surveillance"": 0.1}","{""ai_coding_innovations"": 0.53, ""ai_copyright_theft"": 0.38, ""ai_mass_surveillance"": 0.09}"
user_0797,coding_surveillance,Split: coding + surveillance,100,0.0,0.0,0.0,0.0,0.0,0.0,0.07,0.0,0.49,0.0,0.0,0.0,0.0,0.0,0.0,0.0,0.0,0.44,0.0,0.0,0.0,0.0,0.0,0.0,0.0,0.0,0.07,0.0,0.49,0.0,0.0,0.0,0.0,0.0,0.0,0.0,0.0,0.44,0.0,0.0,hard,"{""ai_coding_innovations"": 0.45, ""ai_copyright_theft"": 0.1, ""ai_mass_surveillance"": 0.45}","{""ai_coding_innovations"": 0.49, ""ai_copyright_theft"": 0.07, ""ai_mass_surveillance"": 0.44}"
user_0798,copyright_surveillance,Split: copyright + surveillance,100,0.0,0.0,0.0,0.0,0.0,0.0,0.51,0.0,0.07,0.0,0.0,0.0,0.0,0.0,0.0,0.0,0.0,0.42,0.0,0.0,0.0,0.0,0.0,0.0,0.0,0.0,0.51,0.0,0.07,0.0,0.0,0.0,0.0,0.0,0.0,0.0,0.0,0.42,0.0,0.0,hard,"{""ai_coding_innovations"": 0.1, ""ai_copyright_theft"": 0.45, ""ai_mass_surveillance"": 0.45}","{""ai_coding_innovations"": 0.07, ""ai_copyright_theft"": 0.51, ""ai_mass_surveillance"": 0.42}"
user_0799,coding_heavy,Mostly AI coding innovations,100,0.0,0.0,0.0,0.0,0.0,0.0,0.16,0.0,0.68,0.0,0.0,0.0,0.0,0.0,0.0,0.0,0.0,0.16,0.0,0.0,0.0,0.0,0.0,0.0,0.0,0.0,0.16,0.0,0.68,0.0,0.0,0.0,0.0,0.0,0.0,0.0,0.0,0.16,0.0,0.0,hard,"{""ai_coding_innovations"": 0.8, ""ai_copyright_theft"": 0.1, ""ai_mass_surveillance"": 0.1}","{""ai_coding_innovations"": 0.68, ""ai_copyright_theft"": 0.16, ""ai_mass_surveillance"": 0.16}"
user_0800,copyright_heavy,Mostly AI copyright / theft concerns,100,0.0,0.0,0.0,0.0,0.0,0.0,0.68,0.0,0.2,0.0,0.0,0.0,0.0,0.0,0.0,0.0,0.0,0.12,0.0,0.0,0.0,0.0,0.0,0.0,0.0,0.0,0.68,0.0,0.2,0.0,0.0,0.0,0.0,0.0,0.0,0.0,0.0,0.12,0.0,0.0,hard,"{""ai_coding_innovations"": 0.1, ""ai_copyright_theft"": 0.8, ""ai_mass_surveillance"": 0.1}","{""ai_coding_innovations"": 0.2, ""ai_copyright_theft"": 0.68, ""ai_mass_surveillance"": 0.12}"
user_0801,surveillance_heavy,Mostly AI mass surveillance,100,0.0,0.0,0.0,0.0,0.0,0.0,0.1,0.0,0.1,0.0,0.0,0.0,0.0,0.0,0.0,0.0,0.0,0.8,0.0,0.0,0.0,0.0,0.0,0.0,0.0,0.0,0.1,0.0,0.1,0.0,0.0,0.0,0.0,0.0,0.0,0.0,0.0,0.8,0.0,0.0,hard,"{""ai_coding_innovations"": 0.1, ""ai_copyright_theft"": 0.1, ""ai_mass_surveillance"": 0.8}","{""ai_coding_innovations"": 0.1, ""ai_copyright_theft"": 0.1, ""ai_mass_surveillance"": 0.8}"
user_0802,balanced,Even across all topics,100,0.0,0.0,0.0,0.0,0.0,0.0,0.34,0.0,0.28,0.0,0.0,0.0,0.0,0.0,0.0,0.0,0.0,0.38,0.0,0.0,0.0,0.0,0.0,0.0,0.0,0.0,0.34,0.0,0.28,0.0,0.0,0.0,0.0,0.0,0.0,0.0,0.0,0.38,0.0,0.0,hard,"{""ai_coding_innovations"": 0.333333, ""ai_copyright_theft"": 0.333333, ""ai_mass_surveillance"": 0.333334}","{""ai_coding_innovations"": 0.28, ""ai_copyright_theft"": 0.34, ""ai_mass_surveillance"": 0.38}"
user_0803,coding_copyright,Split: coding + copyright,100,0.0,0.0,0.0,0.0,0.0,0.0,0.43,0.0,0.47,0.0,0.0,0.0,0.0,0.0,0.0,0.0,0.0,0.1,0.0,0.0,0.0,0.0,0.0,0.0,0.0,0.0,0.43,0.0,0.47,0.0,0.0,0.0,0.0,0.0,0.0,0.0,0.0,0.1,0.0,0.0,hard,"{""ai_coding_innovations"": 0.45, ""ai_copyright_theft"": 0.45, ""ai_mass_surveillance"": 0.1}","{""ai_coding_innovations"": 0.47, ""ai_copyright_theft"": 0.43, ""ai_mass_surveillance"": 0.1}"
user_0804,coding_surveillance,Split: coding + surveillance,100,0.0,0.0,0.0,0.0,0.0,0.0,0.08,0.0,0.42,0.0,0.0,0.0,0.0,0.0,0.0,0.0,0.0,0.5,0.0,0.0,0.0,0.0,0.0,0.0,0.0,0.0,0.08,0.0,0.42,0.0,0.0,0.0,0.0,0.0,0.0,0.0,0.0,0.5,0.0,0.0,hard,"{""ai_coding_innovations"": 0.45, ""ai_copyright_theft"": 0.1, ""ai_mass_surveillance"": 0.45}","{""ai_coding_innovations"": 0.42, ""ai_copyright_theft"": 0.08, ""ai_mass_surveillance"": 0.5}"
user_0805,copyright_surveillance,Split: copyright + surveillance,100,0.0,0.0,0.0,0.0,0.0,0.0,0.54,0.0,0.09,0.0,0.0,0.0,0.0,0.0,0.0,0.0,0.0,0.37,0.0,0.0,0.0,0.0,0.0,0.0,0.0,0.0,0.54,0.0,0.09,0.0,0.0,0.0,0.0,0.0,0.0,0.0,0.0,0.37,0.0,0.0,hard,"{""ai_coding_innovations"": 0.1, ""ai_copyright_theft"": 0.45, ""ai_mass_surveillance"": 0.45}","{""ai_coding_innovations"": 0.09, ""ai_copyright_theft"": 0.54, ""ai_mass_surveillance"": 0.37}"
user_0806,coding_heavy,Mostly AI coding innovations,100,0.0,0.0,0.0,0.0,0.0,0.0,0.11,0.0,0.76,0.0,0.0,0.0,0.0,0.0,0.0,0.0,0.0,0.13,0.0,0.0,0.0,0.0,0.0,0.0,0.0,0.0,0.11,0.0,0.76,0.0,0.0,0.0,0.0,0.0,0.0,0.0,0.0,0.13,0.0,0.0,hard,"{""ai_coding_innovations"": 0.8, ""ai_copyright_theft"": 0.1, ""ai_mass_surveillance"": 0.1}","{""ai_coding_innovations"": 0.76, ""ai_copyright_theft"": 0.11, ""ai_mass_surveillance"": 0.13}"
user_0807,copyright_heavy,Mostly AI copyright / theft concerns,100,0.0,0.0,0.0,0.0,0.0,0.0,0.91,0.0,0.02,0.0,0.0,0.0,0.0,0.0,0.0,0.0,0.0,0.07,0.0,0.0,0.0,0.0,0.0,0.0,0.0,0.0,0.91,0.0,0.02,0.0,0.0,0.0,0.0,0.0,0.0,0.0,0.0,0.07,0.0,0.0,hard,"{""ai_coding_innovations"": 0.1, ""ai_copyright_theft"": 0.8, ""ai_mass_surveillance"": 0.1}","{""ai_coding_innovations"": 0.02, ""ai_copyright_theft"": 0.91, ""ai_mass_surveillance"": 0.07}"
user_0808,surveillance_heavy,Mostly AI mass surveillance,100,0.0,0.0,0.0,0.0,0.0,0.0,0.09,0.0,0.11,0.0,0.0,0.0,0.0,0.0,0.0,0.0,0.0,0.8,0.0,0.0,0.0,0.0,0.0,0.0,0.0,0.0,0.09,0.0,0.11,0.0,0.0,0.0,0.0,0.0,0.0,0.0,0.0,0.8,0.0,0.0,hard,"{""ai_coding_innovations"": 0.1, ""ai_copyright_theft"": 0.1, ""ai_mass_surveillance"": 0.8}","{""ai_coding_innovations"": 0.11, ""ai_copyright_theft"": 0.09, ""ai_mass_surveillance"": 0.8}"
user_0809,balanced,Even across all topics,100,0.0,0.0,0.0,0.0,0.0,0.0,0.26,0.0,0.34,0.0,0.0,0.0,0.0,0.0,0.0,0.0,0.0,0.4,0.0,0.0,0.0,0.0,0.0,0.0,0.0,0.0,0.26,0.0,0.34,0.0,0.0,0.0,0.0,0.0,0.0,0.0,0.0,0.4,0.0,0.0,hard,"{""ai_coding_innovations"": 0.333333, ""ai_copyright_theft"": 0.333333, ""ai_mass_surveillance"": 0.333334}","{""ai_coding_innovations"": 0.34, ""ai_copyright_theft"": 0.26, ""ai_mass_surveillance"": 0.4}"
user_0810,coding_copyright,Split: coding + copyright,100,0.0,0.0,0.0,0.0,0.0,0.0,0.47,0.0,0.45,0.0,0.0,0.0,0.0,0.0,0.0,0.0,0.0,0.08,0.0,0.0,0.0,0.0,0.0,0.0,0.0,0.0,0.47,0.0,0.45,0.0,0.0,0.0,0.0,0.0,0.0,0.0,0.0,0.08,0.0,0.0,hard,"{""ai_coding_innovations"": 0.45, ""ai_copyright_theft"": 0.45, ""ai_mass_surveillance"": 0.1}","{""ai_coding_innovations"": 0.45, ""ai_copyright_theft"": 0.47, ""ai_mass_surveillance"": 0.08}"
user_0811,coding_surveillance,Split: coding + surveillance,100,0.0,0.0,0.0,0.0,0.0,0.0,0.11,0.0,0.47,0.0,0.0,0.0,0.0,0.0,0.0,0.0,0.0,0.42,0.0,0.0,0.0,0.0,0.0,0.0,0.0,0.0,0.11,0.0,0.47,0.0,0.0,0.0,0.0,0.0,0.0,0.0,0.0,0.42,0.0,0.0,hard,"{""ai_coding_innovations"": 0.45, ""ai_copyright_theft"": 0.1, ""ai_mass_surveillance"": 0.45}","{""ai_coding_innovations"": 0.47, ""ai_copyright_theft"": 0.11, ""ai_mass_surveillance"": 0.42}"
user_0812,copyright_surveillance,Split: copyright + surveillance,100,0.0,0.0,0.0,0.0,0.0,0.0,0.42,0.0,0.08,0.0,0.0,0.0,0.0,0.0,0.0,0.0,0.0,0.5,0.0,0.0,0.0,0.0,0.0,0.0,0.0,0.0,0.42,0.0,0.08,0.0,0.0,0.0,0.0,0.0,0.0,0.0,0.0,0.5,0.0,0.0,hard,"{""ai_coding_innovations"": 0.1, ""ai_copyright_theft"": 0.45, ""ai_mass_surveillance"": 0.45}","{""ai_coding_innovations"": 0.08, ""ai_copyright_theft"": 0.42, ""ai_mass_surveillance"": 0.5}"
user_0813,coding_heavy,Mostly AI coding innovations,100,0.0,0.0,0.0,0.0,0.0,0.0,0.11,0.0,0.77,0.0,0.0,0.0,0.0,0.0,0.0,0.0,0.0,0.12,0.0,0.0,0.0,0.0,0.0,0.0,0.0,0.0,0.11,0.0,0.77,0.0,0.0,0.0,0.0,0.0,0.0,0.0,0.0,0.12,0.0,0.0,hard,"{""ai_coding_innovations"": 0.8, ""ai_copyright_theft"": 0.1, ""ai_mass_surveillance"": 0.1}","{""ai_coding_innovations"": 0.77, ""ai_copyright_theft"": 0.11, ""ai_mass_surveillance"": 0.12}"
user_0814,copyright_heavy,Mostly AI copyright / theft concerns,100,0.0,0.0,0.0,0.0,0.0,0.0,0.83,0.0,0.08,0.0,0.0,0.0,0.0,0.0,0.0,0.0,0.0,0.09,0.0,0.0,0.0,0.0,0.0,0.0,0.0,0.0,0.83,0.0,0.08,0.0,0.0,0.0,0.0,0.0,0.0,0.0,0.0,0.09,0.0,0.0,hard,"{""ai_coding_innovations"": 0.1, ""ai_copyright_theft"": 0.8, ""ai_mass_surveillance"": 0.1}","{""ai_coding_innovations"": 0.08, ""ai_copyright_theft"": 0.83, ""ai_mass_surveillance"": 0.09}"
user_0815,surveillance_heavy,Mostly AI mass surveillance,100,0.0,0.0,0.0,0.0,0.0,0.0,0.1,0.0,0.02,0.0,0.0,0.0,0.0,0.0,0.0,0.0,0.0,0.88,0.0,0.0,0.0,0.0,0.0,0.0,0.0,0.0,0.1,0.0,0.02,0.0,0.0,0.0,0.0,0.0,0.0,0.0,0.0,0.88,0.0,0.0,hard,"{""ai_coding_innovations"": 0.1, ""ai_copyright_theft"": 0.1, ""ai_mass_surveillance"": 0.8}","{""ai_coding_innovations"": 0.02, ""ai_copyright_theft"": 0.1, ""ai_mass_surveillance"": 0.88}"
user_0816,balanced,Even across all topics,100,0.0,0.0,0.0,0.0,0.0,0.0,0.37,0.0,0.35,0.0,0.0,0.0,0.0,0.0,0.0,0.0,0.0,0.28,0.0,0.0,0.0,0.0,0.0,0.0,0.0,0.0,0.37,0.0,0.35,0.0,0.0,0.0,0.0,0.0,0.0,0.0,0.0,0.28,0.0,0.0,hard,"{""ai_coding_innovations"": 0.333333, ""ai_copyright_theft"": 0.333333, ""ai_mass_surveillance"": 0.333334}","{""ai_coding_innovations"": 0.35, ""ai_copyright_theft"": 0.37, ""ai_mass_surveillance"": 0.28}"
user_0817,coding_copyright,Split: coding + copyright,100,0.0,0.0,0.0,0.0,0.0,0.0,0.48,0.0,0.5,0.0,0.0,0.0,0.0,0.0,0.0,0.0,0.0,0.02,0.0,0.0,0.0,0.0,0.0,0.0,0.0,0.0,0.48,0.0,0.5,0.0,0.0,0.0,0.0,0.0,0.0,0.0,0.0,0.02,0.0,0.0,hard,"{""ai_coding_innovations"": 0.45, ""ai_copyright_theft"": 0.45, ""ai_mass_surveillance"": 0.1}","{""ai_coding_innovations"": 0.5, ""ai_copyright_theft"": 0.48, ""ai_mass_surveillance"": 0.02}"
user_0818,coding_surveillance,Split: coding + surveillance,100,0.0,0.0,0.0,0.0,0.0,0.0,0.07,0.0,0.52,0.0,0.0,0.0,0.0,0.0,0.0,0.0,0.0,0.41,0.0,0.0,0.0,0.0,0.0,0.0,0.0,0.0,0.07,0.0,0.52,0.0,0.0,0.0,0.0,0.0,0.0,0.0,0.0,0.41,0.0,0.0,hard,"{""ai_coding_innovations"": 0.45, ""ai_copyright_theft"": 0.1, ""ai_mass_surveillance"": 0.45}","{""ai_coding_innovations"": 0.52, ""ai_copyright_theft"": 0.07, ""ai_mass_surveillance"": 0.41}"
user_0819,copyright_surveillance,Split: copyright + surveillance,100,0.0,0.0,0.0,0.0,0.0,0.0,0.49,0.0,0.08,0.0,0.0,0.0,0.0,0.0,0.0,0.0,0.0,0.43,0.0,0.0,0.0,0.0,0.0,0.0,0.0,0.0,0.49,0.0,0.08,0.0,0.0,0.0,0.0,0.0,0.0,0.0,0.0,0.43,0.0,0.0,hard,"{""ai_coding_innovations"": 0.1, ""ai_copyright_theft"": 0.45, ""ai_mass_surveillance"": 0.45}","{""ai_coding_innovations"": 0.08, ""ai_copyright_theft"": 0.49, ""ai_mass_surveillance"": 0.43}"
user_0820,coding_heavy,Mostly AI coding innovations,100,0.0,0.0,0.0,0.0,0.0,0.0,0.11,0.0,0.8,0.0,0.0,0.0,0.0,0.0,0.0,0.0,0.0,0.09,0.0,0.0,0.0,0.0,0.0,0.0,0.0,0.0,0.11,0.0,0.8,0.0,0.0,0.0,0.0,0.0,0.0,0.0,0.0,0.09,0.0,0.0,hard,"{""ai_coding_innovations"": 0.8, ""ai_copyright_theft"": 0.1, ""ai_mass_surveillance"": 0.1}","{""ai_coding_innovations"": 0.8, ""ai_copyright_theft"": 0.11, ""ai_mass_surveillance"": 0.09}"
user_0821,copyright_heavy,Mostly AI copyright / theft concerns,100,0.0,0.0,0.0,0.0,0.0,0.0,0.77,0.0,0.11,0.0,0.0,0.0,0.0,0.0,0.0,0.0,0.0,0.12,0.0,0.0,0.0,0.0,0.0,0.0,0.0,0.0,0.77,0.0,0.11,0.0,0.0,0.0,0.0,0.0,0.0,0.0,0.0,0.12,0.0,0.0,hard,"{""ai_coding_innovations"": 0.1, ""ai_copyright_theft"": 0.8, ""ai_mass_surveillance"": 0.1}","{""ai_coding_innovations"": 0.11, ""ai_copyright_theft"": 0.77, ""ai_mass_surveillance"": 0.12}"
user_0822,surveillance_heavy,Mostly AI mass surveillance,100,0.0,0.0,0.0,0.0,0.0,0.0,0.08,0.0,0.08,0.0,0.0,0.0,0.0,0.0,0.0,0.0,0.0,0.84,0.0,0.0,0.0,0.0,0.0,0.0,0.0,0.0,0.08,0.0,0.08,0.0,0.0,0.0,0.0,0.0,0.0,0.0,0.0,0.84,0.0,0.0,hard,"{""ai_coding_innovations"": 0.1, ""ai_copyright_theft"": 0.1, ""ai_mass_surveillance"": 0.8}","{""ai_coding_innovations"": 0.08, ""ai_copyright_theft"": 0.08, ""ai_mass_surveillance"": 0.84}"
user_0823,balanced,Even across all topics,100,0.0,0.0,0.0,0.0,0.0,0.0,0.29,0.0,0.32,0.0,0.0,0.0,0.0,0.0,0.0,0.0,0.0,0.39,0.0,0.0,0.0,0.0,0.0,0.0,0.0,0.0,0.29,0.0,0.32,0.0,0.0,0.0,0.0,0.0,0.0,0.0,0.0,0.39,0.0,0.0,hard,"{""ai_coding_innovations"": 0.333333, ""ai_copyright_theft"": 0.333333, ""ai_mass_surveillance"": 0.333334}","{""ai_coding_innovations"": 0.32, ""ai_copyright_theft"": 0.29, ""ai_mass_surveillance"": 0.39}"
user_0824,coding_copyright,Split: coding + copyright,100,0.0,0.0,0.0,0.0,0.0,0.0,0.5,0.0,0.44,0.0,0.0,0.0,0.0,0.0,0.0,0.0,0.0,0.06,0.0,0.0,0.0,0.0,0.0,0.0,0.0,0.0,0.5,0.0,0.44,0.0,0.0,0.0,0.0,0.0,0.0,0.0,0.0,0.06,0.0,0.0,hard,"{""ai_coding_innovations"": 0.45, ""ai_copyright_theft"": 0.45, ""ai_mass_surveillance"": 0.1}","{""ai_coding_innovations"": 0.44, ""ai_copyright_theft"": 0.5, ""ai_mass_surveillance"": 0.06}"
user_0825,coding_surveillance,Split: coding + surveillance,100,0.0,0.0,0.0,0.0,0.0,0.0,0.09,0.0,0.38,0.0,0.0,0.0,0.0,0.0,0.0,0.0,0.0,0.53,0.0,0.0,0.0,0.0,0.0,0.0,0.0,0.0,0.09,0.0,0.38,0.0,0.0,0.0,0.0,0.0,0.0,0.0,0.0,0.53,0.0,0.0,hard,"{""ai_coding_innovations"": 0.45, ""ai_copyright_theft"": 0.1, ""ai_mass_surveillance"": 0.45}","{""ai_coding_innovations"": 0.38, ""ai_copyright_theft"": 0.09, ""ai_mass_surveillance"": 0.53}"
user_0826,copyright_surveillance,Split: copyright + surveillance,100,0.0,0.0,0.0,0.0,0.0,0.0,0.48,0.0,0.03,0.0,0.0,0.0,0.0,0.0,0.0,0.0,0.0,0.49,0.0,0.0,0.0,0.0,0.0,0.0,0.0,0.0,0.48,0.0,0.03,0.0,0.0,0.0,0.0,0.0,0.0,0.0,0.0,0.49,0.0,0.0,hard,"{""ai_coding_innovations"": 0.1, ""ai_copyright_theft"": 0.45, ""ai_mass_surveillance"": 0.45}","{""ai_coding_innovations"": 0.03, ""ai_copyright_theft"": 0.48, ""ai_mass_surveillance"": 0.49}"
user_0827,coding_heavy,Mostly AI coding innovations,100,0.0,0.0,0.0,0.0,0.0,0.0,0.06,0.0,0.87,0.0,0.0,0.0,0.0,0.0,0.0,0.0,0.0,0.07,0.0,0.0,0.0,0.0,0.0,0.0,0.0,0.0,0.06,0.0,0.87,0.0,0.0,0.0,0.0,0.0,0.0,0.0,0.0,0.07,0.0,0.0,hard,"{""ai_coding_innovations"": 0.8, ""ai_copyright_theft"": 0.1, ""ai_mass_surveillance"": 0.1}","{""ai_coding_innovations"": 0.87, ""ai_copyright_theft"": 0.06, ""ai_mass_surveillance"": 0.07}"
user_0828,copyright_heavy,Mostly AI copyright / theft concerns,100,0.0,0.0,0.0,0.0,0.0,0.0,0.81,0.0,0.1,0.0,0.0,0.0,0.0,0.0,0.0,0.0,0.0,0.09,0.0,0.0,0.0,0.0,0.0,0.0,0.0,0.0,0.81,0.0,0.1,0.0,0.0,0.0,0.0,0.0,0.0,0.0,0.0,0.09,0.0,0.0,hard,"{""ai_coding_innovations"": 0.1, ""ai_copyright_theft"": 0.8, ""ai_mass_surveillance"": 0.1}","{""ai_coding_innovations"": 0.1, ""ai_copyright_theft"": 0.81, ""ai_mass_surveillance"": 0.09}"
user_0829,surveillance_heavy,Mostly AI mass surveillance,100,0.0,0.0,0.0,0.0,0.0,0.0,0.13,0.0,0.05,0.0,0.0,0.0,0.0,0.0,0.0,0.0,0.0,0.82,0.0,0.0,0.0,0.0,0.0,0.0,0.0,0.0,0.13,0.0,0.05,0.0,0.0,0.0,0.0,0.0,0.0,0.0,0.0,0.82,0.0,0.0,hard,"{""ai_coding_innovations"": 0.1, ""ai_copyright_theft"": 0.1, ""ai_mass_surveillance"": 0.8}","{""ai_coding_innovations"": 0.05, ""ai_copyright_theft"": 0.13, ""ai_mass_surveillance"": 0.82}"
user_0830,balanced,Even across all topics,100,0.0,0.0,0.0,0.0,0.0,0.0,0.33,0.0,0.38,0.0,0.0,0.0,0.0,0.0,0.0,0.0,0.0,0.29,0.0,0.0,0.0,0.0,0.0,0.0,0.0,0.0,0.33,0.0,0.38,0.0,0.0,0.0,0.0,0.0,0.0,0.0,0.0,0.29,0.0,0.0,hard,"{""ai_coding_innovations"": 0.333333, ""ai_copyright_theft"": 0.333333, ""ai_mass_surveillance"": 0.333334}","{""ai_coding_innovations"": 0.38, ""ai_copyright_theft"": 0.33, ""ai_mass_surveillance"": 0.29}"
user_0831,coding_copyright,Split: coding + copyright,100,0.0,0.0,0.0,0.0,0.0,0.0,0.47,0.0,0.43,0.0,0.0,0.0,0.0,0.0,0.0,0.0,0.0,0.1,0.0,0.0,0.0,0.0,0.0,0.0,0.0,0.0,0.47,0.0,0.43,0.0,0.0,0.0,0.0,0.0,0.0,0.0,0.0,0.1,0.0,0.0,hard,"{""ai_coding_innovations"": 0.45, ""ai_copyright_theft"": 0.45, ""ai_mass_surveillance"": 0.1}","{""ai_coding_innovations"": 0.43, ""ai_copyright_theft"": 0.47, ""ai_mass_surveillance"": 0.1}"
user_0832,coding_surveillance,Split: coding + surveillance,100,0.0,0.0,0.0,0.0,0.0,0.0,0.08,0.0,0.37,0.0,0.0,0.0,0.0,0.0,0.0,0.0,0.0,0.55,0.0,0.0,0.0,0.0,0.0,0.0,0.0,0.0,0.08,0.0,0.37,0.0,0.0,0.0,0.0,0.0,0.0,0.0,0.0,0.55,0.0,0.0,hard,"{""ai_coding_innovations"": 0.45, ""ai_copyright_theft"": 0.1, ""ai_mass_surveillance"": 0.45}","{""ai_coding_innovations"": 0.37, ""ai_copyright_theft"": 0.08, ""ai_mass_surveillance"": 0.55}"
user_0833,copyright_surveillance,Split: copyright + surveillance,100,0.0,0.0,0.0,0.0,0.0,0.0,0.43,0.0,0.09,0.0,0.0,0.0,0.0,0.0,0.0,0.0,0.0,0.48,0.0,0.0,0.0,0.0,0.0,0.0,0.0,0.0,0.43,0.0,0.09,0.0,0.0,0.0,0.0,0.0,0.0,0.0,0.0,0.48,0.0,0.0,hard,"{""ai_coding_innovations"": 0.1, ""ai_copyright_theft"": 0.45, ""ai_mass_surveillance"": 0.45}","{""ai_coding_innovations"": 0.09, ""ai_copyright_theft"": 0.43, ""ai_mass_surveillance"": 0.48}"
user_0834,coding_heavy,Mostly AI coding innovations,100,0.0,0.0,0.0,0.0,0.0,0.0,0.12,0.0,0.76,0.0,0.0,0.0,0.0,0.0,0.0,0.0,0.0,0.12,0.0,0.0,0.0,0.0,0.0,0.0,0.0,0.0,0.12,0.0,0.76,0.0,0.0,0.0,0.0,0.0,0.0,0.0,0.0,0.12,0.0,0.0,hard,"{""ai_coding_innovations"": 0.8, ""ai_copyright_theft"": 0.1, ""ai_mass_surveillance"": 0.1}","{""ai_coding_innovations"": 0.76, ""ai_copyright_theft"": 0.12, ""ai_mass_surveillance"": 0.12}"
user_0835,copyright_heavy,Mostly AI copyright / theft concerns,100,0.0,0.0,0.0,0.0,0.0,0.0,0.78,0.0,0.08,0.0,0.0,0.0,0.0,0.0,0.0,0.0,0.0,0.14,0.0,0.0,0.0,0.0,0.0,0.0,0.0,0.0,0.78,0.0,0.08,0.0,0.0,0.0,0.0,0.0,0.0,0.0,0.0,0.14,0.0,0.0,hard,"{""ai_coding_innovations"": 0.1, ""ai_copyright_theft"": 0.8, ""ai_mass_surveillance"": 0.1}","{""ai_coding_innovations"": 0.08, ""ai_copyright_theft"": 0.78, ""ai_mass_surveillance"": 0.14}"
user_0836,surveillance_heavy,Mostly AI mass surveillance,100,0.0,0.0,0.0,0.0,0.0,0.0,0.13,0.0,0.11,0.0,0.0,0.0,0.0,0.0,0.0,0.0,0.0,0.76,0.0,0.0,0.0,0.0,0.0,0.0,0.0,0.0,0.13,0.0,0.11,0.0,0.0,0.0,0.0,0.0,0.0,0.0,0.0,0.76,0.0,0.0,hard,"{""ai_coding_innovations"": 0.1, ""ai_copyright_theft"": 0.1, ""ai_mass_surveillance"": 0.8}","{""ai_coding_innovations"": 0.11, ""ai_copyright_theft"": 0.13, ""ai_mass_surveillance"": 0.76}"
user_0837,balanced,Even across all topics,100,0.0,0.0,0.0,0.0,0.0,0.0,0.34,0.0,0.3,0.0,0.0,0.0,0.0,0.0,0.0,0.0,0.0,0.36,0.0,0.0,0.0,0.0,0.0,0.0,0.0,0.0,0.34,0.0,0.3,0.0,0.0,0.0,0.0,0.0,0.0,0.0,0.0,0.36,0.0,0.0,hard,"{""ai_coding_innovations"": 0.333333, ""ai_copyright_theft"": 0.333333, ""ai_mass_surveillance"": 0.333334}","{""ai_coding_innovations"": 0.3, ""ai_copyright_theft"": 0.34, ""ai_mass_surveillance"": 0.36}"
user_0838,coding_copyright,Split: coding + copyright,100,0.0,0.0,0.0,0.0,0.0,0.0,0.41,0.0,0.5,0.0,0.0,0.0,0.0,0.0,0.0,0.0,0.0,0.09,0.0,0.0,0.0,0.0,0.0,0.0,0.0,0.0,0.41,0.0,0.5,0.0,0.0,0.0,0.0,0.0,0.0,0.0,0.0,0.09,0.0,0.0,hard,"{""ai_coding_innovations"": 0.45, ""ai_copyright_theft"": 0.45, ""ai_mass_surveillance"": 0.1}","{""ai_coding_innovations"": 0.5, ""ai_copyright_theft"": 0.41, ""ai_mass_surveillance"": 0.09}"
user_0839,coding_surveillance,Split: coding + surveillance,100,0.0,0.0,0.0,0.0,0.0,0.0,0.12,0.0,0.52,0.0,0.0,0.0,0.0,0.0,0.0,0.0,0.0,0.36,0.0,0.0,0.0,0.0,0.0,0.0,0.0,0.0,0.12,0.0,0.52,0.0,0.0,0.0,0.0,0.0,0.0,0.0,0.0,0.36,0.0,0.0,hard,"{""ai_coding_innovations"": 0.45, ""ai_copyright_theft"": 0.1, ""ai_mass_surveillance"": 0.45}","{""ai_coding_innovations"": 0.52, ""ai_copyright_theft"": 0.12, ""ai_mass_surveillance"": 0.36}"
user_0840,copyright_surveillance,Split: copyright + surveillance,100,0.0,0.0,0.0,0.0,0.0,0.0,0.41,0.0,0.18,0.0,0.0,0.0,0.0,0.0,0.0,0.0,0.0,0.41,0.0,0.0,0.0,0.0,0.0,0.0,0.0,0.0,0.41,0.0,0.18,0.0,0.0,0.0,0.0,0.0,0.0,0.0,0.0,0.41,0.0,0.0,hard,"{""ai_coding_innovations"": 0.1, ""ai_copyright_theft"": 0.45, ""ai_mass_surveillance"": 0.45}","{""ai_coding_innovations"": 0.18, ""ai_copyright_theft"": 0.41, ""ai_mass_surveillance"": 0.41}"
user_0841,coding_heavy,Mostly AI coding innovations,100,0.0,0.0,0.0,0.0,0.0,0.0,0.07,0.0,0.83,0.0,0.0,0.0,0.0,0.0,0.0,0.0,0.0,0.1,0.0,0.0,0.0,0.0,0.0,0.0,0.0,0.0,0.07,0.0,0.83,0.0,0.0,0.0,0.0,0.0,0.0,0.0,0.0,0.1,0.0,0.0,hard,"{""ai_coding_innovations"": 0.8, ""ai_copyright_theft"": 0.1, ""ai_mass_surveillance"": 0.1}","{""ai_coding_innovations"": 0.83, ""ai_copyright_theft"": 0.07, ""ai_mass_surveillance"": 0.1}"
user_0842,copyright_heavy,Mostly AI copyright / theft concerns,100,0.0,0.0,0.0,0.0,0.0,0.0,0.86,0.0,0.07,0.0,0.0,0.0,0.0,0.0,0.0,0.0,0.0,0.07,0.0,0.0,0.0,0.0,0.0,0.0,0.0,0.0,0.86,0.0,0.07,0.0,0.0,0.0,0.0,0.0,0.0,0.0,0.0,0.07,0.0,0.0,hard,"{""ai_coding_innovations"": 0.1, ""ai_copyright_theft"": 0.8, ""ai_mass_surveillance"": 0.1}","{""ai_coding_innovations"": 0.07, ""ai_copyright_theft"": 0.86, ""ai_mass_surveillance"": 0.07}"
user_0843,surveillance_heavy,Mostly AI mass surveillance,100,0.0,0.0,0.0,0.0,0.0,0.0,0.06,0.0,0.11,0.0,0.0,0.0,0.0,0.0,0.0,0.0,0.0,0.83,0.0,0.0,0.0,0.0,0.0,0.0,0.0,0.0,0.06,0.0,0.11,0.0,0.0,0.0,0.0,0.0,0.0,0.0,0.0,0.83,0.0,0.0,hard,"{""ai_coding_innovations"": 0.1, ""ai_copyright_theft"": 0.1, ""ai_mass_surveillance"": 0.8}","{""ai_coding_innovations"": 0.11, ""ai_copyright_theft"": 0.06, ""ai_mass_surveillance"": 0.83}"
user_0844,balanced,Even across all topics,100,0.0,0.0,0.0,0.0,0.0,0.0,0.33,0.0,0.3,0.0,0.0,0.0,0.0,0.0,0.0,0.0,0.0,0.37,0.0,0.0,0.0,0.0,0.0,0.0,0.0,0.0,0.33,0.0,0.3,0.0,0.0,0.0,0.0,0.0,0.0,0.0,0.0,0.37,0.0,0.0,hard,"{""ai_coding_innovations"": 0.333333, ""ai_copyright_theft"": 0.333333, ""ai_mass_surveillance"": 0.333334}","{""ai_coding_innovations"": 0.3, ""ai_copyright_theft"": 0.33, ""ai_mass_surveillance"": 0.37}"
user_0845,coding_copyright,Split: coding + copyright,100,0.0,0.0,0.0,0.0,0.0,0.0,0.53,0.0,0.39,0.0,0.0,0.0,0.0,0.0,0.0,0.0,0.0,0.08,0.0,0.0,0.0,0.0,0.0,0.0,0.0,0.0,0.53,0.0,0.39,0.0,0.0,0.0,0.0,0.0,0.0,0.0,0.0,0.08,0.0,0.0,hard,"{""ai_coding_innovations"": 0.45, ""ai_copyright_theft"": 0.45, ""ai_mass_surveillance"": 0.1}","{""ai_coding_innovations"": 0.39, ""ai_copyright_theft"": 0.53, ""ai_mass_surveillance"": 0.08}"
user_0846,coding_surveillance,Split: coding + surveillance,100,0.0,0.0,0.0,0.0,0.0,0.0,0.13,0.0,0.41,0.0,0.0,0.0,0.0,0.0,0.0,0.0,0.0,0.46,0.0,0.0,0.0,0.0,0.0,0.0,0.0,0.0,0.13,0.0,0.41,0.0,0.0,0.0,0.0,0.0,0.0,0.0,0.0,0.46,0.0,0.0,hard,"{""ai_coding_innovations"": 0.45, ""ai_copyright_theft"": 0.1, ""ai_mass_surveillance"": 0.45}","{""ai_coding_innovations"": 0.41, ""ai_copyright_theft"": 0.13, ""ai_mass_surveillance"": 0.46}"
user_0847,copyright_surveillance,Split: copyright + surveillance,100,0.0,0.0,0.0,0.0,0.0,0.0,0.45,0.0,0.16,0.0,0.0,0.0,0.0,0.0,0.0,0.0,0.0,0.39,0.0,0.0,0.0,0.0,0.0,0.0,0.0,0.0,0.45,0.0,0.16,0.0,0.0,0.0,0.0,0.0,0.0,0.0,0.0,0.39,0.0,0.0,hard,"{""ai_coding_innovations"": 0.1, ""ai_copyright_theft"": 0.45, ""ai_mass_surveillance"": 0.45}","{""ai_coding_innovations"": 0.16, ""ai_copyright_theft"": 0.45, ""ai_mass_surveillance"": 0.39}"
user_0848,coding_heavy,Mostly AI coding innovations,100,0.0,0.0,0.0,0.0,0.0,0.0,0.09,0.0,0.81,0.0,0.0,0.0,0.0,0.0,0.0,0.0,0.0,0.1,0.0,0.0,0.0,0.0,0.0,0.0,0.0,0.0,0.09,0.0,0.81,0.0,0.0,0.0,0.0,0.0,0.0,0.0,0.0,0.1,0.0,0.0,hard,"{""ai_coding_innovations"": 0.8, ""ai_copyright_theft"": 0.1, ""ai_mass_surveillance"": 0.1}","{""ai_coding_innovations"": 0.81, ""ai_copyright_theft"": 0.09, ""ai_mass_surveillance"": 0.1}"
user_0849,copyright_heavy,Mostly AI copyright / theft concerns,100,0.0,0.0,0.0,0.0,0.0,0.0,0.84,0.0,0.09,0.0,0.0,0.0,0.0,0.0,0.0,0.0,0.0,0.07,0.0,0.0,0.0,0.0,0.0,0.0,0.0,0.0,0.84,0.0,0.09,0.0,0.0,0.0,0.0,0.0,0.0,0.0,0.0,0.07,0.0,0.0,hard,"{""ai_coding_innovations"": 0.1, ""ai_copyright_theft"": 0.8, ""ai_mass_surveillance"": 0.1}","{""ai_coding_innovations"": 0.09, ""ai_copyright_theft"": 0.84, ""ai_mass_surveillance"": 0.07}"
user_0850,surveillance_heavy,Mostly AI mass surveillance,100,0.0,0.0,0.0,0.0,0.0,0.0,0.07,0.0,0.1,0.0,0.0,0.0,0.0,0.0,0.0,0.0,0.0,0.83,0.0,0.0,0.0,0.0,0.0,0.0,0.0,0.0,0.07,0.0,0.1,0.0,0.0,0.0,0.0,0.0,0.0,0.0,0.0,0.83,0.0,0.0,hard,"{""ai_coding_innovations"": 0.1, ""ai_copyright_theft"": 0.1, ""ai_mass_surveillance"": 0.8}","{""ai_coding_innovations"": 0.1, ""ai_copyright_theft"": 0.07, ""ai_mass_surveillance"": 0.83}"
user_0851,balanced,Even across all topics,100,0.0,0.0,0.0,0.0,0.0,0.0,0.32,0.0,0.33,0.0,0.0,0.0,0.0,0.0,0.0,0.0,0.0,0.35,0.0,0.0,0.0,0.0,0.0,0.0,0.0,0.0,0.32,0.0,0.33,0.0,0.0,0.0,0.0,0.0,0.0,0.0,0.0,0.35,0.0,0.0,hard,"{""ai_coding_innovations"": 0.333333, ""ai_copyright_theft"": 0.333333, ""ai_mass_surveillance"": 0.333334}","{""ai_coding_innovations"": 0.33, ""ai_copyright_theft"": 0.32, ""ai_mass_surveillance"": 0.35}"
user_0852,coding_copyright,Split: coding + copyright,100,0.0,0.0,0.0,0.0,0.0,0.0,0.5,0.0,0.38,0.0,0.0,0.0,0.0,0.0,0.0,0.0,0.0,0.12,0.0,0.0,0.0,0.0,0.0,0.0,0.0,0.0,0.5,0.0,0.38,0.0,0.0,0.0,0.0,0.0,0.0,0.0,0.0,0.12,0.0,0.0,hard,"{""ai_coding_innovations"": 0.45, ""ai_copyright_theft"": 0.45, ""ai_mass_surveillance"": 0.1}","{""ai_coding_innovations"": 0.38, ""ai_copyright_theft"": 0.5, ""ai_mass_surveillance"": 0.12}"
user_0853,coding_surveillance,Split: coding + surveillance,100,0.0,0.0,0.0,0.0,0.0,0.0,0.14,0.0,0.47,0.0,0.0,0.0,0.0,0.0,0.0,0.0,0.0,0.39,0.0,0.0,0.0,0.0,0.0,0.0,0.0,0.0,0.14,0.0,0.47,0.0,0.0,0.0,0.0,0.0,0.0,0.0,0.0,0.39,0.0,0.0,hard,"{""ai_coding_innovations"": 0.45, ""ai_copyright_theft"": 0.1, ""ai_mass_surveillance"": 0.45}","{""ai_coding_innovations"": 0.47, ""ai_copyright_theft"": 0.14, ""ai_mass_surveillance"": 0.39}"
user_0854,copyright_surveillance,Split: copyright + surveillance,100,0.0,0.0,0.0,0.0,0.0,0.0,0.46,0.0,0.09,0.0,0.0,0.0,0.0,0.0,0.0,0.0,0.0,0.45,0.0,0.0,0.0,0.0,0.0,0.0,0.0,0.0,0.46,0.0,0.09,0.0,0.0,0.0,0.0,0.0,0.0,0.0,0.0,0.45,0.0,0.0,hard,"{""ai_coding_innovations"": 0.1, ""ai_copyright_theft"": 0.45, ""ai_mass_surveillance"": 0.45}","{""ai_coding_innovations"": 0.09, ""ai_copyright_theft"": 0.46, ""ai_mass_surveillance"": 0.45}"
user_0855,coding_heavy,Mostly AI coding innovations,100,0.0,0.0,0.0,0.0,0.0,0.0,0.06,0.0,0.77,0.0,0.0,0.0,0.0,0.0,0.0,0.0,0.0,0.17,0.0,0.0,0.0,0.0,0.0,0.0,0.0,0.0,0.06,0.0,0.77,0.0,0.0,0.0,0.0,0.0,0.0,0.0,0.0,0.17,0.0,0.0,hard,"{""ai_coding_innovations"": 0.8, ""ai_copyright_theft"": 0.1, ""ai_mass_surveillance"": 0.1}","{""ai_coding_innovations"": 0.77, ""ai_copyright_theft"": 0.06, ""ai_mass_surveillance"": 0.17}"
user_0856,copyright_heavy,Mostly AI copyright / theft concerns,100,0.0,0.0,0.0,0.0,0.0,0.0,0.8,0.0,0.11,0.0,0.0,0.0,0.0,0.0,0.0,0.0,0.0,0.09,0.0,0.0,0.0,0.0,0.0,0.0,0.0,0.0,0.8,0.0,0.11,0.0,0.0,0.0,0.0,0.0,0.0,0.0,0.0,0.09,0.0,0.0,hard,"{""ai_coding_innovations"": 0.1, ""ai_copyright_theft"": 0.8, ""ai_mass_surveillance"": 0.1}","{""ai_coding_innovations"": 0.11, ""ai_copyright_theft"": 0.8, ""ai_mass_surveillance"": 0.09}"
user_0857,surveillance_heavy,Mostly AI mass surveillance,100,0.0,0.0,0.0,0.0,0.0,0.0,0.1,0.0,0.15,0.0,0.0,0.0,0.0,0.0,0.0,0.0,0.0,0.75,0.0,0.0,0.0,0.0,0.0,0.0,0.0,0.0,0.1,0.0,0.15,0.0,0.0,0.0,0.0,0.0,0.0,0.0,0.0,0.75,0.0,0.0,hard,"{""ai_coding_innovations"": 0.1, ""ai_copyright_theft"": 0.1, ""ai_mass_surveillance"": 0.8}","{""ai_coding_innovations"": 0.15, ""ai_copyright_theft"": 0.1, ""ai_mass_surveillance"": 0.75}"
user_0858,balanced,Even across all topics,100,0.0,0.0,0.0,0.0,0.0,0.0,0.26,0.0,0.3,0.0,0.0,0.0,0.0,0.0,0.0,0.0,0.0,0.44,0.0,0.0,0.0,0.0,0.0,0.0,0.0,0.0,0.26,0.0,0.3,0.0,0.0,0.0,0.0,0.0,0.0,0.0,0.0,0.44,0.0,0.0,hard,"{""ai_coding_innovations"": 0.333333, ""ai_copyright_theft"": 0.333333, ""ai_mass_surveillance"": 0.333334}","{""ai_coding_innovations"": 0.3, ""ai_copyright_theft"": 0.26, ""ai_mass_surveillance"": 0.44}"
user_0859,coding_copyright,Split: coding + copyright,100,0.0,0.0,0.0,0.0,0.0,0.0,0.51,0.0,0.37,0.0,0.0,0.0,0.0,0.0,0.0,0.0,0.0,0.12,0.0,0.0,0.0,0.0,0.0,0.0,0.0,0.0,0.51,0.0,0.37,0.0,0.0,0.0,0.0,0.0,0.0,0.0,0.0,0.12,0.0,0.0,hard,"{""ai_coding_innovations"": 0.45, ""ai_copyright_theft"": 0.45, ""ai_mass_surveillance"": 0.1}","{""ai_coding_innovations"": 0.37, ""ai_copyright_theft"": 0.51, ""ai_mass_surveillance"": 0.12}"
user_0860,coding_surveillance,Split: coding + surveillance,100,0.0,0.0,0.0,0.0,0.0,0.0,0.05,0.0,0.5,0.0,0.0,0.0,0.0,0.0,0.0,0.0,0.0,0.45,0.0,0.0,0.0,0.0,0.0,0.0,0.0,0.0,0.05,0.0,0.5,0.0,0.0,0.0,0.0,0.0,0.0,0.0,0.0,0.45,0.0,0.0,hard,"{""ai_coding_innovations"": 0.45, ""ai_copyright_theft"": 0.1, ""ai_mass_surveillance"": 0.45}","{""ai_coding_innovations"": 0.5, ""ai_copyright_theft"": 0.05, ""ai_mass_surveillance"": 0.45}"
user_0861,copyright_surveillance,Split: copyright + surveillance,100,0.0,0.0,0.0,0.0,0.0,0.0,0.53,0.0,0.13,0.0,0.0,0.0,0.0,0.0,0.0,0.0,0.0,0.34,0.0,0.0,0.0,0.0,0.0,0.0,0.0,0.0,0.53,0.0,0.13,0.0,0.0,0.0,0.0,0.0,0.0,0.0,0.0,0.34,0.0,0.0,hard,"{""ai_coding_innovations"": 0.1, ""ai_copyright_theft"": 0.45, ""ai_mass_surveillance"": 0.45}","{""ai_coding_innovations"": 0.13, ""ai_copyright_theft"": 0.53, ""ai_mass_surveillance"": 0.34}"
user_0862,coding_heavy,Mostly AI coding innovations,100,0.0,0.0,0.0,0.0,0.0,0.0,0.08,0.0,0.83,0.0,0.0,0.0,0.0,0.0,0.0,0.0,0.0,0.09,0.0,0.0,0.0,0.0,0.0,0.0,0.0,0.0,0.08,0.0,0.83,0.0,0.0,0.0,0.0,0.0,0.0,0.0,0.0,0.09,0.0,0.0,hard,"{""ai_coding_innovations"": 0.8, ""ai_copyright_theft"": 0.1, ""ai_mass_surveillance"": 0.1}","{""ai_coding_innovations"": 0.83, ""ai_copyright_theft"": 0.08, ""ai_mass_surveillance"": 0.09}"
user_0863,copyright_heavy,Mostly AI copyright / theft concerns,100,0.0,0.0,0.0,0.0,0.0,0.0,0.81,0.0,0.1,0.0,0.0,0.0,0.0,0.0,0.0,0.0,0.0,0.09,0.0,0.0,0.0,0.0,0.0,0.0,0.0,0.0,0.81,0.0,0.1,0.0,0.0,0.0,0.0,0.0,0.0,0.0,0.0,0.09,0.0,0.0,hard,"{""ai_coding_innovations"": 0.1, ""ai_copyright_theft"": 0.8, ""ai_mass_surveillance"": 0.1}","{""ai_coding_innovations"": 0.1, ""ai_copyright_theft"": 0.81, ""ai_mass_surveillance"": 0.09}"
user_0864,surveillance_heavy,Mostly AI mass surveillance,100,0.0,0.0,0.0,0.0,0.0,0.0,0.14,0.0,0.1,0.0,0.0,0.0,0.0,0.0,0.0,0.0,0.0,0.76,0.0,0.0,0.0,0.0,0.0,0.0,0.0,0.0,0.14,0.0,0.1,0.0,0.0,0.0,0.0,0.0,0.0,0.0,0.0,0.76,0.0,0.0,hard,"{""ai_coding_innovations"": 0.1, ""ai_copyright_theft"": 0.1, ""ai_mass_surveillance"": 0.8}","{""ai_coding_innovations"": 0.1, ""ai_copyright_theft"": 0.14, ""ai_mass_surveillance"": 0.76}"
user_0865,balanced,Even across all topics,100,0.0,0.0,0.0,0.0,0.0,0.0,0.3,0.0,0.41,0.0,0.0,0.0,0.0,0.0,0.0,0.0,0.0,0.29,0.0,0.0,0.0,0.0,0.0,0.0,0.0,0.0,0.3,0.0,0.41,0.0,0.0,0.0,0.0,0.0,0.0,0.0,0.0,0.29,0.0,0.0,hard,"{""ai_coding_innovations"": 0.333333, ""ai_copyright_theft"": 0.333333, ""ai_mass_surveillance"": 0.333334}","{""ai_coding_innovations"": 0.41, ""ai_copyright_theft"": 0.3, ""ai_mass_surveillance"": 0.29}"
user_0866,coding_copyright,Split: coding + copyright,100,0.0,0.0,0.0,0.0,0.0,0.0,0.47,0.0,0.43,0.0,0.0,0.0,0.0,0.0,0.0,0.0,0.0,0.1,0.0,0.0,0.0,0.0,0.0,0.0,0.0,0.0,0.47,0.0,0.43,0.0,0.0,0.0,0.0,0.0,0.0,0.0,0.0,0.1,0.0,0.0,hard,"{""ai_coding_innovations"": 0.45, ""ai_copyright_theft"": 0.45, ""ai_mass_surveillance"": 0.1}","{""ai_coding_innovations"": 0.43, ""ai_copyright_theft"": 0.47, ""ai_mass_surveillance"": 0.1}"
user_0867,coding_surveillance,Split: coding + surveillance,100,0.0,0.0,0.0,0.0,0.0,0.0,0.07,0.0,0.52,0.0,0.0,0.0,0.0,0.0,0.0,0.0,0.0,0.41,0.0,0.0,0.0,0.0,0.0,0.0,0.0,0.0,0.07,0.0,0.52,0.0,0.0,0.0,0.0,0.0,0.0,0.0,0.0,0.41,0.0,0.0,hard,"{""ai_coding_innovations"": 0.45, ""ai_copyright_theft"": 0.1, ""ai_mass_surveillance"": 0.45}","{""ai_coding_innovations"": 0.52, ""ai_copyright_theft"": 0.07, ""ai_mass_surveillance"": 0.41}"
user_0868,copyright_surveillance,Split: copyright + surveillance,100,0.0,0.0,0.0,0.0,0.0,0.0,0.43,0.0,0.11,0.0,0.0,0.0,0.0,0.0,0.0,0.0,0.0,0.46,0.0,0.0,0.0,0.0,0.0,0.0,0.0,0.0,0.43,0.0,0.11,0.0,0.0,0.0,0.0,0.0,0.0,0.0,0.0,0.46,0.0,0.0,hard,"{""ai_coding_innovations"": 0.1, ""ai_copyright_theft"": 0.45, ""ai_mass_surveillance"": 0.45}","{""ai_coding_innovations"": 0.11, ""ai_copyright_theft"": 0.43, ""ai_mass_surveillance"": 0.46}"
user_0869,coding_heavy,Mostly AI coding innovations,100,0.0,0.0,0.0,0.0,0.0,0.0,0.1,0.0,0.83,0.0,0.0,0.0,0.0,0.0,0.0,0.0,0.0,0.07,0.0,0.0,0.0,0.0,0.0,0.0,0.0,0.0,0.1,0.0,0.83,0.0,0.0,0.0,0.0,0.0,0.0,0.0,0.0,0.07,0.0,0.0,hard,"{""ai_coding_innovations"": 0.8, ""ai_copyright_theft"": 0.1, ""ai_mass_surveillance"": 0.1}","{""ai_coding_innovations"": 0.83, ""ai_copyright_theft"": 0.1, ""ai_mass_surveillance"": 0.07}"
user_0870,copyright_heavy,Mostly AI copyright / theft concerns,100,0.0,0.0,0.0,0.0,0.0,0.0,0.79,0.0,0.12,0.0,0.0,0.0,0.0,0.0,0.0,0.0,0.0,0.09,0.0,0.0,0.0,0.0,0.0,0.0,0.0,0.0,0.79,0.0,0.12,0.0,0.0,0.0,0.0,0.0,0.0,0.0,0.0,0.09,0.0,0.0,hard,"{""ai_coding_innovations"": 0.1, ""ai_copyright_theft"": 0.8, ""ai_mass_surveillance"": 0.1}","{""ai_coding_innovations"": 0.12, ""ai_copyright_theft"": 0.79, ""ai_mass_surveillance"": 0.09}"
user_0871,surveillance_heavy,Mostly AI mass surveillance,100,0.0,0.0,0.0,0.0,0.0,0.0,0.07,0.0,0.06,0.0,0.0,0.0,0.0,0.0,0.0,0.0,0.0,0.87,0.0,0.0,0.0,0.0,0.0,0.0,0.0,0.0,0.07,0.0,0.06,0.0,0.0,0.0,0.0,0.0,0.0,0.0,0.0,0.87,0.0,0.0,hard,"{""ai_coding_innovations"": 0.1, ""ai_copyright_theft"": 0.1, ""ai_mass_surveillance"": 0.8}","{""ai_coding_innovations"": 0.06, ""ai_copyright_theft"": 0.07, ""ai_mass_surveillance"": 0.87}"
user_0872,balanced,Even across all topics,100,0.0,0.0,0.0,0.0,0.0,0.0,0.42,0.0,0.27,0.0,0.0,0.0,0.0,0.0,0.0,0.0,0.0,0.31,0.0,0.0,0.0,0.0,0.0,0.0,0.0,0.0,0.42,0.0,0.27,0.0,0.0,0.0,0.0,0.0,0.0,0.0,0.0,0.31,0.0,0.0,hard,"{""ai_coding_innovations"": 0.333333, ""ai_copyright_theft"": 0.333333, ""ai_mass_surveillance"": 0.333334}","{""ai_coding_innovations"": 0.27, ""ai_copyright_theft"": 0.42, ""ai_mass_surveillance"": 0.31}"
user_0873,coding_copyright,Split: coding + copyright,100,0.0,0.0,0.0,0.0,0.0,0.0,0.4,0.0,0.5,0.0,0.0,0.0,0.0,0.0,0.0,0.0,0.0,0.1,0.0,0.0,0.0,0.0,0.0,0.0,0.0,0.0,0.4,0.0,0.5,0.0,0.0,0.0,0.0,0.0,0.0,0.0,0.0,0.1,0.0,0.0,hard,"{""ai_coding_innovations"": 0.45, ""ai_copyright_theft"": 0.45, ""ai_mass_surveillance"": 0.1}","{""ai_coding_innovations"": 0.5, ""ai_copyright_theft"": 0.4, ""ai_mass_surveillance"": 0.1}"
user_0874,coding_surveillance,Split: coding + surveillance,100,0.0,0.0,0.0,0.0,0.0,0.0,0.08,0.0,0.52,0.0,0.0,0.0,0.0,0.0,0.0,0.0,0.0,0.4,0.0,0.0,0.0,0.0,0.0,0.0,0.0,0.0,0.08,0.0,0.52,0.0,0.0,0.0,0.0,0.0,0.0,0.0,0.0,0.4,0.0,0.0,hard,"{""ai_coding_innovations"": 0.45, ""ai_copyright_theft"": 0.1, ""ai_mass_surveillance"": 0.45}","{""ai_coding_innovations"": 0.52, ""ai_copyright_theft"": 0.08, ""ai_mass_surveillance"": 0.4}"
user_0875,copyright_surveillance,Split: copyright + surveillance,100,0.0,0.0,0.0,0.0,0.0,0.0,0.44,0.0,0.1,0.0,0.0,0.0,0.0,0.0,0.0,0.0,0.0,0.46,0.0,0.0,0.0,0.0,0.0,0.0,0.0,0.0,0.44,0.0,0.1,0.0,0.0,0.0,0.0,0.0,0.0,0.0,0.0,0.46,0.0,0.0,hard,"{""ai_coding_innovations"": 0.1, ""ai_copyright_theft"": 0.45, ""ai_mass_surveillance"": 0.45}","{""ai_coding_innovations"": 0.1, ""ai_copyright_theft"": 0.44, ""ai_mass_surveillance"": 0.46}"
user_0876,coding_heavy,Mostly AI coding innovations,100,0.0,0.0,0.0,0.0,0.0,0.0,0.1,0.0,0.78,0.0,0.0,0.0,0.0,0.0,0.0,0.0,0.0,0.12,0.0,0.0,0.0,0.0,0.0,0.0,0.0,0.0,0.1,0.0,0.78,0.0,0.0,0.0,0.0,0.0,0.0,0.0,0.0,0.12,0.0,0.0,hard,"{""ai_coding_innovations"": 0.8, ""ai_copyright_theft"": 0.1, ""ai_mass_surveillance"": 0.1}","{""ai_coding_innovations"": 0.78, ""ai_copyright_theft"": 0.1, ""ai_mass_surveillance"": 0.12}"
user_0877,copyright_heavy,Mostly AI copyright / theft concerns,100,0.0,0.0,0.0,0.0,0.0,0.0,0.73,0.0,0.14,0.0,0.0,0.0,0.0,0.0,0.0,0.0,0.0,0.13,0.0,0.0,0.0,0.0,0.0,0.0,0.0,0.0,0.73,0.0,0.14,0.0,0.0,0.0,0.0,0.0,0.0,0.0,0.0,0.13,0.0,0.0,hard,"{""ai_coding_innovations"": 0.1, ""ai_copyright_theft"": 0.8, ""ai_mass_surveillance"": 0.1}","{""ai_coding_innovations"": 0.14, ""ai_copyright_theft"": 0.73, ""ai_mass_surveillance"": 0.13}"
user_0878,surveillance_heavy,Mostly AI mass surveillance,100,0.0,0.0,0.0,0.0,0.0,0.0,0.1,0.0,0.1,0.0,0.0,0.0,0.0,0.0,0.0,0.0,0.0,0.8,0.0,0.0,0.0,0.0,0.0,0.0,0.0,0.0,0.1,0.0,0.1,0.0,0.0,0.0,0.0,0.0,0.0,0.0,0.0,0.8,0.0,0.0,hard,"{""ai_coding_innovations"": 0.1, ""ai_copyright_theft"": 0.1, ""ai_mass_surveillance"": 0.8}","{""ai_coding_innovations"": 0.1, ""ai_copyright_theft"": 0.1, ""ai_mass_surveillance"": 0.8}"
user_0879,balanced,Even across all topics,100,0.0,0.0,0.0,0.0,0.0,0.0,0.29,0.0,0.41,0.0,0.0,0.0,0.0,0.0,0.0,0.0,0.0,0.3,0.0,0.0,0.0,0.0,0.0,0.0,0.0,0.0,0.29,0.0,0.41,0.0,0.0,0.0,0.0,0.0,0.0,0.0,0.0,0.3,0.0,0.0,hard,"{""ai_coding_innovations"": 0.333333, ""ai_copyright_theft"": 0.333333, ""ai_mass_surveillance"": 0.333334}","{""ai_coding_innovations"": 0.41, ""ai_copyright_theft"": 0.29, ""ai_mass_surveillance"": 0.3}"
user_0880,coding_copyright,Split: coding + copyright,100,0.0,0.0,0.0,0.0,0.0,0.0,0.45,0.0,0.43,0.0,0.0,0.0,0.0,0.0,0.0,0.0,0.0,0.12,0.0,0.0,0.0,0.0,0.0,0.0,0.0,0.0,0.45,0.0,0.43,0.0,0.0,0.0,0.0,0.0,0.0,0.0,0.0,0.12,0.0,0.0,hard,"{""ai_coding_innovations"": 0.45, ""ai_copyright_theft"": 0.45, ""ai_mass_surveillance"": 0.1}","{""ai_coding_innovations"": 0.43, ""ai_copyright_theft"": 0.45, ""ai_mass_surveillance"": 0.12}"
user_0881,coding_surveillance,Split: coding + surveillance,100,0.0,0.0,0.0,0.0,0.0,0.0,0.06,0.0,0.46,0.0,0.0,0.0,0.0,0.0,0.0,0.0,0.0,0.48,0.0,0.0,0.0,0.0,0.0,0.0,0.0,0.0,0.06,0.0,0.46,0.0,0.0,0.0,0.0,0.0,0.0,0.0,0.0,0.48,0.0,0.0,hard,"{""ai_coding_innovations"": 0.45, ""ai_copyright_theft"": 0.1, ""ai_mass_surveillance"": 0.45}","{""ai_coding_innovations"": 0.46, ""ai_copyright_theft"": 0.06, ""ai_mass_surveillance"": 0.48}"
user_0882,copyright_surveillance,Split: copyright + surveillance,100,0.0,0.0,0.0,0.0,0.0,0.0,0.39,0.0,0.1,0.0,0.0,0.0,0.0,0.0,0.0,0.0,0.0,0.51,0.0,0.0,0.0,0.0,0.0,0.0,0.0,0.0,0.39,0.0,0.1,0.0,0.0,0.0,0.0,0.0,0.0,0.0,0.0,0.51,0.0,0.0,hard,"{""ai_coding_innovations"": 0.1, ""ai_copyright_theft"": 0.45, ""ai_mass_surveillance"": 0.45}","{""ai_coding_innovations"": 0.1, ""ai_copyright_theft"": 0.39, ""ai_mass_surveillance"": 0.51}"
user_0883,coding_heavy,Mostly AI coding innovations,100,0.0,0.0,0.0,0.0,0.0,0.0,0.14,0.0,0.76,0.0,0.0,0.0,0.0,0.0,0.0,0.0,0.0,0.1,0.0,0.0,0.0,0.0,0.0,0.0,0.0,0.0,0.14,0.0,0.76,0.0,0.0,0.0,0.0,0.0,0.0,0.0,0.0,0.1,0.0,0.0,hard,"{""ai_coding_innovations"": 0.8, ""ai_copyright_theft"": 0.1, ""ai_mass_surveillance"": 0.1}","{""ai_coding_innovations"": 0.76, ""ai_copyright_theft"": 0.14, ""ai_mass_surveillance"": 0.1}"
user_0884,copyright_heavy,Mostly AI copyright / theft concerns,100,0.0,0.0,0.0,0.0,0.0,0.0,0.86,0.0,0.06,0.0,0.0,0.0,0.0,0.0,0.0,0.0,0.0,0.08,0.0,0.0,0.0,0.0,0.0,0.0,0.0,0.0,0.86,0.0,0.06,0.0,0.0,0.0,0.0,0.0,0.0,0.0,0.0,0.08,0.0,0.0,hard,"{""ai_coding_innovations"": 0.1, ""ai_copyright_theft"": 0.8, ""ai_mass_surveillance"": 0.1}","{""ai_coding_innovations"": 0.06, ""ai_copyright_theft"": 0.86, ""ai_mass_surveillance"": 0.08}"
user_0885,surveillance_heavy,Mostly AI mass surveillance,100,0.0,0.0,0.0,0.0,0.0,0.0,0.1,0.0,0.05,0.0,0.0,0.0,0.0,0.0,0.0,0.0,0.0,0.85,0.0,0.0,0.0,0.0,0.0,0.0,0.0,0.0,0.1,0.0,0.05,0.0,0.0,0.0,0.0,0.0,0.0,0.0,0.0,0.85,0.0,0.0,hard,"{""ai_coding_innovations"": 0.1, ""ai_copyright_theft"": 0.1, ""ai_mass_surveillance"": 0.8}","{""ai_coding_innovations"": 0.05, ""ai_copyright_theft"": 0.1, ""ai_mass_surveillance"": 0.85}"
user_0886,balanced,Even across all topics,100,0.0,0.0,0.0,0.0,0.0,0.0,0.36,0.0,0.38,0.0,0.0,0.0,0.0,0.0,0.0,0.0,0.0,0.26,0.0,0.0,0.0,0.0,0.0,0.0,0.0,0.0,0.36,0.0,0.38,0.0,0.0,0.0,0.0,0.0,0.0,0.0,0.0,0.26,0.0,0.0,hard,"{""ai_coding_innovations"": 0.333333, ""ai_copyright_theft"": 0.333333, ""ai_mass_surveillance"": 0.333334}","{""ai_coding_innovations"": 0.38, ""ai_copyright_theft"": 0.36, ""ai_mass_surveillance"": 0.26}"
user_0887,coding_copyright,Split: coding + copyright,100,0.0,0.0,0.0,0.0,0.0,0.0,0.42,0.0,0.5,0.0,0.0,0.0,0.0,0.0,0.0,0.0,0.0,0.08,0.0,0.0,0.0,0.0,0.0,0.0,0.0,0.0,0.42,0.0,0.5,0.0,0.0,0.0,0.0,0.0,0.0,0.0,0.0,0.08,0.0,0.0,hard,"{""ai_coding_innovations"": 0.45, ""ai_copyright_theft"": 0.45, ""ai_mass_surveillance"": 0.1}","{""ai_coding_innovations"": 0.5, ""ai_copyright_theft"": 0.42, ""ai_mass_surveillance"": 0.08}"
user_0888,coding_surveillance,Split: coding + surveillance,100,0.0,0.0,0.0,0.0,0.0,0.0,0.08,0.0,0.5,0.0,0.0,0.0,0.0,0.0,0.0,0.0,0.0,0.42,0.0,0.0,0.0,0.0,0.0,0.0,0.0,0.0,0.08,0.0,0.5,0.0,0.0,0.0,0.0,0.0,0.0,0.0,0.0,0.42,0.0,0.0,hard,"{""ai_coding_innovations"": 0.45, ""ai_copyright_theft"": 0.1, ""ai_mass_surveillance"": 0.45}","{""ai_coding_innovations"": 0.5, ""ai_copyright_theft"": 0.08, ""ai_mass_surveillance"": 0.42}"
user_0889,copyright_surveillance,Split: copyright + surveillance,100,0.0,0.0,0.0,0.0,0.0,0.0,0.54,0.0,0.15,0.0,0.0,0.0,0.0,0.0,0.0,0.0,0.0,0.31,0.0,0.0,0.0,0.0,0.0,0.0,0.0,0.0,0.54,0.0,0.15,0.0,0.0,0.0,0.0,0.0,0.0,0.0,0.0,0.31,0.0,0.0,hard,"{""ai_coding_innovations"": 0.1, ""ai_copyright_theft"": 0.45, ""ai_mass_surveillance"": 0.45}","{""ai_coding_innovations"": 0.15, ""ai_copyright_theft"": 0.54, ""ai_mass_surveillance"": 0.31}"
user_0890,coding_heavy,Mostly AI coding innovations,100,0.0,0.0,0.0,0.0,0.0,0.0,0.13,0.0,0.84,0.0,0.0,0.0,0.0,0.0,0.0,0.0,0.0,0.03,0.0,0.0,0.0,0.0,0.0,0.0,0.0,0.0,0.13,0.0,0.84,0.0,0.0,0.0,0.0,0.0,0.0,0.0,0.0,0.03,0.0,0.0,hard,"{""ai_coding_innovations"": 0.8, ""ai_copyright_theft"": 0.1, ""ai_mass_surveillance"": 0.1}","{""ai_coding_innovations"": 0.84, ""ai_copyright_theft"": 0.13, ""ai_mass_surveillance"": 0.03}"
user_0891,copyright_heavy,Mostly AI copyright / theft concerns,100,0.0,0.0,0.0,0.0,0.0,0.0,0.77,0.0,0.12,0.0,0.0,0.0,0.0,0.0,0.0,0.0,0.0,0.11,0.0,0.0,0.0,0.0,0.0,0.0,0.0,0.0,0.77,0.0,0.12,0.0,0.0,0.0,0.0,0.0,0.0,0.0,0.0,0.11,0.0,0.0,hard,"{""ai_coding_innovations"": 0.1, ""ai_copyright_theft"": 0.8, ""ai_mass_surveillance"": 0.1}","{""ai_coding_innovations"": 0.12, ""ai_copyright_theft"": 0.77, ""ai_mass_surveillance"": 0.11}"
user_0892,surveillance_heavy,Mostly AI mass surveillance,100,0.0,0.0,0.0,0.0,0.0,0.0,0.09,0.0,0.1,0.0,0.0,0.0,0.0,0.0,0.0,0.0,0.0,0.81,0.0,0.0,0.0,0.0,0.0,0.0,0.0,0.0,0.09,0.0,0.1,0.0,0.0,0.0,0.0,0.0,0.0,0.0,0.0,0.81,0.0,0.0,hard,"{""ai_coding_innovations"": 0.1, ""ai_copyright_theft"": 0.1, ""ai_mass_surveillance"": 0.8}","{""ai_coding_innovations"": 0.1, ""ai_copyright_theft"": 0.09, ""ai_mass_surveillance"": 0.81}"
user_0893,balanced,Even across all topics,100,0.0,0.0,0.0,0.0,0.0,0.0,0.34,0.0,0.39,0.0,0.0,0.0,0.0,0.0,0.0,0.0,0.0,0.27,0.0,0.0,0.0,0.0,0.0,0.0,0.0,0.0,0.34,0.0,0.39,0.0,0.0,0.0,0.0,0.0,0.0,0.0,0.0,0.27,0.0,0.0,hard,"{""ai_coding_innovations"": 0.333333, ""ai_copyright_theft"": 0.333333, ""ai_mass_surveillance"": 0.333334}","{""ai_coding_innovations"": 0.39, ""ai_copyright_theft"": 0.34, ""ai_mass_surveillance"": 0.27}"
user_0894,coding_copyright,Split: coding + copyright,100,0.0,0.0,0.0,0.0,0.0,0.0,0.5,0.0,0.36,0.0,0.0,0.0,0.0,0.0,0.0,0.0,0.0,0.14,0.0,0.0,0.0,0.0,0.0,0.0,0.0,0.0,0.5,0.0,0.36,0.0,0.0,0.0,0.0,0.0,0.0,0.0,0.0,0.14,0.0,0.0,hard,"{""ai_coding_innovations"": 0.45, ""ai_copyright_theft"": 0.45, ""ai_mass_surveillance"": 0.1}","{""ai_coding_innovations"": 0.36, ""ai_copyright_theft"": 0.5, ""ai_mass_surveillance"": 0.14}"
user_0895,coding_surveillance,Split: coding + surveillance,100,0.0,0.0,0.0,0.0,0.0,0.0,0.12,0.0,0.4,0.0,0.0,0.0,0.0,0.0,0.0,0.0,0.0,0.48,0.0,0.0,0.0,0.0,0.0,0.0,0.0,0.0,0.12,0.0,0.4,0.0,0.0,0.0,0.0,0.0,0.0,0.0,0.0,0.48,0.0,0.0,hard,"{""ai_coding_innovations"": 0.45, ""ai_copyright_theft"": 0.1, ""ai_mass_surveillance"": 0.45}","{""ai_coding_innovations"": 0.4, ""ai_copyright_theft"": 0.12, ""ai_mass_surveillance"": 0.48}"
user_0896,copyright_surveillance,Split: copyright + surveillance,100,0.0,0.0,0.0,0.0,0.0,0.0,0.44,0.0,0.05,0.0,0.0,0.0,0.0,0.0,0.0,0.0,0.0,0.51,0.0,0.0,0.0,0.0,0.0,0.0,0.0,0.0,0.44,0.0,0.05,0.0,0.0,0.0,0.0,0.0,0.0,0.0,0.0,0.51,0.0,0.0,hard,"{""ai_coding_innovations"": 0.1, ""ai_copyright_theft"": 0.45, ""ai_mass_surveillance"": 0.45}","{""ai_coding_innovations"": 0.05, ""ai_copyright_theft"": 0.44, ""ai_mass_surveillance"": 0.51}"
user_0897,coding_heavy,Mostly AI coding innovations,100,0.0,0.0,0.0,0.0,0.0,0.0,0.05,0.0,0.88,0.0,0.0,0.0,0.0,0.0,0.0,0.0,0.0,0.07,0.0,0.0,0.0,0.0,0.0,0.0,0.0,0.0,0.05,0.0,0.88,0.0,0.0,0.0,0.0,0.0,0.0,0.0,0.0,0.07,0.0,0.0,hard,"{""ai_coding_innovations"": 0.8, ""ai_copyright_theft"": 0.1, ""ai_mass_surveillance"": 0.1}","{""ai_coding_innovations"": 0.88, ""ai_copyright_theft"": 0.05, ""ai_mass_surveillance"": 0.07}"
user_0898,copyright_heavy,Mostly AI copyright / theft concerns,100,0.0,0.0,0.0,0.0,0.0,0.0,0.87,0.0,0.05,0.0,0.0,0.0,0.0,0.0,0.0,0.0,0.0,0.08,0.0,0.0,0.0,0.0,0.0,0.0,0.0,0.0,0.87,0.0,0.05,0.0,0.0,0.0,0.0,0.0,0.0,0.0,0.0,0.08,0.0,0.0,hard,"{""ai_coding_innovations"": 0.1, ""ai_copyright_theft"": 0.8, ""ai_mass_surveillance"": 0.1}","{""ai_coding_innovations"": 0.05, ""ai_copyright_theft"": 0.87, ""ai_mass_surveillance"": 0.08}"
user_0899,surveillance_heavy,Mostly AI mass surveillance,100,0.0,0.0,0.0,0.0,0.0,0.0,0.1,0.0,0.06,0.0,0.0,0.0,0.0,0.0,0.0,0.0,0.0,0.84,0.0,0.0,0.0,0.0,0.0,0.0,0.0,0.0,0.1,0.0,0.06,0.0,0.0,0.0,0.0,0.0,0.0,0.0,0.0,0.84,0.0,0.0,hard,"{""ai_coding_innovations"": 0.1, ""ai_copyright_theft"": 0.1, ""ai_mass_surveillance"": 0.8}","{""ai_coding_innovations"": 0.06, ""ai_copyright_theft"": 0.1, ""ai_mass_surveillance"": 0.84}"
user_0900,balanced,Even across all topics,100,0.0,0.0,0.0,0.0,0.0,0.0,0.34,0.0,0.28,0.0,0.0,0.0,0.0,0.0,0.0,0.0,0.0,0.38,0.0,0.0,0.0,0.0,0.0,0.0,0.0,0.0,0.34,0.0,0.28,0.0,0.0,0.0,0.0,0.0,0.0,0.0,0.0,0.38,0.0,0.0,hard,"{""ai_coding_innovations"": 0.333333, ""ai_copyright_theft"": 0.333333, ""ai_mass_surveillance"": 0.333334}","{""ai_coding_innovations"": 0.28, ""ai_copyright_theft"": 0.34, ""ai_mass_surveillance"": 0.38}"
user_0901,coding_copyright,Split: coding + copyright,100,0.0,0.0,0.0,0.0,0.0,0.0,0.45,0.0,0.45,0.0,0.0,0.0,0.0,0.0,0.0,0.0,0.0,0.1,0.0,0.0,0.0,0.0,0.0,0.0,0.0,0.0,0.45,0.0,0.45,0.0,0.0,0.0,0.0,0.0,0.0,0.0,0.0,0.1,0.0,0.0,hard,"{""ai_coding_innovations"": 0.45, ""ai_copyright_theft"": 0.45, ""ai_mass_surveillance"": 0.1}","{""ai_coding_innovations"": 0.45, ""ai_copyright_theft"": 0.45, ""ai_mass_surveillance"": 0.1}"
user_0902,coding_surveillance,Split: coding + surveillance,100,0.0,0.0,0.0,0.0,0.0,0.0,0.15,0.0,0.45,0.0,0.0,0.0,0.0,0.0,0.0,0.0,0.0,0.4,0.0,0.0,0.0,0.0,0.0,0.0,0.0,0.0,0.15,0.0,0.45,0.0,0.0,0.0,0.0,0.0,0.0,0.0,0.0,0.4,0.0,0.0,hard,"{""ai_coding_innovations"": 0.45, ""ai_copyright_theft"": 0.1, ""ai_mass_surveillance"": 0.45}","{""ai_coding_innovations"": 0.45, ""ai_copyright_theft"": 0.15, ""ai_mass_surveillance"": 0.4}"
user_0903,copyright_surveillance,Split: copyright + surveillance,100,0.0,0.0,0.0,0.0,0.0,0.0,0.47,0.0,0.11,0.0,0.0,0.0,0.0,0.0,0.0,0.0,0.0,0.42,0.0,0.0,0.0,0.0,0.0,0.0,0.0,0.0,0.47,0.0,0.11,0.0,0.0,0.0,0.0,0.0,0.0,0.0,0.0,0.42,0.0,0.0,hard,"{""ai_coding_innovations"": 0.1, ""ai_copyright_theft"": 0.45, ""ai_mass_surveillance"": 0.45}","{""ai_coding_innovations"": 0.11, ""ai_copyright_theft"": 0.47, ""ai_mass_surveillance"": 0.42}"
user_0904,coding_heavy,Mostly AI coding innovations,100,0.0,0.0,0.0,0.0,0.0,0.0,0.04,0.0,0.84,0.0,0.0,0.0,0.0,0.0,0.0,0.0,0.0,0.12,0.0,0.0,0.0,0.0,0.0,0.0,0.0,0.0,0.04,0.0,0.84,0.0,0.0,0.0,0.0,0.0,0.0,0.0,0.0,0.12,0.0,0.0,hard,"{""ai_coding_innovations"": 0.8, ""ai_copyright_theft"": 0.1, ""ai_mass_surveillance"": 0.1}","{""ai_coding_innovations"": 0.84, ""ai_copyright_theft"": 0.04, ""ai_mass_surveillance"": 0.12}"
user_0905,copyright_heavy,Mostly AI copyright / theft concerns,100,0.0,0.0,0.0,0.0,0.0,0.0,0.79,0.0,0.14,0.0,0.0,0.0,0.0,0.0,0.0,0.0,0.0,0.07,0.0,0.0,0.0,0.0,0.0,0.0,0.0,0.0,0.79,0.0,0.14,0.0,0.0,0.0,0.0,0.0,0.0,0.0,0.0,0.07,0.0,0.0,hard,"{""ai_coding_innovations"": 0.1, ""ai_copyright_theft"": 0.8, ""ai_mass_surveillance"": 0.1}","{""ai_coding_innovations"": 0.14, ""ai_copyright_theft"": 0.79, ""ai_mass_surveillance"": 0.07}"
user_0906,surveillance_heavy,Mostly AI mass surveillance,100,0.0,0.0,0.0,0.0,0.0,0.0,0.14,0.0,0.06,0.0,0.0,0.0,0.0,0.0,0.0,0.0,0.0,0.8,0.0,0.0,0.0,0.0,0.0,0.0,0.0,0.0,0.14,0.0,0.06,0.0,0.0,0.0,0.0,0.0,0.0,0.0,0.0,0.8,0.0,0.0,hard,"{""ai_coding_innovations"": 0.1, ""ai_copyright_theft"": 0.1, ""ai_mass_surveillance"": 0.8}","{""ai_coding_innovations"": 0.06, ""ai_copyright_theft"": 0.14, ""ai_mass_surveillance"": 0.8}"
user_0907,balanced,Even across all topics,100,0.0,0.0,0.0,0.0,0.0,0.0,0.31,0.0,0.42,0.0,0.0,0.0,0.0,0.0,0.0,0.0,0.0,0.27,0.0,0.0,0.0,0.0,0.0,0.0,0.0,0.0,0.31,0.0,0.42,0.0,0.0,0.0,0.0,0.0,0.0,0.0,0.0,0.27,0.0,0.0,hard,"{""ai_coding_innovations"": 0.333333, ""ai_copyright_theft"": 0.333333, ""ai_mass_surveillance"": 0.333334}","{""ai_coding_innovations"": 0.42, ""ai_copyright_theft"": 0.31, ""ai_mass_surveillance"": 0.27}"
user_0908,coding_copyright,Split: coding + copyright,100,0.0,0.0,0.0,0.0,0.0,0.0,0.44,0.0,0.49,0.0,0.0,0.0,0.0,0.0,0.0,0.0,0.0,0.07,0.0,0.0,0.0,0.0,0.0,0.0,0.0,0.0,0.44,0.0,0.49,0.0,0.0,0.0,0.0,0.0,0.0,0.0,0.0,0.07,0.0,0.0,hard,"{""ai_coding_innovations"": 0.45, ""ai_copyright_theft"": 0.45, ""ai_mass_surveillance"": 0.1}","{""ai_coding_innovations"": 0.49, ""ai_copyright_theft"": 0.44, ""ai_mass_surveillance"": 0.07}"
user_0909,coding_surveillance,Split: coding + surveillance,100,0.0,0.0,0.0,0.0,0.0,0.0,0.13,0.0,0.39,0.0,0.0,0.0,0.0,0.0,0.0,0.0,0.0,0.48,0.0,0.0,0.0,0.0,0.0,0.0,0.0,0.0,0.13,0.0,0.39,0.0,0.0,0.0,0.0,0.0,0.0,0.0,0.0,0.48,0.0,0.0,hard,"{""ai_coding_innovations"": 0.45, ""ai_copyright_theft"": 0.1, ""ai_mass_surveillance"": 0.45}","{""ai_coding_innovations"": 0.39, ""ai_copyright_theft"": 0.13, ""ai_mass_surveillance"": 0.48}"
user_0910,copyright_surveillance,Split: copyright + surveillance,100,0.0,0.0,0.0,0.0,0.0,0.0,0.47,0.0,0.09,0.0,0.0,0.0,0.0,0.0,0.0,0.0,0.0,0.44,0.0,0.0,0.0,0.0,0.0,0.0,0.0,0.0,0.47,0.0,0.09,0.0,0.0,0.0,0.0,0.0,0.0,0.0,0.0,0.44,0.0,0.0,hard,"{""ai_coding_innovations"": 0.1, ""ai_copyright_theft"": 0.45, ""ai_mass_surveillance"": 0.45}","{""ai_coding_innovations"": 0.09, ""ai_copyright_theft"": 0.47, ""ai_mass_surveillance"": 0.44}"
user_0911,coding_heavy,Mostly AI coding innovations,100,0.0,0.0,0.0,0.0,0.0,0.0,0.13,0.0,0.77,0.0,0.0,0.0,0.0,0.0,0.0,0.0,0.0,0.1,0.0,0.0,0.0,0.0,0.0,0.0,0.0,0.0,0.13,0.0,0.77,0.0,0.0,0.0,0.0,0.0,0.0,0.0,0.0,0.1,0.0,0.0,hard,"{""ai_coding_innovations"": 0.8, ""ai_copyright_theft"": 0.1, ""ai_mass_surveillance"": 0.1}","{""ai_coding_innovations"": 0.77, ""ai_copyright_theft"": 0.13, ""ai_mass_surveillance"": 0.1}"
user_0912,copyright_heavy,Mostly AI copyright / theft concerns,100,0.0,0.0,0.0,0.0,0.0,0.0,0.81,0.0,0.08,0.0,0.0,0.0,0.0,0.0,0.0,0.0,0.0,0.11,0.0,0.0,0.0,0.0,0.0,0.0,0.0,0.0,0.81,0.0,0.08,0.0,0.0,0.0,0.0,0.0,0.0,0.0,0.0,0.11,0.0,0.0,hard,"{""ai_coding_innovations"": 0.1, ""ai_copyright_theft"": 0.8, ""ai_mass_surveillance"": 0.1}","{""ai_coding_innovations"": 0.08, ""ai_copyright_theft"": 0.81, ""ai_mass_surveillance"": 0.11}"
user_0913,surveillance_heavy,Mostly AI mass surveillance,100,0.0,0.0,0.0,0.0,0.0,0.0,0.13,0.0,0.03,0.0,0.0,0.0,0.0,0.0,0.0,0.0,0.0,0.84,0.0,0.0,0.0,0.0,0.0,0.0,0.0,0.0,0.13,0.0,0.03,0.0,0.0,0.0,0.0,0.0,0.0,0.0,0.0,0.84,0.0,0.0,hard,"{""ai_coding_innovations"": 0.1, ""ai_copyright_theft"": 0.1, ""ai_mass_surveillance"": 0.8}","{""ai_coding_innovations"": 0.03, ""ai_copyright_theft"": 0.13, ""ai_mass_surveillance"": 0.84}"
user_0914,balanced,Even across all topics,100,0.0,0.0,0.0,0.0,0.0,0.0,0.37,0.0,0.31,0.0,0.0,0.0,0.0,0.0,0.0,0.0,0.0,0.32,0.0,0.0,0.0,0.0,0.0,0.0,0.0,0.0,0.37,0.0,0.31,0.0,0.0,0.0,0.0,0.0,0.0,0.0,0.0,0.32,0.0,0.0,hard,"{""ai_coding_innovations"": 0.333333, ""ai_copyright_theft"": 0.333333, ""ai_mass_surveillance"": 0.333334}","{""ai_coding_innovations"": 0.31, ""ai_copyright_theft"": 0.37, ""ai_mass_surveillance"": 0.32}"
user_0915,coding_copyright,Split: coding + copyright,100,0.0,0.0,0.0,0.0,0.0,0.0,0.43,0.0,0.47,0.0,0.0,0.0,0.0,0.0,0.0,0.0,0.0,0.1,0.0,0.0,0.0,0.0,0.0,0.0,0.0,0.0,0.43,0.0,0.47,0.0,0.0,0.0,0.0,0.0,0.0,0.0,0.0,0.1,0.0,0.0,hard,"{""ai_coding_innovations"": 0.45, ""ai_copyright_theft"": 0.45, ""ai_mass_surveillance"": 0.1}","{""ai_coding_innovations"": 0.47, ""ai_copyright_theft"": 0.43, ""ai_mass_surveillance"": 0.1}"
user_0916,coding_surveillance,Split: coding + surveillance,100,0.0,0.0,0.0,0.0,0.0,0.0,0.07,0.0,0.49,0.0,0.0,0.0,0.0,0.0,0.0,0.0,0.0,0.44,0.0,0.0,0.0,0.0,0.0,0.0,0.0,0.0,0.07,0.0,0.49,0.0,0.0,0.0,0.0,0.0,0.0,0.0,0.0,0.44,0.0,0.0,hard,"{""ai_coding_innovations"": 0.45, ""ai_copyright_theft"": 0.1, ""ai_mass_surveillance"": 0.45}","{""ai_coding_innovations"": 0.49, ""ai_copyright_theft"": 0.07, ""ai_mass_surveillance"": 0.44}"
user_0917,copyright_surveillance,Split: copyright + surveillance,100,0.0,0.0,0.0,0.0,0.0,0.0,0.48,0.0,0.05,0.0,0.0,0.0,0.0,0.0,0.0,0.0,0.0,0.47,0.0,0.0,0.0,0.0,0.0,0.0,0.0,0.0,0.48,0.0,0.05,0.0,0.0,0.0,0.0,0.0,0.0,0.0,0.0,0.47,0.0,0.0,hard,"{""ai_coding_innovations"": 0.1, ""ai_copyright_theft"": 0.45, ""ai_mass_surveillance"": 0.45}","{""ai_coding_innovations"": 0.05, ""ai_copyright_theft"": 0.48, ""ai_mass_surveillance"": 0.47}"
user_0918,coding_heavy,Mostly AI coding innovations,100,0.0,0.0,0.0,0.0,0.0,0.0,0.06,0.0,0.86,0.0,0.0,0.0,0.0,0.0,0.0,0.0,0.0,0.08,0.0,0.0,0.0,0.0,0.0,0.0,0.0,0.0,0.06,0.0,0.86,0.0,0.0,0.0,0.0,0.0,0.0,0.0,0.0,0.08,0.0,0.0,hard,"{""ai_coding_innovations"": 0.8, ""ai_copyright_theft"": 0.1, ""ai_mass_surveillance"": 0.1}","{""ai_coding_innovations"": 0.86, ""ai_copyright_theft"": 0.06, ""ai_mass_surveillance"": 0.08}"
user_0919,copyright_heavy,Mostly AI copyright / theft concerns,100,0.0,0.0,0.0,0.0,0.0,0.0,0.69,0.0,0.13,0.0,0.0,0.0,0.0,0.0,0.0,0.0,0.0,0.18,0.0,0.0,0.0,0.0,0.0,0.0,0.0,0.0,0.69,0.0,0.13,0.0,0.0,0.0,0.0,0.0,0.0,0.0,0.0,0.18,0.0,0.0,hard,"{""ai_coding_innovations"": 0.1, ""ai_copyright_theft"": 0.8, ""ai_mass_surveillance"": 0.1}","{""ai_coding_innovations"": 0.13, ""ai_copyright_theft"": 0.69, ""ai_mass_surveillance"": 0.18}"
user_0920,surveillance_heavy,Mostly AI mass surveillance,100,0.0,0.0,0.0,0.0,0.0,0.0,0.14,0.0,0.08,0.0,0.0,0.0,0.0,0.0,0.0,0.0,0.0,0.78,0.0,0.0,0.0,0.0,0.0,0.0,0.0,0.0,0.14,0.0,0.08,0.0,0.0,0.0,0.0,0.0,0.0,0.0,0.0,0.78,0.0,0.0,hard,"{""ai_coding_innovations"": 0.1, ""ai_copyright_theft"": 0.1, ""ai_mass_surveillance"": 0.8}","{""ai_coding_innovations"": 0.08, ""ai_copyright_theft"": 0.14, ""ai_mass_surveillance"": 0.78}"
user_0921,balanced,Even across all topics,100,0.0,0.0,0.0,0.0,0.0,0.0,0.31,0.0,0.41,0.0,0.0,0.0,0.0,0.0,0.0,0.0,0.0,0.28,0.0,0.0,0.0,0.0,0.0,0.0,0.0,0.0,0.31,0.0,0.41,0.0,0.0,0.0,0.0,0.0,0.0,0.0,0.0,0.28,0.0,0.0,hard,"{""ai_coding_innovations"": 0.333333, ""ai_copyright_theft"": 0.333333, ""ai_mass_surveillance"": 0.333334}","{""ai_coding_innovations"": 0.41, ""ai_copyright_theft"": 0.31, ""ai_mass_surveillance"": 0.28}"
user_0922,coding_copyright,Split: coding + copyright,100,0.0,0.0,0.0,0.0,0.0,0.0,0.49,0.0,0.41,0.0,0.0,0.0,0.0,0.0,0.0,0.0,0.0,0.1,0.0,0.0,0.0,0.0,0.0,0.0,0.0,0.0,0.49,0.0,0.41,0.0,0.0,0.0,0.0,0.0,0.0,0.0,0.0,0.1,0.0,0.0,hard,"{""ai_coding_innovations"": 0.45, ""ai_copyright_theft"": 0.45, ""ai_mass_surveillance"": 0.1}","{""ai_coding_innovations"": 0.41, ""ai_copyright_theft"": 0.49, ""ai_mass_surveillance"": 0.1}"
user_0923,coding_surveillance,Split: coding + surveillance,100,0.0,0.0,0.0,0.0,0.0,0.0,0.09,0.0,0.4,0.0,0.0,0.0,0.0,0.0,0.0,0.0,0.0,0.51,0.0,0.0,0.0,0.0,0.0,0.0,0.0,0.0,0.09,0.0,0.4,0.0,0.0,0.0,0.0,0.0,0.0,0.0,0.0,0.51,0.0,0.0,hard,"{""ai_coding_innovations"": 0.45, ""ai_copyright_theft"": 0.1, ""ai_mass_surveillance"": 0.45}","{""ai_coding_innovations"": 0.4, ""ai_copyright_theft"": 0.09, ""ai_mass_surveillance"": 0.51}"
user_0924,copyright_surveillance,Split: copyright + surveillance,100,0.0,0.0,0.0,0.0,0.0,0.0,0.46,0.0,0.07,0.0,0.0,0.0,0.0,0.0,0.0,0.0,0.0,0.47,0.0,0.0,0.0,0.0,0.0,0.0,0.0,0.0,0.46,0.0,0.07,0.0,0.0,0.0,0.0,0.0,0.0,0.0,0.0,0.47,0.0,0.0,hard,"{""ai_coding_innovations"": 0.1, ""ai_copyright_theft"": 0.45, ""ai_mass_surveillance"": 0.45}","{""ai_coding_innovations"": 0.07, ""ai_copyright_theft"": 0.46, ""ai_mass_surveillance"": 0.47}"
user_0925,coding_heavy,Mostly AI coding innovations,100,0.0,0.0,0.0,0.0,0.0,0.0,0.13,0.0,0.74,0.0,0.0,0.0,0.0,0.0,0.0,0.0,0.0,0.13,0.0,0.0,0.0,0.0,0.0,0.0,0.0,0.0,0.13,0.0,0.74,0.0,0.0,0.0,0.0,0.0,0.0,0.0,0.0,0.13,0.0,0.0,hard,"{""ai_coding_innovations"": 0.8, ""ai_copyright_theft"": 0.1, ""ai_mass_surveillance"": 0.1}","{""ai_coding_innovations"": 0.74, ""ai_copyright_theft"": 0.13, ""ai_mass_surveillance"": 0.13}"
user_0926,copyright_heavy,Mostly AI copyright / theft concerns,100,0.0,0.0,0.0,0.0,0.0,0.0,0.79,0.0,0.09,0.0,0.0,0.0,0.0,0.0,0.0,0.0,0.0,0.12,0.0,0.0,0.0,0.0,0.0,0.0,0.0,0.0,0.79,0.0,0.09,0.0,0.0,0.0,0.0,0.0,0.0,0.0,0.0,0.12,0.0,0.0,hard,"{""ai_coding_innovations"": 0.1, ""ai_copyright_theft"": 0.8, ""ai_mass_surveillance"": 0.1}","{""ai_coding_innovations"": 0.09, ""ai_copyright_theft"": 0.79, ""ai_mass_surveillance"": 0.12}"
user_0927,surveillance_heavy,Mostly AI mass surveillance,100,0.0,0.0,0.0,0.0,0.0,0.0,0.09,0.0,0.07,0.0,0.0,0.0,0.0,0.0,0.0,0.0,0.0,0.84,0.0,0.0,0.0,0.0,0.0,0.0,0.0,0.0,0.09,0.0,0.07,0.0,0.0,0.0,0.0,0.0,0.0,0.0,0.0,0.84,0.0,0.0,hard,"{""ai_coding_innovations"": 0.1, ""ai_copyright_theft"": 0.1, ""ai_mass_surveillance"": 0.8}","{""ai_coding_innovations"": 0.07, ""ai_copyright_theft"": 0.09, ""ai_mass_surveillance"": 0.84}"
user_0928,balanced,Even across all topics,100,0.0,0.0,0.0,0.0,0.0,0.0,0.26,0.0,0.31,0.0,0.0,0.0,0.0,0.0,0.0,0.0,0.0,0.43,0.0,0.0,0.0,0.0,0.0,0.0,0.0,0.0,0.26,0.0,0.31,0.0,0.0,0.0,0.0,0.0,0.0,0.0,0.0,0.43,0.0,0.0,hard,"{""ai_coding_innovations"": 0.333333, ""ai_copyright_theft"": 0.333333, ""ai_mass_surveillance"": 0.333334}","{""ai_coding_innovations"": 0.31, ""ai_copyright_theft"": 0.26, ""ai_mass_surveillance"": 0.43}"
user_0929,coding_copyright,Split: coding + copyright,100,0.0,0.0,0.0,0.0,0.0,0.0,0.49,0.0,0.41,0.0,0.0,0.0,0.0,0.0,0.0,0.0,0.0,0.1,0.0,0.0,0.0,0.0,0.0,0.0,0.0,0.0,0.49,0.0,0.41,0.0,0.0,0.0,0.0,0.0,0.0,0.0,0.0,0.1,0.0,0.0,hard,"{""ai_coding_innovations"": 0.45, ""ai_copyright_theft"": 0.45, ""ai_mass_surveillance"": 0.1}","{""ai_coding_innovations"": 0.41, ""ai_copyright_theft"": 0.49, ""ai_mass_surveillance"": 0.1}"
user_0930,coding_surveillance,Split: coding + surveillance,100,0.0,0.0,0.0,0.0,0.0,0.0,0.09,0.0,0.49,0.0,0.0,0.0,0.0,0.0,0.0,0.0,0.0,0.42,0.0,0.0,0.0,0.0,0.0,0.0,0.0,0.0,0.09,0.0,0.49,0.0,0.0,0.0,0.0,0.0,0.0,0.0,0.0,0.42,0.0,0.0,hard,"{""ai_coding_innovations"": 0.45, ""ai_copyright_theft"": 0.1, ""ai_mass_surveillance"": 0.45}","{""ai_coding_innovations"": 0.49, ""ai_copyright_theft"": 0.09, ""ai_mass_surveillance"": 0.42}"
user_0931,copyright_surveillance,Split: copyright + surveillance,100,0.0,0.0,0.0,0.0,0.0,0.0,0.44,0.0,0.07,0.0,0.0,0.0,0.0,0.0,0.0,0.0,0.0,0.49,0.0,0.0,0.0,0.0,0.0,0.0,0.0,0.0,0.44,0.0,0.07,0.0,0.0,0.0,0.0,0.0,0.0,0.0,0.0,0.49,0.0,0.0,hard,"{""ai_coding_innovations"": 0.1, ""ai_copyright_theft"": 0.45, ""ai_mass_surveillance"": 0.45}","{""ai_coding_innovations"": 0.07, ""ai_copyright_theft"": 0.44, ""ai_mass_surveillance"": 0.49}"
user_0932,coding_heavy,Mostly AI coding innovations,100,0.0,0.0,0.0,0.0,0.0,0.0,0.06,0.0,0.8,0.0,0.0,0.0,0.0,0.0,0.0,0.0,0.0,0.14,0.0,0.0,0.0,0.0,0.0,0.0,0.0,0.0,0.06,0.0,0.8,0.0,0.0,0.0,0.0,0.0,0.0,0.0,0.0,0.14,0.0,0.0,hard,"{""ai_coding_innovations"": 0.8, ""ai_copyright_theft"": 0.1, ""ai_mass_surveillance"": 0.1}","{""ai_coding_innovations"": 0.8, ""ai_copyright_theft"": 0.06, ""ai_mass_surveillance"": 0.14}"
user_0933,copyright_heavy,Mostly AI copyright / theft concerns,100,0.0,0.0,0.0,0.0,0.0,0.0,0.78,0.0,0.09,0.0,0.0,0.0,0.0,0.0,0.0,0.0,0.0,0.13,0.0,0.0,0.0,0.0,0.0,0.0,0.0,0.0,0.78,0.0,0.09,0.0,0.0,0.0,0.0,0.0,0.0,0.0,0.0,0.13,0.0,0.0,hard,"{""ai_coding_innovations"": 0.1, ""ai_copyright_theft"": 0.8, ""ai_mass_surveillance"": 0.1}","{""ai_coding_innovations"": 0.09, ""ai_copyright_theft"": 0.78, ""ai_mass_surveillance"": 0.13}"
user_0934,surveillance_heavy,Mostly AI mass surveillance,100,0.0,0.0,0.0,0.0,0.0,0.0,0.11,0.0,0.08,0.0,0.0,0.0,0.0,0.0,0.0,0.0,0.0,0.81,0.0,0.0,0.0,0.0,0.0,0.0,0.0,0.0,0.11,0.0,0.08,0.0,0.0,0.0,0.0,0.0,0.0,0.0,0.0,0.81,0.0,0.0,hard,"{""ai_coding_innovations"": 0.1, ""ai_copyright_theft"": 0.1, ""ai_mass_surveillance"": 0.8}","{""ai_coding_innovations"": 0.08, ""ai_copyright_theft"": 0.11, ""ai_mass_surveillance"": 0.81}"
user_0935,balanced,Even across all topics,100,0.0,0.0,0.0,0.0,0.0,0.0,0.26,0.0,0.39,0.0,0.0,0.0,0.0,0.0,0.0,0.0,0.0,0.35,0.0,0.0,0.0,0.0,0.0,0.0,0.0,0.0,0.26,0.0,0.39,0.0,0.0,0.0,0.0,0.0,0.0,0.0,0.0,0.35,0.0,0.0,hard,"{""ai_coding_innovations"": 0.333333, ""ai_copyright_theft"": 0.333333, ""ai_mass_surveillance"": 0.333334}","{""ai_coding_innovations"": 0.39, ""ai_copyright_theft"": 0.26, ""ai_mass_surveillance"": 0.35}"
user_0936,coding_copyright,Split: coding + copyright,100,0.0,0.0,0.0,0.0,0.0,0.0,0.41,0.0,0.51,0.0,0.0,0.0,0.0,0.0,0.0,0.0,0.0,0.08,0.0,0.0,0.0,0.0,0.0,0.0,0.0,0.0,0.41,0.0,0.51,0.0,0.0,0.0,0.0,0.0,0.0,0.0,0.0,0.08,0.0,0.0,hard,"{""ai_coding_innovations"": 0.45, ""ai_copyright_theft"": 0.45, ""ai_mass_surveillance"": 0.1}","{""ai_coding_innovations"": 0.51, ""ai_copyright_theft"": 0.41, ""ai_mass_surveillance"": 0.08}"
user_0937,coding_surveillance,Split: coding + surveillance,100,0.0,0.0,0.0,0.0,0.0,0.0,0.09,0.0,0.53,0.0,0.0,0.0,0.0,0.0,0.0,0.0,0.0,0.38,0.0,0.0,0.0,0.0,0.0,0.0,0.0,0.0,0.09,0.0,0.53,0.0,0.0,0.0,0.0,0.0,0.0,0.0,0.0,0.38,0.0,0.0,hard,"{""ai_coding_innovations"": 0.45, ""ai_copyright_theft"": 0.1, ""ai_mass_surveillance"": 0.45}","{""ai_coding_innovations"": 0.53, ""ai_copyright_theft"": 0.09, ""ai_mass_surveillance"": 0.38}"
user_0938,copyright_surveillance,Split: copyright + surveillance,100,0.0,0.0,0.0,0.0,0.0,0.0,0.44,0.0,0.12,0.0,0.0,0.0,0.0,0.0,0.0,0.0,0.0,0.44,0.0,0.0,0.0,0.0,0.0,0.0,0.0,0.0,0.44,0.0,0.12,0.0,0.0,0.0,0.0,0.0,0.0,0.0,0.0,0.44,0.0,0.0,hard,"{""ai_coding_innovations"": 0.1, ""ai_copyright_theft"": 0.45, ""ai_mass_surveillance"": 0.45}","{""ai_coding_innovations"": 0.12, ""ai_copyright_theft"": 0.44, ""ai_mass_surveillance"": 0.44}"
user_0939,coding_heavy,Mostly AI coding innovations,100,0.0,0.0,0.0,0.0,0.0,0.0,0.1,0.0,0.77,0.0,0.0,0.0,0.0,0.0,0.0,0.0,0.0,0.13,0.0,0.0,0.0,0.0,0.0,0.0,0.0,0.0,0.1,0.0,0.77,0.0,0.0,0.0,0.0,0.0,0.0,0.0,0.0,0.13,0.0,0.0,hard,"{""ai_coding_innovations"": 0.8, ""ai_copyright_theft"": 0.1, ""ai_mass_surveillance"": 0.1}","{""ai_coding_innovations"": 0.77, ""ai_copyright_theft"": 0.1, ""ai_mass_surveillance"": 0.13}"
user_0940,copyright_heavy,Mostly AI copyright / theft concerns,100,0.0,0.0,0.0,0.0,0.0,0.0,0.82,0.0,0.08,0.0,0.0,0.0,0.0,0.0,0.0,0.0,0.0,0.1,0.0,0.0,0.0,0.0,0.0,0.0,0.0,0.0,0.82,0.0,0.08,0.0,0.0,0.0,0.0,0.0,0.0,0.0,0.0,0.1,0.0,0.0,hard,"{""ai_coding_innovations"": 0.1, ""ai_copyright_theft"": 0.8, ""ai_mass_surveillance"": 0.1}","{""ai_coding_innovations"": 0.08, ""ai_copyright_theft"": 0.82, ""ai_mass_surveillance"": 0.1}"
user_0941,surveillance_heavy,Mostly AI mass surveillance,100,0.0,0.0,0.0,0.0,0.0,0.0,0.17,0.0,0.11,0.0,0.0,0.0,0.0,0.0,0.0,0.0,0.0,0.72,0.0,0.0,0.0,0.0,0.0,0.0,0.0,0.0,0.17,0.0,0.11,0.0,0.0,0.0,0.0,0.0,0.0,0.0,0.0,0.72,0.0,0.0,hard,"{""ai_coding_innovations"": 0.1, ""ai_copyright_theft"": 0.1, ""ai_mass_surveillance"": 0.8}","{""ai_coding_innovations"": 0.11, ""ai_copyright_theft"": 0.17, ""ai_mass_surveillance"": 0.72}"
user_0942,balanced,Even across all topics,100,0.0,0.0,0.0,0.0,0.0,0.0,0.39,0.0,0.27,0.0,0.0,0.0,0.0,0.0,0.0,0.0,0.0,0.34,0.0,0.0,0.0,0.0,0.0,0.0,0.0,0.0,0.39,0.0,0.27,0.0,0.0,0.0,0.0,0.0,0.0,0.0,0.0,0.34,0.0,0.0,hard,"{""ai_coding_innovations"": 0.333333, ""ai_copyright_theft"": 0.333333, ""ai_mass_surveillance"": 0.333334}","{""ai_coding_innovations"": 0.27, ""ai_copyright_theft"": 0.39, ""ai_mass_surveillance"": 0.34}"
user_0943,coding_copyright,Split: coding + copyright,100,0.0,0.0,0.0,0.0,0.0,0.0,0.47,0.0,0.43,0.0,0.0,0.0,0.0,0.0,0.0,0.0,0.0,0.1,0.0,0.0,0.0,0.0,0.0,0.0,0.0,0.0,0.47,0.0,0.43,0.0,0.0,0.0,0.0,0.0,0.0,0.0,0.0,0.1,0.0,0.0,hard,"{""ai_coding_innovations"": 0.45, ""ai_copyright_theft"": 0.45, ""ai_mass_surveillance"": 0.1}","{""ai_coding_innovations"": 0.43, ""ai_copyright_theft"": 0.47, ""ai_mass_surveillance"": 0.1}"
user_0944,coding_surveillance,Split: coding + surveillance,100,0.0,0.0,0.0,0.0,0.0,0.0,0.07,0.0,0.48,0.0,0.0,0.0,0.0,0.0,0.0,0.0,0.0,0.45,0.0,0.0,0.0,0.0,0.0,0.0,0.0,0.0,0.07,0.0,0.48,0.0,0.0,0.0,0.0,0.0,0.0,0.0,0.0,0.45,0.0,0.0,hard,"{""ai_coding_innovations"": 0.45, ""ai_copyright_theft"": 0.1, ""ai_mass_surveillance"": 0.45}","{""ai_coding_innovations"": 0.48, ""ai_copyright_theft"": 0.07, ""ai_mass_surveillance"": 0.45}"
user_0945,copyright_surveillance,Split: copyright + surveillance,100,0.0,0.0,0.0,0.0,0.0,0.0,0.35,0.0,0.19,0.0,0.0,0.0,0.0,0.0,0.0,0.0,0.0,0.46,0.0,0.0,0.0,0.0,0.0,0.0,0.0,0.0,0.35,0.0,0.19,0.0,0.0,0.0,0.0,0.0,0.0,0.0,0.0,0.46,0.0,0.0,hard,"{""ai_coding_innovations"": 0.1, ""ai_copyright_theft"": 0.45, ""ai_mass_surveillance"": 0.45}","{""ai_coding_innovations"": 0.19, ""ai_copyright_theft"": 0.35, ""ai_mass_surveillance"": 0.46}"
user_0946,coding_heavy,Mostly AI coding innovations,100,0.0,0.0,0.0,0.0,0.0,0.0,0.07,0.0,0.87,0.0,0.0,0.0,0.0,0.0,0.0,0.0,0.0,0.06,0.0,0.0,0.0,0.0,0.0,0.0,0.0,0.0,0.07,0.0,0.87,0.0,0.0,0.0,0.0,0.0,0.0,0.0,0.0,0.06,0.0,0.0,hard,"{""ai_coding_innovations"": 0.8, ""ai_copyright_theft"": 0.1, ""ai_mass_surveillance"": 0.1}","{""ai_coding_innovations"": 0.87, ""ai_copyright_theft"": 0.07, ""ai_mass_surveillance"": 0.06}"
user_0947,copyright_heavy,Mostly AI copyright / theft concerns,100,0.0,0.0,0.0,0.0,0.0,0.0,0.75,0.0,0.15,0.0,0.0,0.0,0.0,0.0,0.0,0.0,0.0,0.1,0.0,0.0,0.0,0.0,0.0,0.0,0.0,0.0,0.75,0.0,0.15,0.0,0.0,0.0,0.0,0.0,0.0,0.0,0.0,0.1,0.0,0.0,hard,"{""ai_coding_innovations"": 0.1, ""ai_copyright_theft"": 0.8, ""ai_mass_surveillance"": 0.1}","{""ai_coding_innovations"": 0.15, ""ai_copyright_theft"": 0.75, ""ai_mass_surveillance"": 0.1}"
user_0948,surveillance_heavy,Mostly AI mass surveillance,100,0.0,0.0,0.0,0.0,0.0,0.0,0.1,0.0,0.1,0.0,0.0,0.0,0.0,0.0,0.0,0.0,0.0,0.8,0.0,0.0,0.0,0.0,0.0,0.0,0.0,0.0,0.1,0.0,0.1,0.0,0.0,0.0,0.0,0.0,0.0,0.0,0.0,0.8,0.0,0.0,hard,"{""ai_coding_innovations"": 0.1, ""ai_copyright_theft"": 0.1, ""ai_mass_surveillance"": 0.8}","{""ai_coding_innovations"": 0.1, ""ai_copyright_theft"": 0.1, ""ai_mass_surveillance"": 0.8}"
user_0949,balanced,Even across all topics,100,0.0,0.0,0.0,0.0,0.0,0.0,0.33,0.0,0.31,0.0,0.0,0.0,0.0,0.0,0.0,0.0,0.0,0.36,0.0,0.0,0.0,0.0,0.0,0.0,0.0,0.0,0.33,0.0,0.31,0.0,0.0,0.0,0.0,0.0,0.0,0.0,0.0,0.36,0.0,0.0,hard,"{""ai_coding_innovations"": 0.333333, ""ai_copyright_theft"": 0.333333, ""ai_mass_surveillance"": 0.333334}","{""ai_coding_innovations"": 0.31, ""ai_copyright_theft"": 0.33, ""ai_mass_surveillance"": 0.36}"
user_0950,coding_copyright,Split: coding + copyright,100,0.0,0.0,0.0,0.0,0.0,0.0,0.45,0.0,0.39,0.0,0.0,0.0,0.0,0.0,0.0,0.0,0.0,0.16,0.0,0.0,0.0,0.0,0.0,0.0,0.0,0.0,0.45,0.0,0.39,0.0,0.0,0.0,0.0,0.0,0.0,0.0,0.0,0.16,0.0,0.0,hard,"{""ai_coding_innovations"": 0.45, ""ai_copyright_theft"": 0.45, ""ai_mass_surveillance"": 0.1}","{""ai_coding_innovations"": 0.39, ""ai_copyright_theft"": 0.45, ""ai_mass_surveillance"": 0.16}"
user_0951,coding_surveillance,Split: coding + surveillance,100,0.0,0.0,0.0,0.0,0.0,0.0,0.09,0.0,0.39,0.0,0.0,0.0,0.0,0.0,0.0,0.0,0.0,0.52,0.0,0.0,0.0,0.0,0.0,0.0,0.0,0.0,0.09,0.0,0.39,0.0,0.0,0.0,0.0,0.0,0.0,0.0,0.0,0.52,0.0,0.0,hard,"{""ai_coding_innovations"": 0.45, ""ai_copyright_theft"": 0.1, ""ai_mass_surveillance"": 0.45}","{""ai_coding_innovations"": 0.39, ""ai_copyright_theft"": 0.09, ""ai_mass_surveillance"": 0.52}"
user_0952,copyright_surveillance,Split: copyright + surveillance,100,0.0,0.0,0.0,0.0,0.0,0.0,0.36,0.0,0.14,0.0,0.0,0.0,0.0,0.0,0.0,0.0,0.0,0.5,0.0,0.0,0.0,0.0,0.0,0.0,0.0,0.0,0.36,0.0,0.14,0.0,0.0,0.0,0.0,0.0,0.0,0.0,0.0,0.5,0.0,0.0,hard,"{""ai_coding_innovations"": 0.1, ""ai_copyright_theft"": 0.45, ""ai_mass_surveillance"": 0.45}","{""ai_coding_innovations"": 0.14, ""ai_copyright_theft"": 0.36, ""ai_mass_surveillance"": 0.5}"
user_0953,coding_heavy,Mostly AI coding innovations,100,0.0,0.0,0.0,0.0,0.0,0.0,0.12,0.0,0.82,0.0,0.0,0.0,0.0,0.0,0.0,0.0,0.0,0.06,0.0,0.0,0.0,0.0,0.0,0.0,0.0,0.0,0.12,0.0,0.82,0.0,0.0,0.0,0.0,0.0,0.0,0.0,0.0,0.06,0.0,0.0,hard,"{""ai_coding_innovations"": 0.8, ""ai_copyright_theft"": 0.1, ""ai_mass_surveillance"": 0.1}","{""ai_coding_innovations"": 0.82, ""ai_copyright_theft"": 0.12, ""ai_mass_surveillance"": 0.06}"
user_0954,copyright_heavy,Mostly AI copyright / theft concerns,100,0.0,0.0,0.0,0.0,0.0,0.0,0.82,0.0,0.1,0.0,0.0,0.0,0.0,0.0,0.0,0.0,0.0,0.08,0.0,0.0,0.0,0.0,0.0,0.0,0.0,0.0,0.82,0.0,0.1,0.0,0.0,0.0,0.0,0.0,0.0,0.0,0.0,0.08,0.0,0.0,hard,"{""ai_coding_innovations"": 0.1, ""ai_copyright_theft"": 0.8, ""ai_mass_surveillance"": 0.1}","{""ai_coding_innovations"": 0.1, ""ai_copyright_theft"": 0.82, ""ai_mass_surveillance"": 0.08}"
user_0955,surveillance_heavy,Mostly AI mass surveillance,100,0.0,0.0,0.0,0.0,0.0,0.0,0.08,0.0,0.14,0.0,0.0,0.0,0.0,0.0,0.0,0.0,0.0,0.78,0.0,0.0,0.0,0.0,0.0,0.0,0.0,0.0,0.08,0.0,0.14,0.0,0.0,0.0,0.0,0.0,0.0,0.0,0.0,0.78,0.0,0.0,hard,"{""ai_coding_innovations"": 0.1, ""ai_copyright_theft"": 0.1, ""ai_mass_surveillance"": 0.8}","{""ai_coding_innovations"": 0.14, ""ai_copyright_theft"": 0.08, ""ai_mass_surveillance"": 0.78}"
user_0956,balanced,Even across all topics,100,0.0,0.0,0.0,0.0,0.0,0.0,0.3,0.0,0.41,0.0,0.0,0.0,0.0,0.0,0.0,0.0,0.0,0.29,0.0,0.0,0.0,0.0,0.0,0.0,0.0,0.0,0.3,0.0,0.41,0.0,0.0,0.0,0.0,0.0,0.0,0.0,0.0,0.29,0.0,0.0,hard,"{""ai_coding_innovations"": 0.333333, ""ai_copyright_theft"": 0.333333, ""ai_mass_surveillance"": 0.333334}","{""ai_coding_innovations"": 0.41, ""ai_copyright_theft"": 0.3, ""ai_mass_surveillance"": 0.29}"
user_0957,coding_copyright,Split: coding + copyright,100,0.0,0.0,0.0,0.0,0.0,0.0,0.45,0.0,0.44,0.0,0.0,0.0,0.0,0.0,0.0,0.0,0.0,0.11,0.0,0.0,0.0,0.0,0.0,0.0,0.0,0.0,0.45,0.0,0.44,0.0,0.0,0.0,0.0,0.0,0.0,0.0,0.0,0.11,0.0,0.0,hard,"{""ai_coding_innovations"": 0.45, ""ai_copyright_theft"": 0.45, ""ai_mass_surveillance"": 0.1}","{""ai_coding_innovations"": 0.44, ""ai_copyright_theft"": 0.45, ""ai_mass_surveillance"": 0.11}"
user_0958,coding_surveillance,Split: coding + surveillance,100,0.0,0.0,0.0,0.0,0.0,0.0,0.08,0.0,0.51,0.0,0.0,0.0,0.0,0.0,0.0,0.0,0.0,0.41,0.0,0.0,0.0,0.0,0.0,0.0,0.0,0.0,0.08,0.0,0.51,0.0,0.0,0.0,0.0,0.0,0.0,0.0,0.0,0.41,0.0,0.0,hard,"{""ai_coding_innovations"": 0.45, ""ai_copyright_theft"": 0.1, ""ai_mass_surveillance"": 0.45}","{""ai_coding_innovations"": 0.51, ""ai_copyright_theft"": 0.08, ""ai_mass_surveillance"": 0.41}"
user_0959,copyright_surveillance,Split: copyright + surveillance,100,0.0,0.0,0.0,0.0,0.0,0.0,0.48,0.0,0.12,0.0,0.0,0.0,0.0,0.0,0.0,0.0,0.0,0.4,0.0,0.0,0.0,0.0,0.0,0.0,0.0,0.0,0.48,0.0,0.12,0.0,0.0,0.0,0.0,0.0,0.0,0.0,0.0,0.4,0.0,0.0,hard,"{""ai_coding_innovations"": 0.1, ""ai_copyright_theft"": 0.45, ""ai_mass_surveillance"": 0.45}","{""ai_coding_innovations"": 0.12, ""ai_copyright_theft"": 0.48, ""ai_mass_surveillance"": 0.4}"
user_0960,coding_heavy,Mostly AI coding innovations,100,0.0,0.0,0.0,0.0,0.0,0.0,0.14,0.0,0.82,0.0,0.0,0.0,0.0,0.0,0.0,0.0,0.0,0.04,0.0,0.0,0.0,0.0,0.0,0.0,0.0,0.0,0.14,0.0,0.82,0.0,0.0,0.0,0.0,0.0,0.0,0.0,0.0,0.04,0.0,0.0,hard,"{""ai_coding_innovations"": 0.8, ""ai_copyright_theft"": 0.1, ""ai_mass_surveillance"": 0.1}","{""ai_coding_innovations"": 0.82, ""ai_copyright_theft"": 0.14, ""ai_mass_surveillance"": 0.04}"
user_0961,copyright_heavy,Mostly AI copyright / theft concerns,100,0.0,0.0,0.0,0.0,0.0,0.0,0.85,0.0,0.03,0.0,0.0,0.0,0.0,0.0,0.0,0.0,0.0,0.12,0.0,0.0,0.0,0.0,0.0,0.0,0.0,0.0,0.85,0.0,0.03,0.0,0.0,0.0,0.0,0.0,0.0,0.0,0.0,0.12,0.0,0.0,hard,"{""ai_coding_innovations"": 0.1, ""ai_copyright_theft"": 0.8, ""ai_mass_surveillance"": 0.1}","{""ai_coding_innovations"": 0.03, ""ai_copyright_theft"": 0.85, ""ai_mass_surveillance"": 0.12}"
user_0962,surveillance_heavy,Mostly AI mass surveillance,100,0.0,0.0,0.0,0.0,0.0,0.0,0.15,0.0,0.12,0.0,0.0,0.0,0.0,0.0,0.0,0.0,0.0,0.73,0.0,0.0,0.0,0.0,0.0,0.0,0.0,0.0,0.15,0.0,0.12,0.0,0.0,0.0,0.0,0.0,0.0,0.0,0.0,0.73,0.0,0.0,hard,"{""ai_coding_innovations"": 0.1, ""ai_copyright_theft"": 0.1, ""ai_mass_surveillance"": 0.8}","{""ai_coding_innovations"": 0.12, ""ai_copyright_theft"": 0.15, ""ai_mass_surveillance"": 0.73}"
user_0963,balanced,Even across all topics,100,0.0,0.0,0.0,0.0,0.0,0.0,0.44,0.0,0.25,0.0,0.0,0.0,0.0,0.0,0.0,0.0,0.0,0.31,0.0,0.0,0.0,0.0,0.0,0.0,0.0,0.0,0.44,0.0,0.25,0.0,0.0,0.0,0.0,0.0,0.0,0.0,0.0,0.31,0.0,0.0,hard,"{""ai_coding_innovations"": 0.333333, ""ai_copyright_theft"": 0.333333, ""ai_mass_surveillance"": 0.333334}","{""ai_coding_innovations"": 0.25, ""ai_copyright_theft"": 0.44, ""ai_mass_surveillance"": 0.31}"
user_0964,coding_copyright,Split: coding + copyright,100,0.0,0.0,0.0,0.0,0.0,0.0,0.46,0.0,0.49,0.0,0.0,0.0,0.0,0.0,0.0,0.0,0.0,0.05,0.0,0.0,0.0,0.0,0.0,0.0,0.0,0.0,0.46,0.0,0.49,0.0,0.0,0.0,0.0,0.0,0.0,0.0,0.0,0.05,0.0,0.0,hard,"{""ai_coding_innovations"": 0.45, ""ai_copyright_theft"": 0.45, ""ai_mass_surveillance"": 0.1}","{""ai_coding_innovations"": 0.49, ""ai_copyright_theft"": 0.46, ""ai_mass_surveillance"": 0.05}"
user_0965,coding_surveillance,Split: coding + surveillance,100,0.0,0.0,0.0,0.0,0.0,0.0,0.13,0.0,0.44,0.0,0.0,0.0,0.0,0.0,0.0,0.0,0.0,0.43,0.0,0.0,0.0,0.0,0.0,0.0,0.0,0.0,0.13,0.0,0.44,0.0,0.0,0.0,0.0,0.0,0.0,0.0,0.0,0.43,0.0,0.0,hard,"{""ai_coding_innovations"": 0.45, ""ai_copyright_theft"": 0.1, ""ai_mass_surveillance"": 0.45}","{""ai_coding_innovations"": 0.44, ""ai_copyright_theft"": 0.13, ""ai_mass_surveillance"": 0.43}"
user_0966,copyright_surveillance,Split: copyright + surveillance,100,0.0,0.0,0.0,0.0,0.0,0.0,0.39,0.0,0.12,0.0,0.0,0.0,0.0,0.0,0.0,0.0,0.0,0.49,0.0,0.0,0.0,0.0,0.0,0.0,0.0,0.0,0.39,0.0,0.12,0.0,0.0,0.0,0.0,0.0,0.0,0.0,0.0,0.49,0.0,0.0,hard,"{""ai_coding_innovations"": 0.1, ""ai_copyright_theft"": 0.45, ""ai_mass_surveillance"": 0.45}","{""ai_coding_innovations"": 0.12, ""ai_copyright_theft"": 0.39, ""ai_mass_surveillance"": 0.49}"
user_0967,coding_heavy,Mostly AI coding innovations,100,0.0,0.0,0.0,0.0,0.0,0.0,0.05,0.0,0.84,0.0,0.0,0.0,0.0,0.0,0.0,0.0,0.0,0.11,0.0,0.0,0.0,0.0,0.0,0.0,0.0,0.0,0.05,0.0,0.84,0.0,0.0,0.0,0.0,0.0,0.0,0.0,0.0,0.11,0.0,0.0,hard,"{""ai_coding_innovations"": 0.8, ""ai_copyright_theft"": 0.1, ""ai_mass_surveillance"": 0.1}","{""ai_coding_innovations"": 0.84, ""ai_copyright_theft"": 0.05, ""ai_mass_surveillance"": 0.11}"
user_0968,copyright_heavy,Mostly AI copyright / theft concerns,100,0.0,0.0,0.0,0.0,0.0,0.0,0.76,0.0,0.19,0.0,0.0,0.0,0.0,0.0,0.0,0.0,0.0,0.05,0.0,0.0,0.0,0.0,0.0,0.0,0.0,0.0,0.76,0.0,0.19,0.0,0.0,0.0,0.0,0.0,0.0,0.0,0.0,0.05,0.0,0.0,hard,"{""ai_coding_innovations"": 0.1, ""ai_copyright_theft"": 0.8, ""ai_mass_surveillance"": 0.1}","{""ai_coding_innovations"": 0.19, ""ai_copyright_theft"": 0.76, ""ai_mass_surveillance"": 0.05}"
user_0969,surveillance_heavy,Mostly AI mass surveillance,100,0.0,0.0,0.0,0.0,0.0,0.0,0.05,0.0,0.07,0.0,0.0,0.0,0.0,0.0,0.0,0.0,0.0,0.88,0.0,0.0,0.0,0.0,0.0,0.0,0.0,0.0,0.05,0.0,0.07,0.0,0.0,0.0,0.0,0.0,0.0,0.0,0.0,0.88,0.0,0.0,hard,"{""ai_coding_innovations"": 0.1, ""ai_copyright_theft"": 0.1, ""ai_mass_surveillance"": 0.8}","{""ai_coding_innovations"": 0.07, ""ai_copyright_theft"": 0.05, ""ai_mass_surveillance"": 0.88}"
user_0970,balanced,Even across all topics,100,0.0,0.0,0.0,0.0,0.0,0.0,0.36,0.0,0.35,0.0,0.0,0.0,0.0,0.0,0.0,0.0,0.0,0.29,0.0,0.0,0.0,0.0,0.0,0.0,0.0,0.0,0.36,0.0,0.35,0.0,0.0,0.0,0.0,0.0,0.0,0.0,0.0,0.29,0.0,0.0,hard,"{""ai_coding_innovations"": 0.333333, ""ai_copyright_theft"": 0.333333, ""ai_mass_surveillance"": 0.333334}","{""ai_coding_innovations"": 0.35, ""ai_copyright_theft"": 0.36, ""ai_mass_surveillance"": 0.29}"
user_0971,coding_copyright,Split: coding + copyright,100,0.0,0.0,0.0,0.0,0.0,0.0,0.49,0.0,0.41,0.0,0.0,0.0,0.0,0.0,0.0,0.0,0.0,0.1,0.0,0.0,0.0,0.0,0.0,0.0,0.0,0.0,0.49,0.0,0.41,0.0,0.0,0.0,0.0,0.0,0.0,0.0,0.0,0.1,0.0,0.0,hard,"{""ai_coding_innovations"": 0.45, ""ai_copyright_theft"": 0.45, ""ai_mass_surveillance"": 0.1}","{""ai_coding_innovations"": 0.41, ""ai_copyright_theft"": 0.49, ""ai_mass_surveillance"": 0.1}"
user_0972,coding_surveillance,Split: coding + surveillance,100,0.0,0.0,0.0,0.0,0.0,0.0,0.07,0.0,0.48,0.0,0.0,0.0,0.0,0.0,0.0,0.0,0.0,0.45,0.0,0.0,0.0,0.0,0.0,0.0,0.0,0.0,0.07,0.0,0.48,0.0,0.0,0.0,0.0,0.0,0.0,0.0,0.0,0.45,0.0,0.0,hard,"{""ai_coding_innovations"": 0.45, ""ai_copyright_theft"": 0.1, ""ai_mass_surveillance"": 0.45}","{""ai_coding_innovations"": 0.48, ""ai_copyright_theft"": 0.07, ""ai_mass_surveillance"": 0.45}"
user_0973,copyright_surveillance,Split: copyright + surveillance,100,0.0,0.0,0.0,0.0,0.0,0.0,0.42,0.0,0.1,0.0,0.0,0.0,0.0,0.0,0.0,0.0,0.0,0.48,0.0,0.0,0.0,0.0,0.0,0.0,0.0,0.0,0.42,0.0,0.1,0.0,0.0,0.0,0.0,0.0,0.0,0.0,0.0,0.48,0.0,0.0,hard,"{""ai_coding_innovations"": 0.1, ""ai_copyright_theft"": 0.45, ""ai_mass_surveillance"": 0.45}","{""ai_coding_innovations"": 0.1, ""ai_copyright_theft"": 0.42, ""ai_mass_surveillance"": 0.48}"
user_0974,coding_heavy,Mostly AI coding innovations,100,0.0,0.0,0.0,0.0,0.0,0.0,0.09,0.0,0.76,0.0,0.0,0.0,0.0,0.0,0.0,0.0,0.0,0.15,0.0,0.0,0.0,0.0,0.0,0.0,0.0,0.0,0.09,0.0,0.76,0.0,0.0,0.0,0.0,0.0,0.0,0.0,0.0,0.15,0.0,0.0,hard,"{""ai_coding_innovations"": 0.8, ""ai_copyright_theft"": 0.1, ""ai_mass_surveillance"": 0.1}","{""ai_coding_innovations"": 0.76, ""ai_copyright_theft"": 0.09, ""ai_mass_surveillance"": 0.15}"
user_0975,copyright_heavy,Mostly AI copyright / theft concerns,100,0.0,0.0,0.0,0.0,0.0,0.0,0.79,0.0,0.13,0.0,0.0,0.0,0.0,0.0,0.0,0.0,0.0,0.08,0.0,0.0,0.0,0.0,0.0,0.0,0.0,0.0,0.79,0.0,0.13,0.0,0.0,0.0,0.0,0.0,0.0,0.0,0.0,0.08,0.0,0.0,hard,"{""ai_coding_innovations"": 0.1, ""ai_copyright_theft"": 0.8, ""ai_mass_surveillance"": 0.1}","{""ai_coding_innovations"": 0.13, ""ai_copyright_theft"": 0.79, ""ai_mass_surveillance"": 0.08}"
user_0976,surveillance_heavy,Mostly AI mass surveillance,100,0.0,0.0,0.0,0.0,0.0,0.0,0.09,0.0,0.09,0.0,0.0,0.0,0.0,0.0,0.0,0.0,0.0,0.82,0.0,0.0,0.0,0.0,0.0,0.0,0.0,0.0,0.09,0.0,0.09,0.0,0.0,0.0,0.0,0.0,0.0,0.0,0.0,0.82,0.0,0.0,hard,"{""ai_coding_innovations"": 0.1, ""ai_copyright_theft"": 0.1, ""ai_mass_surveillance"": 0.8}","{""ai_coding_innovations"": 0.09, ""ai_copyright_theft"": 0.09, ""ai_mass_surveillance"": 0.82}"
user_0977,balanced,Even across all topics,100,0.0,0.0,0.0,0.0,0.0,0.0,0.27,0.0,0.32,0.0,0.0,0.0,0.0,0.0,0.0,0.0,0.0,0.41,0.0,0.0,0.0,0.0,0.0,0.0,0.0,0.0,0.27,0.0,0.32,0.0,0.0,0.0,0.0,0.0,0.0,0.0,0.0,0.41,0.0,0.0,hard,"{""ai_coding_innovations"": 0.333333, ""ai_copyright_theft"": 0.333333, ""ai_mass_surveillance"": 0.333334}","{""ai_coding_innovations"": 0.32, ""ai_copyright_theft"": 0.27, ""ai_mass_surveillance"": 0.41}"
user_0978,coding_copyright,Split: coding + copyright,100,0.0,0.0,0.0,0.0,0.0,0.0,0.45,0.0,0.44,0.0,0.0,0.0,0.0,0.0,0.0,0.0,0.0,0.11,0.0,0.0,0.0,0.0,0.0,0.0,0.0,0.0,0.45,0.0,0.44,0.0,0.0,0.0,0.0,0.0,0.0,0.0,0.0,0.11,0.0,0.0,hard,"{""ai_coding_innovations"": 0.45, ""ai_copyright_theft"": 0.45, ""ai_mass_surveillance"": 0.1}","{""ai_coding_innovations"": 0.44, ""ai_copyright_theft"": 0.45, ""ai_mass_surveillance"": 0.11}"
user_0979,coding_surveillance,Split: coding + surveillance,100,0.0,0.0,0.0,0.0,0.0,0.0,0.1,0.0,0.4,0.0,0.0,0.0,0.0,0.0,0.0,0.0,0.0,0.5,0.0,0.0,0.0,0.0,0.0,0.0,0.0,0.0,0.1,0.0,0.4,0.0,0.0,0.0,0.0,0.0,0.0,0.0,0.0,0.5,0.0,0.0,hard,"{""ai_coding_innovations"": 0.45, ""ai_copyright_theft"": 0.1, ""ai_mass_surveillance"": 0.45}","{""ai_coding_innovations"": 0.4, ""ai_copyright_theft"": 0.1, ""ai_mass_surveillance"": 0.5}"
user_0980,copyright_surveillance,Split: copyright + surveillance,100,0.0,0.0,0.0,0.0,0.0,0.0,0.51,0.0,0.07,0.0,0.0,0.0,0.0,0.0,0.0,0.0,0.0,0.42,0.0,0.0,0.0,0.0,0.0,0.0,0.0,0.0,0.51,0.0,0.07,0.0,0.0,0.0,0.0,0.0,0.0,0.0,0.0,0.42,0.0,0.0,hard,"{""ai_coding_innovations"": 0.1, ""ai_copyright_theft"": 0.45, ""ai_mass_surveillance"": 0.45}","{""ai_coding_innovations"": 0.07, ""ai_copyright_theft"": 0.51, ""ai_mass_surveillance"": 0.42}"
user_0981,coding_heavy,Mostly AI coding innovations,100,0.0,0.0,0.0,0.0,0.0,0.0,0.05,0.0,0.84,0.0,0.0,0.0,0.0,0.0,0.0,0.0,0.0,0.11,0.0,0.0,0.0,0.0,0.0,0.0,0.0,0.0,0.05,0.0,0.84,0.0,0.0,0.0,0.0,0.0,0.0,0.0,0.0,0.11,0.0,0.0,hard,"{""ai_coding_innovations"": 0.8, ""ai_copyright_theft"": 0.1, ""ai_mass_surveillance"": 0.1}","{""ai_coding_innovations"": 0.84, ""ai_copyright_theft"": 0.05, ""ai_mass_surveillance"": 0.11}"
user_0982,copyright_heavy,Mostly AI copyright / theft concerns,100,0.0,0.0,0.0,0.0,0.0,0.0,0.78,0.0,0.14,0.0,0.0,0.0,0.0,0.0,0.0,0.0,0.0,0.08,0.0,0.0,0.0,0.0,0.0,0.0,0.0,0.0,0.78,0.0,0.14,0.0,0.0,0.0,0.0,0.0,0.0,0.0,0.0,0.08,0.0,0.0,hard,"{""ai_coding_innovations"": 0.1, ""ai_copyright_theft"": 0.8, ""ai_mass_surveillance"": 0.1}","{""ai_coding_innovations"": 0.14, ""ai_copyright_theft"": 0.78, ""ai_mass_surveillance"": 0.08}"
user_0983,surveillance_heavy,Mostly AI mass surveillance,100,0.0,0.0,0.0,0.0,0.0,0.0,0.08,0.0,0.09,0.0,0.0,0.0,0.0,0.0,0.0,0.0,0.0,0.83,0.0,0.0,0.0,0.0,0.0,0.0,0.0,0.0,0.08,0.0,0.09,0.0,0.0,0.0,0.0,0.0,0.0,0.0,0.0,0.83,0.0,0.0,hard,"{""ai_coding_innovations"": 0.1, ""ai_copyright_theft"": 0.1, ""ai_mass_surveillance"": 0.8}","{""ai_coding_innovations"": 0.09, ""ai_copyright_theft"": 0.08, ""ai_mass_surveillance"": 0.83}"
user_0984,balanced,Even across all topics,100,0.0,0.0,0.0,0.0,0.0,0.0,0.36,0.0,0.34,0.0,0.0,0.0,0.0,0.0,0.0,0.0,0.0,0.3,0.0,0.0,0.0,0.0,0.0,0.0,0.0,0.0,0.36,0.0,0.34,0.0,0.0,0.0,0.0,0.0,0.0,0.0,0.0,0.3,0.0,0.0,hard,"{""ai_coding_innovations"": 0.333333, ""ai_copyright_theft"": 0.333333, ""ai_mass_surveillance"": 0.333334}","{""ai_coding_innovations"": 0.34, ""ai_copyright_theft"": 0.36, ""ai_mass_surveillance"": 0.3}"
user_0985,coding_copyright,Split: coding + copyright,100,0.0,0.0,0.0,0.0,0.0,0.0,0.45,0.0,0.47,0.0,0.0,0.0,0.0,0.0,0.0,0.0,0.0,0.08,0.0,0.0,0.0,0.0,0.0,0.0,0.0,0.0,0.45,0.0,0.47,0.0,0.0,0.0,0.0,0.0,0.0,0.0,0.0,0.08,0.0,0.0,hard,"{""ai_coding_innovations"": 0.45, ""ai_copyright_theft"": 0.45, ""ai_mass_surveillance"": 0.1}","{""ai_coding_innovations"": 0.47, ""ai_copyright_theft"": 0.45, ""ai_mass_surveillance"": 0.08}"
user_0986,coding_surveillance,Split: coding + surveillance,100,0.0,0.0,0.0,0.0,0.0,0.0,0.11,0.0,0.45,0.0,0.0,0.0,0.0,0.0,0.0,0.0,0.0,0.44,0.0,0.0,0.0,0.0,0.0,0.0,0.0,0.0,0.11,0.0,0.45,0.0,0.0,0.0,0.0,0.0,0.0,0.0,0.0,0.44,0.0,0.0,hard,"{""ai_coding_innovations"": 0.45, ""ai_copyright_theft"": 0.1, ""ai_mass_surveillance"": 0.45}","{""ai_coding_innovations"": 0.45, ""ai_copyright_theft"": 0.11, ""ai_mass_surveillance"": 0.44}"
user_0987,copyright_surveillance,Split: copyright + surveillance,100,0.0,0.0,0.0,0.0,0.0,0.0,0.41,0.0,0.1,0.0,0.0,0.0,0.0,0.0,0.0,0.0,0.0,0.49,0.0,0.0,0.0,0.0,0.0,0.0,0.0,0.0,0.41,0.0,0.1,0.0,0.0,0.0,0.0,0.0,0.0,0.0,0.0,0.49,0.0,0.0,hard,"{""ai_coding_innovations"": 0.1, ""ai_copyright_theft"": 0.45, ""ai_mass_surveillance"": 0.45}","{""ai_coding_innovations"": 0.1, ""ai_copyright_theft"": 0.41, ""ai_mass_surveillance"": 0.49}"
user_0988,coding_heavy,Mostly AI coding innovations,100,0.0,0.0,0.0,0.0,0.0,0.0,0.09,0.0,0.81,0.0,0.0,0.0,0.0,0.0,0.0,0.0,0.0,0.1,0.0,0.0,0.0,0.0,0.0,0.0,0.0,0.0,0.09,0.0,0.81,0.0,0.0,0.0,0.0,0.0,0.0,0.0,0.0,0.1,0.0,0.0,hard,"{""ai_coding_innovations"": 0.8, ""ai_copyright_theft"": 0.1, ""ai_mass_surveillance"": 0.1}","{""ai_coding_innovations"": 0.81, ""ai_copyright_theft"": 0.09, ""ai_mass_surveillance"": 0.1}"
user_0989,copyright_heavy,Mostly AI copyright / theft concerns,100,0.0,0.0,0.0,0.0,0.0,0.0,0.76,0.0,0.12,0.0,0.0,0.0,0.0,0.0,0.0,0.0,0.0,0.12,0.0,0.0,0.0,0.0,0.0,0.0,0.0,0.0,0.76,0.0,0.12,0.0,0.0,0.0,0.0,0.0,0.0,0.0,0.0,0.12,0.0,0.0,hard,"{""ai_coding_innovations"": 0.1, ""ai_copyright_theft"": 0.8, ""ai_mass_surveillance"": 0.1}","{""ai_coding_innovations"": 0.12, ""ai_copyright_theft"": 0.76, ""ai_mass_surveillance"": 0.12}"
user_0990,surveillance_heavy,Mostly AI mass surveillance,100,0.0,0.0,0.0,0.0,0.0,0.0,0.12,0.0,0.06,0.0,0.0,0.0,0.0,0.0,0.0,0.0,0.0,0.82,0.0,0.0,0.0,0.0,0.0,0.0,0.0,0.0,0.12,0.0,0.06,0.0,0.0,0.0,0.0,0.0,0.0,0.0,0.0,0.82,0.0,0.0,hard,"{""ai_coding_innovations"": 0.1, ""ai_copyright_theft"": 0.1, ""ai_mass_surveillance"": 0.8}","{""ai_coding_innovations"": 0.06, ""ai_copyright_theft"": 0.12, ""ai_mass_surveillance"": 0.82}"
user_0991,balanced,Even across all topics,100,0.0,0.0,0.0,0.0,0.0,0.0,0.28,0.0,0.4,0.0,0.0,0.0,0.0,0.0,0.0,0.0,0.0,0.32,0.0,0.0,0.0,0.0,0.0,0.0,0.0,0.0,0.28,0.0,0.4,0.0,0.0,0.0,0.0,0.0,0.0,0.0,0.0,0.32,0.0,0.0,hard,"{""ai_coding_innovations"": 0.333333, ""ai_copyright_theft"": 0.333333, ""ai_mass_surveillance"": 0.333334}","{""ai_coding_innovations"": 0.4, ""ai_copyright_theft"": 0.28, ""ai_mass_surveillance"": 0.32}"
user_0992,coding_copyright,Split: coding + copyright,100,0.0,0.0,0.0,0.0,0.0,0.0,0.45,0.0,0.47,0.0,0.0,0.0,0.0,0.0,0.0,0.0,0.0,0.08,0.0,0.0,0.0,0.0,0.0,0.0,0.0,0.0,0.45,0.0,0.47,0.0,0.0,0.0,0.0,0.0,0.0,0.0,0.0,0.08,0.0,0.0,hard,"{""ai_coding_innovations"": 0.45, ""ai_copyright_theft"": 0.45, ""ai_mass_surveillance"": 0.1}","{""ai_coding_innovations"": 0.47, ""ai_copyright_theft"": 0.45, ""ai_mass_surveillance"": 0.08}"
user_0993,coding_surveillance,Split: coding + surveillance,100,0.0,0.0,0.0,0.0,0.0,0.0,0.14,0.0,0.43,0.0,0.0,0.0,0.0,0.0,0.0,0.0,0.0,0.43,0.0,0.0,0.0,0.0,0.0,0.0,0.0,0.0,0.14,0.0,0.43,0.0,0.0,0.0,0.0,0.0,0.0,0.0,0.0,0.43,0.0,0.0,hard,"{""ai_coding_innovations"": 0.45, ""ai_copyright_theft"": 0.1, ""ai_mass_surveillance"": 0.45}","{""ai_coding_innovations"": 0.43, ""ai_copyright_theft"": 0.14, ""ai_mass_surveillance"": 0.43}"
user_0994,copyright_surveillance,Split: copyright + surveillance,100,0.0,0.0,0.0,0.0,0.0,0.0,0.46,0.0,0.11,0.0,0.0,0.0,0.0,0.0,0.0,0.0,0.0,0.43,0.0,0.0,0.0,0.0,0.0,0.0,0.0,0.0,0.46,0.0,0.11,0.0,0.0,0.0,0.0,0.0,0.0,0.0,0.0,0.43,0.0,0.0,hard,"{""ai_coding_innovations"": 0.1, ""ai_copyright_theft"": 0.45, ""ai_mass_surveillance"": 0.45}","{""ai_coding_innovations"": 0.11, ""ai_copyright_theft"": 0.46, ""ai_mass_surveillance"": 0.43}"
user_0995,coding_heavy,Mostly AI coding innovations,100,0.0,0.0,0.0,0.0,0.0,0.0,0.13,0.0,0.77,0.0,0.0,0.0,0.0,0.0,0.0,0.0,0.0,0.1,0.0,0.0,0.0,0.0,0.0,0.0,0.0,0.0,0.13,0.0,0.77,0.0,0.0,0.0,0.0,0.0,0.0,0.0,0.0,0.1,0.0,0.0,hard,"{""ai_coding_innovations"": 0.8, ""ai_copyright_theft"": 0.1, ""ai_mass_surveillance"": 0.1}","{""ai_coding_innovations"": 0.77, ""ai_copyright_theft"": 0.13, ""ai_mass_surveillance"": 0.1}"
user_0996,copyright_heavy,Mostly AI copyright / theft concerns,100,0.0,0.0,0.0,0.0,0.0,0.0,0.73,0.0,0.15,0.0,0.0,0.0,0.0,0.0,0.0,0.0,0.0,0.12,0.0,0.0,0.0,0.0,0.0,0.0,0.0,0.0,0.73,0.0,0.15,0.0,0.0,0.0,0.0,0.0,0.0,0.0,0.0,0.12,0.0,0.0,hard,"{""ai_coding_innovations"": 0.1, ""ai_copyright_theft"": 0.8, ""ai_mass_surveillance"": 0.1}","{""ai_coding_innovations"": 0.15, ""ai_copyright_theft"": 0.73, ""ai_mass_surveillance"": 0.12}"
user_0997,surveillance_heavy,Mostly AI mass surveillance,100,0.0,0.0,0.0,0.0,0.0,0.0,0.1,0.0,0.1,0.0,0.0,0.0,0.0,0.0,0.0,0.0,0.0,0.8,0.0,0.0,0.0,0.0,0.0,0.0,0.0,0.0,0.1,0.0,0.1,0.0,0.0,0.0,0.0,0.0,0.0,0.0,0.0,0.8,0.0,0.0,hard,"{""ai_coding_innovations"": 0.1, ""ai_copyright_theft"": 0.1, ""ai_mass_surveillance"": 0.8}","{""ai_coding_innovations"": 0.1, ""ai_copyright_theft"": 0.1, ""ai_mass_surveillance"": 0.8}"
user_0998,balanced,Even across all topics,100,0.0,0.0,0.0,0.0,0.0,0.0,0.42,0.0,0.3,0.0,0.0,0.0,0.0,0.0,0.0,0.0,0.0,0.28,0.0,0.0,0.0,0.0,0.0,0.0,0.0,0.0,0.42,0.0,0.3,0.0,0.0,0.0,0.0,0.0,0.0,0.0,0.0,0.28,0.0,0.0,hard,"{""ai_coding_innovations"": 0.333333, ""ai_copyright_theft"": 0.333333, ""ai_mass_surveillance"": 0.333334}","{""ai_coding_innovations"": 0.3, ""ai_copyright_theft"": 0.42, ""ai_mass_surveillance"": 0.28}"
user_0999,coding_copyright,Split: coding + copyright,100,0.0,0.0,0.0,0.0,0.0,0.0,0.48,0.0,0.44,0.0,0.0,0.0,0.0,0.0,0.0,0.0,0.0,0.08,0.0,0.0,0.0,0.0,0.0,0.0,0.0,0.0,0.48,0.0,0.44,0.0,0.0,0.0,0.0,0.0,0.0,0.0,0.0,0.08,0.0,0.0,hard,"{""ai_coding_innovations"": 0.45, ""ai_copyright_theft"": 0.45, ""ai_mass_surveillance"": 0.1}","{""ai_coding_innovations"": 0.44, ""ai_copyright_theft"": 0.48, ""ai_mass_surveillance"": 0.08}"
user_1000,coding_surveillance,Split: coding + surveillance,100,0.0,0.0,0.0,0.0,0.0,0.0,0.12,0.0,0.51,0.0,0.0,0.0,0.0,0.0,0.0,0.0,0.0,0.37,0.0,0.0,0.0,0.0,0.0,0.0,0.0,0.0,0.12,0.0,0.51,0.0,0.0,0.0,0.0,0.0,0.0,0.0,0.0,0.37,0.0,0.0,hard,"{""ai_coding_innovations"": 0.45, ""ai_copyright_theft"": 0.1, ""ai_mass_surveillance"": 0.45}","{""ai_coding_innovations"": 0.51, ""ai_copyright_theft"": 0.12, ""ai_mass_surveillance"": 0.37}"
