user_id,profile_id,profile_label,n_posts,w0,w1,w2,w3,w4,w5,w6,w7,w8,w9,w10,w11,w12,w13,w14,w15,w16,w17,w18,w19,gt_w0,gt_w1,gt_w2,gt_w3,gt_w4,gt_w5,gt_w6,gt_w7,gt_w8,gt_w9,gt_w10,gt_w11,gt_w12,gt_w13,gt_w14,gt_w15,gt_w16,gt_w17,gt_w18,gt_w19,assignment_type,topic_distribution,empirical_topic_distribution
user_0001,coding_heavy,Mostly AI coding innovations,100,0.0219713445445836,0.13000711367040677,0.014953746062825351,0.014697901123213671,0.01761193633384863,0.05174487228638037,0.039073650317701096,0.03462441230018475,0.12499124772174534,0.03362563153888133,0.01604731759113802,0.028921848082660004,0.09959682600514573,0.013213922618283433,0.11036243414597068,0.02490749086355269,0.09385716800045983,0.07642615458283651,0.04320544819720475,0.010159534012977409,0.0,0.0,0.0,0.0,0.0,0.0,0.1,0.0,0.79,0.0,0.0,0.0,0.0,0.0,0.0,0.0,0.0,0.11,0.0,0.0,soft,"{""ai_coding_innovations"": 0.8, ""ai_copyright_theft"": 0.1, ""ai_mass_surveillance"": 0.1}","{""ai_coding_innovations"": 0.79, ""ai_copyright_theft"": 0.1, ""ai_mass_surveillance"": 0.11}"
user_0002,copyright_heavy,Mostly AI copyright / theft concerns,100,0.029750638725405426,0.04611610134218454,0.0474717496850259,0.013112159332261293,0.03496455516688733,0.023953957396008488,0.11227997288554502,0.035897569391148236,0.05717411812017101,0.10573682158066959,0.04964035309541066,0.08251366284209671,0.03975154088307812,0.015231633258798902,0.04910760904057835,0.07354312835763475,0.043605479897556546,0.07448346268706887,0.029397429827524114,0.036268056484946236,0.0,0.0,0.0,0.0,0.0,0.0,0.76,0.0,0.14,0.0,0.0,0.0,0.0,0.0,0.0,0.0,0.0,0.1,0.0,0.0,soft,"{""ai_coding_innovations"": 0.1, ""ai_copyright_theft"": 0.8, ""ai_mass_surveillance"": 0.1}","{""ai_coding_innovations"": 0.14, ""ai_copyright_theft"": 0.76, ""ai_mass_surveillance"": 0.1}"
user_0003,surveillance_heavy,Mostly AI mass surveillance,100,0.08816988244763944,0.05355706122424973,0.01865588609857732,0.048705631665732226,0.020572086956323742,0.019532896129384112,0.04342835848651832,0.08121368016023063,0.06485737822095626,0.03889469522410274,0.01680496327446718,0.03213059047310773,0.036303334451911945,0.044518668420186126,0.04890240426610021,0.032894763503670245,0.04002635067834627,0.22622035260432138,0.029118287636855658,0.01549272807731864,0.0,0.0,0.0,0.0,0.0,0.0,0.11,0.0,0.1,0.0,0.0,0.0,0.0,0.0,0.0,0.0,0.0,0.79,0.0,0.0,soft,"{""ai_coding_innovations"": 0.1, ""ai_copyright_theft"": 0.1, ""ai_mass_surveillance"": 0.8}","{""ai_coding_innovations"": 0.1, ""ai_copyright_theft"": 0.11, ""ai_mass_surveillance"": 0.79}"
user_0004,balanced,Even across all topics,100,0.04427601945319705,0.07165902626442827,0.03015924990333047,0.023727743976481953,0.026007467149076993,0.030447562820948754,0.07216766648067535,0.04849398380009357,0.07829964409479351,0.06650452725279349,0.030878963336639434,0.05315477985190132,0.0554704300358436,0.023038956644740972,0.06614682002997485,0.048349921432323674,0.0566091204421525,0.11839360363365638,0.03317183561647093,0.023042677780476823,0.0,0.0,0.0,0.0,0.0,0.0,0.39,0.0,0.31,0.0,0.0,0.0,0.0,0.0,0.0,0.0,0.0,0.3,0.0,0.0,soft,"{""ai_coding_innovations"": 0.333333, ""ai_copyright_theft"": 0.333333, ""ai_mass_surveillance"": 0.333334}","{""ai_coding_innovations"": 0.31, ""ai_copyright_theft"": 0.39, ""ai_mass_surveillance"": 0.3}"
user_0005,coding_copyright,Split: coding + copyright,100,0.027407480038046855,0.07720635748386727,0.03518363731703811,0.014023646019419515,0.0284162284884562,0.03419045888990151,0.08457994801297179,0.03584065688736855,0.08232258076279653,0.07846012239377105,0.03691798955792991,0.062235623530937506,0.061850404068409866,0.014752989636246269,0.0717573297532532,0.05518675918873546,0.06215550394585953,0.07658773558383461,0.03450098644678284,0.026423561994373502,0.0,0.0,0.0,0.0,0.0,0.0,0.51,0.0,0.38,0.0,0.0,0.0,0.0,0.0,0.0,0.0,0.0,0.11,0.0,0.0,soft,"{""ai_coding_innovations"": 0.45, ""ai_copyright_theft"": 0.45, ""ai_mass_surveillance"": 0.1}","{""ai_coding_innovations"": 0.38, ""ai_copyright_theft"": 0.51, ""ai_mass_surveillance"": 0.11}"
user_0006,coding_surveillance,Split: coding + surveillance,100,0.06710421947886401,0.08320804270905872,0.015197895466986102,0.03828039184543163,0.018421707156011383,0.03148926963894318,0.036876739871689386,0.06668665661259393,0.0883102356097958,0.032137569536984566,0.014182984332303274,0.027327928505325776,0.06016875942506586,0.03467492792012573,0.07229986266920102,0.026963584042094,0.06027784441857497,0.1799418917593367,0.0344646895525103,0.011984799449103743,0.0,0.0,0.0,0.0,0.0,0.0,0.06,0.0,0.36,0.0,0.0,0.0,0.0,0.0,0.0,0.0,0.0,0.58,0.0,0.0,soft,"{""ai_coding_innovations"": 0.45, ""ai_copyright_theft"": 0.1, ""ai_mass_surveillance"": 0.45}","{""ai_coding_innovations"": 0.36, ""ai_copyright_theft"": 0.06, ""ai_mass_surveillance"": 0.58}"
user_0007,copyright_surveillance,Split: copyright + surveillance,100,0.06829979403575967,0.046601500435418886,0.030352105371306597,0.03626952262705317,0.026471837074164953,0.019618647826656066,0.07114078769448423,0.0655521560303699,0.058655612223230284,0.06585260374121342,0.029952280638920276,0.052410677665041976,0.03438052511825036,0.034459177109969874,0.045780568659946314,0.04953786700469318,0.038649070283481066,0.1734556690679681,0.02849539328055274,0.024064204111518817,0.0,0.0,0.0,0.0,0.0,0.0,0.37,0.0,0.08,0.0,0.0,0.0,0.0,0.0,0.0,0.0,0.0,0.55,0.0,0.0,soft,"{""ai_coding_innovations"": 0.1, ""ai_copyright_theft"": 0.45, ""ai_mass_surveillance"": 0.45}","{""ai_coding_innovations"": 0.08, ""ai_copyright_theft"": 0.37, ""ai_mass_surveillance"": 0.55}"
user_0008,coding_heavy,Mostly AI coding innovations,100,0.022545136609815043,0.13276525673638534,0.013520697294658995,0.015247592388823816,0.016861034713987425,0.0525619324455774,0.035791638842590276,0.03522011884318663,0.1272443280937153,0.0304064640302162,0.014523851206569934,0.026519493158381473,0.10144151156588758,0.01356111983463768,0.1122972207942607,0.022798533966702728,0.09539654304385525,0.07861712948013788,0.043638318023554175,0.009042078927056229,0.0,0.0,0.0,0.0,0.0,0.0,0.07,0.0,0.81,0.0,0.0,0.0,0.0,0.0,0.0,0.0,0.0,0.12,0.0,0.0,soft,"{""ai_coding_innovations"": 0.8, ""ai_copyright_theft"": 0.1, ""ai_mass_surveillance"": 0.1}","{""ai_coding_innovations"": 0.81, ""ai_copyright_theft"": 0.07, ""ai_mass_surveillance"": 0.12}"
user_0009,copyright_heavy,Mostly AI copyright / theft concerns,100,0.029442024001318522,0.04078231163296015,0.049891622416812394,0.01252957757378315,0.03624249542843672,0.02228058438820275,0.11778180376042517,0.03536119185239924,0.05283963935995964,0.11114303742371952,0.05218190103933446,0.08654107998336438,0.03606556644737356,0.01495951248234529,0.04528964656825341,0.0771291227337619,0.04051968221735132,0.07230036978981619,0.02853995211091022,0.03817887878947208,0.0,0.0,0.0,0.0,0.0,0.0,0.81,0.0,0.1,0.0,0.0,0.0,0.0,0.0,0.0,0.0,0.0,0.09,0.0,0.0,soft,"{""ai_coding_innovations"": 0.1, ""ai_copyright_theft"": 0.8, ""ai_mass_surveillance"": 0.1}","{""ai_coding_innovations"": 0.1, ""ai_copyright_theft"": 0.81, ""ai_mass_surveillance"": 0.09}"
user_0010,surveillance_heavy,Mostly AI mass surveillance,100,0.08370985807461478,0.055220225753832015,0.019900186157688272,0.04615451829488962,0.02116436320550079,0.02058547242505132,0.04651949946345666,0.07787917341970409,0.06608036669055506,0.041868242761119105,0.018313805841173425,0.0343919917925655,0.0381276398979791,0.04233222369901114,0.050527525968860426,0.03457732311225674,0.04160801128222786,0.21521818611752228,0.029501585846695468,0.016319800195296337,0.0,0.0,0.0,0.0,0.0,0.0,0.14,0.0,0.12,0.0,0.0,0.0,0.0,0.0,0.0,0.0,0.0,0.74,0.0,0.0,soft,"{""ai_coding_innovations"": 0.1, ""ai_copyright_theft"": 0.1, ""ai_mass_surveillance"": 0.8}","{""ai_coding_innovations"": 0.12, ""ai_copyright_theft"": 0.14, ""ai_mass_surveillance"": 0.74}"
user_0011,balanced,Even across all topics,100,0.0422003146287282,0.0751575033838316,0.02957146356699269,0.0227434781702997,0.025664635142890815,0.03181053747268523,0.07096232153170444,0.047094919199204784,0.08107837770969858,0.06528819309977665,0.030362610648030666,0.052271771940996345,0.05822556997672946,0.022081794672380296,0.06886836211751741,0.04739820404855335,0.05894284958419589,0.11398406683888321,0.03379222357969777,0.02250080268720275,0.0,0.0,0.0,0.0,0.0,0.0,0.38,0.0,0.34,0.0,0.0,0.0,0.0,0.0,0.0,0.0,0.0,0.28,0.0,0.0,soft,"{""ai_coding_innovations"": 0.333333, ""ai_copyright_theft"": 0.333333, ""ai_mass_surveillance"": 0.333334}","{""ai_coding_innovations"": 0.34, ""ai_copyright_theft"": 0.38, ""ai_mass_surveillance"": 0.28}"
user_0012,coding_copyright,Split: coding + copyright,100,0.02515574916006336,0.07408322157242328,0.03750913569429688,0.012440353208325112,0.02961485606466349,0.03345190410952782,0.08998634363876565,0.03393487924985721,0.07972613642336955,0.08374352825099664,0.03945222559292277,0.06619256386979482,0.05999892513610975,0.01356124510738228,0.06971932145645335,0.05855955492073089,0.06063022408929282,0.06999904689183313,0.03405159274826357,0.02818919281492761,0.0,0.0,0.0,0.0,0.0,0.0,0.56,0.0,0.36,0.0,0.0,0.0,0.0,0.0,0.0,0.0,0.0,0.08,0.0,0.0,soft,"{""ai_coding_innovations"": 0.45, ""ai_copyright_theft"": 0.45, ""ai_mass_surveillance"": 0.1}","{""ai_coding_innovations"": 0.36, ""ai_copyright_theft"": 0.56, ""ai_mass_surveillance"": 0.08}"
user_0013,coding_surveillance,Split: coding + surveillance,100,0.05487173049025314,0.09371382242976263,0.01606469810798624,0.03172643426412397,0.018696732663820066,0.03628111884433884,0.03958613985228271,0.05787454947701805,0.09648536176253204,0.03461987713070338,0.01566257926328583,0.029307422615142024,0.06933104688475092,0.028809988189309313,0.08104480107406162,0.027793349074153553,0.06810157631701048,0.15131734209354228,0.03648032383472855,0.012231105631194512,0.0,0.0,0.0,0.0,0.0,0.0,0.09,0.0,0.46,0.0,0.0,0.0,0.0,0.0,0.0,0.0,0.0,0.45,0.0,0.0,soft,"{""ai_coding_innovations"": 0.45, ""ai_copyright_theft"": 0.1, ""ai_mass_surveillance"": 0.45}","{""ai_coding_innovations"": 0.46, ""ai_copyright_theft"": 0.09, ""ai_mass_surveillance"": 0.45}"
user_0014,copyright_surveillance,Split: copyright + surveillance,100,0.05628904500535097,0.04662219716040681,0.0356124286713335,0.029067202301531325,0.029078880126899374,0.021024498327028518,0.0837916573494963,0.05632232936455076,0.05833346283927239,0.07811522384675194,0.03600958663253804,0.06166771335010417,0.03617426039230541,0.028472269482501093,0.046941192944411944,0.056907701371434305,0.040294159228091854,0.1426637905050184,0.02880433406562813,0.027808067035344816,0.0,0.0,0.0,0.0,0.0,0.0,0.49,0.0,0.1,0.0,0.0,0.0,0.0,0.0,0.0,0.0,0.0,0.41,0.0,0.0,soft,"{""ai_coding_innovations"": 0.1, ""ai_copyright_theft"": 0.45, ""ai_mass_surveillance"": 0.45}","{""ai_coding_innovations"": 0.1, ""ai_copyright_theft"": 0.49, ""ai_mass_surveillance"": 0.41}"
user_0015,coding_heavy,Mostly AI coding innovations,100,0.018924081643166477,0.13461091768870034,0.014318772549223731,0.013213279790723289,0.017229447984991413,0.05357525605183293,0.03782058774418706,0.0325406476499148,0.12863899854704264,0.03234789239295234,0.015527308948063794,0.028003601770549832,0.10326921369773386,0.011796948769717564,0.11397395332127577,0.023849174157716493,0.09697115605432245,0.06981381989068894,0.044029878169478905,0.009545063177717463,0.0,0.0,0.0,0.0,0.0,0.0,0.09,0.0,0.83,0.0,0.0,0.0,0.0,0.0,0.0,0.0,0.0,0.08,0.0,0.0,soft,"{""ai_coding_innovations"": 0.8, ""ai_copyright_theft"": 0.1, ""ai_mass_surveillance"": 0.1}","{""ai_coding_innovations"": 0.83, ""ai_copyright_theft"": 0.09, ""ai_mass_surveillance"": 0.08}"
user_0016,copyright_heavy,Mostly AI copyright / theft concerns,100,0.029133409277231626,0.03544852192373577,0.05231149514859885,0.011946995815305004,0.03752043568998612,0.020607211380397002,0.12328363463530534,0.03482481431365024,0.04850516059974828,0.11654925326676946,0.054723448983258226,0.09056849712463201,0.032379592011669005,0.014687391705891673,0.041471684095928475,0.08071511710988909,0.03743388453714612,0.07011727689256347,0.027682474394296334,0.04008970109399795,0.0,0.0,0.0,0.0,0.0,0.0,0.86,0.0,0.06,0.0,0.0,0.0,0.0,0.0,0.0,0.0,0.0,0.08,0.0,0.0,soft,"{""ai_coding_innovations"": 0.1, ""ai_copyright_theft"": 0.8, ""ai_mass_surveillance"": 0.1}","{""ai_coding_innovations"": 0.06, ""ai_copyright_theft"": 0.86, ""ai_mass_surveillance"": 0.08}"
user_0017,surveillance_heavy,Mostly AI mass surveillance,100,0.08733091304126342,0.05337456480151702,0.019102110903123533,0.04818883089299011,0.02079594993449679,0.01957214881879581,0.044490550561859826,0.0805586446129759,0.06468569623722774,0.03992681439838297,0.017310348099679577,0.03290788318039709,0.036299937766132835,0.04409639476393126,0.048850793441845265,0.03352668292124297,0.04003339827176062,0.2240214957069713,0.02911002570077073,0.01581681594463512,0.0,0.0,0.0,0.0,0.0,0.0,0.12,0.0,0.1,0.0,0.0,0.0,0.0,0.0,0.0,0.0,0.0,0.78,0.0,0.0,soft,"{""ai_coding_innovations"": 0.1, ""ai_copyright_theft"": 0.1, ""ai_mass_surveillance"": 0.8}","{""ai_coding_innovations"": 0.1, ""ai_copyright_theft"": 0.12, ""ai_mass_surveillance"": 0.78}"
user_0018,balanced,Even across all topics,100,0.0443194568361394,0.07956846261689848,0.02675255320792385,0.024343216227828125,0.024202488245839433,0.03297724867736324,0.06444601620602593,0.0489710323345897,0.08471552124324629,0.05891126307535864,0.027319333833359948,0.04750230049364451,0.06099769334651088,0.023236000981293966,0.07184795832633478,0.04328688957691931,0.06124134075916749,0.1205688145308604,0.0344539212233493,0.02033848825734629,0.0,0.0,0.0,0.0,0.0,0.0,0.32,0.0,0.37,0.0,0.0,0.0,0.0,0.0,0.0,0.0,0.0,0.31,0.0,0.0,soft,"{""ai_coding_innovations"": 0.333333, ""ai_copyright_theft"": 0.333333, ""ai_mass_surveillance"": 0.333334}","{""ai_coding_innovations"": 0.37, ""ai_copyright_theft"": 0.32, ""ai_mass_surveillance"": 0.31}"
user_0019,coding_copyright,Split: coding + copyright,100,0.02206277235395868,0.09579372161728016,0.029567356808071966,0.012203121624961054,0.02535889058848706,0.0407698160121137,0.07218007081606811,0.0327755471664531,0.09724634073969297,0.0661857365830055,0.031303917163611694,0.053156827732676444,0.07564648388751383,0.012500821711972095,0.08567470513649585,0.046636655764447324,0.07378186409559022,0.06773319299406919,0.037652497879426726,0.021769659324104247,0.0,0.0,0.0,0.0,0.0,0.0,0.4,0.0,0.53,0.0,0.0,0.0,0.0,0.0,0.0,0.0,0.0,0.07,0.0,0.0,soft,"{""ai_coding_innovations"": 0.45, ""ai_copyright_theft"": 0.45, ""ai_mass_surveillance"": 0.1}","{""ai_coding_innovations"": 0.53, ""ai_copyright_theft"": 0.4, ""ai_mass_surveillance"": 0.07}"
user_0020,coding_surveillance,Split: coding + surveillance,100,0.051118086853032256,0.09684730670370056,0.016369361380740893,0.029708566912457456,0.01880162661397997,0.037722598874898684,0.04050517905399487,0.0551654137816198,0.09892073140998,0.035467781326247054,0.01615699622510184,0.029979000118815807,0.07207939345407849,0.0270082789044389,0.0836631215130943,0.028105470525528677,0.07044940064588258,0.14251009150406893,0.037084187925785536,0.01233740627255339,0.0,0.0,0.0,0.0,0.0,0.0,0.1,0.0,0.49,0.0,0.0,0.0,0.0,0.0,0.0,0.0,0.0,0.41,0.0,0.0,soft,"{""ai_coding_innovations"": 0.45, ""ai_copyright_theft"": 0.1, ""ai_mass_surveillance"": 0.45}","{""ai_coding_innovations"": 0.49, ""ai_copyright_theft"": 0.1, ""ai_mass_surveillance"": 0.41}"
user_0021,copyright_surveillance,Split: copyright + surveillance,100,0.06132286144360702,0.047717175696803046,0.0329350798440562,0.03216800693798412,0.027735702257861115,0.02078898219055835,0.07741850489744714,0.060252542648079166,0.05936355474164352,0.0719225088010705,0.0329772776812637,0.05700395710636789,0.03619464050698013,0.0310059114200303,0.04725085788994166,0.05311618486599788,0.04025187366760571,0.1558569318891188,0.028853905682137745,0.02586353983144595,0.0,0.0,0.0,0.0,0.0,0.0,0.43,0.0,0.1,0.0,0.0,0.0,0.0,0.0,0.0,0.0,0.0,0.47,0.0,0.0,soft,"{""ai_coding_innovations"": 0.1, ""ai_copyright_theft"": 0.45, ""ai_mass_surveillance"": 0.45}","{""ai_coding_innovations"": 0.1, ""ai_copyright_theft"": 0.43, ""ai_mass_surveillance"": 0.47}"
user_0022,coding_heavy,Mostly AI coding innovations,100,0.027535515665128758,0.12595079892031136,0.01425004516278832,0.017732924773930438,0.01732283574818673,0.049796730452692776,0.037140136665190546,0.03867328359221893,0.12185854284763371,0.0318070131619696,0.01505117175857509,0.02750821627290201,0.09593462836989503,0.015897717435613905,0.10690574744343041,0.024070049316670672,0.09072203716635419,0.08963505996703432,0.04240580403318538,0.009801741246287913,0.0,0.0,0.0,0.0,0.0,0.0,0.08,0.0,0.75,0.0,0.0,0.0,0.0,0.0,0.0,0.0,0.0,0.17,0.0,0.0,soft,"{""ai_coding_innovations"": 0.8, ""ai_copyright_theft"": 0.1, ""ai_mass_surveillance"": 0.1}","{""ai_coding_innovations"": 0.75, ""ai_copyright_theft"": 0.08, ""ai_mass_surveillance"": 0.17}"
user_0023,copyright_heavy,Mostly AI copyright / theft concerns,100,0.02930943533074624,0.04207013495458304,0.04939821043500233,0.01254602282021716,0.03597897610759264,0.022708740812507112,0.11667189406054053,0.03533152735027281,0.05388033855408035,0.11004951325652712,0.05167286025965662,0.08572854887486982,0.0369862108848549,0.014921974262394977,0.04623123448027091,0.0763906039941233,0.0412928935357562,0.07229642878979183,0.028752256056042463,0.03778219518016974,0.0,0.0,0.0,0.0,0.0,0.0,0.8,0.0,0.11,0.0,0.0,0.0,0.0,0.0,0.0,0.0,0.0,0.09,0.0,0.0,soft,"{""ai_coding_innovations"": 0.1, ""ai_copyright_theft"": 0.8, ""ai_mass_surveillance"": 0.1}","{""ai_coding_innovations"": 0.11, ""ai_copyright_theft"": 0.8, ""ai_mass_surveillance"": 0.09}"
user_0024,surveillance_heavy,Mostly AI mass surveillance,100,0.08499003087565002,0.05944868856416618,0.01752750060316563,0.047237455579675874,0.019926079286622437,0.021791436319141027,0.041065386213119615,0.07910025100783429,0.06954582824037425,0.036523431910981306,0.01577591385171512,0.030399813052502965,0.040896366581981425,0.04306415635166995,0.053455511353422844,0.031097928058195414,0.043913550050613814,0.2196040769121494,0.03015502155426208,0.014481573632756367,0.0,0.0,0.0,0.0,0.0,0.0,0.09,0.0,0.15,0.0,0.0,0.0,0.0,0.0,0.0,0.0,0.0,0.76,0.0,0.0,soft,"{""ai_coding_innovations"": 0.1, ""ai_copyright_theft"": 0.1, ""ai_mass_surveillance"": 0.8}","{""ai_coding_innovations"": 0.15, ""ai_copyright_theft"": 0.09, ""ai_mass_surveillance"": 0.76}"
user_0025,balanced,Even across all topics,100,0.050016216627256894,0.07422432454518016,0.026542264289696894,0.027361794632110883,0.02417690698102162,0.030600950419371265,0.06362241225340004,0.053049568128750266,0.08054211717501387,0.058186168865639376,0.026832228780474858,0.0469011997923811,0.056414851273778835,0.02595733401857475,0.06744968371177702,0.043187966769675915,0.05733299860665691,0.1337816609150825,0.033441973114197714,0.020377379099959132,0.0,0.0,0.0,0.0,0.0,0.0,0.31,0.0,0.32,0.0,0.0,0.0,0.0,0.0,0.0,0.0,0.0,0.37,0.0,0.0,soft,"{""ai_coding_innovations"": 0.333333, ""ai_copyright_theft"": 0.333333, ""ai_mass_surveillance"": 0.333334}","{""ai_coding_innovations"": 0.32, ""ai_copyright_theft"": 0.31, ""ai_mass_surveillance"": 0.37}"
user_0026,coding_copyright,Split: coding + copyright,100,0.024536243190144358,0.0884317745330081,0.03163537908983994,0.013138051691841283,0.0264922805572055,0.03812237208746412,0.07671514486469296,0.03426360527372119,0.09134550954242579,0.07068264323759965,0.03334739219125402,0.056477428969065144,0.07012941063418386,0.013570598344183707,0.08012839931290078,0.0498039293671335,0.06912850099833225,0.07215455278891544,0.036395198080803166,0.023501585245285356,0.0,0.0,0.0,0.0,0.0,0.0,0.44,0.0,0.47,0.0,0.0,0.0,0.0,0.0,0.0,0.0,0.0,0.09,0.0,0.0,soft,"{""ai_coding_innovations"": 0.45, ""ai_copyright_theft"": 0.45, ""ai_mass_surveillance"": 0.1}","{""ai_coding_innovations"": 0.47, ""ai_copyright_theft"": 0.44, ""ai_mass_surveillance"": 0.09}"
user_0027,coding_surveillance,Split: coding + surveillance,100,0.064587311259736,0.08266055344086057,0.016536569880624748,0.03672998952720523,0.019093296090530506,0.03160702770717825,0.04006331609771397,0.06472154997082971,0.08779518965861019,0.03523392705982528,0.01569913880794044,0.029659806627193933,0.06015856936772849,0.03340810695136112,0.07214503019643619,0.028859342294812206,0.06029898719881801,0.17334532106728645,0.0344399037442555,0.012957063051053175,0.0,0.0,0.0,0.0,0.0,0.0,0.09,0.0,0.36,0.0,0.0,0.0,0.0,0.0,0.0,0.0,0.0,0.55,0.0,0.0,soft,"{""ai_coding_innovations"": 0.45, ""ai_copyright_theft"": 0.1, ""ai_mass_surveillance"": 0.45}","{""ai_coding_innovations"": 0.36, ""ai_copyright_theft"": 0.09, ""ai_mass_surveillance"": 0.55}"
user_0028,copyright_surveillance,Split: copyright + surveillance,100,0.05756921780638618,0.05085065997074098,0.03323974311681087,0.030150139586317595,0.027840596208021026,0.02223046222111823,0.07833754409915927,0.05754340695268094,0.06179892438909157,0.07277041299661416,0.03347169464307971,0.05767553461004168,0.03894298707630772,0.02920420213515989,0.049869178328974355,0.05342830631737301,0.04259969799647782,0.14704968129964555,0.029457769773194725,0.02596984047280483,0.0,0.0,0.0,0.0,0.0,0.0,0.44,0.0,0.13,0.0,0.0,0.0,0.0,0.0,0.0,0.0,0.0,0.43,0.0,0.0,soft,"{""ai_coding_innovations"": 0.1, ""ai_copyright_theft"": 0.45, ""ai_mass_surveillance"": 0.45}","{""ai_coding_innovations"": 0.13, ""ai_copyright_theft"": 0.44, ""ai_mass_surveillance"": 0.43}"
user_0029,coding_heavy,Mostly AI coding innovations,100,0.02740292699455648,0.1272386222419343,0.013756633180978252,0.01774937002036444,0.017059316427342645,0.05022488687699713,0.036030226965305896,0.0386436190900925,0.1228992420417544,0.030713488994777157,0.014542130978897241,0.026695685164407436,0.09685527280737638,0.01586017921566359,0.10784733535544794,0.023331530577032075,0.09149524848475905,0.08963111896700997,0.042618107978317624,0.009405057636985565,0.0,0.0,0.0,0.0,0.0,0.0,0.07,0.0,0.76,0.0,0.0,0.0,0.0,0.0,0.0,0.0,0.0,0.17,0.0,0.0,soft,"{""ai_coding_innovations"": 0.8, ""ai_copyright_theft"": 0.1, ""ai_mass_surveillance"": 0.1}","{""ai_coding_innovations"": 0.76, ""ai_copyright_theft"": 0.07, ""ai_mass_surveillance"": 0.17}"
user_0030,copyright_heavy,Mostly AI copyright / theft concerns,100,0.02802926252971105,0.037841672144248883,0.05177089598952491,0.011463085535430885,0.03721726002647098,0.021502776918417413,0.12212600731087753,0.03411044976214263,0.050414877004261165,0.11539432410666481,0.054210752249114896,0.08972072761493224,0.03421748420085259,0.014190041609736175,0.043303249095708506,0.07986999904818459,0.03898735476737024,0.06791053799516471,0.02809882034847588,0.039620421742709716,0.0,0.0,0.0,0.0,0.0,0.0,0.85,0.0,0.08,0.0,0.0,0.0,0.0,0.0,0.0,0.0,0.0,0.07,0.0,0.0,soft,"{""ai_coding_innovations"": 0.1, ""ai_copyright_theft"": 0.8, ""ai_mass_surveillance"": 0.1}","{""ai_coding_innovations"": 0.08, ""ai_copyright_theft"": 0.85, ""ai_mass_surveillance"": 0.07}"
user_0031,surveillance_heavy,Mostly AI mass surveillance,100,0.09165834874371576,0.05299922359355764,0.017364398862202517,0.05075638951026673,0.01994015436447566,0.01894772894743297,0.04028949988503683,0.083863486851376,0.06450340696174965,0.0358597426941742,0.01529246475329548,0.02983395075244474,0.03539627675754708,0.04624530126515592,0.04816725965110252,0.03110560457301789,0.03922494898628394,0.235019721193746,0.02893903143606316,0.014593060217355082,0.0,0.0,0.0,0.0,0.0,0.0,0.08,0.0,0.09,0.0,0.0,0.0,0.0,0.0,0.0,0.0,0.0,0.83,0.0,0.0,soft,"{""ai_coding_innovations"": 0.1, ""ai_copyright_theft"": 0.1, ""ai_mass_surveillance"": 0.8}","{""ai_coding_innovations"": 0.09, ""ai_copyright_theft"": 0.08, ""ai_mass_surveillance"": 0.83}"
user_0032,balanced,Even across all topics,100,0.050944337321262786,0.06520956129381973,0.02999614816236735,0.027246677907072848,0.026021542226930216,0.027603855449240725,0.07139178015259258,0.0532572196436353,0.07325722281616892,0.0658408380359864,0.030395514238219817,0.0525889175518431,0.04997034021140929,0.02622010155822692,0.06085856832765454,0.048357597947146155,0.05192051937782266,0.13380924791525292,0.03195584549827201,0.023154164365075544,0.0,0.0,0.0,0.0,0.0,0.0,0.38,0.0,0.25,0.0,0.0,0.0,0.0,0.0,0.0,0.0,0.0,0.37,0.0,0.0,soft,"{""ai_coding_innovations"": 0.333333, ""ai_copyright_theft"": 0.333333, ""ai_mass_surveillance"": 0.333334}","{""ai_coding_innovations"": 0.25, ""ai_copyright_theft"": 0.38, ""ai_mass_surveillance"": 0.37}"
user_0033,coding_copyright,Split: coding + copyright,100,0.027626943474503857,0.09173740686718472,0.028863655908034937,0.015238145275677812,0.025069790002825148,0.03882167417842608,0.07024655716355756,0.03682441845848727,0.09411363586558127,0.0643671182060938,0.03030777133104875,0.051743195922918456,0.07198428625226305,0.015184616529302563,0.08221801843395558,0.04579921421756531,0.07064673326148456,0.080942098378267,0.03685285371540738,0.02141186655741475,0.0,0.0,0.0,0.0,0.0,0.0,0.38,0.0,0.49,0.0,0.0,0.0,0.0,0.0,0.0,0.0,0.0,0.13,0.0,0.0,soft,"{""ai_coding_innovations"": 0.45, ""ai_copyright_theft"": 0.45, ""ai_mass_surveillance"": 0.1}","{""ai_coding_innovations"": 0.49, ""ai_copyright_theft"": 0.38, ""ai_mass_surveillance"": 0.13}"
user_0034,coding_surveillance,Split: coding + surveillance,100,0.056506231920062815,0.08616937892275787,0.018578945194300422,0.032144563558262056,0.020053985610711533,0.03367292760910094,0.04518340597624911,0.05870757203703136,0.09041284858153624,0.04014890295957773,0.018211439116140534,0.03340531655882009,0.06381057694564186,0.029457491165266053,0.07544688442621159,0.03159254209441242,0.06345526081316674,0.15353984499103837,0.03521476210002004,0.014287119419692091,0.0,0.0,0.0,0.0,0.0,0.0,0.14,0.0,0.4,0.0,0.0,0.0,0.0,0.0,0.0,0.0,0.0,0.46,0.0,0.0,soft,"{""ai_coding_innovations"": 0.45, ""ai_copyright_theft"": 0.1, ""ai_mass_surveillance"": 0.45}","{""ai_coding_innovations"": 0.4, ""ai_copyright_theft"": 0.14, ""ai_mass_surveillance"": 0.46}"
user_0035,copyright_surveillance,Split: copyright + surveillance,100,0.06481132773968336,0.04715933806611094,0.031643592607681424,0.03421876478251864,0.027103769666013022,0.020203815008607212,0.07427964629596567,0.06290234933922453,0.05900958348243691,0.06888755627114197,0.031464779160091966,0.05470731738570497,0.03528758281261524,0.03273254426500009,0.04651571327494401,0.051327025935345535,0.03945047197554339,0.16465630047854346,0.02867464948134527,0.024963871971482362,0.0,0.0,0.0,0.0,0.0,0.0,0.4,0.0,0.09,0.0,0.0,0.0,0.0,0.0,0.0,0.0,0.0,0.51,0.0,0.0,soft,"{""ai_coding_innovations"": 0.1, ""ai_copyright_theft"": 0.45, ""ai_mass_surveillance"": 0.45}","{""ai_coding_innovations"": 0.09, ""ai_copyright_theft"": 0.4, ""ai_mass_surveillance"": 0.51}"
user_0036,coding_heavy,Mostly AI coding innovations,100,0.026431368917608205,0.12834394914082448,0.013709446003714406,0.017249014494056317,0.0170196600846716,0.050692295990713176,0.03598250934076276,0.037958919040711324,0.1237682592521466,0.030652084001864966,0.014538475024431776,0.026660446763202252,0.09777252055907859,0.015400367339458406,0.10873731244321054,0.0232249312549662,0.09227550739657826,0.08742832106963554,0.04282214998736493,0.0093324618949997,0.0,0.0,0.0,0.0,0.0,0.0,0.07,0.0,0.77,0.0,0.0,0.0,0.0,0.0,0.0,0.0,0.0,0.16,0.0,0.0,soft,"{""ai_coding_innovations"": 0.8, ""ai_copyright_theft"": 0.1, ""ai_mass_surveillance"": 0.1}","{""ai_coding_innovations"": 0.77, ""ai_copyright_theft"": 0.07, ""ai_mass_surveillance"": 0.16}"
user_0037,copyright_heavy,Mostly AI copyright / theft concerns,100,0.029574612671890807,0.039494488311337214,0.05038503439862245,0.01251313232734914,0.03650601474928081,0.02185242796389839,0.11889171346030983,0.03539085635452567,0.05179894016583892,0.11223656159091194,0.052690941819012294,0.08735361109185895,0.035144922009892186,0.014997050702295605,0.04434805865623591,0.07786764147340051,0.03974647089894642,0.07230431078984052,0.02832764816577799,0.038575562398774424,0.0,0.0,0.0,0.0,0.0,0.0,0.82,0.0,0.09,0.0,0.0,0.0,0.0,0.0,0.0,0.0,0.0,0.09,0.0,0.0,soft,"{""ai_coding_innovations"": 0.1, ""ai_copyright_theft"": 0.8, ""ai_mass_surveillance"": 0.1}","{""ai_coding_innovations"": 0.09, ""ai_copyright_theft"": 0.82, ""ai_mass_surveillance"": 0.09}"
user_0038,surveillance_heavy,Mostly AI mass surveillance,100,0.08900885185401543,0.05373955764698242,0.0182096612940311,0.04922243243847436,0.020348223978150694,0.019493643439972418,0.042366166411176756,0.08186871570748537,0.0650290602046848,0.03786257604982251,0.016299578449254802,0.031353297765818314,0.03630673113769108,0.04494094207644101,0.04895401509035519,0.032262844086097496,0.04001930308493191,0.22841920950167147,0.029126549572940613,0.015168640210002174,0.0,0.0,0.0,0.0,0.0,0.0,0.1,0.0,0.1,0.0,0.0,0.0,0.0,0.0,0.0,0.0,0.0,0.8,0.0,0.0,soft,"{""ai_coding_innovations"": 0.1, ""ai_copyright_theft"": 0.1, ""ai_mass_surveillance"": 0.8}","{""ai_coding_innovations"": 0.1, ""ai_copyright_theft"": 0.1, ""ai_mass_surveillance"": 0.8}"
user_0039,balanced,Even across all topics,100,0.05390244893504998,0.06980301694961932,0.026731012998752277,0.029363216737343385,0.0243355323517058,0.028731313964507052,0.06381328275157258,0.05578836832627495,0.07706604833344514,0.05843178883728814,0.02684685259833671,0.04704215339720185,0.052745860266969855,0.027796581523395463,0.06388977536072685,0.04361436405793938,0.054211962959379925,0.14259285250458015,0.032625805078008475,0.0206677620679026,0.0,0.0,0.0,0.0,0.0,0.0,0.31,0.0,0.28,0.0,0.0,0.0,0.0,0.0,0.0,0.0,0.0,0.41,0.0,0.0,soft,"{""ai_coding_innovations"": 0.333333, ""ai_copyright_theft"": 0.333333, ""ai_mass_surveillance"": 0.333334}","{""ai_coding_innovations"": 0.28, ""ai_copyright_theft"": 0.31, ""ai_mass_surveillance"": 0.41}"
user_0040,coding_copyright,Split: coding + copyright,100,0.025729541225294816,0.07684136463840183,0.036076086926130534,0.012990044473935253,0.028863954444802276,0.03426896426872486,0.08670433216365482,0.03453058579285907,0.08197921679533947,0.08052436074233153,0.03792875920835467,0.06379020894551628,0.0618436106968516,0.013908442323736529,0.07165410810474328,0.05645059802388094,0.06216959913268824,0.07219002178913447,0.034484462574612976,0.02707173772900645,0.0,0.0,0.0,0.0,0.0,0.0,0.53,0.0,0.38,0.0,0.0,0.0,0.0,0.0,0.0,0.0,0.0,0.09,0.0,0.0,soft,"{""ai_coding_innovations"": 0.45, ""ai_copyright_theft"": 0.45, ""ai_mass_surveillance"": 0.1}","{""ai_coding_innovations"": 0.38, ""ai_copyright_theft"": 0.53, ""ai_mass_surveillance"": 0.09}"
user_0041,coding_surveillance,Split: coding + surveillance,100,0.0559758772377737,0.09132067220924953,0.016605297267060157,0.03221034454399809,0.018999908327335193,0.03538555330631841,0.04074376717671051,0.058588914028525646,0.09457564535801907,0.035774806290808,0.016175275997429146,0.03015519212484178,0.06749315469556731,0.029307338285464807,0.07921323607428155,0.028638467135858017,0.06654810608678634,0.153524080990941,0.036063977880549006,0.012700384982482724,0.0,0.0,0.0,0.0,0.0,0.0,0.1,0.0,0.44,0.0,0.0,0.0,0.0,0.0,0.0,0.0,0.0,0.46,0.0,0.0,soft,"{""ai_coding_innovations"": 0.45, ""ai_copyright_theft"": 0.1, ""ai_mass_surveillance"": 0.45}","{""ai_coding_innovations"": 0.44, ""ai_copyright_theft"": 0.1, ""ai_mass_surveillance"": 0.46}"
user_0042,copyright_surveillance,Split: copyright + surveillance,100,0.053285219486876194,0.059135437531170586,0.03157075846232525,0.028198053220387095,0.02689141287480458,0.025384567948895542,0.07481694450133285,0.05471561324877695,0.06839709081302243,0.0692442205233881,0.031929948486184315,0.055096987679737176,0.04537391139556077,0.02725233997048823,0.05625385041607699,0.050786352810193724,0.0480403675989695,0.13822666671007483,0.030910849644780677,0.024489406676954328,0.0,0.0,0.0,0.0,0.0,0.0,0.41,0.0,0.2,0.0,0.0,0.0,0.0,0.0,0.0,0.0,0.0,0.39,0.0,0.0,soft,"{""ai_coding_innovations"": 0.1, ""ai_copyright_theft"": 0.45, ""ai_mass_surveillance"": 0.45}","{""ai_coding_innovations"": 0.2, ""ai_copyright_theft"": 0.41, ""ai_mass_surveillance"": 0.39}"
user_0043,coding_heavy,Mostly AI coding innovations,100,0.02197134454458358,0.1300071136704068,0.014953746062825346,0.014697901123213668,0.017611936333848638,0.05174487228638036,0.039073650317701096,0.034624412300184766,0.12499124772174534,0.0336256315388813,0.016047317591138022,0.028921848082660025,0.09959682600514572,0.01321392261828343,0.11036243414597074,0.024907490863552657,0.09385716800045985,0.07642615458283648,0.04320544819720474,0.010159534012977398,0.0,0.0,0.0,0.0,0.0,0.0,0.1,0.0,0.79,0.0,0.0,0.0,0.0,0.0,0.0,0.0,0.0,0.11,0.0,0.0,soft,"{""ai_coding_innovations"": 0.8, ""ai_copyright_theft"": 0.1, ""ai_mass_surveillance"": 0.1}","{""ai_coding_innovations"": 0.79, ""ai_copyright_theft"": 0.1, ""ai_mass_surveillance"": 0.11}"
user_0044,copyright_heavy,Mostly AI copyright / theft concerns,100,0.03209152089101887,0.04004197757953535,0.04904635998498379,0.01406353464557553,0.035834425814761685,0.021734669895663302,0.11570513723428526,0.03735596299628988,0.052313986117024494,0.1091402040680712,0.05117478734337512,0.0850217329699908,0.03515511206722958,0.016263871671060214,0.04450289112900077,0.07597188322068231,0.03972532811870335,0.0789008814818907,0.028352433974032795,0.037603298796824995,0.0,0.0,0.0,0.0,0.0,0.0,0.79,0.0,0.09,0.0,0.0,0.0,0.0,0.0,0.0,0.0,0.0,0.12,0.0,0.0,soft,"{""ai_coding_innovations"": 0.1, ""ai_copyright_theft"": 0.8, ""ai_mass_surveillance"": 0.1}","{""ai_coding_innovations"": 0.09, ""ai_copyright_theft"": 0.79, ""ai_mass_surveillance"": 0.12}"
user_0045,surveillance_heavy,Mostly AI mass surveillance,100,0.08441623881041854,0.05669054549818767,0.018960549371331983,0.04668776431406573,0.020676980906483653,0.02097437615994399,0.044347397688230455,0.07850454446483239,0.06729274786840429,0.03974259941964642,0.017299380236283187,0.032802167976781524,0.0390516810212396,0.042716959135315695,0.05152072470513283,0.03320688495504539,0.042374175007218386,0.21741310201484798,0.029722151727912635,0.01559902871867752,0.0,0.0,0.0,0.0,0.0,0.0,0.12,0.0,0.13,0.0,0.0,0.0,0.0,0.0,0.0,0.0,0.0,0.75,0.0,0.0,soft,"{""ai_coding_innovations"": 0.1, ""ai_copyright_theft"": 0.1, ""ai_mass_surveillance"": 0.8}","{""ai_coding_innovations"": 0.13, ""ai_copyright_theft"": 0.12, ""ai_mass_surveillance"": 0.75}"
user_0046,balanced,Even across all topics,100,0.04233290329930048,0.07386968006220872,0.03006487554880277,0.022727032923865707,0.02592815446373491,0.03138238104838087,0.07207223123158911,0.04712458370133123,0.08003767851557789,0.0663817172669691,0.03087165142770852,0.053084303049490925,0.05730492553924809,0.02211933289233061,0.06792677420549992,0.04813672278819195,0.058169638265791024,0.11398800783890757,0.03357991963456554,0.022897486296505096,0.0,0.0,0.0,0.0,0.0,0.0,0.39,0.0,0.33,0.0,0.0,0.0,0.0,0.0,0.0,0.0,0.0,0.28,0.0,0.0,soft,"{""ai_coding_innovations"": 0.333333, ""ai_copyright_theft"": 0.333333, ""ai_mass_surveillance"": 0.333334}","{""ai_coding_innovations"": 0.33, ""ai_copyright_theft"": 0.39, ""ai_mass_surveillance"": 0.28}"
user_0047,coding_copyright,Split: coding + copyright,100,0.028731090222024434,0.08934425664667163,0.02940425506710886,0.015722055555551933,0.025372965666340282,0.037926108640405666,0.07140418448798534,0.03753878300999487,0.0922039194610684,0.06552204736619842,0.03082046806519207,0.05259096543261826,0.07014639406307946,0.01568196662545806,0.08038645343417554,0.04664433227926981,0.06909326303126047,0.08314883727566579,0.03643650776122784,0.021881145908702965,0.0,0.0,0.0,0.0,0.0,0.0,0.39,0.0,0.47,0.0,0.0,0.0,0.0,0.0,0.0,0.0,0.0,0.14,0.0,0.0,soft,"{""ai_coding_innovations"": 0.45, ""ai_copyright_theft"": 0.45, ""ai_mass_surveillance"": 0.1}","{""ai_coding_innovations"": 0.47, ""ai_copyright_theft"": 0.39, ""ai_mass_surveillance"": 0.14}"
user_0048,coding_surveillance,Split: coding + surveillance,100,0.05350240640158801,0.09868261929352158,0.014537274985292179,0.03127541447711785,0.017866518358616763,0.03803299723096797,0.036208693128085646,0.05710085592125758,0.10047647655528633,0.0312778996362139,0.014131800969786827,0.02683459088845308,0.07301022794889725,0.028237561653253196,0.08475954189787666,0.025471193533171867,0.0712014691840444,0.14910272119609483,0.037321277679172586,0.010968459061301622,0.0,0.0,0.0,0.0,0.0,0.0,0.06,0.0,0.5,0.0,0.0,0.0,0.0,0.0,0.0,0.0,0.0,0.44,0.0,0.0,soft,"{""ai_coding_innovations"": 0.45, ""ai_copyright_theft"": 0.1, ""ai_mass_surveillance"": 0.45}","{""ai_coding_innovations"": 0.5, ""ai_copyright_theft"": 0.06, ""ai_mass_surveillance"": 0.44}"
user_0049,copyright_surveillance,Split: copyright + surveillance,100,0.051255228567094885,0.04552721862401056,0.038289777498610796,0.025966397665078536,0.03042205799593763,0.021260014463498695,0.09016480980154545,0.05239211608102236,0.057303370936901236,0.08430793889243338,0.03904189558381238,0.06633146959384048,0.036153880277630696,0.025938627544971882,0.04663152799888221,0.06069921787687073,0.04033644478857801,0.129470649120918,0.02875476244911853,0.029752594239243674,0.0,0.0,0.0,0.0,0.0,0.0,0.55,0.0,0.1,0.0,0.0,0.0,0.0,0.0,0.0,0.0,0.0,0.35,0.0,0.0,soft,"{""ai_coding_innovations"": 0.1, ""ai_copyright_theft"": 0.45, ""ai_mass_surveillance"": 0.45}","{""ai_coding_innovations"": 0.1, ""ai_copyright_theft"": 0.55, ""ai_mass_surveillance"": 0.35}"
user_0050,coding_heavy,Mostly AI coding innovations,100,0.022677725280387334,0.1314774334147624,0.014014109276469063,0.015231147142389798,0.017124554034831506,0.05213377602127303,0.03690154854247491,0.03524978334531306,0.12620362889959458,0.03149998819740863,0.015032891986247783,0.02733202426687604,0.1005208671284062,0.013598658054587985,0.11135563288224314,0.023537052706341342,0.09462333172545034,0.07862107048016222,0.043426014078421914,0.009438762536358574,0.0,0.0,0.0,0.0,0.0,0.0,0.08,0.0,0.8,0.0,0.0,0.0,0.0,0.0,0.0,0.0,0.0,0.12,0.0,0.0,soft,"{""ai_coding_innovations"": 0.8, ""ai_copyright_theft"": 0.1, ""ai_mass_surveillance"": 0.1}","{""ai_coding_innovations"": 0.8, ""ai_copyright_theft"": 0.08, ""ai_mass_surveillance"": 0.12}"
user_0051,copyright_heavy,Mostly AI copyright / theft concerns,100,0.02670337582398829,0.05071990536047807,0.046836776171424274,0.011627537999770905,0.03458206681803009,0.025784341161460996,0.11102691031203092,0.03381380474087828,0.06082186894546825,0.10445908243474053,0.049120344452336415,0.08159541652998654,0.04342392857566621,0.013814659410233035,0.05271912821588346,0.07248481165179851,0.04671946795141915,0.06787112799492126,0.030221859799798287,0.035653585649686265,0.0,0.0,0.0,0.0,0.0,0.0,0.75,0.0,0.18,0.0,0.0,0.0,0.0,0.0,0.0,0.0,0.0,0.07,0.0,0.0,soft,"{""ai_coding_innovations"": 0.1, ""ai_copyright_theft"": 0.8, ""ai_mass_surveillance"": 0.1}","{""ai_coding_innovations"": 0.18, ""ai_copyright_theft"": 0.75, ""ai_mass_surveillance"": 0.07}"
user_0052,surveillance_heavy,Mostly AI mass surveillance,100,0.09165834874371578,0.052999223593557625,0.01736439886220252,0.05075638951026674,0.01994015436447566,0.018947728947432973,0.04028949988503682,0.08386348685137601,0.06450340696174965,0.035859742694174204,0.015292464753295492,0.02983395075244475,0.03539627675754707,0.046245301265155934,0.04816725965110256,0.03110560457301789,0.039224948986283946,0.23501972119374606,0.028939031436063176,0.014593060217355083,0.0,0.0,0.0,0.0,0.0,0.0,0.08,0.0,0.09,0.0,0.0,0.0,0.0,0.0,0.0,0.0,0.0,0.83,0.0,0.0,soft,"{""ai_coding_innovations"": 0.1, ""ai_copyright_theft"": 0.1, ""ai_mass_surveillance"": 0.8}","{""ai_coding_innovations"": 0.09, ""ai_copyright_theft"": 0.08, ""ai_mass_surveillance"": 0.83}"
user_0053,balanced,Even across all topics,100,0.04930983589145312,0.07275400480082456,0.02748190107605317,0.02682854861293474,0.02466428928003874,0.030212046684478598,0.06579451402862622,0.05242419708362196,0.07932973599716464,0.060311812207112035,0.027846654385365092,0.04849102360816505,0.05549081015051834,0.02557259858227018,0.06645648497550455,0.044558404926887264,0.056566834881666354,0.1315867450177568,0.03322140723298052,0.02109815057657795,0.0,0.0,0.0,0.0,0.0,0.0,0.33,0.0,0.31,0.0,0.0,0.0,0.0,0.0,0.0,0.0,0.0,0.36,0.0,0.0,soft,"{""ai_coding_innovations"": 0.333333, ""ai_copyright_theft"": 0.333333, ""ai_mass_surveillance"": 0.333334}","{""ai_coding_innovations"": 0.31, ""ai_copyright_theft"": 0.33, ""ai_mass_surveillance"": 0.36}"
user_0054,coding_copyright,Split: coding + copyright,100,0.027185740079844662,0.0876914404795833,0.03079011665801136,0.014672008763633669,0.02608421094353045,0.03757645759492468,0.07463847833855303,0.03625837641761182,0.09081985629949067,0.06867980988195135,0.0323402784952947,0.054958081955691566,0.06921895625403987,0.01487495753289863,0.07934164387364814,0.04864668985405388,0.06833414689968427,0.07875506448099,0.03620767994392572,0.02292600525263827,0.0,0.0,0.0,0.0,0.0,0.0,0.42,0.0,0.46,0.0,0.0,0.0,0.0,0.0,0.0,0.0,0.0,0.12,0.0,0.0,soft,"{""ai_coding_innovations"": 0.45, ""ai_copyright_theft"": 0.45, ""ai_mass_surveillance"": 0.1}","{""ai_coding_innovations"": 0.46, ""ai_copyright_theft"": 0.42, ""ai_mass_surveillance"": 0.12}"
user_0055,coding_surveillance,Split: coding + surveillance,100,0.04970532538142479,0.09390666721498936,0.01824863495345347,0.02864207487410519,0.019776391212014226,0.03694479140511336,0.04484938260444722,0.053914671691363214,0.09649596905428152,0.0397190680091924,0.018185847434882316,0.033158647750383734,0.07023131120755756,0.026238808031829795,0.08167672404054938,0.03084634683995137,0.06891707319590151,0.13812025970941752,0.036643056163351194,0.013778949225791036,0.0,0.0,0.0,0.0,0.0,0.0,0.14,0.0,0.47,0.0,0.0,0.0,0.0,0.0,0.0,0.0,0.0,0.39,0.0,0.0,soft,"{""ai_coding_innovations"": 0.45, ""ai_copyright_theft"": 0.1, ""ai_mass_surveillance"": 0.45}","{""ai_coding_innovations"": 0.47, ""ai_copyright_theft"": 0.14, ""ai_mass_surveillance"": 0.39}"
user_0056,copyright_surveillance,Split: copyright + surveillance,100,0.06035130336665876,0.04882250259569326,0.03288789266679234,0.03166765141167599,0.027696045915190072,0.021256391304274414,0.07737078727290403,0.059567842598698004,0.06023257195203572,0.07186110380815831,0.03297362172679824,0.05696871870516269,0.037111888258682356,0.030546099543825124,0.048140834977704224,0.05300958554393202,0.04103213257942497,0.15365413399174443,0.02905794769118506,0.02579094408946008,0.0,0.0,0.0,0.0,0.0,0.0,0.43,0.0,0.11,0.0,0.0,0.0,0.0,0.0,0.0,0.0,0.0,0.46,0.0,0.0,soft,"{""ai_coding_innovations"": 0.1, ""ai_copyright_theft"": 0.45, ""ai_mass_surveillance"": 0.45}","{""ai_coding_innovations"": 0.11, ""ai_copyright_theft"": 0.43, ""ai_mass_surveillance"": 0.46}"
user_0057,coding_heavy,Mostly AI coding innovations,100,0.019321847654883293,0.13074744772383157,0.01579900849465393,0.013163944051421277,0.01802000594752367,0.05229078677891981,0.04115031684384102,0.032629641156294104,0.12551690096468046,0.0356284648945296,0.017054431287097334,0.03044119509603358,0.10050728038528971,0.0119095634295685,0.1111491895852233,0.026064730376632282,0.09465152209910778,0.06982564289076196,0.04339296633408218,0.01073511400562449,0.0,0.0,0.0,0.0,0.0,0.0,0.12,0.0,0.8,0.0,0.0,0.0,0.0,0.0,0.0,0.0,0.0,0.08,0.0,0.0,soft,"{""ai_coding_innovations"": 0.8, ""ai_copyright_theft"": 0.1, ""ai_mass_surveillance"": 0.1}","{""ai_coding_innovations"": 0.8, ""ai_copyright_theft"": 0.12, ""ai_mass_surveillance"": 0.08}"
user_0058,copyright_heavy,Mostly AI copyright / theft concerns,100,0.030280993407694558,0.04096480805569286,0.049445397612266156,0.013046378346525266,0.036018632450263675,0.022241331698791052,0.11671961168508364,0.036016227399653974,0.05301132134368816,0.11011091824943924,0.05167651621412205,0.08576378727607499,0.03606896313315269,0.015381786138600155,0.04534125739250836,0.07649720331618916,0.04051263462393694,0.07449922668716624,0.02854821404699517,0.0378547909221556,0.0,0.0,0.0,0.0,0.0,0.0,0.8,0.0,0.1,0.0,0.0,0.0,0.0,0.0,0.0,0.0,0.0,0.1,0.0,0.0,soft,"{""ai_coding_innovations"": 0.1, ""ai_copyright_theft"": 0.8, ""ai_mass_surveillance"": 0.1}","{""ai_coding_innovations"": 0.1, ""ai_copyright_theft"": 0.8, ""ai_mass_surveillance"": 0.1}"
user_0059,surveillance_heavy,Mostly AI mass surveillance,100,0.08401847279870174,0.060554015463056415,0.017480313425901776,0.04673710005336774,0.01988642294395139,0.022258845432857086,0.04101766858857648,0.0784155509584531,0.07041484545076643,0.036462026918069115,0.01577225789724965,0.03036457465129779,0.041813614333683656,0.04260434447546476,0.05434548844118535,0.03099132873612956,0.044693808962433065,0.21740127901477496,0.03035906356330937,0.014408977890770495,0.0,0.0,0.0,0.0,0.0,0.0,0.09,0.0,0.16,0.0,0.0,0.0,0.0,0.0,0.0,0.0,0.0,0.75,0.0,0.0,soft,"{""ai_coding_innovations"": 0.1, ""ai_copyright_theft"": 0.1, ""ai_mass_surveillance"": 0.8}","{""ai_coding_innovations"": 0.16, ""ai_copyright_theft"": 0.09, ""ai_mass_surveillance"": 0.75}"
user_0060,balanced,Even across all topics,100,0.043878253441480226,0.07552249622929706,0.028679013957900262,0.02377707971578398,0.02521690918654474,0.03173203209386188,0.06883793738102147,0.048404990293714256,0.08142174167715566,0.06322395475121621,0.0293518409976059,0.05071718652641758,0.05823236334828775,0.022926341984890037,0.06897158376602733,0.04613436521340789,0.058928754397367174,0.11838178063358333,0.033808747451867634,0.02185262695256979,0.0,0.0,0.0,0.0,0.0,0.0,0.36,0.0,0.34,0.0,0.0,0.0,0.0,0.0,0.0,0.0,0.0,0.3,0.0,0.0,soft,"{""ai_coding_innovations"": 0.333333, ""ai_copyright_theft"": 0.333333, ""ai_mass_surveillance"": 0.333334}","{""ai_coding_innovations"": 0.34, ""ai_copyright_theft"": 0.36, ""ai_mass_surveillance"": 0.3}"
user_0061,coding_copyright,Split: coding + copyright,100,0.02674453668518546,0.08364547409198184,0.03271657740798778,0.014105872251589536,0.02709863188423576,0.03633124101142329,0.07903039951354851,0.0356923343767364,0.08752607673340006,0.0729925015578089,0.03437278565954065,0.05817296798846466,0.06645362625581665,0.014565298536494704,0.0764652693133407,0.05149416549054244,0.06602156053788397,0.07656803058371298,0.03556250617244407,0.024440143947861783,0.0,0.0,0.0,0.0,0.0,0.0,0.46,0.0,0.43,0.0,0.0,0.0,0.0,0.0,0.0,0.0,0.0,0.11,0.0,0.0,soft,"{""ai_coding_innovations"": 0.45, ""ai_copyright_theft"": 0.45, ""ai_mass_surveillance"": 0.1}","{""ai_coding_innovations"": 0.43, ""ai_copyright_theft"": 0.46, ""ai_mass_surveillance"": 0.11}"
user_0062,coding_surveillance,Split: coding + surveillance,100,0.04930755936970799,0.0977701371798581,0.01676839900802326,0.028691410613407187,0.01898583324948197,0.038229260678026435,0.04151965350479327,0.0538256781849839,0.09961806663664367,0.036438495507615104,0.016658725095848773,0.030721054424900012,0.07299324452000164,0.02612619337197886,0.08450148777660191,0.02863079062103554,0.07123670715111616,0.13810843670934447,0.03727996799874792,0.012588898397884005,0.0,0.0,0.0,0.0,0.0,0.0,0.11,0.0,0.5,0.0,0.0,0.0,0.0,0.0,0.0,0.0,0.0,0.39,0.0,0.0,soft,"{""ai_coding_innovations"": 0.45, ""ai_copyright_theft"": 0.1, ""ai_mass_surveillance"": 0.45}","{""ai_coding_innovations"": 0.5, ""ai_copyright_theft"": 0.11, ""ai_mass_surveillance"": 0.39}"
user_0063,copyright_surveillance,Split: copyright + surveillance,100,0.061853216125896136,0.04256588241031136,0.034908727771296465,0.03210222595224812,0.028789779541237463,0.0190763564933409,0.08185814369698571,0.06037120065658492,0.05520075796516068,0.07629660546984021,0.03501344079997509,0.060254081540346185,0.03251206275705468,0.03115606429983155,0.0434845062418717,0.0560702598245523,0.03715902839398615,0.15587269588921618,0.028004689901608787,0.027450274268655317,0.0,0.0,0.0,0.0,0.0,0.0,0.47,0.0,0.06,0.0,0.0,0.0,0.0,0.0,0.0,0.0,0.0,0.47,0.0,0.0,soft,"{""ai_coding_innovations"": 0.1, ""ai_copyright_theft"": 0.45, ""ai_mass_surveillance"": 0.45}","{""ai_coding_innovations"": 0.06, ""ai_copyright_theft"": 0.47, ""ai_mass_surveillance"": 0.47}"
user_0064,coding_heavy,Mostly AI coding innovations,100,0.019587024996027845,0.12817180108058576,0.016785832458274058,0.013131053558553275,0.018547044589211845,0.051434473930311086,0.04337013624361032,0.03268897016054698,0.12343550257643905,0.03781551322891446,0.018072512846453035,0.032066257313022734,0.09866599151032701,0.011984639869469137,0.10926601376118833,0.027541767855909473,0.09310509946229804,0.06983352489081066,0.04296835844381771,0.011528481224229168,0.0,0.0,0.0,0.0,0.0,0.0,0.14,0.0,0.78,0.0,0.0,0.0,0.0,0.0,0.0,0.0,0.0,0.08,0.0,0.0,soft,"{""ai_coding_innovations"": 0.8, ""ai_copyright_theft"": 0.1, ""ai_mass_surveillance"": 0.1}","{""ai_coding_innovations"": 0.78, ""ai_copyright_theft"": 0.14, ""ai_mass_surveillance"": 0.08}"
user_0065,copyright_heavy,Mostly AI copyright / theft concerns,100,0.026659938441045927,0.042810469008007834,0.050243472866830896,0.01101206574842478,0.03638704572126768,0.023254655305046553,0.11874856058668047,0.03333675620638216,0.05440599179701549,0.1120523466121754,0.05267997395561594,0.08724789588824337,0.03789666526499892,0.013617615073680058,0.04701798991952355,0.07754784350720292,0.04208724763440417,0.06569591709771723,0.028939774192919904,0.038357775172816834,0.0,0.0,0.0,0.0,0.0,0.0,0.82,0.0,0.12,0.0,0.0,0.0,0.0,0.0,0.0,0.0,0.0,0.06,0.0,0.0,soft,"{""ai_coding_innovations"": 0.1, ""ai_copyright_theft"": 0.8, ""ai_mass_surveillance"": 0.1}","{""ai_coding_innovations"": 0.12, ""ai_copyright_theft"": 0.82, ""ai_mass_surveillance"": 0.06}"
user_0066,surveillance_heavy,Mostly AI mass surveillance,100,0.08609417762317059,0.05705553834365306,0.01806809976223954,0.04772136585954999,0.02022925495013757,0.0208958707811206,0.04222301353754741,0.07981461555934186,0.06763611183586135,0.037678361071085915,0.016288610585858426,0.031247582562202753,0.03905847439279781,0.04356150644782544,0.05162394635364278,0.0319430461198999,0.04236007982038967,0.22181081580954815,0.02973867560008252,0.014950852984044569,0.0,0.0,0.0,0.0,0.0,0.0,0.1,0.0,0.13,0.0,0.0,0.0,0.0,0.0,0.0,0.0,0.0,0.77,0.0,0.0,soft,"{""ai_coding_innovations"": 0.1, ""ai_copyright_theft"": 0.1, ""ai_mass_surveillance"": 0.8}","{""ai_coding_innovations"": 0.13, ""ai_copyright_theft"": 0.1, ""ai_mass_surveillance"": 0.77}"
user_0067,balanced,Even across all topics,100,0.04343705004682104,0.07147652984169559,0.030605474707876685,0.023210943203739825,0.026231330127250044,0.03048681551036046,0.0732298585560169,0.04783894825283884,0.07812796211106501,0.06753664642707373,0.031384348161851844,0.05393207255919069,0.05546703335006452,0.022616682988486108,0.06609520920571992,0.04898184084989643,0.056616168035566856,0.11619474673630636,0.033163573680385985,0.023366765647793317,0.0,0.0,0.0,0.0,0.0,0.0,0.4,0.0,0.31,0.0,0.0,0.0,0.0,0.0,0.0,0.0,0.0,0.29,0.0,0.0,soft,"{""ai_coding_innovations"": 0.333333, ""ai_copyright_theft"": 0.333333, ""ai_mass_surveillance"": 0.333334}","{""ai_coding_innovations"": 0.31, ""ai_copyright_theft"": 0.4, ""ai_mass_surveillance"": 0.29}"
user_0068,coding_copyright,Split: coding + copyright,100,0.027009714026330005,0.08106982744873596,0.033703401371607905,0.014072981758721511,0.027625670525923917,0.03547492816281455,0.08125021891331777,0.03575166338098926,0.0854446783451586,0.07517954989219373,0.03539086721889633,0.05979803020545378,0.06461233738085395,0.014640374976395322,0.07458209348930567,0.052971202969819636,0.06447513790107415,0.07657591258376162,0.03513789828217958,0.02523351116646646,0.0,0.0,0.0,0.0,0.0,0.0,0.48,0.0,0.41,0.0,0.0,0.0,0.0,0.0,0.0,0.0,0.0,0.11,0.0,0.0,soft,"{""ai_coding_innovations"": 0.45, ""ai_copyright_theft"": 0.45, ""ai_mass_surveillance"": 0.1}","{""ai_coding_innovations"": 0.41, ""ai_copyright_theft"": 0.48, ""ai_mass_surveillance"": 0.11}"
user_0069,coding_surveillance,Split: coding + surveillance,100,0.05067688345837304,0.09280134031609909,0.018295822130717315,0.029142430400413328,0.019816047554685266,0.03647738229139729,0.04489710022899036,0.054599371740744376,0.09562695184388938,0.039780473002104584,0.018189503389347772,0.03319388615158892,0.06931406345585528,0.026698619908034966,0.08078674695278679,0.03095294616201724,0.06813681428408228,0.14032305760679187,0.03643901415430388,0.013851544967776894,0.0,0.0,0.0,0.0,0.0,0.0,0.14,0.0,0.46,0.0,0.0,0.0,0.0,0.0,0.0,0.0,0.0,0.4,0.0,0.0,soft,"{""ai_coding_innovations"": 0.45, ""ai_copyright_theft"": 0.1, ""ai_mass_surveillance"": 0.45}","{""ai_coding_innovations"": 0.46, ""ai_copyright_theft"": 0.14, ""ai_mass_surveillance"": 0.4}"
user_0070,copyright_surveillance,Split: copyright + surveillance,100,0.06383976966273505,0.04826466496500117,0.031596405430417536,0.0337184092562105,0.027064113323341982,0.020671224122323265,0.07423192867142256,0.06221764928984337,0.059878600692829076,0.06882615127822976,0.03146112320562652,0.05467207898449975,0.036204830564317475,0.032272732388794904,0.04740569036270652,0.051220426613279656,0.04023073088736264,0.162453502581169,0.028878691490392554,0.024891276229496506,0.0,0.0,0.0,0.0,0.0,0.0,0.4,0.0,0.1,0.0,0.0,0.0,0.0,0.0,0.0,0.0,0.0,0.5,0.0,0.0,soft,"{""ai_coding_innovations"": 0.1, ""ai_copyright_theft"": 0.45, ""ai_mass_surveillance"": 0.45}","{""ai_coding_innovations"": 0.1, ""ai_copyright_theft"": 0.4, ""ai_mass_surveillance"": 0.5}"
user_0071,coding_heavy,Mostly AI coding innovations,100,0.021573578532866764,0.13387058363527551,0.013473510117395142,0.01474723686251567,0.01682137837131637,0.053029341559293446,0.035743921218047134,0.03453541879380546,0.12811334530410742,0.030345059037303997,0.014520195252104474,0.026484254757176265,0.1023587593175898,0.013101307958432486,0.11318719788202317,0.022691934644636865,0.09617680195567446,0.07641433158276346,0.04384236003260147,0.008969483185070364,0.0,0.0,0.0,0.0,0.0,0.0,0.07,0.0,0.82,0.0,0.0,0.0,0.0,0.0,0.0,0.0,0.0,0.11,0.0,0.0,soft,"{""ai_coding_innovations"": 0.8, ""ai_copyright_theft"": 0.1, ""ai_mass_surveillance"": 0.1}","{""ai_coding_innovations"": 0.82, ""ai_copyright_theft"": 0.07, ""ai_mass_surveillance"": 0.11}"
user_0072,copyright_heavy,Mostly AI copyright / theft concerns,100,0.030987374143498284,0.04243512780004847,0.04850576082590988,0.01357962436570141,0.03553125015124655,0.022630235433683723,0.11454750990985747,0.036641598444782285,0.05422370252153739,0.10798527490796661,0.050662090609231825,0.08417396346029107,0.03699300425641315,0.015766521574904716,0.0463344561287808,0.07512676515897783,0.04127879834892748,0.07669414258449196,0.02876877992821234,0.037134019445536785,0.0,0.0,0.0,0.0,0.0,0.0,0.78,0.0,0.11,0.0,0.0,0.0,0.0,0.0,0.0,0.0,0.0,0.11,0.0,0.0,soft,"{""ai_coding_innovations"": 0.1, ""ai_copyright_theft"": 0.8, ""ai_mass_surveillance"": 0.1}","{""ai_coding_innovations"": 0.11, ""ai_copyright_theft"": 0.78, ""ai_mass_surveillance"": 0.11}"
user_0073,surveillance_heavy,Mostly AI mass surveillance,100,0.08507918216327993,0.05025142889007305,0.021427609280382322,0.04660553808189572,0.02199457751070409,0.018833594038422174,0.049896946187653723,0.07865286697546459,0.06208925189780077,0.04521022025560859,0.019844584134672435,0.03686482351925442,0.03444845883383277,0.042904650235067274,0.04681278514504544,0.03689947865323843,0.03850811841519393,0.21743280701496978,0.028660632002251454,0.017582446765189236,0.0,0.0,0.0,0.0,0.0,0.0,0.17,0.0,0.08,0.0,0.0,0.0,0.0,0.0,0.0,0.0,0.0,0.75,0.0,0.0,soft,"{""ai_coding_innovations"": 0.1, ""ai_copyright_theft"": 0.1, ""ai_mass_surveillance"": 0.8}","{""ai_coding_innovations"": 0.08, ""ai_copyright_theft"": 0.17, ""ai_mass_surveillance"": 0.75}"
user_0074,balanced,Even across all topics,100,0.046968953725839764,0.0788281285634737,0.025907290776095274,0.02587717329962049,0.023794418632164388,0.032431334184823794,0.062369349679886,0.05096580347848031,0.08418986800031115,0.056908429719710364,0.026312220137400623,0.045982953480270934,0.06008723896636692,0.024540360170008883,0.07106120288708215,0.04212965006383971,0.060446986660519515,0.12716932622293495,0.03426640308647188,0.019762908264699192,0.0,0.0,0.0,0.0,0.0,0.0,0.3,0.0,0.36,0.0,0.0,0.0,0.0,0.0,0.0,0.0,0.0,0.34,0.0,0.0,soft,"{""ai_coding_innovations"": 0.333333, ""ai_copyright_theft"": 0.333333, ""ai_mass_surveillance"": 0.333334}","{""ai_coding_innovations"": 0.36, ""ai_copyright_theft"": 0.3, ""ai_mass_surveillance"": 0.34}"
user_0075,coding_copyright,Split: coding + copyright,100,0.025110035255375817,0.09118991759898663,0.030202330321673583,0.013687742957451423,0.025741378937344277,0.03893943224666115,0.07343313338958213,0.034859311816723054,0.09359858991439572,0.06746347572893453,0.031823925806685936,0.05407507404478662,0.07197409619492569,0.013917795560537951,0.08206318596119071,0.04769497247028355,0.07066787604172767,0.07434552768621684,0.03682806790715259,0.02238413015936419,0.0,0.0,0.0,0.0,0.0,0.0,0.41,0.0,0.49,0.0,0.0,0.0,0.0,0.0,0.0,0.0,0.0,0.1,0.0,0.0,soft,"{""ai_coding_innovations"": 0.45, ""ai_copyright_theft"": 0.45, ""ai_mass_surveillance"": 0.1}","{""ai_coding_innovations"": 0.49, ""ai_copyright_theft"": 0.41, ""ai_mass_surveillance"": 0.1}"
user_0076,coding_surveillance,Split: coding + surveillance,100,0.05765381605052571,0.09168566505471497,0.015712847657967724,0.03324394608948236,0.01855218237098911,0.035307047927495026,0.038619383026027444,0.05989898512303513,0.09491900932547614,0.03371056794224753,0.01516450634700437,0.02860060671026301,0.06749994806712555,0.030151885597974548,0.07931645772279146,0.027374628300712554,0.06653401089995765,0.15792179478564117,0.036080501752718874,0.012052209247849771,0.0,0.0,0.0,0.0,0.0,0.0,0.08,0.0,0.44,0.0,0.0,0.0,0.0,0.0,0.0,0.0,0.0,0.48,0.0,0.0,soft,"{""ai_coding_innovations"": 0.45, ""ai_copyright_theft"": 0.1, ""ai_mass_surveillance"": 0.45}","{""ai_coding_innovations"": 0.44, ""ai_copyright_theft"": 0.08, ""ai_mass_surveillance"": 0.48}"
user_0077,copyright_surveillance,Split: copyright + surveillance,100,0.05646507105886558,0.053243810191254105,0.03269914395773694,0.02966622930644348,0.027537420544505895,0.023126027759138655,0.07717991677473152,0.05682904240117332,0.06370864079360446,0.07161548383650954,0.03295899790893639,0.056827765100341925,0.04078087926549133,0.028706852039004395,0.05170074332875436,0.052583188255668545,0.04415316822670197,0.14484294240224677,0.029874115727374275,0.025500561121516614,0.0,0.0,0.0,0.0,0.0,0.0,0.43,0.0,0.15,0.0,0.0,0.0,0.0,0.0,0.0,0.0,0.0,0.42,0.0,0.0,soft,"{""ai_coding_innovations"": 0.1, ""ai_copyright_theft"": 0.45, ""ai_mass_surveillance"": 0.45}","{""ai_coding_innovations"": 0.15, ""ai_copyright_theft"": 0.43, ""ai_mass_surveillance"": 0.42}"
user_0078,coding_heavy,Mostly AI coding innovations,100,0.019189258984311015,0.13203527104545446,0.015305596512843864,0.013180389297855278,0.01775648662667958,0.05271894320322418,0.04004040714395637,0.03259997665416766,0.1265576001588012,0.03453494072733717,0.016545390507419485,0.029628663987539012,0.10142792482277108,0.011872025209618189,0.11209077749724079,0.02532621163699369,0.09542473341751267,0.06982170189073762,0.04360527027921443,0.010338430396322144,0.0,0.0,0.0,0.0,0.0,0.0,0.11,0.0,0.81,0.0,0.0,0.0,0.0,0.0,0.0,0.0,0.0,0.08,0.0,0.0,soft,"{""ai_coding_innovations"": 0.8, ""ai_copyright_theft"": 0.1, ""ai_mass_surveillance"": 0.1}","{""ai_coding_innovations"": 0.81, ""ai_copyright_theft"": 0.11, ""ai_mass_surveillance"": 0.08}"
user_0079,copyright_heavy,Mostly AI copyright / theft concerns,100,0.029574612671890807,0.039494488311337235,0.050385034398622436,0.012513132327349144,0.036506014749280814,0.021852427963898385,0.11889171346030983,0.03539085635452568,0.05179894016583892,0.11223656159091194,0.052690941819012294,0.08735361109185892,0.03514492200989219,0.014997050702295605,0.04434805865623591,0.07786764147340051,0.039746470898946416,0.07230431078984054,0.028327648165777986,0.038575562398774424,0.0,0.0,0.0,0.0,0.0,0.0,0.82,0.0,0.09,0.0,0.0,0.0,0.0,0.0,0.0,0.0,0.0,0.09,0.0,0.0,soft,"{""ai_coding_innovations"": 0.1, ""ai_copyright_theft"": 0.8, ""ai_mass_surveillance"": 0.1}","{""ai_coding_innovations"": 0.09, ""ai_copyright_theft"": 0.82, ""ai_mass_surveillance"": 0.09}"
user_0080,surveillance_heavy,Mostly AI mass surveillance,100,0.08816988244763946,0.053557061224249726,0.018655886098577316,0.04870563166573225,0.02057208695632375,0.019532896129384116,0.04342835848651833,0.08121368016023066,0.06485737822095629,0.03889469522410274,0.01680496327446719,0.032130590473107706,0.03630333445191198,0.044518668420186126,0.048902404266100236,0.032894763503670245,0.04002635067834628,0.22622035260432138,0.029118287636855672,0.015492728077318649,0.0,0.0,0.0,0.0,0.0,0.0,0.11,0.0,0.1,0.0,0.0,0.0,0.0,0.0,0.0,0.0,0.0,0.79,0.0,0.0,soft,"{""ai_coding_innovations"": 0.1, ""ai_copyright_theft"": 0.1, ""ai_mass_surveillance"": 0.8}","{""ai_coding_innovations"": 0.1, ""ai_copyright_theft"": 0.11, ""ai_mass_surveillance"": 0.79}"
user_0081,balanced,Even across all topics,100,0.04595395826594905,0.0720240191098937,0.02926680029423803,0.02476134552196622,0.025559741192730915,0.030369057442125372,0.07004328232999232,0.049804054894603045,0.07864300806225055,0.06444028890423298,0.029868193686214663,0.05160019443732256,0.05547722340740184,0.023883503957250703,0.06625004167848474,0.0470860825971782,0.0565950252553238,0.12279131742835653,0.033188359488640774,0.022394502045843867,0.0,0.0,0.0,0.0,0.0,0.0,0.37,0.0,0.31,0.0,0.0,0.0,0.0,0.0,0.0,0.0,0.0,0.32,0.0,0.0,soft,"{""ai_coding_innovations"": 0.333333, ""ai_copyright_theft"": 0.333333, ""ai_mass_surveillance"": 0.333334}","{""ai_coding_innovations"": 0.31, ""ai_copyright_theft"": 0.37, ""ai_mass_surveillance"": 0.32}"
user_0082,coding_copyright,Split: coding + copyright,100,0.027981272103278308,0.07996450054984579,0.03375058854887175,0.014573337285029648,0.027665326868594974,0.03500751904909851,0.08129793653786094,0.03643636343037042,0.08457566113476643,0.07524095488510592,0.03539452317336181,0.05983326860665901,0.06369508962915169,0.015100186852600507,0.07369211640154315,0.053077802291885495,0.06369487898925491,0.07877871048113602,0.034933856273132266,0.025306106908452326,0.0,0.0,0.0,0.0,0.0,0.0,0.48,0.0,0.4,0.0,0.0,0.0,0.0,0.0,0.0,0.0,0.0,0.12,0.0,0.0,soft,"{""ai_coding_innovations"": 0.45, ""ai_copyright_theft"": 0.45, ""ai_mass_surveillance"": 0.1}","{""ai_coding_innovations"": 0.4, ""ai_copyright_theft"": 0.48, ""ai_mass_surveillance"": 0.12}"
user_0083,coding_surveillance,Split: coding + surveillance,100,0.054165349754449366,0.09224350268540697,0.017004334894342516,0.031193188244947833,0.019184114962837187,0.03589221510944615,0.0417582416275089,0.057249178431889744,0.0952729805846828,0.03674552047217606,0.016677004868176068,0.030897246430925954,0.06840700576149039,0.028425252753004754,0.08005160233778913,0.02916378723136489,0.06733541259201996,0.14912242619621652,0.03625975795351137,0.012951877107813335,0.0,0.0,0.0,0.0,0.0,0.0,0.11,0.0,0.45,0.0,0.0,0.0,0.0,0.0,0.0,0.0,0.0,0.44,0.0,0.0,soft,"{""ai_coding_innovations"": 0.45, ""ai_copyright_theft"": 0.1, ""ai_mass_surveillance"": 0.45}","{""ai_coding_innovations"": 0.45, ""ai_copyright_theft"": 0.11, ""ai_mass_surveillance"": 0.44}"
user_0084,copyright_surveillance,Split: copyright + surveillance,100,0.06242700819112762,0.04532402547628992,0.03347567900313013,0.03265191721785825,0.02803887792137625,0.019893416652537937,0.0785761322218749,0.060966907199586785,0.057453838337130636,0.07307743796117512,0.033489974415407006,0.057851726616067654,0.03435674831779651,0.0315032615161858,0.04541929289016167,0.05396130292770235,0.038698403437381575,0.1580636707865176,0.028437559727958205,0.02633281918273416,0.0,0.0,0.0,0.0,0.0,0.0,0.44,0.0,0.08,0.0,0.0,0.0,0.0,0.0,0.0,0.0,0.0,0.48,0.0,0.0,soft,"{""ai_coding_innovations"": 0.1, ""ai_copyright_theft"": 0.45, ""ai_mass_surveillance"": 0.45}","{""ai_coding_innovations"": 0.08, ""ai_copyright_theft"": 0.44, ""ai_mass_surveillance"": 0.48}"
user_0085,coding_heavy,Mostly AI coding innovations,100,0.01835028957793501,0.1318527746227218,0.015751821317390072,0.012663588525113158,0.017980349604852633,0.05275819589263586,0.04110259921929789,0.03194494110691294,0.12638591817507266,0.035567059901617404,0.017050775332631874,0.0304059566948284,0.10142452813699196,0.011449751553363327,0.1120391666729859,0.025958131054566406,0.09543178101092704,0.06762284499338753,0.04359700834312949,0.01066251826363862,0.0,0.0,0.0,0.0,0.0,0.0,0.12,0.0,0.81,0.0,0.0,0.0,0.0,0.0,0.0,0.0,0.0,0.07,0.0,0.0,soft,"{""ai_coding_innovations"": 0.8, ""ai_copyright_theft"": 0.1, ""ai_mass_surveillance"": 0.1}","{""ai_coding_innovations"": 0.81, ""ai_copyright_theft"": 0.12, ""ai_mass_surveillance"": 0.07}"
user_0086,copyright_heavy,Mostly AI copyright / theft concerns,100,0.02794011124208114,0.047038931818342,0.04787078731230827,0.012095003033211043,0.03514876180238933,0.024460619199136238,0.11329444733634343,0.03455783379451232,0.05787145334683465,0.1067075357620376,0.050142081966157596,0.08325571714818089,0.04066539194900124,0.014349547726338858,0.04994597530408593,0.07406844845314162,0.04439278640279013,0.0700818078923443,0.029593209900486497,0.03651954861027684,0.0,0.0,0.0,0.0,0.0,0.0,0.77,0.0,0.15,0.0,0.0,0.0,0.0,0.0,0.0,0.0,0.0,0.08,0.0,0.0,soft,"{""ai_coding_innovations"": 0.1, ""ai_copyright_theft"": 0.8, ""ai_mass_surveillance"": 0.1}","{""ai_coding_innovations"": 0.15, ""ai_copyright_theft"": 0.77, ""ai_mass_surveillance"": 0.08}"
user_0087,surveillance_heavy,Mostly AI mass surveillance,100,0.09095196800791201,0.051528903849202015,0.01830403564855881,0.050223143491090624,0.02042753666349279,0.018558825212540306,0.04246160166026302,0.08323811580624772,0.06329102578390042,0.0379853860356469,0.016306890358185725,0.031423774568228716,0.03447223563428664,0.045860565828851375,0.047174060914830084,0.03247604273022925,0.03845878526129343,0.23282480529642033,0.028718465554845998,0.015313831693973903,0.0,0.0,0.0,0.0,0.0,0.0,0.1,0.0,0.08,0.0,0.0,0.0,0.0,0.0,0.0,0.0,0.0,0.82,0.0,0.0,soft,"{""ai_coding_innovations"": 0.1, ""ai_copyright_theft"": 0.1, ""ai_mass_surveillance"": 0.8}","{""ai_coding_innovations"": 0.08, ""ai_copyright_theft"": 0.1, ""ai_mass_surveillance"": 0.82}"
user_0088,balanced,Even across all topics,100,0.04904465855030858,0.07532965144407038,0.02649507711243304,0.026861439105802753,0.02413725063835057,0.031068359533087335,0.06357469462885693,0.0523648680793691,0.08141113438540608,0.058124763872727185,0.026828572826009398,0.046865961391175895,0.05733209902548108,0.025497522142369555,0.06833966079953954,0.043081367447610056,0.05811325751847615,0.13157886301770813,0.033646015123245006,0.020304783357973265,0.0,0.0,0.0,0.0,0.0,0.0,0.31,0.0,0.33,0.0,0.0,0.0,0.0,0.0,0.0,0.0,0.0,0.36,0.0,0.0,soft,"{""ai_coding_innovations"": 0.333333, ""ai_copyright_theft"": 0.333333, ""ai_mass_surveillance"": 0.333334}","{""ai_coding_innovations"": 0.33, ""ai_copyright_theft"": 0.31, ""ai_mass_surveillance"": 0.36}"
user_0089,coding_copyright,Split: coding + copyright,100,0.026479359344040932,0.08622112073522767,0.03172975344436764,0.014138762744457536,0.026571593242547587,0.03718755386003201,0.0768105801137792,0.035633005372483526,0.08960747512164145,0.07080545322342403,0.03335470410018495,0.05654790577147551,0.06829491513077934,0.01449022209659407,0.0783484451373757,0.05001712801126524,0.06756798317469379,0.07656014858366428,0.03598711406270856,0.02364677672925709,0.0,0.0,0.0,0.0,0.0,0.0,0.44,0.0,0.45,0.0,0.0,0.0,0.0,0.0,0.0,0.0,0.0,0.11,0.0,0.0,soft,"{""ai_coding_innovations"": 0.45, ""ai_copyright_theft"": 0.45, ""ai_mass_surveillance"": 0.1}","{""ai_coding_innovations"": 0.45, ""ai_copyright_theft"": 0.44, ""ai_mass_surveillance"": 0.11}"
user_0090,coding_surveillance,Split: coding + surveillance,100,0.05791899339167027,0.08911001841146912,0.016699671621587853,0.03321105559661436,0.019079221012677283,0.03445073507888629,0.04083920242579677,0.05995831412728799,0.09283761093723476,0.03589761627663239,0.016182587906360072,0.030225668927252144,0.06565865919216281,0.030226962037875175,0.07743328189875648,0.028851665779989762,0.06498758826314789,0.15792967678568987,0.035655893862454414,0.012845576466454458,0.0,0.0,0.0,0.0,0.0,0.0,0.1,0.0,0.42,0.0,0.0,0.0,0.0,0.0,0.0,0.0,0.0,0.48,0.0,0.0,soft,"{""ai_coding_innovations"": 0.45, ""ai_copyright_theft"": 0.1, ""ai_mass_surveillance"": 0.45}","{""ai_coding_innovations"": 0.42, ""ai_copyright_theft"": 0.1, ""ai_mass_surveillance"": 0.48}"
user_0091,copyright_surveillance,Split: copyright + surveillance,100,0.060086126025514205,0.0513981492389391,0.03190106870317221,0.031700541904543994,0.027169007273501904,0.02211270415288314,0.07515096787313473,0.05950851359444513,0.062313970340277136,0.06967405547377342,0.03195554016744254,0.05534365648817354,0.038953177133645094,0.030471023103924497,0.0500240108017392,0.0515325480646548,0.042578555216234756,0.15364625199169574,0.02948255558144953,0.024997576870855402,0.0,0.0,0.0,0.0,0.0,0.0,0.41,0.0,0.13,0.0,0.0,0.0,0.0,0.0,0.0,0.0,0.0,0.46,0.0,0.0,soft,"{""ai_coding_innovations"": 0.1, ""ai_copyright_theft"": 0.45, ""ai_mass_surveillance"": 0.45}","{""ai_coding_innovations"": 0.13, ""ai_copyright_theft"": 0.41, ""ai_mass_surveillance"": 0.46}"
user_0092,coding_heavy,Mostly AI coding innovations,100,0.020293405731831582,0.12964212082494136,0.015846195671917782,0.013664299577729402,0.018059662290194716,0.05182337766520376,0.04119803446838415,0.03331434120567529,0.1246478837542883,0.03568986988744179,0.017058087241562797,0.03047643349723878,0.0995900326335875,0.01236937530577369,0.11025921249746078,0.026171329698698155,0.09387126318728856,0.07202844078813637,0.04318892432503488,0.010807709747610356,0.0,0.0,0.0,0.0,0.0,0.0,0.12,0.0,0.79,0.0,0.0,0.0,0.0,0.0,0.0,0.0,0.0,0.09,0.0,0.0,soft,"{""ai_coding_innovations"": 0.8, ""ai_copyright_theft"": 0.1, ""ai_mass_surveillance"": 0.1}","{""ai_coding_innovations"": 0.79, ""ai_copyright_theft"": 0.12, ""ai_mass_surveillance"": 0.09}"
user_0093,copyright_heavy,Mostly AI copyright / theft concerns,100,0.02930943533074625,0.042070134954583054,0.04939821043500231,0.012546022820217164,0.03597897610759264,0.022708740812507112,0.11667189406054053,0.0353315273502728,0.053880338554080344,0.11004951325652709,0.0516728602596566,0.0857285488748698,0.03698621088485494,0.014921974262394982,0.046231234480270895,0.07639060399412331,0.04129289353575621,0.0722964287897918,0.028752256056042463,0.037782195180169745,0.0,0.0,0.0,0.0,0.0,0.0,0.8,0.0,0.11,0.0,0.0,0.0,0.0,0.0,0.0,0.0,0.0,0.09,0.0,0.0,soft,"{""ai_coding_innovations"": 0.1, ""ai_copyright_theft"": 0.8, ""ai_mass_surveillance"": 0.1}","{""ai_coding_innovations"": 0.11, ""ai_copyright_theft"": 0.8, ""ai_mass_surveillance"": 0.09}"
user_0094,surveillance_heavy,Mostly AI mass surveillance,100,0.08870023712992851,0.048405767937758026,0.020629534025817593,0.048639850679996224,0.02162616423970009,0.017820270432166663,0.04786799728605692,0.08133233816873638,0.06069458144447342,0.04326879189287248,0.018841126393178583,0.035380714907086004,0.03262075670198654,0.04466882129998738,0.04513605261803024,0.03584883846222467,0.036933505404726716,0.22623611660441872,0.028269071856326714,0.017079462514528018,0.0,0.0,0.0,0.0,0.0,0.0,0.15,0.0,0.06,0.0,0.0,0.0,0.0,0.0,0.0,0.0,0.0,0.79,0.0,0.0,soft,"{""ai_coding_innovations"": 0.1, ""ai_copyright_theft"": 0.1, ""ai_mass_surveillance"": 0.8}","{""ai_coding_innovations"": 0.06, ""ai_copyright_theft"": 0.15, ""ai_mass_surveillance"": 0.79}"
user_0095,balanced,Even across all topics,100,0.0504139826389737,0.07036085458031141,0.028022500235127083,0.02731245889280886,0.02496746494355388,0.02931648114645819,0.06695214135305402,0.05313856163512957,0.07742001959265177,0.06146674136721667,0.028359351119508422,0.04933879311786478,0.05365291796133477,0.026069948678425676,0.06462491997572452,0.04540352298859174,0.05501336465144223,0.13379348391515558,0.03280506127880097,0.021567429927866175,0.0,0.0,0.0,0.0,0.0,0.0,0.34,0.0,0.29,0.0,0.0,0.0,0.0,0.0,0.0,0.0,0.0,0.37,0.0,0.0,soft,"{""ai_coding_innovations"": 0.333333, ""ai_copyright_theft"": 0.333333, ""ai_mass_surveillance"": 0.333334}","{""ai_coding_innovations"": 0.29, ""ai_copyright_theft"": 0.34, ""ai_mass_surveillance"": 0.37}"
user_0096,coding_copyright,Split: coding + copyright,100,0.02285830437739231,0.08806678168754269,0.03252782869893237,0.012104450146357025,0.026940006513551575,0.03820087746628751,0.07883952901537598,0.03295353417921171,0.09100214557496876,0.07274688158616013,0.0343581618416788,0.05803201438364391,0.07012261726262563,0.01272605103167397,0.08002517766439086,0.05106776820227898,0.06914259618516096,0.06775683899421528,0.036378674208633284,0.024149760979918312,0.0,0.0,0.0,0.0,0.0,0.0,0.46,0.0,0.47,0.0,0.0,0.0,0.0,0.0,0.0,0.0,0.0,0.07,0.0,0.0,soft,"{""ai_coding_innovations"": 0.45, ""ai_copyright_theft"": 0.45, ""ai_mass_surveillance"": 0.1}","{""ai_coding_innovations"": 0.47, ""ai_copyright_theft"": 0.46, ""ai_mass_surveillance"": 0.07}"
user_0097,coding_surveillance,Split: coding + surveillance,100,0.049174970699135685,0.09905796050148098,0.01627498702621319,0.028707855859841216,0.01872231392863788,0.0386574171023308,0.040409743804908624,0.053796013682857476,0.1006587658307644,0.03534497134042268,0.016149684316170924,0.029908523316405408,0.07391388895748299,0.026088655152028538,0.08544307568861939,0.02789227188139695,0.07200991846952107,0.13810449570932012,0.037492271943880155,0.012192214788581662,0.0,0.0,0.0,0.0,0.0,0.0,0.1,0.0,0.51,0.0,0.0,0.0,0.0,0.0,0.0,0.0,0.0,0.39,0.0,0.0,soft,"{""ai_coding_innovations"": 0.45, ""ai_copyright_theft"": 0.1, ""ai_mass_surveillance"": 0.45}","{""ai_coding_innovations"": 0.51, ""ai_copyright_theft"": 0.1, ""ai_mass_surveillance"": 0.39}"
user_0098,copyright_surveillance,Split: copyright + surveillance,100,0.061544601401809215,0.03723209270108698,0.03732860050308294,0.03151964419376997,0.030067719802786858,0.017402983485535147,0.08735997457186591,0.05983482311783592,0.050866279204949315,0.08170282131289018,0.037554988743898905,0.06428149868161386,0.028826088321350106,0.03088394352337794,0.03966654376954678,0.05965625420067948,0.03407323071378097,0.1536896029919635,0.027147212184994888,0.02936109657318118,0.0,0.0,0.0,0.0,0.0,0.0,0.52,0.0,0.02,0.0,0.0,0.0,0.0,0.0,0.0,0.0,0.0,0.46,0.0,0.0,soft,"{""ai_coding_innovations"": 0.1, ""ai_copyright_theft"": 0.45, ""ai_mass_surveillance"": 0.45}","{""ai_coding_innovations"": 0.02, ""ai_copyright_theft"": 0.52, ""ai_mass_surveillance"": 0.46}"
user_0099,coding_heavy,Mostly AI coding innovations,100,0.028198459017990125,0.11951168231219676,0.01671710507183866,0.01765069854176041,0.018640432352407154,0.04765594833117093,0.04268968516461379,0.03882160610285108,0.11665504687703016,0.037274633997931746,0.01759637565696433,0.0315708718153749,0.09133140618248817,0.016085408535365463,0.10219780788334293,0.027762643014863673,0.08685598057432975,0.08965476496715602,0.041344284307524175,0.011785159292799628,0.0,0.0,0.0,0.0,0.0,0.0,0.13,0.0,0.7,0.0,0.0,0.0,0.0,0.0,0.0,0.0,0.0,0.17,0.0,0.0,soft,"{""ai_coding_innovations"": 0.8, ""ai_copyright_theft"": 0.1, ""ai_mass_surveillance"": 0.1}","{""ai_coding_innovations"": 0.7, ""ai_copyright_theft"": 0.13, ""ai_mass_surveillance"": 0.17}"
user_0100,copyright_heavy,Mostly AI copyright / theft concerns,100,0.02612958375875683,0.04796176229449952,0.048269824939590644,0.011077846734160788,0.03533296843789133,0.024967281002263995,0.11430892178714183,0.033218098197876425,0.05856878857349832,0.10767824994340569,0.05064381083690453,0.08399777145426508,0.041579243014924355,0.013467462193878807,0.050784341567593524,0.07459376854864849,0.04518009290802375,0.06568015309761986,0.029788989973448875,0.036771040735607455,0.0,0.0,0.0,0.0,0.0,0.0,0.78,0.0,0.16,0.0,0.0,0.0,0.0,0.0,0.0,0.0,0.0,0.06,0.0,0.0,soft,"{""ai_coding_innovations"": 0.1, ""ai_copyright_theft"": 0.8, ""ai_mass_surveillance"": 0.1}","{""ai_coding_innovations"": 0.16, ""ai_copyright_theft"": 0.78, ""ai_mass_surveillance"": 0.06}"
user_0101,surveillance_heavy,Mostly AI mass surveillance,100,0.08507918216327992,0.050251428890073085,0.021427609280382315,0.046605538081895735,0.021994577510704095,0.018833594038422174,0.04989694618765378,0.0786528669754646,0.06208925189780077,0.045210220255608585,0.01984458413467244,0.036864823519254415,0.03444845883383278,0.042904650235067274,0.0468127851450454,0.03689947865323843,0.03850811841519393,0.21743280701496978,0.02866063200225144,0.017582446765189236,0.0,0.0,0.0,0.0,0.0,0.0,0.17,0.0,0.08,0.0,0.0,0.0,0.0,0.0,0.0,0.0,0.0,0.75,0.0,0.0,soft,"{""ai_coding_innovations"": 0.1, ""ai_copyright_theft"": 0.1, ""ai_mass_surveillance"": 0.8}","{""ai_coding_innovations"": 0.08, ""ai_copyright_theft"": 0.17, ""ai_mass_surveillance"": 0.75}"
user_0102,balanced,Even across all topics,100,0.0474101571204989,0.08287409495107514,0.023980830026118848,0.026443309811664643,0.022779997691459084,0.033676550768325195,0.05797742850489054,0.05153184551935575,0.08748364756640174,0.05259573804385281,0.02427971297315468,0.04276806744749785,0.06285256896459013,0.024850019166412805,0.07393757744738957,0.039282174427351144,0.0627595730223198,0.12935636012021196,0.03491157685795352,0.01824876956947568,0.0,0.0,0.0,0.0,0.0,0.0,0.26,0.0,0.39,0.0,0.0,0.0,0.0,0.0,0.0,0.0,0.0,0.35,0.0,0.0,soft,"{""ai_coding_innovations"": 0.333333, ""ai_copyright_theft"": 0.333333, ""ai_mass_surveillance"": 0.333334}","{""ai_coding_innovations"": 0.39, ""ai_copyright_theft"": 0.26, ""ai_mass_surveillance"": 0.35}"
user_0103,coding_copyright,Split: coding + copyright,100,0.028952830180226614,0.07885917365095557,0.033797775726135605,0.01507369281133777,0.027704983211266018,0.03454010993538245,0.08134565416240407,0.03712106347975159,0.08370664392437424,0.07530235987801813,0.035398179127827265,0.05986850700786422,0.06277784187744942,0.015559998728805691,0.0728021393137806,0.053184401613951375,0.0629146200774357,0.08098150837851043,0.03472981426408496,0.02537870265043819,0.0,0.0,0.0,0.0,0.0,0.0,0.48,0.0,0.39,0.0,0.0,0.0,0.0,0.0,0.0,0.0,0.0,0.13,0.0,0.0,soft,"{""ai_coding_innovations"": 0.45, ""ai_copyright_theft"": 0.45, ""ai_mass_surveillance"": 0.1}","{""ai_coding_innovations"": 0.39, ""ai_copyright_theft"": 0.48, ""ai_mass_surveillance"": 0.13}"
user_0104,coding_surveillance,Split: coding + surveillance,100,0.04665806248000762,0.09851047123328281,0.017613661439851835,0.027157453541614803,0.019393902863157002,0.03877517517056588,0.0435963200309332,0.051830907041093256,0.1001437198795788,0.03844132886326338,0.017665838791808074,0.03224040143827358,0.07390369890014561,0.024821834183263922,0.08528824321585451,0.029788030134115146,0.07203106124976412,0.13150792501726985,0.03746748613562534,0.013164478390531082,0.0,0.0,0.0,0.0,0.0,0.0,0.13,0.0,0.51,0.0,0.0,0.0,0.0,0.0,0.0,0.0,0.0,0.36,0.0,0.0,soft,"{""ai_coding_innovations"": 0.45, ""ai_copyright_theft"": 0.1, ""ai_mass_surveillance"": 0.45}","{""ai_coding_innovations"": 0.51, ""ai_copyright_theft"": 0.13, ""ai_mass_surveillance"": 0.36}"
user_0105,copyright_surveillance,Split: copyright + surveillance,100,0.058232161159247564,0.044411543362626364,0.035706803025861204,0.030067913354147588,0.029158192812241454,0.020089680099596403,0.08388709259858254,0.057691729463313114,0.05659542841848802,0.07823803383257631,0.03601689854146896,0.06173819015251457,0.034339764888900906,0.029391893234911457,0.04516123876888688,0.05712090001556603,0.03873364140445336,0.14706938629976726,0.02839625004753353,0.02795325851931654,0.0,0.0,0.0,0.0,0.0,0.0,0.49,0.0,0.08,0.0,0.0,0.0,0.0,0.0,0.0,0.0,0.0,0.43,0.0,0.0,soft,"{""ai_coding_innovations"": 0.1, ""ai_copyright_theft"": 0.45, ""ai_mass_surveillance"": 0.45}","{""ai_coding_innovations"": 0.08, ""ai_copyright_theft"": 0.49, ""ai_mass_surveillance"": 0.43}"
user_0106,coding_heavy,Mostly AI coding innovations,100,0.019454436325455578,0.12945962440220868,0.016292420476464,0.013147498804987274,0.01828352526836776,0.051862630354615455,0.04226022654372568,0.03265930565842055,0.12447620177055976,0.03672198906172201,0.01756347206677519,0.03125372620452816,0.09958663594780838,0.01194710164951882,0.11020760167320581,0.026803249116270893,0.09387831078070291,0.06982958389078629,0.04318066238894994,0.011131797614926829,0.0,0.0,0.0,0.0,0.0,0.0,0.13,0.0,0.79,0.0,0.0,0.0,0.0,0.0,0.0,0.0,0.0,0.08,0.0,0.0,soft,"{""ai_coding_innovations"": 0.8, ""ai_copyright_theft"": 0.1, ""ai_mass_surveillance"": 0.1}","{""ai_coding_innovations"": 0.79, ""ai_copyright_theft"": 0.13, ""ai_mass_surveillance"": 0.08}"
user_0107,copyright_heavy,Mostly AI copyright / theft concerns,100,0.03407807442785781,0.04574076013422515,0.045734037644104886,0.015679717949537923,0.034108759596866205,0.02332953752464565,0.10807892220872203,0.03920241162954836,0.05699182884469291,0.10166974987646078,0.04762246974902657,0.07943973041414439,0.038847879874492376,0.017380539760023562,0.04842407524983562,0.07112205000940966,0.04279703061207984,0.08548168817384356,0.029226435562816566,0.03504430075766618,0.0,0.0,0.0,0.0,0.0,0.0,0.72,0.0,0.13,0.0,0.0,0.0,0.0,0.0,0.0,0.0,0.0,0.15,0.0,0.0,soft,"{""ai_coding_innovations"": 0.1, ""ai_copyright_theft"": 0.8, ""ai_mass_surveillance"": 0.1}","{""ai_coding_innovations"": 0.13, ""ai_copyright_theft"": 0.72, ""ai_mass_surveillance"": 0.15}"
user_0108,surveillance_heavy,Mostly AI mass surveillance,100,0.08971523258981919,0.05520987739133805,0.017270024507674814,0.0497556784576505,0.019860841679133576,0.019882547174865088,0.04019406463595059,0.08249408675261367,0.06624144138253403,0.035736932708349815,0.015285152844364571,0.029763473950034355,0.037230772260951575,0.04532567751274556,0.049947213826627666,0.03089240592888615,0.04078546680992244,0.23061412539899723,0.029347115454157788,0.014447868733383355,0.0,0.0,0.0,0.0,0.0,0.0,0.08,0.0,0.11,0.0,0.0,0.0,0.0,0.0,0.0,0.0,0.0,0.81,0.0,0.0,soft,"{""ai_coding_innovations"": 0.1, ""ai_copyright_theft"": 0.1, ""ai_mass_surveillance"": 0.8}","{""ai_coding_innovations"": 0.11, ""ai_copyright_theft"": 0.08, ""ai_mass_surveillance"": 0.81}"
user_0109,balanced,Even across all topics,100,0.048338277814504844,0.07385933169971476,0.02743471389878932,0.026328193086626605,0.024624632937367698,0.03067945579819466,0.0657467964040831,0.051739497034240786,0.08019875320755686,0.06025040721419984,0.02784299843089964,0.04845578520695985,0.05640805790222061,0.025112786706065003,0.06734646206326712,0.04445180560482139,0.057347093793485585,0.1293839471203824,0.03342544924202783,0.021025554834592095,0.0,0.0,0.0,0.0,0.0,0.0,0.33,0.0,0.32,0.0,0.0,0.0,0.0,0.0,0.0,0.0,0.0,0.35,0.0,0.0,soft,"{""ai_coding_innovations"": 0.333333, ""ai_copyright_theft"": 0.333333, ""ai_mass_surveillance"": 0.333334}","{""ai_coding_innovations"": 0.32, ""ai_copyright_theft"": 0.33, ""ai_mass_surveillance"": 0.35}"
user_0110,coding_copyright,Split: coding + copyright,100,0.02784868343270603,0.0812523238714687,0.033257176567061675,0.014589782531463659,0.02740180754775089,0.035435675473402886,0.08018802683797628,0.036406698928243976,0.0856163603288872,0.07414743071791349,0.034885482393683956,0.05902073749816441,0.06461573406663305,0.015062648632650198,0.07463370431356063,0.05233928355224691,0.06446809030765982,0.07877476948111163,0.035146160218264486,0.024909423299149986,0.0,0.0,0.0,0.0,0.0,0.0,0.47,0.0,0.41,0.0,0.0,0.0,0.0,0.0,0.0,0.0,0.0,0.12,0.0,0.0,soft,"{""ai_coding_innovations"": 0.45, ""ai_copyright_theft"": 0.45, ""ai_mass_surveillance"": 0.1}","{""ai_coding_innovations"": 0.41, ""ai_copyright_theft"": 0.47, ""ai_mass_surveillance"": 0.12}"
user_0111,coding_surveillance,Split: coding + surveillance,100,0.04237406416049763,0.10679524879371237,0.01594467678536622,0.025205367175684324,0.018444719529940565,0.041929280898343205,0.040075720433106726,0.0490031133371893,0.10674188630350966,0.03491513639003732,0.01612409263491269,0.02966185450796905,0.08033462321939865,0.02286997201859226,0.09167291530295714,0.02714607662693588,0.07747173085225577,0.12268491042769919,0.03892056600721128,0.01168404459468059,0.0,0.0,0.0,0.0,0.0,0.0,0.1,0.0,0.58,0.0,0.0,0.0,0.0,0.0,0.0,0.0,0.0,0.32,0.0,0.0,soft,"{""ai_coding_innovations"": 0.45, ""ai_copyright_theft"": 0.1, ""ai_mass_surveillance"": 0.45}","{""ai_coding_innovations"": 0.58, ""ai_copyright_theft"": 0.1, ""ai_mass_surveillance"": 0.32}"
user_0112,copyright_surveillance,Split: copyright + surveillance,100,0.057701806476958425,0.04956283664911805,0.033733155098620925,0.0301336943398836,0.028104115528865107,0.021802305796813855,0.07944745379904392,0.05757307145480734,0.06075822519497083,0.07386393716380658,0.03398073542275755,0.05848806571853626,0.03802234263882636,0.029241740355110204,0.04892759041695684,0.05416682505701161,0.04182648667807291,0.1470536222996698,0.02924546582806249,0.026366524082107153,0.0,0.0,0.0,0.0,0.0,0.0,0.45,0.0,0.12,0.0,0.0,0.0,0.0,0.0,0.0,0.0,0.0,0.43,0.0,0.0,soft,"{""ai_coding_innovations"": 0.1, ""ai_copyright_theft"": 0.45, ""ai_mass_surveillance"": 0.45}","{""ai_coding_innovations"": 0.12, ""ai_copyright_theft"": 0.45, ""ai_mass_surveillance"": 0.43}"
user_0113,coding_heavy,Mostly AI coding innovations,100,0.019895639720114766,0.1335055907898101,0.014365959726487576,0.013713635317031417,0.017269104327662457,0.05310784693811685,0.03786830536873019,0.03322534769929598,0.12776998133665043,0.032409297385864504,0.015530964902529249,0.028038840171755043,0.10235196594603159,0.01225676064592275,0.11308397623351332,0.023955773479782352,0.09619089714250321,0.07201661778806334,0.0438258361604316,0.009617658919703325,0.0,0.0,0.0,0.0,0.0,0.0,0.09,0.0,0.82,0.0,0.0,0.0,0.0,0.0,0.0,0.0,0.0,0.09,0.0,0.0,soft,"{""ai_coding_innovations"": 0.8, ""ai_copyright_theft"": 0.1, ""ai_mass_surveillance"": 0.1}","{""ai_coding_innovations"": 0.82, ""ai_copyright_theft"": 0.09, ""ai_mass_surveillance"": 0.09}"
user_0114,copyright_heavy,Mostly AI copyright / theft concerns,100,0.029707201342463078,0.03820666498971432,0.0508784463804325,0.01249668708091514,0.0367695340701249,0.021424271539594024,0.12000162316019448,0.03542052085665211,0.05075824097171823,0.11333008575810435,0.05319998259869014,0.0881661422003535,0.03422427757241085,0.015034588922245913,0.043406470744218426,0.07860616021303914,0.03897325958054153,0.07230825178986484,0.028115344220645745,0.03897224600807677,0.0,0.0,0.0,0.0,0.0,0.0,0.83,0.0,0.08,0.0,0.0,0.0,0.0,0.0,0.0,0.0,0.0,0.09,0.0,0.0,soft,"{""ai_coding_innovations"": 0.1, ""ai_copyright_theft"": 0.8, ""ai_mass_surveillance"": 0.1}","{""ai_coding_innovations"": 0.08, ""ai_copyright_theft"": 0.83, ""ai_mass_surveillance"": 0.09}"
user_0115,surveillance_heavy,Mostly AI mass surveillance,100,0.08759609038240798,0.05079891815827119,0.02008893486674367,0.048155940400122124,0.021322988576184972,0.018715835970187087,0.04671036996162921,0.08061797361722879,0.06260429784898634,0.042113862732767855,0.018328429659035278,0.03453294539738626,0.03445864889117014,0.04417147120383188,0.04696761761781028,0.0350037204005202,0.038486975634950855,0.22402937770702003,0.028685417810506236,0.016610183163239808,0.0,0.0,0.0,0.0,0.0,0.0,0.14,0.0,0.08,0.0,0.0,0.0,0.0,0.0,0.0,0.0,0.0,0.78,0.0,0.0,soft,"{""ai_coding_innovations"": 0.1, ""ai_copyright_theft"": 0.1, ""ai_mass_surveillance"": 0.8}","{""ai_coding_innovations"": 0.08, ""ai_copyright_theft"": 0.14, ""ai_mass_surveillance"": 0.78}"
user_0116,balanced,Even across all topics,100,0.03579717410180698,0.07903132171119433,0.03072138927157594,0.019191653746840818,0.026177598706725768,0.03379793199578454,0.07395802725955655,0.0423910123599159,0.08403940060008175,0.06813893065096863,0.031864141305806,0.054462696458043705,0.06188437092620108,0.018975726198794965,0.07227343799580276,0.048867565013008075,0.06208502801171591,0.09857630455733533,0.0345836058076322,0.023182683321208722,0.0,0.0,0.0,0.0,0.0,0.0,0.41,0.0,0.38,0.0,0.0,0.0,0.0,0.0,0.0,0.0,0.0,0.21,0.0,0.0,soft,"{""ai_coding_innovations"": 0.333333, ""ai_copyright_theft"": 0.333333, ""ai_mass_surveillance"": 0.333334}","{""ai_coding_innovations"": 0.38, ""ai_copyright_theft"": 0.41, ""ai_mass_surveillance"": 0.21}"
user_0117,coding_copyright,Split: coding + copyright,100,0.029437470957828175,0.09081457639102723,0.028464618280752578,0.016255301574728064,0.024885583367323154,0.03831501237529833,0.06923208271275916,0.038164154055123176,0.09341630063891763,0.06339640402472577,0.02980604246030183,0.0510011416168343,0.07107043518633994,0.016066702061762615,0.081379652170448,0.045273894122058476,0.06985942675625101,0.08534375317299152,0.03665707364244501,0.02116037443208415,0.0,0.0,0.0,0.0,0.0,0.0,0.37,0.0,0.48,0.0,0.0,0.0,0.0,0.0,0.0,0.0,0.0,0.15,0.0,0.0,soft,"{""ai_coding_innovations"": 0.45, ""ai_copyright_theft"": 0.45, ""ai_mass_surveillance"": 0.1}","{""ai_coding_innovations"": 0.48, ""ai_copyright_theft"": 0.37, ""ai_mass_surveillance"": 0.15}"
user_0118,coding_surveillance,Split: coding + surveillance,100,0.05253084832463973,0.09978794619241178,0.014490087808028327,0.030775058950809724,0.017826862015945716,0.038500406344684025,0.03616097550354251,0.056416155871876414,0.10134549376567849,0.031216494643301694,0.014128145015321366,0.026799352487247883,0.07392747570059949,0.02777774977704801,0.08564951898563923,0.025364594211105995,0.07198172809586363,0.14689992329872037,0.0375253196882199,0.010895863319315748,0.0,0.0,0.0,0.0,0.0,0.0,0.06,0.0,0.51,0.0,0.0,0.0,0.0,0.0,0.0,0.0,0.0,0.43,0.0,0.0,soft,"{""ai_coding_innovations"": 0.45, ""ai_copyright_theft"": 0.1, ""ai_mass_surveillance"": 0.45}","{""ai_coding_innovations"": 0.51, ""ai_copyright_theft"": 0.06, ""ai_mass_surveillance"": 0.43}"
user_0119,copyright_surveillance,Split: copyright + surveillance,100,0.06397235833330736,0.04697684164337827,0.03208981741222762,0.03370196400977653,0.027327632644186074,0.020243067698018907,0.07534183837130717,0.06224731379196981,0.058837901498708385,0.0699196754454222,0.03197016398530437,0.05548461009299431,0.03528418612683611,0.03231027060874522,0.04646410245068905,0.05195894535291826,0.039457519568957745,0.16245744358119335,0.028666387545260314,0.02528795983879886,0.0,0.0,0.0,0.0,0.0,0.0,0.41,0.0,0.09,0.0,0.0,0.0,0.0,0.0,0.0,0.0,0.0,0.5,0.0,0.0,soft,"{""ai_coding_innovations"": 0.1, ""ai_copyright_theft"": 0.45, ""ai_mass_surveillance"": 0.45}","{""ai_coding_innovations"": 0.09, ""ai_copyright_theft"": 0.41, ""ai_mass_surveillance"": 0.5}"
user_0120,coding_heavy,Mostly AI coding innovations,100,0.018482878248507282,0.13056495130109888,0.01624523329920015,0.012647143278679145,0.018243868925696714,0.052330039468331514,0.042212508919182545,0.03197460560903938,0.12534521898095197,0.036660584068809836,0.017559816112309726,0.031218487803322974,0.10050388369951062,0.011487289773313637,0.11109757876096837,0.026696649794205017,0.09465856969252219,0.06762678599341192,0.043384704397997256,0.011059201872940965,0.0,0.0,0.0,0.0,0.0,0.0,0.13,0.0,0.8,0.0,0.0,0.0,0.0,0.0,0.0,0.0,0.0,0.07,0.0,0.0,soft,"{""ai_coding_innovations"": 0.8, ""ai_copyright_theft"": 0.1, ""ai_mass_surveillance"": 0.1}","{""ai_coding_innovations"": 0.8, ""ai_copyright_theft"": 0.13, ""ai_mass_surveillance"": 0.07}"
user_0121,copyright_heavy,Mostly AI copyright / theft concerns,100,0.02864649197788487,0.04850925156269762,0.04693115052595199,0.012628249052387172,0.03466137950337219,0.024849522934028905,0.11112234556111723,0.03518320483964064,0.05908383452468388,0.10458189242056498,0.04912765636126736,0.08166589333239693,0.04158943307226171,0.014734283162643412,0.05093917404035837,0.07269801029593026,0.04515895012778065,0.07227672378967008,0.029813775781703664,0.03579877713365801,0.0,0.0,0.0,0.0,0.0,0.0,0.75,0.0,0.16,0.0,0.0,0.0,0.0,0.0,0.0,0.0,0.0,0.09,0.0,0.0,soft,"{""ai_coding_innovations"": 0.1, ""ai_copyright_theft"": 0.8, ""ai_mass_surveillance"": 0.1}","{""ai_coding_innovations"": 0.16, ""ai_copyright_theft"": 0.75, ""ai_mass_surveillance"": 0.09}"
user_0122,surveillance_heavy,Mostly AI mass surveillance,100,0.08733091304126345,0.05337456480151704,0.019102110903123526,0.04818883089299011,0.020795949934496794,0.01957214881879581,0.044490550561859854,0.0805586446129759,0.06468569623722774,0.03992681439838297,0.01731034809967958,0.032907883180397085,0.036299937766132835,0.044096394763931256,0.048850793441845265,0.033526682921242966,0.04003339827176062,0.2240214957069713,0.029110025700770734,0.015816815944635125,0.0,0.0,0.0,0.0,0.0,0.0,0.12,0.0,0.1,0.0,0.0,0.0,0.0,0.0,0.0,0.0,0.0,0.78,0.0,0.0,soft,"{""ai_coding_innovations"": 0.1, ""ai_copyright_theft"": 0.1, ""ai_mass_surveillance"": 0.8}","{""ai_coding_innovations"": 0.1, ""ai_copyright_theft"": 0.12, ""ai_mass_surveillance"": 0.78}"
user_0123,balanced,Even across all topics,100,0.0484708664850771,0.07257150837809184,0.02792812588059938,0.02631174784019261,0.024888152258211792,0.030251299373890303,0.06685670610396775,0.05176916153636723,0.07915805401343612,0.06134393138139228,0.028352039210577495,0.0492683163154544,0.05548741346473923,0.025150324926015308,0.0664048741512496,0.04519032434446001,0.05657388247508074,0.1293878881204067,0.033213145296895584,0.021422238443894438,0.0,0.0,0.0,0.0,0.0,0.0,0.34,0.0,0.31,0.0,0.0,0.0,0.0,0.0,0.0,0.0,0.0,0.35,0.0,0.0,soft,"{""ai_coding_innovations"": 0.333333, ""ai_copyright_theft"": 0.333333, ""ai_mass_surveillance"": 0.333334}","{""ai_coding_innovations"": 0.31, ""ai_copyright_theft"": 0.34, ""ai_mass_surveillance"": 0.35}"
user_0124,coding_copyright,Split: coding + copyright,100,0.02983523696954499,0.08695110642615847,0.029944854226182774,0.016205965835426054,0.025676141329855406,0.037030543102385245,0.07256181181241313,0.03825314756150248,0.09029420305655553,0.06667697652630304,0.031333164799335365,0.053438734942318,0.06830850187389587,0.016179316721613553,0.0785548884343955,0.04748945034097427,0.0675397928010363,0.08535557617306451,0.03602016180704828,0.022350425259991168,0.0,0.0,0.0,0.0,0.0,0.0,0.4,0.0,0.45,0.0,0.0,0.0,0.0,0.0,0.0,0.0,0.0,0.15,0.0,0.0,soft,"{""ai_coding_innovations"": 0.45, ""ai_copyright_theft"": 0.45, ""ai_mass_surveillance"": 0.1}","{""ai_coding_innovations"": 0.45, ""ai_copyright_theft"": 0.4, ""ai_mass_surveillance"": 0.15}"
user_0125,coding_surveillance,Split: coding + surveillance,100,0.0527525882828419,0.08930286319669574,0.01888360846705508,0.03012669620659556,0.020158879560871444,0.035114407639660804,0.046102445177961277,0.05599843634163316,0.0928482182289843,0.0409968071551214,0.018705856077956547,0.034076894062493875,0.06655892351496942,0.027655781880395646,0.07806520486524425,0.03190466354578757,0.06580308514203888,0.14473259440156508,0.03581862619107703,0.014393420061050972,0.0,0.0,0.0,0.0,0.0,0.0,0.15,0.0,0.43,0.0,0.0,0.0,0.0,0.0,0.0,0.0,0.0,0.42,0.0,0.0,soft,"{""ai_coding_innovations"": 0.45, ""ai_copyright_theft"": 0.1, ""ai_mass_surveillance"": 0.45}","{""ai_coding_innovations"": 0.43, ""ai_copyright_theft"": 0.15, ""ai_mass_surveillance"": 0.42}"
user_0126,copyright_surveillance,Split: copyright + surveillance,100,0.0543459288514544,0.048832850958187214,0.035518054316805804,0.028066491248915082,0.028999567441557274,0.02195931655446063,0.08369622210041,0.054952929265788424,0.06007149726005674,0.07799241386092755,0.0360022747236071,0.0615972365476938,0.03800875589570989,0.02755264573009073,0.048721147119937025,0.05669450272730255,0.04185467705173036,0.13825819471026954,0.029212418083722762,0.027662875551373065,0.0,0.0,0.0,0.0,0.0,0.0,0.49,0.0,0.12,0.0,0.0,0.0,0.0,0.0,0.0,0.0,0.0,0.39,0.0,0.0,soft,"{""ai_coding_innovations"": 0.1, ""ai_copyright_theft"": 0.45, ""ai_mass_surveillance"": 0.45}","{""ai_coding_innovations"": 0.12, ""ai_copyright_theft"": 0.49, ""ai_mass_surveillance"": 0.39}"
user_0127,coding_heavy,Mostly AI coding innovations,100,0.020867197797063038,0.13240026389091994,0.014413146903751436,0.01421399084333954,0.017308760670333503,0.05264043782440081,0.03791602299327332,0.03391004774867716,0.12690096412625823,0.0324707023787767,0.015534620856994719,0.02807407857296024,0.10143471819432937,0.012716572522127934,0.11219399914575066,0.024062372801848215,0.095410638230684,0.07421941568543779,0.043621794151384306,0.009690254661689194,0.0,0.0,0.0,0.0,0.0,0.0,0.09,0.0,0.81,0.0,0.0,0.0,0.0,0.0,0.0,0.0,0.0,0.1,0.0,0.0,soft,"{""ai_coding_innovations"": 0.8, ""ai_copyright_theft"": 0.1, ""ai_mass_surveillance"": 0.1}","{""ai_coding_innovations"": 0.81, ""ai_copyright_theft"": 0.09, ""ai_mass_surveillance"": 0.1}"
user_0128,copyright_heavy,Mostly AI copyright / theft concerns,100,0.02983979001303535,0.03691884166809139,0.05137185836224257,0.01248024183448115,0.03703305339096899,0.02099611511528968,0.12111153286007918,0.035450185358778544,0.04971754177759751,0.11442360992529681,0.053709023378368005,0.08897867330884811,0.03330363313492948,0.015072127142196232,0.042464882832200915,0.07934467895267774,0.03820004826213666,0.07231219278988917,0.027903040275513494,0.039368929617379124,0.0,0.0,0.0,0.0,0.0,0.0,0.84,0.0,0.07,0.0,0.0,0.0,0.0,0.0,0.0,0.0,0.0,0.09,0.0,0.0,soft,"{""ai_coding_innovations"": 0.1, ""ai_copyright_theft"": 0.8, ""ai_mass_surveillance"": 0.1}","{""ai_coding_innovations"": 0.07, ""ai_copyright_theft"": 0.84, ""ai_mass_surveillance"": 0.09}"
user_0129,surveillance_heavy,Mostly AI mass surveillance,100,0.09625096178731268,0.050048235742352426,0.016613510784901652,0.053291057634675384,0.019611397436142708,0.01746699622746141,0.03830826860798314,0.087227658094029,0.06223971929803015,0.03397971932435031,0.014292662966267087,0.02838508054148158,0.032651326873998625,0.048469284206281216,0.045600550036324836,0.030161563704070034,0.0368700770639975,0.24602582868056952,0.028343429281091112,0.014162671708679724,0.0,0.0,0.0,0.0,0.0,0.0,0.06,0.0,0.06,0.0,0.0,0.0,0.0,0.0,0.0,0.0,0.0,0.88,0.0,0.0,soft,"{""ai_coding_innovations"": 0.1, ""ai_copyright_theft"": 0.1, ""ai_mass_surveillance"": 0.8}","{""ai_coding_innovations"": 0.06, ""ai_copyright_theft"": 0.06, ""ai_mass_surveillance"": 0.88}"
user_0130,balanced,Even across all topics,100,0.04864689253859175,0.07919312140893914,0.025014841167002838,0.02691077484510477,0.023346692675818313,0.032352828806000426,0.06024496552920297,0.0522758745729898,0.08453323196776823,0.05484419137114989,0.025301450486975848,0.04442836806569218,0.06009403233792516,0.025384907482518624,0.07116442453559205,0.04086581122869425,0.06043289147369083,0.13156704001763508,0.034282926958641734,0.01911473253006624,0.0,0.0,0.0,0.0,0.0,0.0,0.28,0.0,0.36,0.0,0.0,0.0,0.0,0.0,0.0,0.0,0.0,0.36,0.0,0.0,soft,"{""ai_coding_innovations"": 0.333333, ""ai_copyright_theft"": 0.333333, ""ai_mass_surveillance"": 0.333334}","{""ai_coding_innovations"": 0.36, ""ai_copyright_theft"": 0.28, ""ai_mass_surveillance"": 0.36}"
user_0131,coding_copyright,Split: coding + copyright,100,0.023829862454340614,0.08696145478865243,0.03257501587619621,0.012604805672665153,0.026979662856222626,0.03773346835257146,0.07888724663991913,0.03363823422859287,0.09013312836457658,0.07280828657907232,0.034361817796144264,0.05806725278484908,0.06920536951092336,0.01318586290787915,0.0791352005766283,0.051174367524344844,0.06836233727334172,0.06995963689158967,0.036174632199585985,0.02422235672190418,0.0,0.0,0.0,0.0,0.0,0.0,0.46,0.0,0.46,0.0,0.0,0.0,0.0,0.0,0.0,0.0,0.0,0.08,0.0,0.0,soft,"{""ai_coding_innovations"": 0.45, ""ai_copyright_theft"": 0.45, ""ai_mass_surveillance"": 0.1}","{""ai_coding_innovations"": 0.46, ""ai_copyright_theft"": 0.46, ""ai_mass_surveillance"": 0.08}"
user_0132,coding_surveillance,Split: coding + surveillance,100,0.057786404721097986,0.09039784173309202,0.01620625963977779,0.033227500843048347,0.018815701691833192,0.034878891503190665,0.03972929272591209,0.05992864962516155,0.09387831013135545,0.03480409210943995,0.015673547126682216,0.029413137818757592,0.0665793036296442,0.030189423817924853,0.07837486981077396,0.02811314704035115,0.06576079958155275,0.1579257357856655,0.035868197807586634,0.01244889285715211,0.0,0.0,0.0,0.0,0.0,0.0,0.09,0.0,0.43,0.0,0.0,0.0,0.0,0.0,0.0,0.0,0.0,0.48,0.0,0.0,soft,"{""ai_coding_innovations"": 0.45, ""ai_copyright_theft"": 0.1, ""ai_mass_surveillance"": 0.45}","{""ai_coding_innovations"": 0.43, ""ai_copyright_theft"": 0.09, ""ai_mass_surveillance"": 0.48}"
user_0133,copyright_surveillance,Split: copyright + surveillance,100,0.06397235833330735,0.046976841643378245,0.03208981741222761,0.03370196400977652,0.027327632644186074,0.020243067698018903,0.07534183837130722,0.06224731379196981,0.05883790149870837,0.06991967544542221,0.031970163985304376,0.05548461009299434,0.03528418612683613,0.032310270608745216,0.04646410245068905,0.05195894535291828,0.039457519568957745,0.16245744358119335,0.02866638754526032,0.025287959838798845,0.0,0.0,0.0,0.0,0.0,0.0,0.41,0.0,0.09,0.0,0.0,0.0,0.0,0.0,0.0,0.0,0.0,0.5,0.0,0.0,soft,"{""ai_coding_innovations"": 0.1, ""ai_copyright_theft"": 0.45, ""ai_mass_surveillance"": 0.45}","{""ai_coding_innovations"": 0.09, ""ai_copyright_theft"": 0.41, ""ai_mass_surveillance"": 0.5}"
user_0134,coding_heavy,Mostly AI coding innovations,100,0.020425994402403853,0.12835429750331848,0.01633960765372785,0.013647854331295398,0.0183231816110388,0.051395221240899396,0.04230794416826881,0.03334400570780172,0.12360718456016757,0.036783394054634225,0.01756712802124065,0.031288964605733355,0.09866938819610613,0.012406913525724003,0.10931762458544324,0.026909848438336763,0.09309805186888367,0.07203238178816072,0.04297662037990263,0.011204393356912697,0.0,0.0,0.0,0.0,0.0,0.0,0.13,0.0,0.78,0.0,0.0,0.0,0.0,0.0,0.0,0.0,0.0,0.09,0.0,0.0,soft,"{""ai_coding_innovations"": 0.8, ""ai_copyright_theft"": 0.1, ""ai_mass_surveillance"": 0.1}","{""ai_coding_innovations"": 0.78, ""ai_copyright_theft"": 0.13, ""ai_mass_surveillance"": 0.09}"
user_0135,copyright_heavy,Mostly AI copyright / theft concerns,100,0.03628636792289893,0.04095445969319889,0.04681523596225272,0.016647538509286176,0.03471511092389647,0.02153840644860483,0.11039417685757759,0.04063114073256357,0.053172396035667105,0.10397960819667003,0.04864786321731318,0.08113526943354392,0.03517209549612517,0.018375239952334557,0.04476094525027555,0.07281228613281862,0.03969009015163155,0.08989516596864108,0.028393743654457466,0.0359828594602426,0.0,0.0,0.0,0.0,0.0,0.0,0.74,0.0,0.09,0.0,0.0,0.0,0.0,0.0,0.0,0.0,0.0,0.17,0.0,0.0,soft,"{""ai_coding_innovations"": 0.1, ""ai_copyright_theft"": 0.8, ""ai_mass_surveillance"": 0.1}","{""ai_coding_innovations"": 0.09, ""ai_copyright_theft"": 0.74, ""ai_mass_surveillance"": 0.17}"
user_0136,surveillance_heavy,Mostly AI mass surveillance,100,0.0933362875564678,0.05336421643902307,0.016471949253110085,0.051789991055751,0.019492428408129574,0.01886922356860958,0.03816511573435377,0.08517355794588549,0.0648467709292067,0.03379550434561373,0.014281695102870709,0.028279365337865986,0.03540307012910535,0.04708984857766566,0.04827048129961244,0.02984176573787242,0.03921085379945523,0.23941743498844623,0.02895555530823303,0.013944884482722127,0.0,0.0,0.0,0.0,0.0,0.0,0.06,0.0,0.09,0.0,0.0,0.0,0.0,0.0,0.0,0.0,0.0,0.85,0.0,0.0,soft,"{""ai_coding_innovations"": 0.1, ""ai_copyright_theft"": 0.1, ""ai_mass_surveillance"": 0.8}","{""ai_coding_innovations"": 0.09, ""ai_copyright_theft"": 0.06, ""ai_mass_surveillance"": 0.85}"
user_0137,balanced,Even across all topics,100,0.041759111234069016,0.07111153699623017,0.031497924316969114,0.022177341658255554,0.026679056083596126,0.030565320889183834,0.07535424270669992,0.046528877158329374,0.07778459814360796,0.06960088477563421,0.032395117812276615,0.05548665797376945,0.055460239978506264,0.021772135675976363,0.06599198755721,0.05024567968504189,0.056630263222395574,0.11179703294160621,0.03314704980821612,0.024014941382426266,0.0,0.0,0.0,0.0,0.0,0.0,0.42,0.0,0.31,0.0,0.0,0.0,0.0,0.0,0.0,0.0,0.0,0.27,0.0,0.0,soft,"{""ai_coding_innovations"": 0.333333, ""ai_copyright_theft"": 0.333333, ""ai_mass_surveillance"": 0.333334}","{""ai_coding_innovations"": 0.31, ""ai_copyright_theft"": 0.42, ""ai_mass_surveillance"": 0.27}"
user_0138,coding_copyright,Split: coding + copyright,100,0.02524262392594809,0.08990209427736369,0.03069574230348365,0.013671297711017421,0.026004898258188365,0.038511275822356805,0.07454304308946678,0.034888976318849484,0.09255789072027504,0.06855699989612696,0.03233296658636378,0.05488760515328117,0.07105345175744436,0.013955333780488268,0.08112159804917321,0.04843349120992215,0.06989466472332276,0.07434946868624115,0.03661576396202033,0.022780813768666534,0.0,0.0,0.0,0.0,0.0,0.0,0.42,0.0,0.48,0.0,0.0,0.0,0.0,0.0,0.0,0.0,0.0,0.1,0.0,0.0,soft,"{""ai_coding_innovations"": 0.45, ""ai_copyright_theft"": 0.45, ""ai_mass_surveillance"": 0.1}","{""ai_coding_innovations"": 0.48, ""ai_copyright_theft"": 0.42, ""ai_mass_surveillance"": 0.1}"
user_0139,coding_surveillance,Split: coding + surveillance,100,0.06030331294022602,0.09094533100129015,0.014867585226139134,0.03477790316127474,0.018144112757314066,0.034761133434955585,0.0365427164998875,0.06189375626692575,0.09439335608254101,0.03170773458659923,0.014157392651045058,0.027081259696889418,0.06658949368698154,0.03145624478668946,0.07852970228353881,0.026217388787632922,0.06573965680130969,0.1645223064777157,0.03589298361584143,0.011476629255202682,0.0,0.0,0.0,0.0,0.0,0.0,0.06,0.0,0.43,0.0,0.0,0.0,0.0,0.0,0.0,0.0,0.0,0.51,0.0,0.0,soft,"{""ai_coding_innovations"": 0.45, ""ai_copyright_theft"": 0.1, ""ai_mass_surveillance"": 0.45}","{""ai_coding_innovations"": 0.43, ""ai_copyright_theft"": 0.06, ""ai_mass_surveillance"": 0.51}"
user_0140,copyright_surveillance,Split: copyright + surveillance,100,0.054345928851454395,0.048832850958187214,0.0355180543168058,0.028066491248915075,0.028999567441557274,0.021959316554460633,0.08369622210041003,0.05495292926578842,0.06007149726005674,0.07799241386092755,0.03600227472360711,0.061597236547693786,0.03800875589570989,0.02755264573009073,0.048721147119937025,0.056694502727302566,0.04185467705173037,0.1382581947102696,0.029212418083722762,0.027662875551373076,0.0,0.0,0.0,0.0,0.0,0.0,0.49,0.0,0.12,0.0,0.0,0.0,0.0,0.0,0.0,0.0,0.0,0.39,0.0,0.0,soft,"{""ai_coding_innovations"": 0.1, ""ai_copyright_theft"": 0.45, ""ai_mass_surveillance"": 0.45}","{""ai_coding_innovations"": 0.12, ""ai_copyright_theft"": 0.49, ""ai_mass_surveillance"": 0.39}"
user_0141,coding_heavy,Mostly AI coding innovations,100,0.021838755874011344,0.13129493699202974,0.014460334081015287,0.014714346369647672,0.01734841701300455,0.05217302871068474,0.03796374061781644,0.03459474779805834,0.12603194691586608,0.032532107371688886,0.015538276811460177,0.028109316974165438,0.10051747044262711,0.013176384398333114,0.1113040220579882,0.024168972123914105,0.09463037931886473,0.07642221358281219,0.04341775214233698,0.009762850403675055,0.0,0.0,0.0,0.0,0.0,0.0,0.09,0.0,0.8,0.0,0.0,0.0,0.0,0.0,0.0,0.0,0.0,0.11,0.0,0.0,soft,"{""ai_coding_innovations"": 0.8, ""ai_copyright_theft"": 0.1, ""ai_mass_surveillance"": 0.1}","{""ai_coding_innovations"": 0.8, ""ai_copyright_theft"": 0.09, ""ai_mass_surveillance"": 0.11}"
user_0142,copyright_heavy,Mostly AI copyright / theft concerns,100,0.029442024001318536,0.040782311632960144,0.04989162241681238,0.012529577573783155,0.03624249542843674,0.02228058438820275,0.1177818037604252,0.03536119185239924,0.05283963935995965,0.11114303742371952,0.052181901039334455,0.08654107998336437,0.03606556644737358,0.01495951248234529,0.045289646568253426,0.07712912273376193,0.04051968221735133,0.07230036978981617,0.02853995211091024,0.0381788787894721,0.0,0.0,0.0,0.0,0.0,0.0,0.81,0.0,0.1,0.0,0.0,0.0,0.0,0.0,0.0,0.0,0.0,0.09,0.0,0.0,soft,"{""ai_coding_innovations"": 0.1, ""ai_copyright_theft"": 0.8, ""ai_mass_surveillance"": 0.1}","{""ai_coding_innovations"": 0.1, ""ai_copyright_theft"": 0.81, ""ai_mass_surveillance"": 0.09}"
user_0143,surveillance_heavy,Mostly AI mass surveillance,100,0.0879047051064949,0.05613270786749557,0.017669062134957184,0.04873852215860024,0.02004504831463557,0.02038920897799285,0.04120853908674899,0.08115435115597779,0.0669387766091977,0.03670764688971788,0.015786881715111493,0.03050552825611856,0.038144623326874696,0.0444435919802855,0.0507855800901352,0.031417726024393036,0.04157277331515607,0.22621247060427271,0.02954289552712015,0.01469936085871396,0.0,0.0,0.0,0.0,0.0,0.0,0.09,0.0,0.12,0.0,0.0,0.0,0.0,0.0,0.0,0.0,0.0,0.79,0.0,0.0,soft,"{""ai_coding_innovations"": 0.1, ""ai_copyright_theft"": 0.1, ""ai_mass_surveillance"": 0.8}","{""ai_coding_innovations"": 0.12, ""ai_copyright_theft"": 0.09, ""ai_mass_surveillance"": 0.79}"
user_0144,balanced,Even across all topics,100,0.04997277924431452,0.06631488819270992,0.029948960985103502,0.026746322380764728,0.02598188588425918,0.028071264562956787,0.0713440625280495,0.052572519594254116,0.07412624002656111,0.06577943304307421,0.030391858283754358,0.0525536791506379,0.05088758796311156,0.02576028968202175,0.06174854541541712,0.04825099862508029,0.05270077828964189,0.1316064500178785,0.03215988750731933,0.023081568623089677,0.0,0.0,0.0,0.0,0.0,0.0,0.38,0.0,0.26,0.0,0.0,0.0,0.0,0.0,0.0,0.0,0.0,0.36,0.0,0.0,soft,"{""ai_coding_innovations"": 0.333333, ""ai_copyright_theft"": 0.333333, ""ai_mass_surveillance"": 0.333334}","{""ai_coding_innovations"": 0.26, ""ai_copyright_theft"": 0.38, ""ai_mass_surveillance"": 0.36}"
user_0145,coding_copyright,Split: coding + copyright,100,0.029261444904313524,0.08419296336017995,0.031377902994349116,0.015656274569815914,0.026427042949716626,0.036213482943188206,0.07584382328752393,0.03765744101850059,0.0880411226845856,0.06989614403496816,0.03285663118390347,0.055841089866596506,0.06646381631315401,0.015832119505259302,0.07662010178610552,0.04959840723782424,0.06600041775764091,0.08316460127576314,0.035587291980698856,0.023467880345912344,0.0,0.0,0.0,0.0,0.0,0.0,0.43,0.0,0.43,0.0,0.0,0.0,0.0,0.0,0.0,0.0,0.0,0.14,0.0,0.0,soft,"{""ai_coding_innovations"": 0.45, ""ai_copyright_theft"": 0.45, ""ai_mass_surveillance"": 0.1}","{""ai_coding_innovations"": 0.43, ""ai_copyright_theft"": 0.43, ""ai_mass_surveillance"": 0.14}"
user_0146,coding_surveillance,Split: coding + surveillance,100,0.051118086853032256,0.09684730670370056,0.01636936138074089,0.02970856691245746,0.018801626613979973,0.0377225988748987,0.04050517905399487,0.05516541378161981,0.09892073140998,0.03546778132624704,0.016156996225101847,0.029979000118815796,0.07207939345407852,0.0270082789044389,0.08366312151309423,0.028105470525528684,0.07044940064588257,0.14251009150406893,0.03708418792578555,0.012337406272553393,0.0,0.0,0.0,0.0,0.0,0.0,0.1,0.0,0.49,0.0,0.0,0.0,0.0,0.0,0.0,0.0,0.0,0.41,0.0,0.0,soft,"{""ai_coding_innovations"": 0.45, ""ai_copyright_theft"": 0.1, ""ai_mass_surveillance"": 0.45}","{""ai_coding_innovations"": 0.49, ""ai_copyright_theft"": 0.1, ""ai_mass_surveillance"": 0.41}"
user_0147,copyright_surveillance,Split: copyright + surveillance,100,0.053374370774506096,0.04993817785707744,0.03547086713954194,0.027566135722606955,0.02895991109888623,0.022426725668176682,0.0836485044758669,0.054268229216407254,0.06094051447044893,0.07793100886801535,0.03599861876914165,0.061561998146488606,0.03892600364741214,0.027092833853885546,0.04961112420769955,0.05658790340523671,0.04263493596354962,0.1360553968128951,0.029416460092770064,0.027590279809387202,0.0,0.0,0.0,0.0,0.0,0.0,0.49,0.0,0.13,0.0,0.0,0.0,0.0,0.0,0.0,0.0,0.0,0.38,0.0,0.0,soft,"{""ai_coding_innovations"": 0.1, ""ai_copyright_theft"": 0.45, ""ai_mass_surveillance"": 0.45}","{""ai_coding_innovations"": 0.13, ""ai_copyright_theft"": 0.49, ""ai_mass_surveillance"": 0.38}"
user_0148,coding_heavy,Mostly AI coding innovations,100,0.02444481538076926,0.1226451665861347,0.017021768344593322,0.015632831190093906,0.018745326302567065,0.049097428361730804,0.04360872436632596,0.03611247040745284,0.1190904165244782,0.0381225381934754,0.018090792618780337,0.032242449319048724,0.0940797527518158,0.014283699250495049,0.10481612832237563,0.028074764466238807,0.08920380490320182,0.08084751437768273,0.04194814839858116,0.011891459934158504,0.0,0.0,0.0,0.0,0.0,0.0,0.14,0.0,0.73,0.0,0.0,0.0,0.0,0.0,0.0,0.0,0.0,0.13,0.0,0.0,soft,"{""ai_coding_innovations"": 0.8, ""ai_copyright_theft"": 0.1, ""ai_mass_surveillance"": 0.1}","{""ai_coding_innovations"": 0.73, ""ai_copyright_theft"": 0.14, ""ai_mass_surveillance"": 0.13}"
user_0149,copyright_heavy,Mostly AI copyright / theft concerns,100,0.027190293123335034,0.037659175721516176,0.05221712079407114,0.010946284762688758,0.03744112300464402,0.02154202960782911,0.12318819938621907,0.0334554142148879,0.050243195020532636,0.11642644328094508,0.054716137074327306,0.09049802032222164,0.03421408751507347,0.013767767953481311,0.043251638271453556,0.08050191846575733,0.03899440236078461,0.06571168109781463,0.02809055841239094,0.0399445096100262,0.0,0.0,0.0,0.0,0.0,0.0,0.86,0.0,0.08,0.0,0.0,0.0,0.0,0.0,0.0,0.0,0.0,0.06,0.0,0.0,soft,"{""ai_coding_innovations"": 0.1, ""ai_copyright_theft"": 0.8, ""ai_mass_surveillance"": 0.1}","{""ai_coding_innovations"": 0.08, ""ai_copyright_theft"": 0.86, ""ai_mass_surveillance"": 0.06}"
user_0150,surveillance_heavy,Mostly AI mass surveillance,100,0.08538779688736686,0.05558521859929746,0.01900773654859583,0.04718811984037387,0.020716637249154707,0.020506967046227932,0.0443951153127736,0.0791892445142136,0.06642373065801213,0.03980400441255861,0.01730303619074866,0.03283740637798672,0.03813443326953733,0.0431767710115209,0.050630747617370346,0.03331348427711125,0.04159391609539913,0.2196158999122225,0.029518109718865357,0.015671624460663395,0.0,0.0,0.0,0.0,0.0,0.0,0.12,0.0,0.12,0.0,0.0,0.0,0.0,0.0,0.0,0.0,0.0,0.76,0.0,0.0,soft,"{""ai_coding_innovations"": 0.1, ""ai_copyright_theft"": 0.1, ""ai_mass_surveillance"": 0.8}","{""ai_coding_innovations"": 0.12, ""ai_copyright_theft"": 0.12, ""ai_mass_surveillance"": 0.76}"
user_0151,balanced,Even across all topics,100,0.042950132747474314,0.08453725948065745,0.025225130085229797,0.023892196440821994,0.02337227394063612,0.03472912706399238,0.06106856948182885,0.04819733877882922,0.08870663603600056,0.055569285580869154,0.025788555539860925,0.04502946876695559,0.06467687441065721,0.02266357444523785,0.0755626991501498,0.04096473403593763,0.0643412336262014,0.11835419363341297,0.03529487506779334,0.01907584168745339,0.0,0.0,0.0,0.0,0.0,0.0,0.29,0.0,0.41,0.0,0.0,0.0,0.0,0.0,0.0,0.0,0.0,0.3,0.0,0.0,soft,"{""ai_coding_innovations"": 0.333333, ""ai_copyright_theft"": 0.333333, ""ai_mass_surveillance"": 0.333334}","{""ai_coding_innovations"": 0.41, ""ai_copyright_theft"": 0.29, ""ai_mass_surveillance"": 0.3}"
user_0152,coding_copyright,Split: coding + copyright,100,0.026611948014613206,0.08493329741360475,0.0322231654261777,0.014122317498023538,0.026835112563391675,0.03675939743572767,0.07792048981366387,0.035662669874609955,0.08856677592752076,0.07189897739061647,0.033863744879862795,0.05736043687997008,0.06737427069329806,0.014527760316544389,0.07740685722535819,0.05075564675090383,0.06679477185628885,0.07656408958368857,0.03577481011757629,0.024043460338559433,0.0,0.0,0.0,0.0,0.0,0.0,0.45,0.0,0.44,0.0,0.0,0.0,0.0,0.0,0.0,0.0,0.0,0.11,0.0,0.0,soft,"{""ai_coding_innovations"": 0.45, ""ai_copyright_theft"": 0.45, ""ai_mass_surveillance"": 0.1}","{""ai_coding_innovations"": 0.44, ""ai_copyright_theft"": 0.45, ""ai_mass_surveillance"": 0.11}"
user_0153,coding_surveillance,Split: coding + surveillance,100,0.04807082395161511,0.1014511107219941,0.01573438786713927,0.02822394557996708,0.018419138265122748,0.039552982640351224,0.039252116480480825,0.05308164913134986,0.10256848223527724,0.034190042180318035,0.01563698758202761,0.029060753806705645,0.07575178114666659,0.025591305055873044,0.08727464068839942,0.02704715381969247,0.07356338869974519,0.13589775681192134,0.03790861789805969,0.01172293543729345,0.0,0.0,0.0,0.0,0.0,0.0,0.09,0.0,0.53,0.0,0.0,0.0,0.0,0.0,0.0,0.0,0.0,0.38,0.0,0.0,soft,"{""ai_coding_innovations"": 0.45, ""ai_copyright_theft"": 0.1, ""ai_mass_surveillance"": 0.45}","{""ai_coding_innovations"": 0.53, ""ai_copyright_theft"": 0.09, ""ai_mass_surveillance"": 0.38}"
user_0154,copyright_surveillance,Split: copyright + surveillance,100,0.05266799003870237,0.04846785811272179,0.03641050392589823,0.027032889703430808,0.02944729339790337,0.022037821933284032,0.08582060625109311,0.05364285817127896,0.05972813329259971,0.08005665220948806,0.037013044374031905,0.06315182196227255,0.038001962524151646,0.026708098417580994,0.04861792547142713,0.05795834156244805,0.041868772238559074,0.13386048091556949,0.029195894211552883,0.02831105128600604,0.0,0.0,0.0,0.0,0.0,0.0,0.51,0.0,0.12,0.0,0.0,0.0,0.0,0.0,0.0,0.0,0.0,0.37,0.0,0.0,soft,"{""ai_coding_innovations"": 0.1, ""ai_copyright_theft"": 0.45, ""ai_mass_surveillance"": 0.45}","{""ai_coding_innovations"": 0.12, ""ai_copyright_theft"": 0.51, ""ai_mass_surveillance"": 0.37}"
user_0155,coding_heavy,Mostly AI coding innovations,100,0.018924081643166477,0.13461091768870034,0.014318772549223723,0.01321327979072329,0.01722944798499142,0.053575256051832915,0.03782058774418707,0.032540647649914815,0.1286389985470426,0.03234789239295229,0.015527308948063789,0.028003601770549863,0.10326921369773383,0.011796948769717569,0.11397395332127587,0.023849174157716483,0.09697115605432244,0.06981381989068892,0.0440298781694789,0.009545063177717451,0.0,0.0,0.0,0.0,0.0,0.0,0.09,0.0,0.83,0.0,0.0,0.0,0.0,0.0,0.0,0.0,0.0,0.08,0.0,0.0,soft,"{""ai_coding_innovations"": 0.8, ""ai_copyright_theft"": 0.1, ""ai_mass_surveillance"": 0.1}","{""ai_coding_innovations"": 0.83, ""ai_copyright_theft"": 0.09, ""ai_mass_surveillance"": 0.08}"
user_0156,copyright_heavy,Mostly AI copyright / theft concerns,100,0.02944202400131854,0.04078231163296012,0.049891622416812366,0.012529577573783143,0.03624249542843673,0.022280584388202736,0.11778180376042517,0.03536119185239924,0.052839639359959646,0.1111430374237195,0.052181901039334434,0.08654107998336437,0.03606556644737357,0.014959512482345288,0.04528964656825341,0.0771291227337619,0.04051968221735131,0.07230036978981616,0.028539952110910236,0.038178878789472084,0.0,0.0,0.0,0.0,0.0,0.0,0.81,0.0,0.1,0.0,0.0,0.0,0.0,0.0,0.0,0.0,0.0,0.09,0.0,0.0,soft,"{""ai_coding_innovations"": 0.1, ""ai_copyright_theft"": 0.8, ""ai_mass_surveillance"": 0.1}","{""ai_coding_innovations"": 0.1, ""ai_copyright_theft"": 0.81, ""ai_mass_surveillance"": 0.09}"
user_0157,surveillance_heavy,Mostly AI mass surveillance,100,0.0891414405245877,0.052451734325359496,0.018703073275841166,0.04920598719204035,0.020611743298994786,0.019065487015668053,0.04347607611106142,0.0818983802096118,0.06398836101056408,0.03895610021701493,0.01680861922893265,0.03216582887431289,0.03538608670020971,0.04497848029639131,0.04801242717833768,0.0330013628257361,0.03924609176652701,0.2284231505016958,0.028914245627808366,0.015565323819304512,0.0,0.0,0.0,0.0,0.0,0.0,0.11,0.0,0.09,0.0,0.0,0.0,0.0,0.0,0.0,0.0,0.0,0.8,0.0,0.0,soft,"{""ai_coding_innovations"": 0.1, ""ai_copyright_theft"": 0.1, ""ai_mass_surveillance"": 0.8}","{""ai_coding_innovations"": 0.09, ""ai_copyright_theft"": 0.11, ""ai_mass_surveillance"": 0.8}"
user_0158,balanced,Even across all topics,100,0.04652775033118054,0.07478216217587227,0.027833751526071697,0.025311036787576357,0.024808839572869702,0.03118611760132241,0.06676127085488152,0.0503997614376049,0.08089608843422051,0.06122112139556791,0.028344727301646576,0.04919783951304406,0.057321908968143716,0.024230701173604957,0.06818482832677471,0.04497712570032827,0.05813440029871921,0.12498229232565794,0.0336212293149902,0.021277046959922708,0.0,0.0,0.0,0.0,0.0,0.0,0.34,0.0,0.33,0.0,0.0,0.0,0.0,0.0,0.0,0.0,0.0,0.33,0.0,0.0,soft,"{""ai_coding_innovations"": 0.333333, ""ai_copyright_theft"": 0.333333, ""ai_mass_surveillance"": 0.333334}","{""ai_coding_innovations"": 0.33, ""ai_copyright_theft"": 0.34, ""ai_mass_surveillance"": 0.33}"
user_0159,coding_copyright,Split: coding + copyright,100,0.02612503071526647,0.09799402705256662,0.026842820803530818,0.014803570735105702,0.023976056376777754,0.04100170898935959,0.06575920073947586,0.036021060400600345,0.09914544985245631,0.05993161654441189,0.028267952257871896,0.048457833087734985,0.07658411175389075,0.014574651773296126,0.08687434716978809,0.04273853993694506,0.07451983744692339,0.0787235364807952,0.037906111504983644,0.019752536378219512,0.0,0.0,0.0,0.0,0.0,0.0,0.34,0.0,0.54,0.0,0.0,0.0,0.0,0.0,0.0,0.0,0.0,0.12,0.0,0.0,soft,"{""ai_coding_innovations"": 0.45, ""ai_copyright_theft"": 0.45, ""ai_mass_surveillance"": 0.1}","{""ai_coding_innovations"": 0.54, ""ai_copyright_theft"": 0.34, ""ai_mass_surveillance"": 0.12}"
user_0160,coding_surveillance,Split: coding + surveillance,100,0.05098549818245994,0.09813513002532342,0.015875949398930823,0.029725012158891454,0.018538107293135882,0.03815075529920305,0.0393952693541102,0.055135749279493385,0.09996143060410076,0.03437425715905461,0.015647955445423987,0.029166469010321223,0.07300003789155987,0.02697074068448858,0.08460470942511178,0.027366951785890083,0.07122261196428745,0.14250615050404458,0.037296491870917776,0.011940722663251045,0.0,0.0,0.0,0.0,0.0,0.0,0.09,0.0,0.5,0.0,0.0,0.0,0.0,0.0,0.0,0.0,0.0,0.41,0.0,0.0,soft,"{""ai_coding_innovations"": 0.45, ""ai_copyright_theft"": 0.1, ""ai_mass_surveillance"": 0.45}","{""ai_coding_innovations"": 0.5, ""ai_copyright_theft"": 0.09, ""ai_mass_surveillance"": 0.41}"
user_0161,copyright_surveillance,Split: copyright + surveillance,100,0.057658369094016074,0.04165340029664781,0.03713985179402755,0.02951822208853745,0.02990909443210268,0.019272619940399378,0.08716910407369338,0.05709602292031123,0.054342348046518066,0.08145720134124144,0.03754036492603706,0.06414054507679308,0.03249507932815907,0.02904469601855721,0.04322645212059695,0.059229856912415994,0.037194266361057944,0.14487841140246585,0.027963380221184112,0.029070713605237705,0.0,0.0,0.0,0.0,0.0,0.0,0.52,0.0,0.06,0.0,0.0,0.0,0.0,0.0,0.0,0.0,0.0,0.42,0.0,0.0,soft,"{""ai_coding_innovations"": 0.1, ""ai_copyright_theft"": 0.45, ""ai_mass_surveillance"": 0.45}","{""ai_coding_innovations"": 0.06, ""ai_copyright_theft"": 0.52, ""ai_mass_surveillance"": 0.42}"
user_0162,coding_heavy,Mostly AI coding innovations,100,0.02303205390916181,0.11970452709742345,0.018901041917305888,0.01456633915174164,0.019720090900601322,0.04831962089194547,0.04795292791677831,0.03486172831719623,0.11666565416877975,0.04237382487642077,0.020119643828560813,0.03542209695061662,0.09223167050529484,0.013514228377885934,0.10282973084983064,0.03081564078066151,0.08767147745322075,0.07645768258303128,0.0415070166361468,0.013333002887396144,0.0,0.0,0.0,0.0,0.0,0.0,0.18,0.0,0.71,0.0,0.0,0.0,0.0,0.0,0.0,0.0,0.0,0.11,0.0,0.0,soft,"{""ai_coding_innovations"": 0.8, ""ai_copyright_theft"": 0.1, ""ai_mass_surveillance"": 0.1}","{""ai_coding_innovations"": 0.71, ""ai_copyright_theft"": 0.18, ""ai_mass_surveillance"": 0.11}"
user_0163,copyright_heavy,Mostly AI copyright / theft concerns,100,0.03248928690273568,0.03617850761466658,0.05052659593041398,0.014014198906273517,0.036624983777293944,0.020450200622750225,0.11903486633393921,0.03744495650266918,0.04919188853466235,0.1124207765696485,0.05270190968240867,0.0874593262954745,0.03239317875478548,0.016376486330911152,0.04167812739294829,0.07818743943959812,0.03740569416348868,0.07891270448196373,0.027715522138636064,0.03879334962473202,0.0,0.0,0.0,0.0,0.0,0.0,0.82,0.0,0.06,0.0,0.0,0.0,0.0,0.0,0.0,0.0,0.0,0.12,0.0,0.0,soft,"{""ai_coding_innovations"": 0.1, ""ai_copyright_theft"": 0.8, ""ai_mass_surveillance"": 0.1}","{""ai_coding_innovations"": 0.06, ""ai_copyright_theft"": 0.82, ""ai_mass_surveillance"": 0.12}"
user_0164,surveillance_heavy,Mostly AI mass surveillance,100,0.09042161332562294,0.056680197135693694,0.01633038772131853,0.05028892447682663,0.019373459380116444,0.02027145090975776,0.0380219628607244,0.08311945779774199,0.06745382256038326,0.03361128936687714,0.014270727239474338,0.028173650134250394,0.03815481338421208,0.045710412949050115,0.05094041256290005,0.029521967771674814,0.041551630534912995,0.23280904129632293,0.02956768133537496,0.013727097256764537,0.0,0.0,0.0,0.0,0.0,0.0,0.06,0.0,0.12,0.0,0.0,0.0,0.0,0.0,0.0,0.0,0.0,0.82,0.0,0.0,soft,"{""ai_coding_innovations"": 0.1, ""ai_copyright_theft"": 0.1, ""ai_mass_surveillance"": 0.8}","{""ai_coding_innovations"": 0.12, ""ai_copyright_theft"": 0.06, ""ai_mass_surveillance"": 0.82}"
user_0165,balanced,Even across all topics,100,0.045114988859573074,0.07184152268716099,0.029713025098784245,0.024244544749224085,0.025783604170903963,0.030408310131537077,0.07110547440533384,0.049149019347348305,0.07847132607852204,0.06547240807851326,0.03037357851142706,0.05237748714461192,0.05547382672162275,0.02346123030099584,0.06619843085422981,0.047718002014750946,0.05660207284873815,0.12059246053100647,0.033180097552555854,0.022718589913160354,0.0,0.0,0.0,0.0,0.0,0.0,0.38,0.0,0.31,0.0,0.0,0.0,0.0,0.0,0.0,0.0,0.0,0.31,0.0,0.0,soft,"{""ai_coding_innovations"": 0.333333, ""ai_copyright_theft"": 0.333333, ""ai_mass_surveillance"": 0.333334}","{""ai_coding_innovations"": 0.31, ""ai_copyright_theft"": 0.38, ""ai_mass_surveillance"": 0.31}"
user_0166,coding_copyright,Split: coding + copyright,100,0.02603815594938174,0.08217515434762619,0.03365621419434405,0.013572626232413391,0.027586014183252884,0.03594233727653062,0.08120250128877467,0.03506696333160808,0.0863136955555508,0.07511814489928156,0.035387211264430875,0.05976279180424863,0.06552958513255618,0.014180563100190145,0.07547207057706823,0.05286460364775377,0.06525539681289343,0.0743731146863872,0.03534194029122688,0.02516091542448059,0.0,0.0,0.0,0.0,0.0,0.0,0.48,0.0,0.42,0.0,0.0,0.0,0.0,0.0,0.0,0.0,0.0,0.1,0.0,0.0,soft,"{""ai_coding_innovations"": 0.45, ""ai_copyright_theft"": 0.45, ""ai_mass_surveillance"": 0.1}","{""ai_coding_innovations"": 0.42, ""ai_copyright_theft"": 0.48, ""ai_mass_surveillance"": 0.1}"
user_0167,coding_surveillance,Split: coding + surveillance,100,0.05292861433635654,0.09592447622754309,0.015970323753458523,0.030725723211507724,0.01861741997847797,0.037215937071770934,0.03949070460319646,0.0565051493782557,0.09822339618331632,0.034497067144879004,0.015655267354354917,0.029236945812731587,0.07116554238815535,0.027890364436898945,0.08282475524958668,0.027580150430021804,0.06966209414064899,0.14691174629879342,0.03688840785282316,0.012085914147222784,0.0,0.0,0.0,0.0,0.0,0.0,0.09,0.0,0.48,0.0,0.0,0.0,0.0,0.0,0.0,0.0,0.0,0.43,0.0,0.0,soft,"{""ai_coding_innovations"": 0.45, ""ai_copyright_theft"": 0.1, ""ai_mass_surveillance"": 0.45}","{""ai_coding_innovations"": 0.48, ""ai_copyright_theft"": 0.09, ""ai_mass_surveillance"": 0.43}"
user_0168,copyright_surveillance,Split: copyright + surveillance,100,0.05854077588333446,0.04974533307185075,0.033286930294074715,0.030650495112625735,0.027880252550692063,0.021763053107402158,0.07838526172370236,0.058228107002062095,0.060929907178699366,0.07283181798952634,0.03347535059754515,0.05771077301124688,0.038025739324605505,0.029664014011365068,0.048979201241211814,0.053534905639438884,0.04181943908465856,0.14925247919701995,0.029253727764147426,0.026042436214790677,0.0,0.0,0.0,0.0,0.0,0.0,0.44,0.0,0.12,0.0,0.0,0.0,0.0,0.0,0.0,0.0,0.0,0.44,0.0,0.0,soft,"{""ai_coding_innovations"": 0.1, ""ai_copyright_theft"": 0.45, ""ai_mass_surveillance"": 0.45}","{""ai_coding_innovations"": 0.12, ""ai_copyright_theft"": 0.44, ""ai_mass_surveillance"": 0.44}"
user_0169,coding_heavy,Mostly AI coding innovations,100,0.019365285037825666,0.13865688407630172,0.012392311799247314,0.013779416302767427,0.016215027044286106,0.05482047263533429,0.03342866656919156,0.033106689690790225,0.13193277811313328,0.028035200717094783,0.013494801783817855,0.024788715737776745,0.106034543695957,0.012106607766121491,0.11685032788158334,0.02100169852122794,0.09928374241612274,0.07200085378796595,0.04467505194096057,0.00803092448249395,0.0,0.0,0.0,0.0,0.0,0.0,0.05,0.0,0.86,0.0,0.0,0.0,0.0,0.0,0.0,0.0,0.0,0.09,0.0,0.0,soft,"{""ai_coding_innovations"": 0.8, ""ai_copyright_theft"": 0.1, ""ai_mass_surveillance"": 0.1}","{""ai_coding_innovations"": 0.86, ""ai_copyright_theft"": 0.05, ""ai_mass_surveillance"": 0.09}"
user_0170,copyright_heavy,Mostly AI copyright / theft concerns,100,0.033328256309111695,0.03636100403739931,0.050080371125867766,0.014530999679015656,0.03640112079912091,0.02041094793333853,0.11797267425859768,0.03809999204992392,0.04936357051839089,0.11138865739536825,0.05219652485719628,0.08668203358818515,0.0323965754405646,0.01679875998716602,0.041729738217203244,0.07755552002202538,0.03739864657007433,0.08111156137931383,0.02772378407472099,0.03846926175741555,0.0,0.0,0.0,0.0,0.0,0.0,0.81,0.0,0.06,0.0,0.0,0.0,0.0,0.0,0.0,0.0,0.0,0.13,0.0,0.0,soft,"{""ai_coding_innovations"": 0.1, ""ai_copyright_theft"": 0.8, ""ai_mass_surveillance"": 0.1}","{""ai_coding_innovations"": 0.06, ""ai_copyright_theft"": 0.81, ""ai_mass_surveillance"": 0.13}"
user_0171,surveillance_heavy,Mostly AI mass surveillance,100,0.09276249549123632,0.050606073373044506,0.01790499802127643,0.051240299790140845,0.02024333002799079,0.018052163409412552,0.04144712720946461,0.08457785140288361,0.06259369055723675,0.03701467185427882,0.0158051614874388,0.030681720262144503,0.03355838456836347,0.04674265136131142,0.046335694651322513,0.031950722634722345,0.037671478756059806,0.2372264600911448,0.02852268548188362,0.015062339568643293,0.0,0.0,0.0,0.0,0.0,0.0,0.09,0.0,0.07,0.0,0.0,0.0,0.0,0.0,0.0,0.0,0.0,0.84,0.0,0.0,soft,"{""ai_coding_innovations"": 0.1, ""ai_copyright_theft"": 0.1, ""ai_mass_surveillance"": 0.8}","{""ai_coding_innovations"": 0.07, ""ai_copyright_theft"": 0.09, ""ai_mass_surveillance"": 0.84}"
user_0172,balanced,Even across all topics,100,0.045334452296030045,0.08637257207047846,0.02339304368978109,0.025459044005482392,0.022437165685272913,0.035039525420061675,0.056772083555919624,0.05013278091846697,0.09026238118130686,0.051379403890836,0.02376336028454591,0.041885059536592884,0.06560770890547596,0.023892857194052135,0.07665911953493217,0.038330457043580825,0.06509330216436322,0.12494682332543877,0.03553196482118038,0.017706894476201607,0.0,0.0,0.0,0.0,0.0,0.0,0.25,0.0,0.42,0.0,0.0,0.0,0.0,0.0,0.0,0.0,0.0,0.33,0.0,0.0,soft,"{""ai_coding_innovations"": 0.333333, ""ai_copyright_theft"": 0.333333, ""ai_mass_surveillance"": 0.333334}","{""ai_coding_innovations"": 0.42, ""ai_copyright_theft"": 0.25, ""ai_mass_surveillance"": 0.33}"
user_0173,coding_copyright,Split: coding + copyright,100,0.027009714026330026,0.08106982744873599,0.033703401371607905,0.014072981758721527,0.027625670525923934,0.03547492816281457,0.08125021891331781,0.03575166338098926,0.08544467834515865,0.07517954989219375,0.035390867218896345,0.059798030205453816,0.06461233738085392,0.014640374976395327,0.07458209348930568,0.05297120296981964,0.06447513790107419,0.0765759125837616,0.03513789828217957,0.025233511166466466,0.0,0.0,0.0,0.0,0.0,0.0,0.48,0.0,0.41,0.0,0.0,0.0,0.0,0.0,0.0,0.0,0.0,0.11,0.0,0.0,soft,"{""ai_coding_innovations"": 0.45, ""ai_copyright_theft"": 0.45, ""ai_mass_surveillance"": 0.1}","{""ai_coding_innovations"": 0.41, ""ai_copyright_theft"": 0.48, ""ai_mass_surveillance"": 0.11}"
user_0174,coding_surveillance,Split: coding + surveillance,100,0.05372414635979017,0.08819753629780554,0.018930795644318935,0.030627051732903716,0.02019853590354249,0.034646998525944765,0.046150162802504405,0.056683136391014334,0.09197920101859218,0.0410582121480336,0.018709512032422007,0.03411213246369907,0.0656416757632672,0.028115593756600825,0.0771752277774817,0.03201126286785346,0.06502282623021967,0.14693539229893948,0.03561458418202972,0.014466015803036837,0.0,0.0,0.0,0.0,0.0,0.0,0.15,0.0,0.42,0.0,0.0,0.0,0.0,0.0,0.0,0.0,0.0,0.43,0.0,0.0,soft,"{""ai_coding_innovations"": 0.45, ""ai_copyright_theft"": 0.1, ""ai_mass_surveillance"": 0.45}","{""ai_coding_innovations"": 0.42, ""ai_copyright_theft"": 0.15, ""ai_mass_surveillance"": 0.43}"
user_0175,copyright_surveillance,Split: copyright + surveillance,100,0.051961609302898636,0.04699753836836617,0.03735014071225451,0.026499643684254684,0.029934675696920487,0.02164891819839135,0.08799270802631926,0.05301748712615066,0.05851575211475047,0.0821822955509607,0.03802746997892213,0.06474164577805652,0.03707792140089117,0.026323362981276438,0.04762472673515467,0.05932877971965938,0.04110260851356855,0.1316655650182437,0.028975328330335715,0.029031822762624844,0.0,0.0,0.0,0.0,0.0,0.0,0.53,0.0,0.11,0.0,0.0,0.0,0.0,0.0,0.0,0.0,0.0,0.36,0.0,0.0,soft,"{""ai_coding_innovations"": 0.1, ""ai_copyright_theft"": 0.45, ""ai_mass_surveillance"": 0.45}","{""ai_coding_innovations"": 0.11, ""ai_copyright_theft"": 0.53, ""ai_mass_surveillance"": 0.36}"
user_0176,coding_heavy,Mostly AI coding innovations,100,0.023384106016191064,0.13294775315911803,0.013074472490112782,0.015764393161565932,0.016637171735814377,0.05252267975616571,0.03472944676724873,0.035875154390441366,0.12741601007744383,0.029374344855935958,0.014018466381357546,0.025742200451092084,0.10144490825166669,0.013983393490892542,0.11234883161851564,0.022166614549129993,0.0953894954504409,0.08081598637748796,0.0436465799596391,0.008717991059739758,0.0,0.0,0.0,0.0,0.0,0.0,0.06,0.0,0.81,0.0,0.0,0.0,0.0,0.0,0.0,0.0,0.0,0.13,0.0,0.0,soft,"{""ai_coding_innovations"": 0.8, ""ai_copyright_theft"": 0.1, ""ai_mass_surveillance"": 0.1}","{""ai_coding_innovations"": 0.81, ""ai_copyright_theft"": 0.06, ""ai_mass_surveillance"": 0.13}"
user_0177,copyright_heavy,Mostly AI copyright / theft concerns,100,0.02719029312333503,0.037659175721516176,0.05221712079407114,0.010946284762688763,0.03744112300464402,0.02154202960782911,0.12318819938621907,0.0334554142148879,0.05024319502053264,0.11642644328094505,0.0547161370743273,0.09049802032222165,0.034214087515073474,0.013767767953481308,0.043251638271453556,0.08050191846575733,0.0389944023607846,0.06571168109781463,0.02809055841239094,0.0399445096100262,0.0,0.0,0.0,0.0,0.0,0.0,0.86,0.0,0.08,0.0,0.0,0.0,0.0,0.0,0.0,0.0,0.0,0.06,0.0,0.0,soft,"{""ai_coding_innovations"": 0.1, ""ai_copyright_theft"": 0.8, ""ai_mass_surveillance"": 0.1}","{""ai_coding_innovations"": 0.08, ""ai_copyright_theft"": 0.86, ""ai_mass_surveillance"": 0.06}"
user_0178,surveillance_heavy,Mostly AI mass surveillance,100,0.08914144052458772,0.0524517343253595,0.018703073275841173,0.04920598719204036,0.020611743298994786,0.019065487015668056,0.0434760761110614,0.08189838020961178,0.06398836101056408,0.038956100217014934,0.016808619228932647,0.03216582887431291,0.035386086700209714,0.044978480296391316,0.04801242717833767,0.033001362825736104,0.03924609176652702,0.2284231505016958,0.028914245627808362,0.01556532381930451,0.0,0.0,0.0,0.0,0.0,0.0,0.11,0.0,0.09,0.0,0.0,0.0,0.0,0.0,0.0,0.0,0.0,0.8,0.0,0.0,soft,"{""ai_coding_innovations"": 0.1, ""ai_copyright_theft"": 0.1, ""ai_mass_surveillance"": 0.8}","{""ai_coding_innovations"": 0.09, ""ai_copyright_theft"": 0.11, ""ai_mass_surveillance"": 0.8}"
user_0179,balanced,Even across all topics,100,0.04502583757194315,0.0810387823612541,0.02581291642156756,0.024876462247004235,0.023715105946822305,0.03336615241225592,0.06227391443079978,0.049596403379717977,0.0859279024210955,0.05678561973388597,0.026304908228469703,0.04591247667786052,0.0619217344697714,0.02362073641759852,0.07284115706260723,0.04191645141970796,0.06200750448415798,0.1227637304281861,0.03467448710456647,0.01961771678072746,0.0,0.0,0.0,0.0,0.0,0.0,0.3,0.0,0.38,0.0,0.0,0.0,0.0,0.0,0.0,0.0,0.0,0.32,0.0,0.0,soft,"{""ai_coding_innovations"": 0.333333, ""ai_copyright_theft"": 0.333333, ""ai_mass_surveillance"": 0.333334}","{""ai_coding_innovations"": 0.38, ""ai_copyright_theft"": 0.3, ""ai_mass_surveillance"": 0.32}"
user_0180,coding_copyright,Split: coding + copyright,100,0.03049818032240636,0.0805119898180439,0.0324119141352331,0.01612373960325604,0.02699373793407585,0.03488976098086343,0.07811136031183637,0.03840147007213464,0.08509070708595202,0.07214459736226522,0.03387836869772464,0.05750139048479087,0.06370527968648904,0.016367007821365114,0.073846948874308,0.05118204403916731,0.06367373620901189,0.08537528117318625,0.03495864208138707,0.024333843306502897,0.0,0.0,0.0,0.0,0.0,0.0,0.45,0.0,0.4,0.0,0.0,0.0,0.0,0.0,0.0,0.0,0.0,0.15,0.0,0.0,soft,"{""ai_coding_innovations"": 0.45, ""ai_copyright_theft"": 0.45, ""ai_mass_surveillance"": 0.1}","{""ai_coding_innovations"": 0.4, ""ai_copyright_theft"": 0.45, ""ai_mass_surveillance"": 0.15}"
user_0181,coding_surveillance,Split: coding + surveillance,100,0.0630853985004986,0.08891717362624242,0.01451573477612062,0.03629541498663313,0.017999562464483112,0.03378706251811177,0.03557595967363223,0.06391819191294282,0.0928270036454852,0.030798425398143366,0.013659319734763592,0.026374443792010413,0.06475839486935618,0.032798142195354686,0.07680135893226868,0.02579866801419192,0.06417209138425684,0.17112675916981462,0.03549316153383176,0.011297732871857938,0.0,0.0,0.0,0.0,0.0,0.0,0.05,0.0,0.41,0.0,0.0,0.0,0.0,0.0,0.0,0.0,0.0,0.54,0.0,0.0,soft,"{""ai_coding_innovations"": 0.45, ""ai_copyright_theft"": 0.1, ""ai_mass_surveillance"": 0.45}","{""ai_coding_innovations"": 0.41, ""ai_copyright_theft"": 0.05, ""ai_mass_surveillance"": 0.54}"
user_0182,copyright_surveillance,Split: copyright + surveillance,100,0.06119027277303472,0.049004999018425935,0.03244166786224611,0.03218445218441812,0.027472182937017038,0.02121713861486272,0.07630859519756254,0.060222878145952716,0.060404253935764214,0.07082898463387807,0.03246823690158586,0.056191425997873294,0.0371152849444615,0.030968373200079988,0.04819244580195915,0.052377666126359294,0.04102508498601061,0.1558529908890944,0.029066209627269975,0.025466856222143612,0.0,0.0,0.0,0.0,0.0,0.0,0.42,0.0,0.11,0.0,0.0,0.0,0.0,0.0,0.0,0.0,0.0,0.47,0.0,0.0,soft,"{""ai_coding_innovations"": 0.1, ""ai_copyright_theft"": 0.45, ""ai_mass_surveillance"": 0.45}","{""ai_coding_innovations"": 0.11, ""ai_copyright_theft"": 0.42, ""ai_mass_surveillance"": 0.47}"
user_0183,coding_heavy,Mostly AI coding innovations,100,0.0264313689176082,0.12834394914082448,0.0137094460037144,0.017249014494056313,0.0170196600846716,0.05069229599071319,0.03598250934076276,0.03795891904071131,0.12376825925214663,0.030652084001864987,0.014538475024431776,0.026660446763202235,0.09777252055907862,0.015400367339458402,0.10873731244321047,0.0232249312549662,0.09227550739657828,0.08742832106963554,0.04282214998736493,0.0093324618949997,0.0,0.0,0.0,0.0,0.0,0.0,0.07,0.0,0.77,0.0,0.0,0.0,0.0,0.0,0.0,0.0,0.0,0.16,0.0,0.0,soft,"{""ai_coding_innovations"": 0.8, ""ai_copyright_theft"": 0.1, ""ai_mass_surveillance"": 0.1}","{""ai_coding_innovations"": 0.77, ""ai_copyright_theft"": 0.07, ""ai_mass_surveillance"": 0.16}"
user_0184,copyright_heavy,Mostly AI copyright / theft concerns,100,0.03014840473712226,0.04225263137731576,0.048951985630456094,0.013062823592959277,0.03575511312941959,0.02266948812309541,0.11560970198519897,0.03598656289752754,0.054052020537808866,0.10901739408224682,0.0511674754344442,0.08495125616758044,0.03698960757063403,0.01534424791864984,0.04628284530452585,0.07575868457655055,0.041285845942341845,0.07449528568714192,0.028760517992127397,0.037458107312853255,0.0,0.0,0.0,0.0,0.0,0.0,0.79,0.0,0.11,0.0,0.0,0.0,0.0,0.0,0.0,0.0,0.0,0.1,0.0,0.0,soft,"{""ai_coding_innovations"": 0.1, ""ai_copyright_theft"": 0.8, ""ai_mass_surveillance"": 0.1}","{""ai_coding_innovations"": 0.11, ""ai_copyright_theft"": 0.79, ""ai_mass_surveillance"": 0.1}"
user_0185,surveillance_heavy,Mostly AI mass surveillance,100,0.09108455667848432,0.0502410805275791,0.01879744763036888,0.050206698244656615,0.02069105598433688,0.01813066878823594,0.04357151136014769,0.08326778030837417,0.06225032658977971,0.03907891020283933,0.016815931137863567,0.0322363056767233,0.03355159119680525,0.04589810404880169,0.04623247300281261,0.033214561469867857,0.037685573942888524,0.2328287462964447,0.028506161609713754,0.015710515303276246,0.0,0.0,0.0,0.0,0.0,0.0,0.11,0.0,0.07,0.0,0.0,0.0,0.0,0.0,0.0,0.0,0.0,0.82,0.0,0.0,soft,"{""ai_coding_innovations"": 0.1, ""ai_copyright_theft"": 0.1, ""ai_mass_surveillance"": 0.8}","{""ai_coding_innovations"": 0.07, ""ai_copyright_theft"": 0.11, ""ai_mass_surveillance"": 0.82}"
user_0186,balanced,Even across all topics,100,0.04683636505526745,0.08011595188509664,0.02541387879428521,0.025893618546054518,0.02353089931132031,0.032859490609128184,0.06125943998000139,0.0509361389763539,0.08523056719443184,0.05581490555251794,0.02580317935772278,0.045170422371776396,0.061007883403848294,0.02450282195005857,0.07200279079909962,0.04139113132420113,0.061220197978924445,0.1271653852229106,0.034478707031604106,0.01936622465539685,0.0,0.0,0.0,0.0,0.0,0.0,0.29,0.0,0.37,0.0,0.0,0.0,0.0,0.0,0.0,0.0,0.0,0.34,0.0,0.0,soft,"{""ai_coding_innovations"": 0.333333, ""ai_copyright_theft"": 0.333333, ""ai_mass_surveillance"": 0.333334}","{""ai_coding_innovations"": 0.37, ""ai_copyright_theft"": 0.29, ""ai_mass_surveillance"": 0.34}"
user_0187,coding_copyright,Split: coding + copyright,100,0.02550780126709264,0.08732644763411787,0.03168256626710378,0.013638407218149415,0.02653193689987654,0.03765496297374808,0.0767628624892361,0.03494830532310235,0.09047649233203364,0.07074404823051184,0.03335104814571948,0.056512667370270324,0.06921216288248164,0.014030410220388893,0.07923842222513823,0.04991052868919935,0.06834824208651298,0.07435735068628983,0.036191156071755846,0.023574180987271223,0.0,0.0,0.0,0.0,0.0,0.0,0.44,0.0,0.46,0.0,0.0,0.0,0.0,0.0,0.0,0.0,0.0,0.1,0.0,0.0,soft,"{""ai_coding_innovations"": 0.45, ""ai_copyright_theft"": 0.45, ""ai_mass_surveillance"": 0.1}","{""ai_coding_innovations"": 0.46, ""ai_copyright_theft"": 0.44, ""ai_mass_surveillance"": 0.1}"
user_0188,coding_surveillance,Split: coding + surveillance,100,0.058095019445184935,0.0957316314423164,0.013786386907991296,0.03381008260152649,0.017537761430283814,0.03655226451099641,0.03422746185103197,0.060465027163910536,0.0982127888915668,0.029397876266389966,0.013131999182758442,0.025385720677489874,0.07026527806534877,0.030461544594378477,0.08219283228309895,0.024527152664223967,0.06884659726175793,0.1601088286829182,0.03672567552420054,0.010538070552626266,0.0,0.0,0.0,0.0,0.0,0.0,0.04,0.0,0.47,0.0,0.0,0.0,0.0,0.0,0.0,0.0,0.0,0.49,0.0,0.0,soft,"{""ai_coding_innovations"": 0.45, ""ai_copyright_theft"": 0.1, ""ai_mass_surveillance"": 0.45}","{""ai_coding_innovations"": 0.47, ""ai_copyright_theft"": 0.04, ""ai_mass_surveillance"": 0.49}"
user_0189,copyright_surveillance,Split: copyright + surveillance,100,0.0656502971460594,0.04734183448884368,0.0311973678031352,0.03473556555526077,0.02687990668783999,0.020164562319195518,0.07321745422062417,0.06355738488647929,0.05918126546616545,0.06785543709686173,0.030959394334879594,0.053930024678415574,0.035290979498394354,0.033154817921254964,0.04656732409919896,0.0506951065177728,0.03944342438212904,0.1668551573758936,0.028682911417430193,0.024639784104165906,0.0,0.0,0.0,0.0,0.0,0.0,0.39,0.0,0.09,0.0,0.0,0.0,0.0,0.0,0.0,0.0,0.0,0.52,0.0,0.0,soft,"{""ai_coding_innovations"": 0.1, ""ai_copyright_theft"": 0.45, ""ai_mass_surveillance"": 0.45}","{""ai_coding_innovations"": 0.09, ""ai_copyright_theft"": 0.39, ""ai_mass_surveillance"": 0.52}"
user_0190,coding_heavy,Mostly AI coding innovations,100,0.021440989862294514,0.13515840695689843,0.012980098135585075,0.014763682108949688,0.01655785905047229,0.053457497983597814,0.03463401151816249,0.03450575429167903,0.12915404449822818,0.029251534870111586,0.014011154472426622,0.025671723648681703,0.10327940375507119,0.013063769738482181,0.11412878579404076,0.02195341590499827,0.09695001327407934,0.07641039058273912,0.04405466397773371,0.008572799575768017,0.0,0.0,0.0,0.0,0.0,0.0,0.06,0.0,0.83,0.0,0.0,0.0,0.0,0.0,0.0,0.0,0.0,0.11,0.0,0.0,soft,"{""ai_coding_innovations"": 0.8, ""ai_copyright_theft"": 0.1, ""ai_mass_surveillance"": 0.1}","{""ai_coding_innovations"": 0.83, ""ai_copyright_theft"": 0.06, ""ai_mass_surveillance"": 0.11}"
user_0191,copyright_heavy,Mostly AI copyright / theft concerns,100,0.029352872713688617,0.04997957130705327,0.045991513739595716,0.0131614950715633,0.03417399720435507,0.02523842666892157,0.10895024378589106,0.035808575884768934,0.06029621570253313,0.10245624907909229,0.04811323075637712,0.08007606951661299,0.042513474195522184,0.015119018598947967,0.05193237277663085,0.07132757213871893,0.0459251138527712,0.07447163968699583,0.030034341662920853,0.035078005657039196,0.0,0.0,0.0,0.0,0.0,0.0,0.73,0.0,0.17,0.0,0.0,0.0,0.0,0.0,0.0,0.0,0.0,0.1,0.0,0.0,soft,"{""ai_coding_innovations"": 0.1, ""ai_copyright_theft"": 0.8, ""ai_mass_surveillance"": 0.1}","{""ai_coding_innovations"": 0.17, ""ai_copyright_theft"": 0.73, ""ai_mass_surveillance"": 0.1}"
user_0192,surveillance_heavy,Mostly AI mass surveillance,100,0.08803729377706718,0.05484488454587267,0.018162474116767253,0.04872207691216625,0.02030856763547966,0.01996105255368848,0.042318448786633656,0.08118401565810424,0.06589807741507699,0.037801171056910325,0.01629592249478935,0.03131805936461314,0.03722397888939335,0.04448113020023583,0.04984399217811772,0.03215624476403164,0.04079956199675117,0.2262164116042971,0.02933059158198791,0.015096044468016307,0.0,0.0,0.0,0.0,0.0,0.0,0.1,0.0,0.11,0.0,0.0,0.0,0.0,0.0,0.0,0.0,0.0,0.79,0.0,0.0,soft,"{""ai_coding_innovations"": 0.1, ""ai_copyright_theft"": 0.1, ""ai_mass_surveillance"": 0.8}","{""ai_coding_innovations"": 0.11, ""ai_copyright_theft"": 0.1, ""ai_mass_surveillance"": 0.79}"
user_0193,balanced,Even across all topics,100,0.05001621662725687,0.07422432454518016,0.026542264289696898,0.02736179463211089,0.02417690698102161,0.030600950419371265,0.06362241225340004,0.05304956812875028,0.08054211717501387,0.05818616886563937,0.026832228780474855,0.04690119979238111,0.056414851273778814,0.02595733401857474,0.06744968371177702,0.043187966769675915,0.05733299860665691,0.1337816609150825,0.03344197311419771,0.020377379099959136,0.0,0.0,0.0,0.0,0.0,0.0,0.31,0.0,0.32,0.0,0.0,0.0,0.0,0.0,0.0,0.0,0.0,0.37,0.0,0.0,soft,"{""ai_coding_innovations"": 0.333333, ""ai_copyright_theft"": 0.333333, ""ai_mass_surveillance"": 0.333334}","{""ai_coding_innovations"": 0.32, ""ai_copyright_theft"": 0.31, ""ai_mass_surveillance"": 0.37}"
user_0194,coding_copyright,Split: coding + copyright,100,0.02259312703624777,0.09064242833078846,0.031541004735312225,0.012137340639225037,0.026412967871863403,0.03905719031489624,0.07661970961560668,0.03289420517495882,0.09308354396321018,0.07055983325177524,0.0333400802823231,0.056406952166654735,0.07196390613758832,0.01265097459177334,0.08190835348842583,0.049590730723001755,0.07068901882197073,0.06774895699416655,0.03680328209889776,0.02335639376131362,0.0,0.0,0.0,0.0,0.0,0.0,0.44,0.0,0.49,0.0,0.0,0.0,0.0,0.0,0.0,0.0,0.0,0.07,0.0,0.0,soft,"{""ai_coding_innovations"": 0.45, ""ai_copyright_theft"": 0.45, ""ai_mass_surveillance"": 0.1}","{""ai_coding_innovations"": 0.49, ""ai_copyright_theft"": 0.44, ""ai_mass_surveillance"": 0.07}"
user_0195,coding_surveillance,Split: coding + surveillance,100,0.06017072426965378,0.0922331543229131,0.014374173244329066,0.03479434840770874,0.01788059343646999,0.03518928985925994,0.03543280680000286,0.0618640917647993,0.0954340552766617,0.030614210419406786,0.01364835187136721,0.02626872858839485,0.06751013812446292,0.03141870656673915,0.07947129019555634,0.025478870047994318,0.06651286811971455,0.16451836547769136,0.036105287560973684,0.01107994564590034,0.0,0.0,0.0,0.0,0.0,0.0,0.05,0.0,0.44,0.0,0.0,0.0,0.0,0.0,0.0,0.0,0.0,0.51,0.0,0.0,soft,"{""ai_coding_innovations"": 0.45, ""ai_copyright_theft"": 0.1, ""ai_mass_surveillance"": 0.45}","{""ai_coding_innovations"": 0.44, ""ai_copyright_theft"": 0.05, ""ai_mass_surveillance"": 0.51}"
user_0196,copyright_surveillance,Split: copyright + surveillance,100,0.05796698381810297,0.04698719000587221,0.03471997906224106,0.0301008038470156,0.02863115417055329,0.020945992948205143,0.08166727319881324,0.05763240045906022,0.058676826806729414,0.07605098549819148,0.03499881698211326,0.0601131279355254,0.036181053763863644,0.029316816795010827,0.047044414592921836,0.05564386253628885,0.040280064041263136,0.14706150429971848,0.028820857937798,0.027159891300711864,0.0,0.0,0.0,0.0,0.0,0.0,0.47,0.0,0.1,0.0,0.0,0.0,0.0,0.0,0.0,0.0,0.0,0.43,0.0,0.0,soft,"{""ai_coding_innovations"": 0.1, ""ai_copyright_theft"": 0.45, ""ai_mass_surveillance"": 0.45}","{""ai_coding_innovations"": 0.1, ""ai_copyright_theft"": 0.47, ""ai_mass_surveillance"": 0.43}"
user_0197,coding_heavy,Mostly AI coding innovations,100,0.01905667031373874,0.13332309436707737,0.0148121845310338,0.013196834544289281,0.017492967305835494,0.05314709962752853,0.038930497444071704,0.03257031215204123,0.12759829935292188,0.033441416560144745,0.016036349727741636,0.028816132879044436,0.10234856926025244,0.011834486989667875,0.11303236540925833,0.024587692897355094,0.09619794473591756,0.06981776089071327,0.04381757422434665,0.009941746787019801,0.0,0.0,0.0,0.0,0.0,0.0,0.1,0.0,0.82,0.0,0.0,0.0,0.0,0.0,0.0,0.0,0.0,0.08,0.0,0.0,soft,"{""ai_coding_innovations"": 0.8, ""ai_copyright_theft"": 0.1, ""ai_mass_surveillance"": 0.1}","{""ai_coding_innovations"": 0.82, ""ai_copyright_theft"": 0.1, ""ai_mass_surveillance"": 0.08}"
user_0198,copyright_heavy,Mostly AI copyright / theft concerns,100,0.028470465924370233,0.04188763853185035,0.04984443523954852,0.012029222047475016,0.03620283908576567,0.022747993501918792,0.11773408613588203,0.034676491803018065,0.05370865657035182,0.11108163243080729,0.05217824508486897,0.08650584158215918,0.03698281419907582,0.014499700606140102,0.04617962365601595,0.07702252341169603,0.04129994112917056,0.07009757189244176,0.028743994119957532,0.03810628304748621,0.0,0.0,0.0,0.0,0.0,0.0,0.81,0.0,0.11,0.0,0.0,0.0,0.0,0.0,0.0,0.0,0.0,0.08,0.0,0.0,soft,"{""ai_coding_innovations"": 0.1, ""ai_copyright_theft"": 0.8, ""ai_mass_surveillance"": 0.1}","{""ai_coding_innovations"": 0.11, ""ai_copyright_theft"": 0.81, ""ai_mass_surveillance"": 0.08}"
user_0199,surveillance_heavy,Mostly AI mass surveillance,100,0.09514681503979211,0.05244138596286555,0.016072911625827718,0.052807147354801236,0.019308221772627573,0.018362561765481827,0.03715064128355536,0.08651329354252137,0.06414943570254301,0.03282479016424566,0.013779966232123787,0.027537311031781784,0.034489219063182204,0.04797193411012571,0.04743211503610484,0.02931644564236553,0.03842354729422162,0.2438190897831707,0.028759775235270665,0.013693392357391514,0.0,0.0,0.0,0.0,0.0,0.0,0.05,0.0,0.08,0.0,0.0,0.0,0.0,0.0,0.0,0.0,0.0,0.87,0.0,0.0,soft,"{""ai_coding_innovations"": 0.1, ""ai_copyright_theft"": 0.1, ""ai_mass_surveillance"": 0.8}","{""ai_coding_innovations"": 0.08, ""ai_copyright_theft"": 0.05, ""ai_mass_surveillance"": 0.87}"
user_0200,balanced,Even across all topics,100,0.04498240018900081,0.07312934600878393,0.029219613116974182,0.024260989995658084,0.02552008485005987,0.030836466555841442,0.06999556470544921,0.04911935484522186,0.07951202527264277,0.06437888391132084,0.02986453773174921,0.051564956036117326,0.056394471159104155,0.02342369208104553,0.0671400187662473,0.04697948327511235,0.057375284167143034,0.12058851953098214,0.0333924014976881,0.02232190630385802,0.0,0.0,0.0,0.0,0.0,0.0,0.37,0.0,0.32,0.0,0.0,0.0,0.0,0.0,0.0,0.0,0.0,0.31,0.0,0.0,soft,"{""ai_coding_innovations"": 0.333333, ""ai_copyright_theft"": 0.333333, ""ai_mass_surveillance"": 0.333334}","{""ai_coding_innovations"": 0.32, ""ai_copyright_theft"": 0.37, ""ai_mass_surveillance"": 0.31}"
user_0201,coding_copyright,Split: coding + copyright,100,0.02382986245434061,0.08696145478865247,0.03257501587619621,0.012604805672665155,0.026979662856222622,0.03773346835257146,0.07888724663991913,0.03363823422859287,0.09013312836457658,0.07280828657907232,0.034361817796144264,0.05806725278484908,0.06920536951092336,0.013185862907879148,0.07913520057662832,0.05117436752434484,0.0683623372733417,0.06995963689158968,0.03617463219958598,0.02422235672190418,0.0,0.0,0.0,0.0,0.0,0.0,0.46,0.0,0.46,0.0,0.0,0.0,0.0,0.0,0.0,0.0,0.0,0.08,0.0,0.0,soft,"{""ai_coding_innovations"": 0.45, ""ai_copyright_theft"": 0.45, ""ai_mass_surveillance"": 0.1}","{""ai_coding_innovations"": 0.46, ""ai_copyright_theft"": 0.46, ""ai_mass_surveillance"": 0.08}"
user_0202,coding_surveillance,Split: coding + surveillance,100,0.05818417073281482,0.08653437176822329,0.01768649558520799,0.03317816510374635,0.019606259654365455,0.03359442223027756,0.04305902182556605,0.06001764313154084,0.09075621254899331,0.038084664611017255,0.017200669465715766,0.031850731144241314,0.06381737031720008,0.030302038477775795,0.07555010607472148,0.030328703259266954,0.06344116562633809,0.1579375587857385,0.03523128597218991,0.013638943685059144,0.0,0.0,0.0,0.0,0.0,0.0,0.12,0.0,0.4,0.0,0.0,0.0,0.0,0.0,0.0,0.0,0.0,0.48,0.0,0.0,soft,"{""ai_coding_innovations"": 0.45, ""ai_copyright_theft"": 0.1, ""ai_mass_surveillance"": 0.45}","{""ai_coding_innovations"": 0.4, ""ai_copyright_theft"": 0.12, ""ai_mass_surveillance"": 0.48}"
user_0203,copyright_surveillance,Split: copyright + surveillance,100,0.05893854189505127,0.04588186310698199,0.03476716623950491,0.030601159373323722,0.02867081051322432,0.020478583834489073,0.08171499082335634,0.0583171005084414,0.05780780959633723,0.07611239049110363,0.03500247293657871,0.060148366336730624,0.0352638060121614,0.02977662867121601,0.04615443750515931,0.055750461858354694,0.03949980512944389,0.1492643021970929,0.02861681592875072,0.027232487042697706,0.0,0.0,0.0,0.0,0.0,0.0,0.47,0.0,0.09,0.0,0.0,0.0,0.0,0.0,0.0,0.0,0.0,0.44,0.0,0.0,soft,"{""ai_coding_innovations"": 0.1, ""ai_copyright_theft"": 0.45, ""ai_mass_surveillance"": 0.45}","{""ai_coding_innovations"": 0.09, ""ai_copyright_theft"": 0.47, ""ai_mass_surveillance"": 0.44}"
user_0204,coding_heavy,Mostly AI coding innovations,100,0.019056670313738748,0.13332309436707737,0.014812184531033787,0.013196834544289281,0.0174929673058355,0.053147099627528546,0.03893049744407172,0.03257031215204123,0.12759829935292188,0.03344141656014474,0.016036349727741633,0.02881613287904442,0.10234856926025246,0.01183448698966788,0.1130323654092583,0.024587692897355067,0.09619794473591754,0.06981776089071325,0.04381757422434665,0.009941746787019796,0.0,0.0,0.0,0.0,0.0,0.0,0.1,0.0,0.82,0.0,0.0,0.0,0.0,0.0,0.0,0.0,0.0,0.08,0.0,0.0,soft,"{""ai_coding_innovations"": 0.8, ""ai_copyright_theft"": 0.1, ""ai_mass_surveillance"": 0.1}","{""ai_coding_innovations"": 0.82, ""ai_copyright_theft"": 0.1, ""ai_mass_surveillance"": 0.08}"
user_0205,copyright_heavy,Mostly AI copyright / theft concerns,100,0.030502733365896734,0.030479725059976787,0.053838918271292883,0.012398015602311135,0.03835064999518943,0.01885533299376787,0.12666108135950244,0.03559850786941071,0.04451404580699395,0.1198912307612589,0.05625422727675724,0.09304132885132094,0.02870041094752267,0.015259818241947798,0.037756943272113444,0.08303727265087076,0.03433399167011222,0.07233189779001088,0.026841520549852293,0.041352347663890864,0.0,0.0,0.0,0.0,0.0,0.0,0.89,0.0,0.02,0.0,0.0,0.0,0.0,0.0,0.0,0.0,0.0,0.09,0.0,0.0,soft,"{""ai_coding_innovations"": 0.1, ""ai_copyright_theft"": 0.8, ""ai_mass_surveillance"": 0.1}","{""ai_coding_innovations"": 0.02, ""ai_copyright_theft"": 0.89, ""ai_mass_surveillance"": 0.09}"
user_0206,surveillance_heavy,Mostly AI mass surveillance,100,0.08675712097603196,0.05061642173553847,0.020535159671289886,0.047639139627379985,0.021546851554358006,0.018755088659598778,0.0477725620369707,0.07996293806997404,0.062432615865257814,0.0431459819070481,0.018833814484247653,0.035310238104675665,0.03445525220539099,0.043749197547577,0.04691600679355533,0.03563563981809295,0.038494023228365204,0.22183052080966992,0.028677155874421306,0.01693427103055628,0.0,0.0,0.0,0.0,0.0,0.0,0.15,0.0,0.08,0.0,0.0,0.0,0.0,0.0,0.0,0.0,0.0,0.77,0.0,0.0,soft,"{""ai_coding_innovations"": 0.1, ""ai_copyright_theft"": 0.1, ""ai_mass_surveillance"": 0.8}","{""ai_coding_innovations"": 0.08, ""ai_copyright_theft"": 0.15, ""ai_mass_surveillance"": 0.77}"
user_0207,balanced,Even across all topics,100,0.05226794750524035,0.07734746045662415,0.024216765912438116,0.028945087443205276,0.022978279404814318,0.031339505199744926,0.05821601662760619,0.054955345766261585,0.08313856151444089,0.05290276300841378,0.024297992745481983,0.0429442594535238,0.05826633020607894,0.027149078547438723,0.06948769200857689,0.0398151710376805,0.05885827846322359,0.14037034960708406,0.03389136681271699,0.018611748279405014,0.0,0.0,0.0,0.0,0.0,0.0,0.26,0.0,0.34,0.0,0.0,0.0,0.0,0.0,0.0,0.0,0.0,0.4,0.0,0.0,soft,"{""ai_coding_innovations"": 0.333333, ""ai_copyright_theft"": 0.333333, ""ai_mass_surveillance"": 0.333334}","{""ai_coding_innovations"": 0.34, ""ai_copyright_theft"": 0.26, ""ai_mass_surveillance"": 0.4}"
user_0208,coding_copyright,Split: coding + copyright,100,0.024536243190144354,0.0884317745330081,0.03163537908983993,0.01313805169184129,0.026492280557205494,0.03812237208746413,0.07671514486469296,0.03426360527372118,0.09134550954242579,0.07068264323759964,0.03334739219125402,0.05647742896906513,0.07012941063418386,0.01357059834418371,0.08012839931290076,0.04980392936713349,0.06912850099833223,0.07215455278891542,0.03639519808080316,0.023501585245285363,0.0,0.0,0.0,0.0,0.0,0.0,0.44,0.0,0.47,0.0,0.0,0.0,0.0,0.0,0.0,0.0,0.0,0.09,0.0,0.0,soft,"{""ai_coding_innovations"": 0.45, ""ai_copyright_theft"": 0.45, ""ai_mass_surveillance"": 0.1}","{""ai_coding_innovations"": 0.47, ""ai_copyright_theft"": 0.44, ""ai_mass_surveillance"": 0.09}"
user_0209,coding_surveillance,Split: coding + surveillance,100,0.06012728688671138,0.08432371797044286,0.0177808699397357,0.0341788761563626,0.019685572339707535,0.03265960400284546,0.043154457074652305,0.0613870432303032,0.08901817812820897,0.03820747459684165,0.01720798137464668,0.0319212079466517,0.0619828748137956,0.031221662230186156,0.07377015189919639,0.030541901903398713,0.061880647802699605,0.16234315458048737,0.034823201954095294,0.01378413516903087,0.0,0.0,0.0,0.0,0.0,0.0,0.12,0.0,0.38,0.0,0.0,0.0,0.0,0.0,0.0,0.0,0.0,0.5,0.0,0.0,soft,"{""ai_coding_innovations"": 0.45, ""ai_copyright_theft"": 0.1, ""ai_mass_surveillance"": 0.45}","{""ai_coding_innovations"": 0.38, ""ai_copyright_theft"": 0.12, ""ai_mass_surveillance"": 0.5}"
user_0210,copyright_surveillance,Split: copyright + surveillance,100,0.06467873906911109,0.04844716138773389,0.031150180625871337,0.03423521002895265,0.026840250345168955,0.02063197143291158,0.07316973659608107,0.06287268483709811,0.060050282676557626,0.06779403210394955,0.030955738380414145,0.053894786277210345,0.036208227250096627,0.03269500604504978,0.047457301186961495,0.05058850719570694,0.0402236832939483,0.1646523594785191,0.028886953426477485,0.02456718836218005,0.0,0.0,0.0,0.0,0.0,0.0,0.39,0.0,0.1,0.0,0.0,0.0,0.0,0.0,0.0,0.0,0.0,0.51,0.0,0.0,soft,"{""ai_coding_innovations"": 0.1, ""ai_copyright_theft"": 0.45, ""ai_mass_surveillance"": 0.45}","{""ai_coding_innovations"": 0.1, ""ai_copyright_theft"": 0.39, ""ai_mass_surveillance"": 0.51}"
user_0211,coding_heavy,Mostly AI coding innovations,100,0.021573578532866778,0.13387058363527557,0.01347351011739514,0.01474723686251568,0.01682137837131638,0.053029341559293466,0.03574392121804714,0.03453541879380546,0.12811334530410742,0.030345059037304018,0.014520195252104476,0.026484254757176254,0.10235875931758984,0.013101307958432494,0.11318719788202317,0.022691934644636882,0.09617680195567449,0.07641433158276345,0.04384236003260146,0.008969483185070366,0.0,0.0,0.0,0.0,0.0,0.0,0.07,0.0,0.82,0.0,0.0,0.0,0.0,0.0,0.0,0.0,0.0,0.11,0.0,0.0,soft,"{""ai_coding_innovations"": 0.8, ""ai_copyright_theft"": 0.1, ""ai_mass_surveillance"": 0.1}","{""ai_coding_innovations"": 0.82, ""ai_copyright_theft"": 0.07, ""ai_mass_surveillance"": 0.11}"
user_0212,copyright_heavy,Mostly AI copyright / theft concerns,100,0.031517728825787385,0.03728383451355681,0.050479408753150115,0.013513843379965394,0.0365853274346229,0.020917609736466277,0.11898714870939607,0.03676025645328801,0.050060905745054556,0.1123593715767363,0.0526982537279432,0.0874240878942693,0.03331042650648773,0.015916674454705963,0.04256810448071083,0.07808084011753225,0.03818595307530792,0.07670990658458933,0.027919564147683366,0.03872075388274616,0.0,0.0,0.0,0.0,0.0,0.0,0.82,0.0,0.07,0.0,0.0,0.0,0.0,0.0,0.0,0.0,0.0,0.11,0.0,0.0,soft,"{""ai_coding_innovations"": 0.1, ""ai_copyright_theft"": 0.8, ""ai_mass_surveillance"": 0.1}","{""ai_coding_innovations"": 0.07, ""ai_copyright_theft"": 0.82, ""ai_mass_surveillance"": 0.11}"
user_0213,surveillance_heavy,Mostly AI mass surveillance,100,0.08759609038240797,0.05079891815827121,0.02008893486674368,0.04815594040012211,0.021322988576184962,0.018715835970187087,0.046710369961629146,0.08061797361722882,0.06260429784898634,0.04211386273276787,0.01832842965903527,0.03453294539738625,0.03445864889117015,0.044171471203831886,0.04696761761781028,0.03500372040052021,0.03848697563495085,0.22402937770702003,0.028685417810506247,0.01661018316323981,0.0,0.0,0.0,0.0,0.0,0.0,0.14,0.0,0.08,0.0,0.0,0.0,0.0,0.0,0.0,0.0,0.0,0.78,0.0,0.0,soft,"{""ai_coding_innovations"": 0.1, ""ai_copyright_theft"": 0.1, ""ai_mass_surveillance"": 0.8}","{""ai_coding_innovations"": 0.08, ""ai_copyright_theft"": 0.14, ""ai_mass_surveillance"": 0.78}"
user_0214,balanced,Even across all topics,100,0.04767533446164346,0.08029844830782934,0.024967653989738985,0.026410419318796643,0.02330703633314726,0.03282023791971648,0.06019724790465986,0.05159117452360862,0.08540224917816036,0.0547827863782377,0.02529779453251038,0.044393129664486976,0.06101128008962741,0.024925095606313438,0.07205440162335458,0.04075921190662837,0.061213150385510076,0.12936424212026065,0.03448696896768904,0.01904213678808037,0.0,0.0,0.0,0.0,0.0,0.0,0.28,0.0,0.37,0.0,0.0,0.0,0.0,0.0,0.0,0.0,0.0,0.35,0.0,0.0,soft,"{""ai_coding_innovations"": 0.333333, ""ai_copyright_theft"": 0.333333, ""ai_mass_surveillance"": 0.333334}","{""ai_coding_innovations"": 0.37, ""ai_copyright_theft"": 0.28, ""ai_mass_surveillance"": 0.35}"
user_0215,coding_copyright,Split: coding + copyright,100,0.02197589758807394,0.07997484891233975,0.0363807501988852,0.010972177122268747,0.02896884839496218,0.035710444299284716,0.08762337136536696,0.03182145009746083,0.0844145864427875,0.08137226493787521,0.038423176170170686,0.06446178644919011,0.0645919572661792,0.012106733038866105,0.07427242854377598,0.056762719475256074,0.06451742346156035,0.06338277119966121,0.035088326665669974,0.027178038370365327,0.0,0.0,0.0,0.0,0.0,0.0,0.54,0.0,0.41,0.0,0.0,0.0,0.0,0.0,0.0,0.0,0.0,0.05,0.0,0.0,soft,"{""ai_coding_innovations"": 0.45, ""ai_copyright_theft"": 0.45, ""ai_mass_surveillance"": 0.1}","{""ai_coding_innovations"": 0.41, ""ai_copyright_theft"": 0.54, ""ai_mass_surveillance"": 0.05}"
user_0216,coding_surveillance,Split: coding + surveillance,100,0.050279117446656266,0.09666481028096786,0.01681558618528711,0.02919176613971532,0.019025489592153014,0.037761851564310375,0.0415673711293364,0.05451037823436507,0.09874904942625143,0.03649990050052726,0.016662381050314236,0.03075629282610519,0.0720759967682994,0.02658600524818404,0.0836115106888393,0.028737389943101405,0.0704564482392969,0.14031123460671888,0.037075925989700616,0.012661494139869868,0.0,0.0,0.0,0.0,0.0,0.0,0.11,0.0,0.49,0.0,0.0,0.0,0.0,0.0,0.0,0.0,0.0,0.4,0.0,0.0,soft,"{""ai_coding_innovations"": 0.45, ""ai_copyright_theft"": 0.1, ""ai_mass_surveillance"": 0.45}","{""ai_coding_innovations"": 0.49, ""ai_copyright_theft"": 0.11, ""ai_mass_surveillance"": 0.4}"
user_0217,copyright_surveillance,Split: copyright + surveillance,100,0.06481132773968336,0.04715933806611095,0.0316435926076814,0.034218764782518646,0.027103769666013033,0.020203815008607216,0.0742796462959657,0.06290234933922453,0.05900958348243691,0.06888755627114197,0.03146477916009199,0.05470731738570496,0.035287582812615244,0.032732544265000094,0.04651571327494401,0.05132702593534555,0.039450471975543404,0.16465630047854346,0.028674649481345255,0.024963871971482365,0.0,0.0,0.0,0.0,0.0,0.0,0.4,0.0,0.09,0.0,0.0,0.0,0.0,0.0,0.0,0.0,0.0,0.51,0.0,0.0,soft,"{""ai_coding_innovations"": 0.1, ""ai_copyright_theft"": 0.45, ""ai_mass_surveillance"": 0.45}","{""ai_coding_innovations"": 0.09, ""ai_copyright_theft"": 0.4, ""ai_mass_surveillance"": 0.51}"
user_0218,coding_heavy,Mostly AI coding innovations,100,0.01963046237897022,0.136081237433056,0.013379135762867443,0.013746525809899423,0.016742065685974288,0.053964159786725564,0.03564848596896089,0.033166018695043126,0.12985137972489177,0.030222249051479636,0.014512883343173558,0.02641377795476589,0.1041932548209943,0.012181684206022121,0.11496715205754829,0.02247873600050516,0.09773731977931299,0.07200873578801464,0.044250444050696086,0.008824291701098634,0.0,0.0,0.0,0.0,0.0,0.0,0.07,0.0,0.84,0.0,0.0,0.0,0.0,0.0,0.0,0.0,0.0,0.09,0.0,0.0,soft,"{""ai_coding_innovations"": 0.8, ""ai_copyright_theft"": 0.1, ""ai_mass_surveillance"": 0.1}","{""ai_coding_innovations"": 0.84, ""ai_copyright_theft"": 0.07, ""ai_mass_surveillance"": 0.09}"
user_0219,copyright_heavy,Mostly AI copyright / theft concerns,100,0.028337877253797956,0.04317546185347328,0.04935102325773846,0.012045667293909025,0.03593931976492159,0.023176149926223168,0.11662417643599739,0.034646827300891636,0.05474935576447254,0.10998810826361488,0.05166920430519115,0.08569331047366464,0.03790345863655717,0.014462162386189794,0.04712121156803346,0.07628400467205744,0.04207315244757544,0.07009363089241741,0.028956298065089776,0.037709599438183874,0.0,0.0,0.0,0.0,0.0,0.0,0.8,0.0,0.12,0.0,0.0,0.0,0.0,0.0,0.0,0.0,0.0,0.08,0.0,0.0,soft,"{""ai_coding_innovations"": 0.1, ""ai_copyright_theft"": 0.8, ""ai_mass_surveillance"": 0.1}","{""ai_coding_innovations"": 0.12, ""ai_copyright_theft"": 0.8, ""ai_mass_surveillance"": 0.08}"
user_0220,surveillance_heavy,Mostly AI mass surveillance,100,0.08900885185401546,0.05373955764698242,0.018209661294031093,0.049222432438474364,0.0203482239781507,0.019493643439972418,0.042366166411176784,0.08186871570748538,0.0650290602046848,0.03786257604982249,0.016299578449254802,0.03135329776581832,0.03630673113769108,0.044940942076441,0.04895401509035518,0.03226284408609749,0.0400193030849319,0.22841920950167147,0.029126549572940606,0.015168640210002169,0.0,0.0,0.0,0.0,0.0,0.0,0.1,0.0,0.1,0.0,0.0,0.0,0.0,0.0,0.0,0.0,0.0,0.8,0.0,0.0,soft,"{""ai_coding_innovations"": 0.1, ""ai_copyright_theft"": 0.1, ""ai_mass_surveillance"": 0.8}","{""ai_coding_innovations"": 0.1, ""ai_copyright_theft"": 0.1, ""ai_mass_surveillance"": 0.8}"
user_0221,balanced,Even across all topics,100,0.04568878092480453,0.07459966575313955,0.028279976330617896,0.024794236014834235,0.02503270255104274,0.031225370290734116,0.06782346293022302,0.04974472589035015,0.08072440645049196,0.06225324056984815,0.02885011212685896,0.04997513222033343,0.057318512282364606,0.023808427517350086,0.06813321750251973,0.045609045117901,0.05814144789213356,0.1227834354283078,0.03361296737890527,0.02160113482723918,0.0,0.0,0.0,0.0,0.0,0.0,0.35,0.0,0.33,0.0,0.0,0.0,0.0,0.0,0.0,0.0,0.0,0.32,0.0,0.0,soft,"{""ai_coding_innovations"": 0.333333, ""ai_copyright_theft"": 0.333333, ""ai_mass_surveillance"": 0.333334}","{""ai_coding_innovations"": 0.33, ""ai_copyright_theft"": 0.35, ""ai_mass_surveillance"": 0.32}"
user_0222,coding_copyright,Split: coding + copyright,100,0.027185740079844662,0.08769144047958329,0.030790116658011357,0.01467200876363367,0.02608421094353046,0.037576457594924687,0.07463847833855303,0.036258376417611836,0.09081985629949067,0.06867980988195134,0.032340278495294694,0.05495808195569156,0.06921895625403987,0.014874957532898634,0.07934164387364814,0.04864668985405388,0.06833414689968427,0.07875506448098997,0.03620767994392572,0.02292600525263827,0.0,0.0,0.0,0.0,0.0,0.0,0.42,0.0,0.46,0.0,0.0,0.0,0.0,0.0,0.0,0.0,0.0,0.12,0.0,0.0,soft,"{""ai_coding_innovations"": 0.45, ""ai_copyright_theft"": 0.45, ""ai_mass_surveillance"": 0.1}","{""ai_coding_innovations"": 0.46, ""ai_copyright_theft"": 0.42, ""ai_mass_surveillance"": 0.12}"
user_0223,coding_surveillance,Split: coding + surveillance,100,0.05085290951188771,0.09942295334694641,0.015382537417120756,0.02974145740532547,0.018274587972291798,0.03857891172350742,0.038285359654225554,0.05510608477736694,0.1010021297982214,0.03328073299186218,0.015138914665746144,0.028353937901826644,0.07392068232904123,0.026933202464538276,0.08554629733712925,0.026628433046251468,0.07199582328269236,0.14250220950402023,0.03750879581605002,0.011544039053948707,0.0,0.0,0.0,0.0,0.0,0.0,0.08,0.0,0.51,0.0,0.0,0.0,0.0,0.0,0.0,0.0,0.0,0.41,0.0,0.0,soft,"{""ai_coding_innovations"": 0.45, ""ai_copyright_theft"": 0.1, ""ai_mass_surveillance"": 0.45}","{""ai_coding_innovations"": 0.51, ""ai_copyright_theft"": 0.08, ""ai_mass_surveillance"": 0.41}"
user_0224,copyright_surveillance,Split: copyright + surveillance,100,0.06622408921129082,0.05009997755482221,0.029764319034968824,0.03528525682087091,0.02612900506797878,0.020981622478392546,0.06993544274551335,0.06415309142948111,0.06143434583813536,0.06463626958819661,0.029435927950311504,0.051527669754137,0.037135665059136194,0.0335020151376092,0.0485021107474889,0.04858614962092285,0.040982799425524456,0.16904613227319493,0.029115781243779584,0.023522329018244737,0.0,0.0,0.0,0.0,0.0,0.0,0.36,0.0,0.11,0.0,0.0,0.0,0.0,0.0,0.0,0.0,0.0,0.53,0.0,0.0,soft,"{""ai_coding_innovations"": 0.1, ""ai_copyright_theft"": 0.45, ""ai_mass_surveillance"": 0.45}","{""ai_coding_innovations"": 0.11, ""ai_copyright_theft"": 0.36, ""ai_mass_surveillance"": 0.53}"
user_0225,coding_heavy,Mostly AI coding innovations,100,0.018791492972594206,0.1358987410103233,0.013825360567413666,0.013229725037157298,0.01696592866414733,0.054003412476137276,0.03671067804430241,0.03251098314778837,0.12967969774116336,0.031254368225759895,0.015018268168385942,0.027191070662055283,0.10418985813521521,0.011759410549767256,0.11491554123329337,0.023110655418077882,0.09774436737272739,0.0698098788906646,0.04424218211461116,0.009148379568415119,0.0,0.0,0.0,0.0,0.0,0.0,0.08,0.0,0.84,0.0,0.0,0.0,0.0,0.0,0.0,0.0,0.0,0.08,0.0,0.0,soft,"{""ai_coding_innovations"": 0.8, ""ai_copyright_theft"": 0.1, ""ai_mass_surveillance"": 0.1}","{""ai_coding_innovations"": 0.84, ""ai_copyright_theft"": 0.08, ""ai_mass_surveillance"": 0.08}"
user_0226,copyright_heavy,Mostly AI copyright / theft concerns,100,0.029707201342463078,0.03820666498971432,0.0508784463804325,0.01249668708091514,0.0367695340701249,0.02142427153959402,0.12000162316019447,0.03542052085665211,0.05075824097171824,0.11333008575810435,0.05319998259869014,0.0881661422003535,0.03422427757241084,0.015034588922245911,0.043406470744218426,0.07860616021303914,0.03897325958054153,0.07230825178986489,0.028115344220645735,0.03897224600807677,0.0,0.0,0.0,0.0,0.0,0.0,0.83,0.0,0.08,0.0,0.0,0.0,0.0,0.0,0.0,0.0,0.0,0.09,0.0,0.0,soft,"{""ai_coding_innovations"": 0.1, ""ai_copyright_theft"": 0.8, ""ai_mass_surveillance"": 0.1}","{""ai_coding_innovations"": 0.08, ""ai_copyright_theft"": 0.83, ""ai_mass_surveillance"": 0.09}"
user_0227,surveillance_heavy,Mostly AI mass surveillance,100,0.08662453230545963,0.05190424505716139,0.020041747689479816,0.04765558487381398,0.021283332233513915,0.019183245083903136,0.046662652337086,0.07993327356784762,0.0634733150593785,0.04205245773985566,0.018324773704569815,0.03449770699618105,0.035375896642872384,0.0437116593276267,0.04785759470557279,0.03489712107845432,0.03926723454677009,0.22182657980964554,0.028889459819553553,0.016537587421253944,0.0,0.0,0.0,0.0,0.0,0.0,0.14,0.0,0.09,0.0,0.0,0.0,0.0,0.0,0.0,0.0,0.0,0.77,0.0,0.0,soft,"{""ai_coding_innovations"": 0.1, ""ai_copyright_theft"": 0.1, ""ai_mass_surveillance"": 0.8}","{""ai_coding_innovations"": 0.09, ""ai_copyright_theft"": 0.14, ""ai_mass_surveillance"": 0.77}"
user_0228,balanced,Even across all topics,100,0.046219135607093634,0.06944837246664785,0.03025362425785816,0.02472845502909822,0.026086779834419087,0.029512744593516663,0.07226310172976162,0.04986338389885591,0.07656160967400914,0.0666273372386179,0.03088627524557037,0.05322525665431169,0.05363593453243918,0.023958580397151333,0.06436686585444976,0.04856312007645544,0.05504860261851402,0.12279919942840521,0.03276375159837631,0.023187869264448564,0.0,0.0,0.0,0.0,0.0,0.0,0.39,0.0,0.29,0.0,0.0,0.0,0.0,0.0,0.0,0.0,0.0,0.32,0.0,0.0,soft,"{""ai_coding_innovations"": 0.333333, ""ai_copyright_theft"": 0.333333, ""ai_mass_surveillance"": 0.333334}","{""ai_coding_innovations"": 0.29, ""ai_copyright_theft"": 0.39, ""ai_mass_surveillance"": 0.32}"
user_0229,coding_copyright,Split: coding + copyright,100,0.029261444904313524,0.08419296336017996,0.031377902994349116,0.01565627456981592,0.02642704294971663,0.036213482943188206,0.07584382328752394,0.03765744101850059,0.08804112268458558,0.06989614403496815,0.03285663118390348,0.055841089866596534,0.066463816313154,0.01583211950525931,0.07662010178610554,0.04959840723782422,0.06600041775764091,0.08316460127576313,0.03558729198069886,0.023467880345912337,0.0,0.0,0.0,0.0,0.0,0.0,0.43,0.0,0.43,0.0,0.0,0.0,0.0,0.0,0.0,0.0,0.0,0.14,0.0,0.0,soft,"{""ai_coding_innovations"": 0.45, ""ai_copyright_theft"": 0.45, ""ai_mass_surveillance"": 0.1}","{""ai_coding_innovations"": 0.43, ""ai_copyright_theft"": 0.43, ""ai_mass_surveillance"": 0.14}"
user_0230,coding_surveillance,Split: coding + surveillance,100,0.05319379167750112,0.09334882958429722,0.01695714771707866,0.030692832718639693,0.019144458620166147,0.0363596242231622,0.04171052400296578,0.056564478382508554,0.09614199779507496,0.03668411547926385,0.016673348913710615,0.030862008029720767,0.06932425351319266,0.027965440876799582,0.0809415794255517,0.029057187909298995,0.06811567150383917,0.14691962829884211,0.0364637999625587,0.012879281365827467,0.0,0.0,0.0,0.0,0.0,0.0,0.11,0.0,0.46,0.0,0.0,0.0,0.0,0.0,0.0,0.0,0.0,0.43,0.0,0.0,soft,"{""ai_coding_innovations"": 0.45, ""ai_copyright_theft"": 0.1, ""ai_mass_surveillance"": 0.45}","{""ai_coding_innovations"": 0.46, ""ai_copyright_theft"": 0.11, ""ai_mass_surveillance"": 0.43}"
user_0231,copyright_surveillance,Split: copyright + surveillance,100,0.06229441952055532,0.046611848797912823,0.03298226702132006,0.03266836246429226,0.02777535860053216,0.0203215730768423,0.07746622252199023,0.06093724269746034,0.05849453753125134,0.07198391379398268,0.03298093363572915,0.0570391955075731,0.0352773927552779,0.03146572329623548,0.04636088080217916,0.053222784188063754,0.03947161475578646,0.15805972978649324,0.028649863673090456,0.025936135573431798,0.0,0.0,0.0,0.0,0.0,0.0,0.43,0.0,0.09,0.0,0.0,0.0,0.0,0.0,0.0,0.0,0.0,0.48,0.0,0.0,soft,"{""ai_coding_innovations"": 0.1, ""ai_copyright_theft"": 0.45, ""ai_mass_surveillance"": 0.45}","{""ai_coding_innovations"": 0.09, ""ai_copyright_theft"": 0.43, ""ai_mass_surveillance"": 0.48}"
user_0232,coding_heavy,Mostly AI coding innovations,100,0.018924081643166477,0.13461091768870034,0.014318772549223724,0.013213279790723294,0.017229447984991413,0.0535752560518329,0.03782058774418706,0.032540647649914815,0.12863899854704258,0.032347892392952306,0.01552730894806379,0.028003601770549853,0.10326921369773383,0.011796948769717569,0.11397395332127587,0.02384917415771647,0.09697115605432245,0.06981381989068892,0.044029878169478905,0.009545063177717453,0.0,0.0,0.0,0.0,0.0,0.0,0.09,0.0,0.83,0.0,0.0,0.0,0.0,0.0,0.0,0.0,0.0,0.08,0.0,0.0,soft,"{""ai_coding_innovations"": 0.8, ""ai_copyright_theft"": 0.1, ""ai_mass_surveillance"": 0.1}","{""ai_coding_innovations"": 0.83, ""ai_copyright_theft"": 0.09, ""ai_mass_surveillance"": 0.08}"
user_0233,copyright_heavy,Mostly AI copyright / theft concerns,100,0.033504282362626335,0.042982617068246604,0.047167086412271235,0.015130026683927803,0.03485966121672742,0.02251247736544864,0.11136093368383286,0.03860670508654648,0.054738748472722955,0.10488891738512589,0.04914593613359466,0.08184208533842291,0.03700319431375053,0.01703334254366932,0.04648928860154568,0.07323100690625961,0.04125765556868441,0.08329071327654215,0.028793565736467134,0.03616175584358735,0.0,0.0,0.0,0.0,0.0,0.0,0.75,0.0,0.11,0.0,0.0,0.0,0.0,0.0,0.0,0.0,0.0,0.14,0.0,0.0,soft,"{""ai_coding_innovations"": 0.1, ""ai_copyright_theft"": 0.8, ""ai_mass_surveillance"": 0.1}","{""ai_coding_innovations"": 0.11, ""ai_copyright_theft"": 0.75, ""ai_mass_surveillance"": 0.14}"
user_0234,surveillance_heavy,Mostly AI mass surveillance,100,0.09042161332562297,0.0566801971356937,0.016330387721318534,0.05028892447682663,0.019373459380116448,0.020271450909757755,0.038021962860724394,0.083119457797742,0.06745382256038326,0.033611289366877156,0.014270727239474328,0.02817365013425042,0.03815481338421205,0.04571041294905012,0.05094041256290009,0.029521967771674824,0.041551630534912974,0.23280904129632302,0.029567681335374955,0.013727097256764529,0.0,0.0,0.0,0.0,0.0,0.0,0.06,0.0,0.12,0.0,0.0,0.0,0.0,0.0,0.0,0.0,0.0,0.82,0.0,0.0,soft,"{""ai_coding_innovations"": 0.1, ""ai_copyright_theft"": 0.1, ""ai_mass_surveillance"": 0.8}","{""ai_coding_innovations"": 0.12, ""ai_copyright_theft"": 0.06, ""ai_mass_surveillance"": 0.82}"
user_0235,balanced,Even across all topics,100,0.03849010837444967,0.08620042401023971,0.02646943014434073,0.021341083069979352,0.023964550189813173,0.03578170335965959,0.06415971045876721,0.04486283203830268,0.08992962450559941,0.0585428331178855,0.02729739810656719,0.04729087008641333,0.06650117985672437,0.020477129724062876,0.07718782085291001,0.04264729364452411,0.06592289423008296,0.10735202714661389,0.03567817327763313,0.01990291380543108,0.0,0.0,0.0,0.0,0.0,0.0,0.32,0.0,0.43,0.0,0.0,0.0,0.0,0.0,0.0,0.0,0.0,0.25,0.0,0.0,soft,"{""ai_coding_innovations"": 0.333333, ""ai_copyright_theft"": 0.333333, ""ai_mass_surveillance"": 0.333334}","{""ai_coding_innovations"": 0.43, ""ai_copyright_theft"": 0.32, ""ai_mass_surveillance"": 0.25}"
user_0236,coding_copyright,Split: coding + copyright,100,0.025110035255375807,0.09118991759898663,0.030202330321673587,0.013687742957451426,0.025741378937344277,0.03893943224666117,0.07343313338958214,0.03485931181672305,0.09359858991439574,0.06746347572893453,0.031823925806685936,0.054075074044786606,0.07197409619492574,0.013917795560537953,0.08206318596119071,0.047694972470283536,0.07066787604172764,0.07434552768621679,0.03682806790715257,0.022384130159364194,0.0,0.0,0.0,0.0,0.0,0.0,0.41,0.0,0.49,0.0,0.0,0.0,0.0,0.0,0.0,0.0,0.0,0.1,0.0,0.0,soft,"{""ai_coding_innovations"": 0.45, ""ai_copyright_theft"": 0.45, ""ai_mass_surveillance"": 0.1}","{""ai_coding_innovations"": 0.49, ""ai_copyright_theft"": 0.41, ""ai_mass_surveillance"": 0.1}"
user_0237,coding_surveillance,Split: coding + surveillance,100,0.057212612655866524,0.0876396986671135,0.01763930840794414,0.032677809577438224,0.0195666033116944,0.03406183134399363,0.04301130420102293,0.0593329430821597,0.09162522975938553,0.03802325961810507,0.017197013511250303,0.031815492743036106,0.06473461806890232,0.029842226601570612,0.07644008316248399,0.0302221039372011,0.06422142453815737,0.1557347608883641,0.03543532798123721,0.013566347943073275,0.0,0.0,0.0,0.0,0.0,0.0,0.12,0.0,0.41,0.0,0.0,0.0,0.0,0.0,0.0,0.0,0.0,0.47,0.0,0.0,soft,"{""ai_coding_innovations"": 0.45, ""ai_copyright_theft"": 0.1, ""ai_mass_surveillance"": 0.45}","{""ai_coding_innovations"": 0.41, ""ai_copyright_theft"": 0.12, ""ai_mass_surveillance"": 0.47}"
user_0238,copyright_surveillance,Split: copyright + surveillance,100,0.061322861443607046,0.04771717569680307,0.0329350798440562,0.03216800693798413,0.027735702257861115,0.02078898219055836,0.0774185048974471,0.06025254264807917,0.05936355474164352,0.07192250880107048,0.03297727768126369,0.057003957106367874,0.036194640506980125,0.031005911420030303,0.047250857889941676,0.05311618486599787,0.04025187366760571,0.15585693188911884,0.028853905682137745,0.025863539831445948,0.0,0.0,0.0,0.0,0.0,0.0,0.43,0.0,0.1,0.0,0.0,0.0,0.0,0.0,0.0,0.0,0.0,0.47,0.0,0.0,soft,"{""ai_coding_innovations"": 0.1, ""ai_copyright_theft"": 0.45, ""ai_mass_surveillance"": 0.45}","{""ai_coding_innovations"": 0.1, ""ai_copyright_theft"": 0.43, ""ai_mass_surveillance"": 0.47}"
user_0239,coding_heavy,Mostly AI coding innovations,100,0.018085112236790456,0.13442842126596763,0.014764997353769942,0.012696479017981158,0.017453310963164458,0.0536145087412446,0.0388827798195286,0.031885612102660076,0.12846731656331412,0.03338001156723255,0.016032693773276176,0.028780894477839256,0.1032658170119547,0.011374675113462698,0.11392234249702092,0.0244810935752892,0.09697820364773682,0.06761496299333886,0.04402161623339397,0.009869151045033933,0.0,0.0,0.0,0.0,0.0,0.0,0.1,0.0,0.83,0.0,0.0,0.0,0.0,0.0,0.0,0.0,0.0,0.07,0.0,0.0,soft,"{""ai_coding_innovations"": 0.8, ""ai_copyright_theft"": 0.1, ""ai_mass_surveillance"": 0.1}","{""ai_coding_innovations"": 0.83, ""ai_copyright_theft"": 0.1, ""ai_mass_surveillance"": 0.07}"
user_0240,copyright_heavy,Mostly AI copyright / theft concerns,100,0.02855961721200016,0.03269037885775723,0.05374454391676519,0.011397304549694866,0.03827133730984733,0.01979015122119998,0.12656564611041618,0.03422910777064837,0.046252080227778346,0.11976842077543452,0.05624691536782629,0.09297085204891056,0.030534906450927157,0.014340194489537429,0.03953689744763854,0.08282407400673901,0.035894509493750705,0.06792630199526214,0.02724960456794692,0.04120715617991911,0.0,0.0,0.0,0.0,0.0,0.0,0.89,0.0,0.04,0.0,0.0,0.0,0.0,0.0,0.0,0.0,0.0,0.07,0.0,0.0,soft,"{""ai_coding_innovations"": 0.1, ""ai_copyright_theft"": 0.8, ""ai_mass_surveillance"": 0.1}","{""ai_coding_innovations"": 0.04, ""ai_copyright_theft"": 0.89, ""ai_mass_surveillance"": 0.07}"
user_0241,surveillance_heavy,Mostly AI mass surveillance,100,0.09028902465505066,0.05796802045731662,0.015836975739508458,0.05030536972326063,0.01910994005927236,0.020699607334062124,0.036912053160839765,0.08308979329561554,0.06849452175450396,0.0325177651996847,0.01376168645979649,0.02736111902575581,0.03907545782169343,0.04567287472909982,0.05188200047491756,0.028783449032036196,0.042324841853317884,0.23280510029629864,0.029779985280507203,0.013330413647462196,0.0,0.0,0.0,0.0,0.0,0.0,0.05,0.0,0.13,0.0,0.0,0.0,0.0,0.0,0.0,0.0,0.0,0.82,0.0,0.0,soft,"{""ai_coding_innovations"": 0.1, ""ai_copyright_theft"": 0.1, ""ai_mass_surveillance"": 0.8}","{""ai_coding_innovations"": 0.13, ""ai_copyright_theft"": 0.05, ""ai_mass_surveillance"": 0.82}"
user_0242,balanced,Even across all topics,100,0.05165071805706654,0.06667988103817536,0.029056511376011077,0.027779923926248985,0.025534159927913098,0.027992759184133412,0.06921967837736644,0.053882590688763596,0.07446960399401815,0.06371519469451374,0.029381088633329583,0.05099909373605912,0.05089438133466982,0.026604836994531488,0.06185176706392701,0.046987159789934826,0.05268668310281321,0.13600416381257868,0.03217641137948919,0.02243339288845673,0.0,0.0,0.0,0.0,0.0,0.0,0.36,0.0,0.26,0.0,0.0,0.0,0.0,0.0,0.0,0.0,0.0,0.38,0.0,0.0,soft,"{""ai_coding_innovations"": 0.333333, ""ai_copyright_theft"": 0.333333, ""ai_mass_surveillance"": 0.333334}","{""ai_coding_innovations"": 0.26, ""ai_copyright_theft"": 0.36, ""ai_mass_surveillance"": 0.38}"
user_0243,coding_copyright,Split: coding + copyright,100,0.022460538365675513,0.09193025165241142,0.03104759275350217,0.01215378588565903,0.02614944855101932,0.0394853467392006,0.07550979991572206,0.0328645406728324,0.09412424315733083,0.06946630908458283,0.03283103950264525,0.055594421058160204,0.07288455057506969,0.012613436371823026,0.08284994140044331,0.04885221198336317,0.07146223014037564,0.06774501599414225,0.03701558604403002,0.022959710152011273,0.0,0.0,0.0,0.0,0.0,0.0,0.43,0.0,0.5,0.0,0.0,0.0,0.0,0.0,0.0,0.0,0.0,0.07,0.0,0.0,soft,"{""ai_coding_innovations"": 0.45, ""ai_copyright_theft"": 0.45, ""ai_mass_surveillance"": 0.1}","{""ai_coding_innovations"": 0.5, ""ai_copyright_theft"": 0.43, ""ai_mass_surveillance"": 0.07}"
user_0244,coding_surveillance,Split: coding + surveillance,100,0.055312933884912326,0.0977597888173641,0.01413823735800981,0.0322925707761681,0.01768231172311477,0.03752633542784022,0.03519421867728724,0.05844059151789346,0.09977914132862263,0.030307185454845835,0.013630072099039903,0.02609253658236889,0.07209637688297414,0.02911964718571325,0.0839211756343691,0.024945873437664984,0.07041416267881077,0.1535043759908193,0.03712549760621022,0.010716966935971007,0.0,0.0,0.0,0.0,0.0,0.0,0.05,0.0,0.49,0.0,0.0,0.0,0.0,0.0,0.0,0.0,0.0,0.46,0.0,0.0,soft,"{""ai_coding_innovations"": 0.45, ""ai_copyright_theft"": 0.1, ""ai_mass_surveillance"": 0.45}","{""ai_coding_innovations"": 0.49, ""ai_copyright_theft"": 0.05, ""ai_mass_surveillance"": 0.46}"
user_0245,copyright_surveillance,Split: copyright + surveillance,100,0.061322861443607025,0.04771717569680304,0.032935079844056206,0.032168006937984134,0.027735702257861115,0.02078898219055835,0.07741850489744713,0.06025254264807917,0.05936355474164351,0.0719225088010705,0.03297727768126369,0.05700395710636791,0.03619464050698013,0.031005911420030303,0.047250857889941676,0.053116184865997895,0.040251873667605714,0.15585693188911878,0.028853905682137762,0.025863539831445934,0.0,0.0,0.0,0.0,0.0,0.0,0.43,0.0,0.1,0.0,0.0,0.0,0.0,0.0,0.0,0.0,0.0,0.47,0.0,0.0,soft,"{""ai_coding_innovations"": 0.1, ""ai_copyright_theft"": 0.45, ""ai_mass_surveillance"": 0.45}","{""ai_coding_innovations"": 0.1, ""ai_copyright_theft"": 0.43, ""ai_mass_surveillance"": 0.47}"
user_0246,coding_heavy,Mostly AI coding innovations,100,0.02254513660981507,0.13276525673638528,0.013520697294658995,0.015247592388823806,0.016861034713987418,0.05256193244557739,0.035791638842590255,0.035220118843186626,0.12724432809371528,0.0304064640302162,0.014523851206569929,0.02651949315838147,0.10144151156588756,0.013561119834637675,0.1122972207942607,0.022798533966702728,0.09539654304385523,0.07861712948013788,0.043638318023554154,0.009042078927056232,0.0,0.0,0.0,0.0,0.0,0.0,0.07,0.0,0.81,0.0,0.0,0.0,0.0,0.0,0.0,0.0,0.0,0.12,0.0,0.0,soft,"{""ai_coding_innovations"": 0.8, ""ai_copyright_theft"": 0.1, ""ai_mass_surveillance"": 0.1}","{""ai_coding_innovations"": 0.81, ""ai_copyright_theft"": 0.07, ""ai_mass_surveillance"": 0.12}"
user_0247,copyright_heavy,Mostly AI copyright / theft concerns,100,0.03156116620872975,0.04519327086602702,0.04707271205774355,0.014129315631311548,0.034780348531385334,0.02344729559288075,0.11126549843474663,0.037237304987784145,0.05647678289350733,0.10476610739930152,0.04913862422466375,0.08177160853601252,0.038837689817155005,0.01611371879125896,0.04826924277707075,0.07301780826212788,0.04281817339232294,0.07888511748179332,0.029201649754561756,0.03601656435961562,0.0,0.0,0.0,0.0,0.0,0.0,0.75,0.0,0.13,0.0,0.0,0.0,0.0,0.0,0.0,0.0,0.0,0.12,0.0,0.0,soft,"{""ai_coding_innovations"": 0.1, ""ai_copyright_theft"": 0.8, ""ai_mass_surveillance"": 0.1}","{""ai_coding_innovations"": 0.13, ""ai_copyright_theft"": 0.75, ""ai_mass_surveillance"": 0.12}"
user_0248,surveillance_heavy,Mostly AI mass surveillance,100,0.08415106146927401,0.059266192141433506,0.017973725407711846,0.04672065480693374,0.020149942264795485,0.021830689008552714,0.04212757828846115,0.07844521546057955,0.06937414625664574,0.03755555108526156,0.0162812986769275,0.031177105759792375,0.0408929698962023,0.042641882695415086,0.05340390052916787,0.03172984747576817,0.04392059764402817,0.21740522001479937,0.030146759618177144,0.014805661500072842,0.0,0.0,0.0,0.0,0.0,0.0,0.1,0.0,0.15,0.0,0.0,0.0,0.0,0.0,0.0,0.0,0.0,0.75,0.0,0.0,soft,"{""ai_coding_innovations"": 0.1, ""ai_copyright_theft"": 0.1, ""ai_mass_surveillance"": 0.8}","{""ai_coding_innovations"": 0.15, ""ai_copyright_theft"": 0.1, ""ai_mass_surveillance"": 0.75}"
user_0249,balanced,Even across all topics,100,0.042243752011670556,0.08306693973630182,0.026164766871586087,0.023358950421645878,0.023859656239653266,0.03434022332909973,0.06324067125705506,0.047571967733700926,0.08749425485815139,0.05769492892234184,0.026802981144751173,0.04661929258273958,0.06375283328739678,0.022278839008933297,0.07456950041387739,0.04233517219314898,0.06357506990121087,0.11615927773608722,0.03507430918657617,0.019796613164072205,0.0,0.0,0.0,0.0,0.0,0.0,0.31,0.0,0.4,0.0,0.0,0.0,0.0,0.0,0.0,0.0,0.0,0.29,0.0,0.0,soft,"{""ai_coding_innovations"": 0.333333, ""ai_copyright_theft"": 0.333333, ""ai_mass_surveillance"": 0.333334}","{""ai_coding_innovations"": 0.4, ""ai_copyright_theft"": 0.31, ""ai_mass_surveillance"": 0.29}"
user_0250,coding_copyright,Split: coding + copyright,100,0.02621418200289639,0.0887967673784735,0.03074292948074751,0.014171653237325546,0.026044554600859412,0.038043866708640746,0.07459076071400993,0.03557367636823067,0.09168887350988286,0.06861840488903917,0.032336622540829245,0.054922843554486386,0.07013620400574211,0.014415145656693449,0.08023162096141066,0.04854009053198803,0.06911440581150352,0.07655226658361557,0.03641172195297303,0.0228534095106524,0.0,0.0,0.0,0.0,0.0,0.0,0.42,0.0,0.47,0.0,0.0,0.0,0.0,0.0,0.0,0.0,0.0,0.11,0.0,0.0,soft,"{""ai_coding_innovations"": 0.45, ""ai_copyright_theft"": 0.45, ""ai_mass_surveillance"": 0.1}","{""ai_coding_innovations"": 0.47, ""ai_copyright_theft"": 0.42, ""ai_mass_surveillance"": 0.11}"
user_0251,coding_surveillance,Split: coding + surveillance,100,0.05098549818245999,0.09813513002532348,0.01587594939893083,0.029725012158891447,0.018538107293135885,0.038150755299203046,0.03939526935411022,0.055135749279493364,0.09996143060410068,0.034374257159054615,0.015647955445423987,0.029166469010321237,0.07300003789155987,0.02697074068448859,0.0846047094251118,0.02736695178589007,0.07122261196428745,0.14250615050404458,0.037296491870917776,0.01194072266325105,0.0,0.0,0.0,0.0,0.0,0.0,0.09,0.0,0.5,0.0,0.0,0.0,0.0,0.0,0.0,0.0,0.0,0.41,0.0,0.0,soft,"{""ai_coding_innovations"": 0.45, ""ai_copyright_theft"": 0.1, ""ai_mass_surveillance"": 0.45}","{""ai_coding_innovations"": 0.5, ""ai_copyright_theft"": 0.09, ""ai_mass_surveillance"": 0.41}"
user_0252,copyright_surveillance,Split: copyright + surveillance,100,0.06255959686169989,0.04403620215466699,0.03396909098494019,0.03263547197142425,0.028302397242220334,0.01946526022823357,0.07968604192175954,0.060996571701713215,0.05641313914300992,0.07417096212836755,0.03399901519508485,0.05866425772456225,0.033436103880315156,0.03154079973613611,0.04447770497814414,0.05469982166734096,0.03792519211897669,0.1580676117865419,0.028225255782825975,0.02672950279203649,0.0,0.0,0.0,0.0,0.0,0.0,0.45,0.0,0.07,0.0,0.0,0.0,0.0,0.0,0.0,0.0,0.0,0.48,0.0,0.0,soft,"{""ai_coding_innovations"": 0.1, ""ai_copyright_theft"": 0.45, ""ai_mass_surveillance"": 0.45}","{""ai_coding_innovations"": 0.07, ""ai_copyright_theft"": 0.45, ""ai_mass_surveillance"": 0.48}"
user_0253,coding_heavy,Mostly AI coding innovations,100,0.0224125479392428,0.13405308005800823,0.013027285312848927,0.015264037635257808,0.016597515393143334,0.05299008886988177,0.03468172914270561,0.0351904543410602,0.128285027287836,0.02931293986302378,0.014014810426892087,0.025706962049886883,0.10236215600336895,0.01352358161468736,0.11323880870627819,0.02206001522706414,0.09616975436226015,0.07861318848011353,0.043850621968686394,0.00864539531775389,0.0,0.0,0.0,0.0,0.0,0.0,0.06,0.0,0.82,0.0,0.0,0.0,0.0,0.0,0.0,0.0,0.0,0.12,0.0,0.0,soft,"{""ai_coding_innovations"": 0.8, ""ai_copyright_theft"": 0.1, ""ai_mass_surveillance"": 0.1}","{""ai_coding_innovations"": 0.82, ""ai_copyright_theft"": 0.06, ""ai_mass_surveillance"": 0.12}"
user_0254,copyright_heavy,Mostly AI copyright / theft concerns,100,0.0295746126718908,0.03949448831133723,0.05038503439862244,0.012513132327349146,0.036506014749280814,0.0218524279638984,0.11889171346030983,0.03539085635452567,0.05179894016583893,0.11223656159091194,0.052690941819012294,0.08735361109185895,0.03514492200989221,0.014997050702295603,0.04434805865623591,0.07786764147340051,0.03974647089894642,0.07230431078984051,0.02832764816577798,0.038575562398774424,0.0,0.0,0.0,0.0,0.0,0.0,0.82,0.0,0.09,0.0,0.0,0.0,0.0,0.0,0.0,0.0,0.0,0.09,0.0,0.0,soft,"{""ai_coding_innovations"": 0.1, ""ai_copyright_theft"": 0.8, ""ai_mass_surveillance"": 0.1}","{""ai_coding_innovations"": 0.09, ""ai_copyright_theft"": 0.82, ""ai_mass_surveillance"": 0.09}"
user_0255,surveillance_heavy,Mostly AI mass surveillance,100,0.08454882748099081,0.05540272217656472,0.01945396135314205,0.04667131906763173,0.02094050022732774,0.020546219735639623,0.045457307388115084,0.07853420896695883,0.06625204867428358,0.04083612358683884,0.017808421015961043,0.0336146990852761,0.03813103658375822,0.042754497355266,0.050579136793115376,0.03394540369468399,0.04160096368881348,0.21741704301487233,0.02950984778278041,0.015995712327979864,0.0,0.0,0.0,0.0,0.0,0.0,0.13,0.0,0.12,0.0,0.0,0.0,0.0,0.0,0.0,0.0,0.0,0.75,0.0,0.0,soft,"{""ai_coding_innovations"": 0.1, ""ai_copyright_theft"": 0.1, ""ai_mass_surveillance"": 0.8}","{""ai_coding_innovations"": 0.12, ""ai_copyright_theft"": 0.13, ""ai_mass_surveillance"": 0.75}"
user_0256,balanced,Even across all topics,100,0.04776448574927338,0.07110118863373621,0.02886776266695568,0.025778501821016486,0.02537553455722891,0.02986239563899762,0.06902880787919394,0.05114379049123891,0.0779456728355869,0.06346957472286496,0.02936646481546773,0.05085814013123839,0.05456337234147873,0.02476558948971076,0.06541167541497717,0.04656076250167134,0.05580771875009018,0.12719297222308099,0.032992579415678416,0.022143009920513254,0.0,0.0,0.0,0.0,0.0,0.0,0.36,0.0,0.3,0.0,0.0,0.0,0.0,0.0,0.0,0.0,0.0,0.34,0.0,0.0,soft,"{""ai_coding_innovations"": 0.333333, ""ai_copyright_theft"": 0.333333, ""ai_mass_surveillance"": 0.333334}","{""ai_coding_innovations"": 0.3, ""ai_copyright_theft"": 0.36, ""ai_mass_surveillance"": 0.34}"
user_0257,coding_copyright,Split: coding + copyright,100,0.02175415762987177,0.09045993190805578,0.03198722953985845,0.011620539866482907,0.026636830850036444,0.03909644300430794,0.07768190169094823,0.03223916962770409,0.09291186197948163,0.07159195242605548,0.033845465107535486,0.05718424487394411,0.07196050945180923,0.012228700935518476,0.0818567426641709,0.05022265014057447,0.07069606641538506,0.06555010009681649,0.03679502016281282,0.0236804816286301,0.0,0.0,0.0,0.0,0.0,0.0,0.45,0.0,0.49,0.0,0.0,0.0,0.0,0.0,0.0,0.0,0.0,0.06,0.0,0.0,soft,"{""ai_coding_innovations"": 0.45, ""ai_copyright_theft"": 0.45, ""ai_mass_surveillance"": 0.1}","{""ai_coding_innovations"": 0.49, ""ai_copyright_theft"": 0.45, ""ai_mass_surveillance"": 0.06}"
user_0258,coding_surveillance,Split: coding + surveillance,100,0.06109884496365964,0.08321839107155266,0.017828057116999547,0.03467923168267072,0.019725228682378578,0.032192194889129395,0.043202174699195434,0.06207174327968434,0.08814916091781683,0.038268879589753814,0.01721163732911214,0.03195644634785689,0.061065627062093356,0.03168147410639133,0.07288017481143383,0.030648501225464565,0.061100388890880354,0.16454595247786175,0.03461915994504798,0.013856730911016735,0.0,0.0,0.0,0.0,0.0,0.0,0.12,0.0,0.37,0.0,0.0,0.0,0.0,0.0,0.0,0.0,0.0,0.51,0.0,0.0,soft,"{""ai_coding_innovations"": 0.45, ""ai_copyright_theft"": 0.1, ""ai_mass_surveillance"": 0.45}","{""ai_coding_innovations"": 0.37, ""ai_copyright_theft"": 0.12, ""ai_mass_surveillance"": 0.51}"
user_0259,copyright_surveillance,Split: copyright + surveillance,100,0.06927135211270795,0.04549617353652866,0.030399292548570447,0.03676987815336129,0.026511493416835986,0.019151238712940007,0.07118850531902737,0.06623685607975106,0.057786595012838095,0.0659140087341256,0.029955936593385725,0.05244591606624718,0.033463277366548104,0.03491898898617505,0.04489059157218376,0.04964446632675904,0.03786881137166182,0.1756584669653425,0.02829135127150544,0.024136799853504667,0.0,0.0,0.0,0.0,0.0,0.0,0.37,0.0,0.07,0.0,0.0,0.0,0.0,0.0,0.0,0.0,0.0,0.56,0.0,0.0,soft,"{""ai_coding_innovations"": 0.1, ""ai_copyright_theft"": 0.45, ""ai_mass_surveillance"": 0.45}","{""ai_coding_innovations"": 0.07, ""ai_copyright_theft"": 0.37, ""ai_mass_surveillance"": 0.56}"
user_0260,coding_heavy,Mostly AI coding innovations,100,0.020867197797063034,0.1324002638909199,0.014413146903751433,0.014213990843339535,0.0173087606703335,0.0526404378244008,0.03791602299327331,0.033910047748677154,0.12690096412625826,0.032470702378776695,0.015534620856994714,0.028074078572960237,0.10143471819432932,0.01271657252212793,0.11219399914575075,0.02406237280184821,0.09541063823068398,0.07421941568543777,0.043621794151384286,0.009690254661689192,0.0,0.0,0.0,0.0,0.0,0.0,0.09,0.0,0.81,0.0,0.0,0.0,0.0,0.0,0.0,0.0,0.0,0.1,0.0,0.0,soft,"{""ai_coding_innovations"": 0.8, ""ai_copyright_theft"": 0.1, ""ai_mass_surveillance"": 0.1}","{""ai_coding_innovations"": 0.81, ""ai_copyright_theft"": 0.09, ""ai_mass_surveillance"": 0.1}"
user_0261,copyright_heavy,Mostly AI copyright / theft concerns,100,0.028029262529711062,0.03784167214424889,0.051770895989524925,0.01146308553543088,0.03721726002647099,0.021502776918417413,0.12212600731087758,0.03411044976214264,0.05041487700426117,0.11539432410666482,0.0542107522491149,0.08972072761493227,0.034217484200852605,0.014190041609736179,0.04330324909570851,0.0798699990481846,0.03898735476737026,0.06791053799516472,0.028098820348475884,0.03962042174270972,0.0,0.0,0.0,0.0,0.0,0.0,0.85,0.0,0.08,0.0,0.0,0.0,0.0,0.0,0.0,0.0,0.0,0.07,0.0,0.0,soft,"{""ai_coding_innovations"": 0.1, ""ai_copyright_theft"": 0.8, ""ai_mass_surveillance"": 0.1}","{""ai_coding_innovations"": 0.08, ""ai_copyright_theft"": 0.85, ""ai_mass_surveillance"": 0.07}"
user_0262,surveillance_heavy,Mostly AI mass surveillance,100,0.08706573570011887,0.055950211444762844,0.018115286939503393,0.04822172138585812,0.02026891129280861,0.02042846166740454,0.04227073116209054,0.08049931560872305,0.06676709462546918,0.0377397660639981,0.016292266540323886,0.03128282096340793,0.03814122664109555,0.04402131832403063,0.050733969265880266,0.03204964544196575,0.04157982090857042,0.2240136137069226,0.02953463359103522,0.015023448726030437,0.0,0.0,0.0,0.0,0.0,0.0,0.1,0.0,0.12,0.0,0.0,0.0,0.0,0.0,0.0,0.0,0.0,0.78,0.0,0.0,soft,"{""ai_coding_innovations"": 0.1, ""ai_copyright_theft"": 0.1, ""ai_mass_surveillance"": 0.8}","{""ai_coding_innovations"": 0.12, ""ai_copyright_theft"": 0.1, ""ai_mass_surveillance"": 0.78}"
user_0263,balanced,Even across all topics,100,0.04736671973755654,0.07496465859860496,0.02738752672152547,0.0258278375603185,0.024584976594696658,0.03114686491191072,0.06569907877953998,0.05105479698485964,0.08106777041794902,0.06018900222128767,0.027839342476434176,0.048420546805754666,0.05732530565392283,0.02465297482985982,0.06823643915102963,0.04434520628275552,0.05812735270530486,0.12718114922300797,0.03362949125107514,0.020952959092606225,0.0,0.0,0.0,0.0,0.0,0.0,0.33,0.0,0.33,0.0,0.0,0.0,0.0,0.0,0.0,0.0,0.0,0.34,0.0,0.0,soft,"{""ai_coding_innovations"": 0.333333, ""ai_copyright_theft"": 0.333333, ""ai_mass_surveillance"": 0.333334}","{""ai_coding_innovations"": 0.33, ""ai_copyright_theft"": 0.33, ""ai_mass_surveillance"": 0.34}"
user_0264,coding_copyright,Split: coding + copyright,100,0.029526622245458056,0.08161731671693415,0.032364726957969256,0.015623384076947916,0.026954081591404805,0.035357170094579504,0.07806364268729327,0.037716770022753476,0.08595972429634423,0.07208319236935304,0.03387471274325918,0.057466152083585645,0.06462252743819134,0.015907195945159935,0.07473692596207057,0.05107544471710144,0.0644539951208311,0.08317248327581184,0.03516268409043437,0.024261247564517033,0.0,0.0,0.0,0.0,0.0,0.0,0.45,0.0,0.41,0.0,0.0,0.0,0.0,0.0,0.0,0.0,0.0,0.14,0.0,0.0,soft,"{""ai_coding_innovations"": 0.45, ""ai_copyright_theft"": 0.45, ""ai_mass_surveillance"": 0.1}","{""ai_coding_innovations"": 0.41, ""ai_copyright_theft"": 0.45, ""ai_mass_surveillance"": 0.14}"
user_0265,coding_surveillance,Split: coding + surveillance,100,0.05849278545690172,0.09186816147744763,0.015266622853421499,0.03376074686222447,0.018328319392816067,0.035267795238083315,0.037557190950685916,0.060554020670289845,0.09509069130920464,0.03267844876796727,0.014659121521791978,0.027823314002973613,0.06750334475290465,0.03057415925422941,0.07936806854704642,0.0267427088831398,0.06652696330654327,0.16012065168299122,0.036088763688803815,0.011728121380533292,0.0,0.0,0.0,0.0,0.0,0.0,0.07,0.0,0.44,0.0,0.0,0.0,0.0,0.0,0.0,0.0,0.0,0.49,0.0,0.0,soft,"{""ai_coding_innovations"": 0.45, ""ai_copyright_theft"": 0.1, ""ai_mass_surveillance"": 0.45}","{""ai_coding_innovations"": 0.44, ""ai_copyright_theft"": 0.07, ""ai_mass_surveillance"": 0.49}"
user_0266,copyright_surveillance,Split: copyright + surveillance,100,0.060749069378375584,0.044959032630824514,0.03436812861222255,0.03161831567237398,0.028486603877722335,0.019971922031361326,0.08070051637255798,0.059656836105077306,0.05711047436967359,0.07514167630973562,0.0345007440658318,0.0594063120306464,0.03434995494623828,0.030658714203676062,0.04531607124165174,0.05522514176284783,0.0387124986242103,0.15366595699181748,0.028421035855788333,0.02698099491736711,0.0,0.0,0.0,0.0,0.0,0.0,0.46,0.0,0.08,0.0,0.0,0.0,0.0,0.0,0.0,0.0,0.0,0.46,0.0,0.0,soft,"{""ai_coding_innovations"": 0.1, ""ai_copyright_theft"": 0.45, ""ai_mass_surveillance"": 0.45}","{""ai_coding_innovations"": 0.08, ""ai_copyright_theft"": 0.46, ""ai_mass_surveillance"": 0.46}"
user_0267,coding_heavy,Mostly AI coding innovations,100,0.022942902621531893,0.12890178677151656,0.015000933240089203,0.015198256649521796,0.017651592676519674,0.05127746317266432,0.03912136794224422,0.03530911234956592,0.12412223051135317,0.03368703653179351,0.016050973545603486,0.028957086483865187,0.0986795782534435,0.013673734494488613,0.10947245705820816,0.02501409018561856,0.0930769090886406,0.07862895248021091,0.04300140618815743,0.010232129754963265,0.0,0.0,0.0,0.0,0.0,0.0,0.1,0.0,0.78,0.0,0.0,0.0,0.0,0.0,0.0,0.0,0.0,0.12,0.0,0.0,soft,"{""ai_coding_innovations"": 0.8, ""ai_copyright_theft"": 0.1, ""ai_mass_surveillance"": 0.1}","{""ai_coding_innovations"": 0.78, ""ai_copyright_theft"": 0.1, ""ai_mass_surveillance"": 0.12}"
user_0268,copyright_heavy,Mostly AI copyright / theft concerns,100,0.033504282362626335,0.04298261706824658,0.04716708641227123,0.015130026683927787,0.03485966121672742,0.02251247736544863,0.11136093368383287,0.0386067050865465,0.05473874847272296,0.10488891738512592,0.049145936133594664,0.08184208533842291,0.037003194313750515,0.01703334254366932,0.046489288601545685,0.07323100690625961,0.0412576555686844,0.08329071327654218,0.02879356573646715,0.03616175584358735,0.0,0.0,0.0,0.0,0.0,0.0,0.75,0.0,0.11,0.0,0.0,0.0,0.0,0.0,0.0,0.0,0.0,0.14,0.0,0.0,soft,"{""ai_coding_innovations"": 0.1, ""ai_copyright_theft"": 0.8, ""ai_mass_surveillance"": 0.1}","{""ai_coding_innovations"": 0.11, ""ai_copyright_theft"": 0.75, ""ai_mass_surveillance"": 0.14}"
user_0269,surveillance_heavy,Mostly AI mass surveillance,100,0.0883024711182117,0.05226923790262679,0.019149298080387383,0.04868918641929823,0.02083560627716783,0.019104739705079747,0.04453826818640297,0.08124334466235707,0.06381667902683555,0.039988219391295175,0.017314004054145037,0.03294312158160229,0.03538269001443062,0.044556206640136424,0.047960816354082704,0.03363328224330885,0.039253139359941375,0.2262242936043457,0.028905983691723418,0.01588941168662098,0.0,0.0,0.0,0.0,0.0,0.0,0.12,0.0,0.09,0.0,0.0,0.0,0.0,0.0,0.0,0.0,0.0,0.79,0.0,0.0,soft,"{""ai_coding_innovations"": 0.1, ""ai_copyright_theft"": 0.1, ""ai_mass_surveillance"": 0.8}","{""ai_coding_innovations"": 0.09, ""ai_copyright_theft"": 0.12, ""ai_mass_surveillance"": 0.79}"
user_0270,balanced,Even across all topics,100,0.04948586194496778,0.07937561783167185,0.02456861636245663,0.0274275756178469,0.02312282969764526,0.032313576116588735,0.05918277345386144,0.05293091012024452,0.08470491395149672,0.05381207219686964,0.024796065661763445,0.043651075358402805,0.06009742902370428,0.025807181138773488,0.07121603535984698,0.040233891811121504,0.06042584388027649,0.13376589691498514,0.03429118889472666,0.018790644662749757,0.0,0.0,0.0,0.0,0.0,0.0,0.27,0.0,0.36,0.0,0.0,0.0,0.0,0.0,0.0,0.0,0.0,0.37,0.0,0.0,soft,"{""ai_coding_innovations"": 0.333333, ""ai_copyright_theft"": 0.333333, ""ai_mass_surveillance"": 0.333334}","{""ai_coding_innovations"": 0.36, ""ai_copyright_theft"": 0.27, ""ai_mass_surveillance"": 0.37}"
user_0271,coding_copyright,Split: coding + copyright,100,0.02599471856643938,0.07426571799515598,0.03706291088975068,0.012957153981067242,0.02939099308649045,0.033412651420116145,0.08892415156342413,0.03458991479711195,0.07989781840709807,0.08271140907671638,0.03894684076771038,0.06541527116250545,0.060002321821888874,0.013983518763637156,0.0697709322807083,0.05792763550315813,0.06062317649587846,0.0721979037891832,0.0340598546843485,0.027865104947611137,0.0,0.0,0.0,0.0,0.0,0.0,0.55,0.0,0.36,0.0,0.0,0.0,0.0,0.0,0.0,0.0,0.0,0.09,0.0,0.0,soft,"{""ai_coding_innovations"": 0.45, ""ai_copyright_theft"": 0.45, ""ai_mass_surveillance"": 0.1}","{""ai_coding_innovations"": 0.36, ""ai_copyright_theft"": 0.55, ""ai_mass_surveillance"": 0.09}"
user_0272,coding_surveillance,Split: coding + surveillance,100,0.06251160643526715,0.0861590305602639,0.015948783544286978,0.03574572372102299,0.018750464084344335,0.03297000235891473,0.03885797114874308,0.06332248536994095,0.09057392327351525,0.034017592906808475,0.01518278611933167,0.028776798716288958,0.06291370930861433,0.03245094497900045,0.07486657228397875,0.027907624911041876,0.0626327163408614,0.16893578427251327,0.03506029170748235,0.012415187957779098,0.0,0.0,0.0,0.0,0.0,0.0,0.08,0.0,0.39,0.0,0.0,0.0,0.0,0.0,0.0,0.0,0.0,0.53,0.0,0.0,soft,"{""ai_coding_innovations"": 0.45, ""ai_copyright_theft"": 0.1, ""ai_mass_surveillance"": 0.45}","{""ai_coding_innovations"": 0.39, ""ai_copyright_theft"": 0.08, ""ai_mass_surveillance"": 0.53}"
user_0273,copyright_surveillance,Split: copyright + surveillance,100,0.06286821158578677,0.049369991863891384,0.03154921825315368,0.03321805372990238,0.027024456980670946,0.02113863323603933,0.07418421104687943,0.061532949240462195,0.06074761790322127,0.06876474628531758,0.031457467251161074,0.05463684058329455,0.03712207831601974,0.03181292051258973,0.04829566745046907,0.0511138272912138,0.0410109897991819,0.1602507046837946,0.02908273349943985,0.024818680487510642,0.0,0.0,0.0,0.0,0.0,0.0,0.4,0.0,0.11,0.0,0.0,0.0,0.0,0.0,0.0,0.0,0.0,0.49,0.0,0.0,soft,"{""ai_coding_innovations"": 0.1, ""ai_copyright_theft"": 0.45, ""ai_mass_surveillance"": 0.45}","{""ai_coding_innovations"": 0.11, ""ai_copyright_theft"": 0.4, ""ai_mass_surveillance"": 0.49}"
user_0274,coding_heavy,Mostly AI coding innovations,100,0.01600940741232161,0.13792689838537098,0.014177211017432172,0.011712213211798909,0.01711047895697828,0.05497748339298108,0.037677434870557684,0.030486547501771287,0.1312460501782191,0.03216367741421574,0.015516341084667408,0.027897886566934257,0.10602095695284056,0.01041751314110202,0.11664388458456347,0.023529376191518882,0.09931193278978019,0.06320542619856569,0.044642004196620844,0.009327275951759858,0.0,0.0,0.0,0.0,0.0,0.0,0.09,0.0,0.86,0.0,0.0,0.0,0.0,0.0,0.0,0.0,0.0,0.05,0.0,0.0,soft,"{""ai_coding_innovations"": 0.8, ""ai_copyright_theft"": 0.1, ""ai_mass_surveillance"": 0.1}","{""ai_coding_innovations"": 0.86, ""ai_copyright_theft"": 0.09, ""ai_mass_surveillance"": 0.05}"
user_0275,copyright_heavy,Mostly AI copyright / theft concerns,100,0.033902048374343165,0.03911914710337784,0.04864732235770143,0.015080690944625785,0.03565021917925969,0.02122800809253556,0.11469066278348684,0.0386956985929258,0.05161665089036083,0.10816948988670319,0.050673058472628214,0.08427967866390662,0.03424126100130645,0.017145957203520266,0.043664524865493194,0.07544656312517543,0.038938021613469743,0.08330253627661521,0.02815665390107042,0.03735180667149438,0.0,0.0,0.0,0.0,0.0,0.0,0.78,0.0,0.08,0.0,0.0,0.0,0.0,0.0,0.0,0.0,0.0,0.14,0.0,0.0,soft,"{""ai_coding_innovations"": 0.1, ""ai_copyright_theft"": 0.8, ""ai_mass_surveillance"": 0.1}","{""ai_coding_innovations"": 0.08, ""ai_copyright_theft"": 0.78, ""ai_mass_surveillance"": 0.14}"
user_0276,surveillance_heavy,Mostly AI mass surveillance,100,0.09598578444616815,0.05262388238559826,0.015626686821281502,0.05332394812754338,0.01908435879445454,0.018323309076070136,0.03608844920821385,0.08716832908977612,0.06432111768627156,0.03179267098996542,0.013274581406911403,0.0267600183244924,0.034492615748961314,0.0483942077663806,0.04748372586035985,0.028684526224792794,0.038416499700807266,0.24601794668052082,0.028768037171355607,0.013369304490075045,0.0,0.0,0.0,0.0,0.0,0.0,0.04,0.0,0.08,0.0,0.0,0.0,0.0,0.0,0.0,0.0,0.0,0.88,0.0,0.0,soft,"{""ai_coding_innovations"": 0.1, ""ai_copyright_theft"": 0.1, ""ai_mass_surveillance"": 0.8}","{""ai_coding_innovations"": 0.08, ""ai_copyright_theft"": 0.04, ""ai_mass_surveillance"": 0.88}"
user_0277,balanced,Even across all topics,100,0.04166995994643909,0.08030879667032328,0.027597815639752433,0.022809259156035717,0.02461055785951447,0.03352316316990269,0.06652268273216586,0.046976261190699045,0.0852411744861814,0.06091409643100695,0.028326447529319263,0.04902164750701806,0.06190814772665493,0.021931641792579046,0.07263471376558742,0.04444412908999894,0.06203569485781544,0.11396830283878581,0.03464143936022674,0.020914068249993367,0.0,0.0,0.0,0.0,0.0,0.0,0.34,0.0,0.38,0.0,0.0,0.0,0.0,0.0,0.0,0.0,0.0,0.28,0.0,0.0,soft,"{""ai_coding_innovations"": 0.333333, ""ai_copyright_theft"": 0.333333, ""ai_mass_surveillance"": 0.333334}","{""ai_coding_innovations"": 0.38, ""ai_copyright_theft"": 0.34, ""ai_mass_surveillance"": 0.28}"
user_0278,coding_copyright,Split: coding + copyright,100,0.02524262392594809,0.0899020942773637,0.03069574230348365,0.013671297711017414,0.02600489825818836,0.038511275822356805,0.07454304308946678,0.03488897631884948,0.09255789072027504,0.06855699989612696,0.032332966586363775,0.054887605153281185,0.07105345175744436,0.013955333780488266,0.0811215980491732,0.04843349120992214,0.06989466472332274,0.07434946868624111,0.03661576396202032,0.02278081376866653,0.0,0.0,0.0,0.0,0.0,0.0,0.42,0.0,0.48,0.0,0.0,0.0,0.0,0.0,0.0,0.0,0.0,0.1,0.0,0.0,soft,"{""ai_coding_innovations"": 0.45, ""ai_copyright_theft"": 0.45, ""ai_mass_surveillance"": 0.1}","{""ai_coding_innovations"": 0.48, ""ai_copyright_theft"": 0.42, ""ai_mass_surveillance"": 0.1}"
user_0279,coding_surveillance,Split: coding + surveillance,100,0.05681484664414975,0.09150316863198225,0.016159072462513937,0.03272714531674021,0.018776045349162156,0.03534630061690671,0.039681575101368965,0.059243949575780365,0.0947473273417476,0.03474268711652776,0.015669891172216753,0.029377899417552405,0.06749655138134644,0.029729611941719684,0.07926484689853654,0.028006547718285264,0.06654105849337197,0.15572293788829109,0.03607223981663395,0.012376297115166246,0.0,0.0,0.0,0.0,0.0,0.0,0.09,0.0,0.44,0.0,0.0,0.0,0.0,0.0,0.0,0.0,0.0,0.47,0.0,0.0,soft,"{""ai_coding_innovations"": 0.45, ""ai_copyright_theft"": 0.1, ""ai_mass_surveillance"": 0.45}","{""ai_coding_innovations"": 0.44, ""ai_copyright_theft"": 0.09, ""ai_mass_surveillance"": 0.47}"
user_0280,copyright_surveillance,Split: copyright + surveillance,100,0.06450271301559644,0.04182554835688659,0.034063465339467906,0.03363618302404052,0.028381709927562424,0.018530442000801457,0.07978147717084579,0.06236597180047555,0.05467510472222555,0.07429377211419196,0.03400632710401577,0.058734734526972636,0.031601608376910686,0.032460423488546476,0.042697750802619075,0.05491302031147271,0.036364674295338205,0.16247320758129075,0.027817171764731363,0.026874694276008228,0.0,0.0,0.0,0.0,0.0,0.0,0.45,0.0,0.05,0.0,0.0,0.0,0.0,0.0,0.0,0.0,0.0,0.5,0.0,0.0,soft,"{""ai_coding_innovations"": 0.1, ""ai_copyright_theft"": 0.45, ""ai_mass_surveillance"": 0.45}","{""ai_coding_innovations"": 0.05, ""ai_copyright_theft"": 0.45, ""ai_mass_surveillance"": 0.5}"
user_0281,coding_heavy,Mostly AI coding innovations,100,0.016848376818697625,0.1381093948081037,0.013730986212885956,0.012229013984541041,0.01688661597880524,0.05493823070356937,0.036615242795216156,0.031141583049026034,0.13141773216194763,0.03113155823993549,0.015010956259455022,0.02712059385964489,0.10602435363861965,0.010839786797356886,0.11669549540881842,0.022897456773946154,0.09930488519636584,0.06540428309591576,0.04465026613270578,0.009003188084443378,0.0,0.0,0.0,0.0,0.0,0.0,0.08,0.0,0.86,0.0,0.0,0.0,0.0,0.0,0.0,0.0,0.0,0.06,0.0,0.0,soft,"{""ai_coding_innovations"": 0.8, ""ai_copyright_theft"": 0.1, ""ai_mass_surveillance"": 0.1}","{""ai_coding_innovations"": 0.86, ""ai_copyright_theft"": 0.08, ""ai_mass_surveillance"": 0.06}"
user_0282,copyright_heavy,Mostly AI copyright / theft concerns,100,0.03165031749635967,0.035996011191933894,0.0509728207349602,0.013497398133531385,0.036848846755466985,0.02048945331216192,0.12009705840928074,0.03678992095541446,0.049020206550933844,0.11345289574392872,0.05320729450762106,0.08823661900276389,0.03238978206900636,0.015954212674656278,0.04162651656869334,0.07881935885717087,0.03741274175690304,0.07671384758461373,0.02770726020255113,0.0391174374920485,0.0,0.0,0.0,0.0,0.0,0.0,0.83,0.0,0.06,0.0,0.0,0.0,0.0,0.0,0.0,0.0,0.0,0.11,0.0,0.0,soft,"{""ai_coding_innovations"": 0.1, ""ai_copyright_theft"": 0.8, ""ai_mass_surveillance"": 0.1}","{""ai_coding_innovations"": 0.06, ""ai_copyright_theft"": 0.83, ""ai_mass_surveillance"": 0.11}"
user_0283,surveillance_heavy,Mostly AI mass surveillance,100,0.08900885185401541,0.05373955764698247,0.0182096612940311,0.049222432438474364,0.020348223978150698,0.01949364343997242,0.04236616641117676,0.08186871570748538,0.06502906020468481,0.0378625760498225,0.016299578449254806,0.03135329776581832,0.03630673113769111,0.04494094207644102,0.048954015090355164,0.0322628440860975,0.040019303084931915,0.2284192095016715,0.029126549572940606,0.015168640210002176,0.0,0.0,0.0,0.0,0.0,0.0,0.1,0.0,0.1,0.0,0.0,0.0,0.0,0.0,0.0,0.0,0.0,0.8,0.0,0.0,soft,"{""ai_coding_innovations"": 0.1, ""ai_copyright_theft"": 0.1, ""ai_mass_surveillance"": 0.8}","{""ai_coding_innovations"": 0.1, ""ai_copyright_theft"": 0.1, ""ai_mass_surveillance"": 0.8}"
user_0284,balanced,Even across all topics,100,0.04555619225423223,0.07588748907476245,0.02778656434880783,0.024810681261268237,0.024769183230198655,0.03165352671503846,0.06671355323033837,0.04971506138822374,0.08176510564461269,0.061159716402655724,0.02834107134718111,0.04916260111183885,0.058239156719845954,0.023770889297399768,0.06907480541453723,0.04487052637826239,0.05891465921053848,0.12277949442828348,0.03382527132403752,0.021204451217936834,0.0,0.0,0.0,0.0,0.0,0.0,0.34,0.0,0.34,0.0,0.0,0.0,0.0,0.0,0.0,0.0,0.0,0.32,0.0,0.0,soft,"{""ai_coding_innovations"": 0.333333, ""ai_copyright_theft"": 0.333333, ""ai_mass_surveillance"": 0.333334}","{""ai_coding_innovations"": 0.34, ""ai_copyright_theft"": 0.34, ""ai_mass_surveillance"": 0.32}"
user_0285,coding_copyright,Split: coding + copyright,100,0.022990893047964596,0.08677895836591974,0.033021240680742435,0.01208800489992303,0.02720352583439567,0.037772721041983155,0.07994943871526067,0.03298319868133814,0.08996144638084808,0.07384040575335256,0.034867202621356654,0.05884454549213849,0.06920197282514425,0.012763589251624284,0.07908358975237337,0.05180628694191757,0.06836938486675607,0.0677607799942396,0.03616637026350105,0.024546444589220656,0.0,0.0,0.0,0.0,0.0,0.0,0.47,0.0,0.46,0.0,0.0,0.0,0.0,0.0,0.0,0.0,0.0,0.07,0.0,0.0,soft,"{""ai_coding_innovations"": 0.45, ""ai_copyright_theft"": 0.45, ""ai_mass_surveillance"": 0.1}","{""ai_coding_innovations"": 0.46, ""ai_copyright_theft"": 0.47, ""ai_mass_surveillance"": 0.07}"
user_0286,coding_surveillance,Split: coding + surveillance,100,0.06361575318278771,0.08376588033975081,0.0164893827033609,0.03622963400089713,0.019053639747859466,0.03207443682089432,0.040015598473170856,0.06403684992144858,0.08866420686900242,0.03517252206691312,0.015695482853474985,0.029624568225988742,0.06107581711943075,0.03294829507515595,0.07303500728419872,0.02875274297274636,0.06107924611063731,0.17114252316991208,0.03464394575330281,0.012884467309067312,0.0,0.0,0.0,0.0,0.0,0.0,0.09,0.0,0.37,0.0,0.0,0.0,0.0,0.0,0.0,0.0,0.0,0.54,0.0,0.0,soft,"{""ai_coding_innovations"": 0.45, ""ai_copyright_theft"": 0.1, ""ai_mass_surveillance"": 0.45}","{""ai_coding_innovations"": 0.37, ""ai_copyright_theft"": 0.09, ""ai_mass_surveillance"": 0.54}"
user_0287,copyright_surveillance,Split: copyright + surveillance,100,0.05319834472099146,0.04331656482623011,0.0383841518531385,0.026967108717694803,0.030501370681279713,0.020325196236066576,0.0902602450506317,0.053761516179784696,0.05556533651611686,0.08443074887825777,0.03904920749274329,0.06640194639625084,0.03431938477422621,0.026858251297382237,0.04485157382335715,0.06091241652100247,0.0387759269649395,0.1338762449156668,0.028346678431023925,0.029897785723215404,0.0,0.0,0.0,0.0,0.0,0.0,0.55,0.0,0.08,0.0,0.0,0.0,0.0,0.0,0.0,0.0,0.0,0.37,0.0,0.0,soft,"{""ai_coding_innovations"": 0.1, ""ai_copyright_theft"": 0.45, ""ai_mass_surveillance"": 0.45}","{""ai_coding_innovations"": 0.08, ""ai_copyright_theft"": 0.55, ""ai_mass_surveillance"": 0.37}"
user_0288,coding_heavy,Mostly AI coding innovations,100,0.020867197797063045,0.13240026389091994,0.014413146903751431,0.014213990843339543,0.017308760670333503,0.05264043782440079,0.037916022993273325,0.03391004774867716,0.12690096412625823,0.03247070237877671,0.015534620856994717,0.02807407857296024,0.10143471819432934,0.012716572522127937,0.11219399914575073,0.024062372801848208,0.09541063823068398,0.07421941568543777,0.043621794151384306,0.00969025466168919,0.0,0.0,0.0,0.0,0.0,0.0,0.09,0.0,0.81,0.0,0.0,0.0,0.0,0.0,0.0,0.0,0.0,0.1,0.0,0.0,soft,"{""ai_coding_innovations"": 0.8, ""ai_copyright_theft"": 0.1, ""ai_mass_surveillance"": 0.1}","{""ai_coding_innovations"": 0.81, ""ai_copyright_theft"": 0.09, ""ai_mass_surveillance"": 0.1}"
user_0289,copyright_heavy,Mostly AI copyright / theft concerns,100,0.02802926252971105,0.03784167214424888,0.05177089598952493,0.01146308553543089,0.03721726002647098,0.021502776918417416,0.12212600731087753,0.03411044976214263,0.050414877004261165,0.11539432410666482,0.054210752249114896,0.08972072761493229,0.03421748420085259,0.014190041609736173,0.0433032490957085,0.07986999904818458,0.03898735476737024,0.06791053799516471,0.028098820348475866,0.039620421742709716,0.0,0.0,0.0,0.0,0.0,0.0,0.85,0.0,0.08,0.0,0.0,0.0,0.0,0.0,0.0,0.0,0.0,0.07,0.0,0.0,soft,"{""ai_coding_innovations"": 0.1, ""ai_copyright_theft"": 0.8, ""ai_mass_surveillance"": 0.1}","{""ai_coding_innovations"": 0.08, ""ai_copyright_theft"": 0.85, ""ai_mass_surveillance"": 0.07}"
user_0290,surveillance_heavy,Mostly AI mass surveillance,100,0.0970899311936887,0.05023073216508511,0.01616728598035541,0.05380785840741748,0.019387534457969664,0.01742774353804971,0.03724607653264163,0.0878826936412837,0.06241140128175865,0.032947600150070026,0.013787278141054713,0.02760778783419215,0.032654723559777714,0.048891557862536086,0.04565216086057979,0.029529644286497254,0.03686302947058313,0.24822468557791955,0.02835169121717606,0.013838583841363253,0.0,0.0,0.0,0.0,0.0,0.0,0.05,0.0,0.06,0.0,0.0,0.0,0.0,0.0,0.0,0.0,0.0,0.89,0.0,0.0,soft,"{""ai_coding_innovations"": 0.1, ""ai_copyright_theft"": 0.1, ""ai_mass_surveillance"": 0.8}","{""ai_coding_innovations"": 0.06, ""ai_copyright_theft"": 0.05, ""ai_mass_surveillance"": 0.89}"
user_0291,balanced,Even across all topics,100,0.05474141834142603,0.06998551337235207,0.026284788194206078,0.029880017510085528,0.024111669373532756,0.028692061275095354,0.06275109067623104,0.05644340387352968,0.07723773031717368,0.05739966966300791,0.026341467773124322,0.046264860689912465,0.052749256952749006,0.02821885517965033,0.0639413861849818,0.042982444640366664,0.054204915365965584,0.14479170940193026,0.03263406701409342,0.02034367420058613,0.0,0.0,0.0,0.0,0.0,0.0,0.3,0.0,0.28,0.0,0.0,0.0,0.0,0.0,0.0,0.0,0.0,0.42,0.0,0.0,soft,"{""ai_coding_innovations"": 0.333333, ""ai_copyright_theft"": 0.333333, ""ai_mass_surveillance"": 0.333334}","{""ai_coding_innovations"": 0.28, ""ai_copyright_theft"": 0.3, ""ai_mass_surveillance"": 0.42}"
user_0292,coding_copyright,Split: coding + copyright,100,0.03146973839935466,0.0794066629191537,0.03245910131249697,0.016624095129564163,0.027033394276746895,0.03442235186714738,0.07815907793637951,0.03908617012151582,0.08422168987555985,0.0722060023551774,0.0338820246521901,0.057536628885996075,0.0627880319347868,0.016826819697570307,0.07295697178654548,0.05128864336123317,0.06289347729719262,0.08757807907056066,0.03475460007233978,0.024406439048488757,0.0,0.0,0.0,0.0,0.0,0.0,0.45,0.0,0.39,0.0,0.0,0.0,0.0,0.0,0.0,0.0,0.0,0.16,0.0,0.0,soft,"{""ai_coding_innovations"": 0.45, ""ai_copyright_theft"": 0.45, ""ai_mass_surveillance"": 0.1}","{""ai_coding_innovations"": 0.39, ""ai_copyright_theft"": 0.45, ""ai_mass_surveillance"": 0.16}"
user_0293,coding_surveillance,Split: coding + surveillance,100,0.0627767837764117,0.08358338391701807,0.016935607507907107,0.03571283322815498,0.0192775027260325,0.03211368951030599,0.041077790548512384,0.06338181437419381,0.08849252488527383,0.03620464124119334,0.016200867678687367,0.030401860933278124,0.06107242043365162,0.03252602141890107,0.07298339645994376,0.029384662390319078,0.061086293704051615,0.16894366627256194,0.03463568381721786,0.013208555176383785,0.0,0.0,0.0,0.0,0.0,0.0,0.1,0.0,0.37,0.0,0.0,0.0,0.0,0.0,0.0,0.0,0.0,0.53,0.0,0.0,soft,"{""ai_coding_innovations"": 0.45, ""ai_copyright_theft"": 0.1, ""ai_mass_surveillance"": 0.45}","{""ai_coding_innovations"": 0.37, ""ai_copyright_theft"": 0.1, ""ai_mass_surveillance"": 0.53}"
user_0294,copyright_surveillance,Split: copyright + surveillance,100,0.06326597759750362,0.04550652189902263,0.033029454198583906,0.03316871799060038,0.02781501494320321,0.01985416396312624,0.07751394014653339,0.06162194274684151,0.057625520320859165,0.07204531878689488,0.03298458959019462,0.057074433908778276,0.034360145003575635,0.03192553517244067,0.04547090371441661,0.05332938351012961,0.038691355843967226,0.16026252768386767,0.028445821664043143,0.02600873131541768,0.0,0.0,0.0,0.0,0.0,0.0,0.43,0.0,0.08,0.0,0.0,0.0,0.0,0.0,0.0,0.0,0.0,0.49,0.0,0.0,soft,"{""ai_coding_innovations"": 0.1, ""ai_copyright_theft"": 0.45, ""ai_mass_surveillance"": 0.45}","{""ai_coding_innovations"": 0.08, ""ai_copyright_theft"": 0.43, ""ai_mass_surveillance"": 0.49}"
user_0295,coding_heavy,Mostly AI coding innovations,100,0.013227321852049008,0.13995505576041867,0.014529061467450685,0.010194701386440519,0.017255029249809234,0.05595155430982488,0.03864419169681296,0.02846211185575421,0.13281240261527497,0.0330729866026716,0.016014414000948874,0.028604702471813268,0.10785205577046592,0.009075615732436777,0.11837222793583363,0.023948096964959902,0.10087949820683303,0.056600973506466805,0.0450418262786305,0.009506172335104604,0.0,0.0,0.0,0.0,0.0,0.0,0.1,0.0,0.88,0.0,0.0,0.0,0.0,0.0,0.0,0.0,0.0,0.02,0.0,0.0,soft,"{""ai_coding_innovations"": 0.8, ""ai_copyright_theft"": 0.1, ""ai_mass_surveillance"": 0.1}","{""ai_coding_innovations"": 0.88, ""ai_copyright_theft"": 0.1, ""ai_mass_surveillance"": 0.02}"
user_0296,copyright_heavy,Mostly AI copyright / theft concerns,100,0.02944202400131853,0.040782311632960144,0.04989162241681237,0.012529577573783151,0.036242495428436716,0.022280584388202754,0.11778180376042517,0.03536119185239924,0.05283963935995964,0.11114303742371952,0.05218190103933444,0.08654107998336438,0.03606556644737355,0.01495951248234529,0.045289646568253406,0.0771291227337619,0.04051968221735131,0.07230036978981619,0.028539952110910222,0.03817887878947208,0.0,0.0,0.0,0.0,0.0,0.0,0.81,0.0,0.1,0.0,0.0,0.0,0.0,0.0,0.0,0.0,0.0,0.09,0.0,0.0,soft,"{""ai_coding_innovations"": 0.1, ""ai_copyright_theft"": 0.8, ""ai_mass_surveillance"": 0.1}","{""ai_coding_innovations"": 0.1, ""ai_copyright_theft"": 0.81, ""ai_mass_surveillance"": 0.09}"
user_0297,surveillance_heavy,Mostly AI mass surveillance,100,0.09095196800791204,0.051528903849202,0.01830403564855881,0.050223143491090624,0.020427536663492788,0.018558825212540306,0.04246160166026303,0.08323811580624772,0.06329102578390042,0.03798538603564689,0.01630689035818572,0.03142377456822873,0.03447223563428663,0.045860565828851375,0.04717406091483012,0.03247604273022925,0.03845878526129342,0.23282480529642033,0.028718465554845998,0.015313831693973903,0.0,0.0,0.0,0.0,0.0,0.0,0.1,0.0,0.08,0.0,0.0,0.0,0.0,0.0,0.0,0.0,0.0,0.82,0.0,0.0,soft,"{""ai_coding_innovations"": 0.1, ""ai_copyright_theft"": 0.1, ""ai_mass_surveillance"": 0.8}","{""ai_coding_innovations"": 0.08, ""ai_copyright_theft"": 0.1, ""ai_mass_surveillance"": 0.82}"
user_0298,balanced,Even across all topics,100,0.0445411967943416,0.06908337962118243,0.03114607386695059,0.023694853483613946,0.02653450579076517,0.029591249972340052,0.0743874858804447,0.048553312804346396,0.0762182457065521,0.06869157558717835,0.03189704489599515,0.05477984206889042,0.05362914116088093,0.023114033084641602,0.06426364420593987,0.04982695891160092,0.0550626978053427,0.11840148563370503,0.032747227726206425,0.02383604499908152,0.0,0.0,0.0,0.0,0.0,0.0,0.41,0.0,0.29,0.0,0.0,0.0,0.0,0.0,0.0,0.0,0.0,0.3,0.0,0.0,soft,"{""ai_coding_innovations"": 0.333333, ""ai_copyright_theft"": 0.333333, ""ai_mass_surveillance"": 0.333334}","{""ai_coding_innovations"": 0.29, ""ai_copyright_theft"": 0.41, ""ai_mass_surveillance"": 0.3}"
user_0299,coding_copyright,Split: coding + copyright,100,0.02899626756316898,0.0867686100034258,0.030391079030728987,0.015689165062683922,0.025900004308028454,0.037069795791796936,0.07362400388775463,0.03759811201424774,0.09012252107282699,0.06770909570058328,0.03183854962454777,0.0542160276496074,0.06830510518811674,0.015757043065358682,0.07850327761014055,0.048121369758547014,0.06754684039445069,0.08315671927571447,0.03601189987096334,0.022674513127307654,0.0,0.0,0.0,0.0,0.0,0.0,0.41,0.0,0.45,0.0,0.0,0.0,0.0,0.0,0.0,0.0,0.0,0.14,0.0,0.0,soft,"{""ai_coding_innovations"": 0.45, ""ai_copyright_theft"": 0.45, ""ai_mass_surveillance"": 0.1}","{""ai_coding_innovations"": 0.45, ""ai_copyright_theft"": 0.41, ""ai_mass_surveillance"": 0.14}"
user_0300,coding_surveillance,Split: coding + surveillance,100,0.05195705625940827,0.09702980312643326,0.01592313657619468,0.03022536768519958,0.01857776363580693,0.037683346185486986,0.039442986978653345,0.055820449328874526,0.09909241339370857,0.0344356621519668,0.015651611399889454,0.02920170741152643,0.07208279013985762,0.02743055256069377,0.08371473233734923,0.027473551107955938,0.07044235305246822,0.144708948401419,0.03709244986187048,0.012013318405236915,0.0,0.0,0.0,0.0,0.0,0.0,0.09,0.0,0.49,0.0,0.0,0.0,0.0,0.0,0.0,0.0,0.0,0.42,0.0,0.0,soft,"{""ai_coding_innovations"": 0.45, ""ai_copyright_theft"": 0.1, ""ai_mass_surveillance"": 0.45}","{""ai_coding_innovations"": 0.49, ""ai_copyright_theft"": 0.09, ""ai_mass_surveillance"": 0.42}"
user_0301,copyright_surveillance,Split: copyright + surveillance,100,0.06388320704567743,0.0561741013174714,0.028189708735010935,0.03433388150755665,0.02525913442010442,0.02320090997873775,0.06651027839677315,0.0626946978243395,0.06629447784128187,0.06123288710079491,0.02790149370234702,0.049019599626242916,0.041732093874984756,0.0324697767253479,0.05310682865906645,0.046157394757875274,0.044862951204377624,0.16462871347837302,0.030160777097270927,0.02218708670636596,0.0,0.0,0.0,0.0,0.0,0.0,0.33,0.0,0.16,0.0,0.0,0.0,0.0,0.0,0.0,0.0,0.0,0.51,0.0,0.0,soft,"{""ai_coding_innovations"": 0.1, ""ai_copyright_theft"": 0.45, ""ai_mass_surveillance"": 0.45}","{""ai_coding_innovations"": 0.16, ""ai_copyright_theft"": 0.33, ""ai_mass_surveillance"": 0.51}"
user_0302,coding_heavy,Mostly AI coding innovations,100,0.02364928335733562,0.13037210651587214,0.014061296453732917,0.015731502668697925,0.017164210377502542,0.051666366907556986,0.036949266167018026,0.03593448339469422,0.12533461168920243,0.03156139319032085,0.01503654794071324,0.02736726266808123,0.09960361937670396,0.014058469930793165,0.11046565579448059,0.02364365202840721,0.09384307281363112,0.08082386837753663,0.043221972069374594,0.009511358278344451,0.0,0.0,0.0,0.0,0.0,0.0,0.08,0.0,0.79,0.0,0.0,0.0,0.0,0.0,0.0,0.0,0.0,0.13,0.0,0.0,soft,"{""ai_coding_innovations"": 0.8, ""ai_copyright_theft"": 0.1, ""ai_mass_surveillance"": 0.1}","{""ai_coding_innovations"": 0.79, ""ai_copyright_theft"": 0.08, ""ai_mass_surveillance"": 0.13}"
user_0303,copyright_heavy,Mostly AI copyright / theft concerns,100,0.028603054594942515,0.04059981521022746,0.050337847221358596,0.012012776801041021,0.03646635840660977,0.02231983707761445,0.11884399583576671,0.0347061563051445,0.05266795737623113,0.11217515659799976,0.05268728586454684,0.08731837269065378,0.036062169761594445,0.01453723882609042,0.045238035743998456,0.07776104215133466,0.04052672981076568,0.0701015128924661,0.0285316901748253,0.03850296665678857,0.0,0.0,0.0,0.0,0.0,0.0,0.82,0.0,0.1,0.0,0.0,0.0,0.0,0.0,0.0,0.0,0.0,0.08,0.0,0.0,soft,"{""ai_coding_innovations"": 0.1, ""ai_copyright_theft"": 0.8, ""ai_mass_surveillance"": 0.1}","{""ai_coding_innovations"": 0.1, ""ai_copyright_theft"": 0.82, ""ai_mass_surveillance"": 0.08}"
user_0304,surveillance_heavy,Mostly AI mass surveillance,100,0.09037817594268058,0.04877076078322345,0.01973708441672516,0.049673452225480474,0.021178438283354015,0.017741765053343274,0.04574361313537388,0.08264240926324584,0.06103794541193047,0.04120455354431199,0.017830356742753798,0.033826129492507254,0.03262755007354476,0.04551336861249712,0.04523927426654017,0.0345849996270792,0.036919410217898,0.23063383039911892,0.02828559572849657,0.01643128677989506,0.0,0.0,0.0,0.0,0.0,0.0,0.13,0.0,0.06,0.0,0.0,0.0,0.0,0.0,0.0,0.0,0.0,0.81,0.0,0.0,soft,"{""ai_coding_innovations"": 0.1, ""ai_copyright_theft"": 0.1, ""ai_mass_surveillance"": 0.8}","{""ai_coding_innovations"": 0.06, ""ai_copyright_theft"": 0.13, ""ai_mass_surveillance"": 0.81}"
user_0305,balanced,Even across all topics,100,0.050105367914886796,0.06502706487108703,0.030442372966913576,0.026729877134330726,0.026245405205103274,0.027643108138652443,0.07245397222793414,0.05260218409638057,0.07308554083244041,0.06687295721026666,0.030900899063432217,0.05336621025913248,0.049966943525630206,0.025797827901972062,0.0608069575033996,0.04898951736471891,0.05192756697123702,0.13161039101790284,0.03194758356218709,0.023478252232392027,0.0,0.0,0.0,0.0,0.0,0.0,0.39,0.0,0.25,0.0,0.0,0.0,0.0,0.0,0.0,0.0,0.0,0.36,0.0,0.0,soft,"{""ai_coding_innovations"": 0.333333, ""ai_copyright_theft"": 0.333333, ""ai_mass_surveillance"": 0.333334}","{""ai_coding_innovations"": 0.25, ""ai_copyright_theft"": 0.39, ""ai_mass_surveillance"": 0.36}"
user_0306,coding_copyright,Split: coding + copyright,100,0.0275835060915615,0.08382797051471452,0.03227035260344155,0.014622673024331656,0.026874768906062718,0.03629198832201159,0.07796820743820698,0.03634736992399113,0.08769775871712855,0.07196038238352864,0.03386740083432825,0.057395675281175285,0.06645702294159578,0.014987572192749567,0.07651688013759564,0.05086224607296969,0.06601451294446961,0.078766887481063,0.035570768108528994,0.024116056080545293,0.0,0.0,0.0,0.0,0.0,0.0,0.45,0.0,0.43,0.0,0.0,0.0,0.0,0.0,0.0,0.0,0.0,0.12,0.0,0.0,soft,"{""ai_coding_innovations"": 0.45, ""ai_copyright_theft"": 0.45, ""ai_mass_surveillance"": 0.1}","{""ai_coding_innovations"": 0.43, ""ai_copyright_theft"": 0.45, ""ai_mass_surveillance"": 0.12}"
user_0307,coding_surveillance,Split: coding + surveillance,100,0.06626525007248801,0.08302554628632601,0.01564412027153231,0.037763591072689506,0.018645570134184417,0.031528522328354874,0.03793893194703091,0.06603162106533918,0.0881385536260672,0.03316968871126481,0.014688369157515669,0.028105221212615147,0.06016536273928673,0.034252654263870856,0.07224825184494603,0.027595503459666736,0.06028489201198932,0.1777430348619866,0.03445642761642536,0.012308887316420223,0.0,0.0,0.0,0.0,0.0,0.0,0.07,0.0,0.36,0.0,0.0,0.0,0.0,0.0,0.0,0.0,0.0,0.57,0.0,0.0,soft,"{""ai_coding_innovations"": 0.45, ""ai_copyright_theft"": 0.1, ""ai_mass_surveillance"": 0.45}","{""ai_coding_innovations"": 0.36, ""ai_copyright_theft"": 0.07, ""ai_mass_surveillance"": 0.57}"
user_0308,copyright_surveillance,Split: copyright + surveillance,100,0.05602386766420642,0.04919784380365264,0.034625604707713364,0.029100092794399346,0.028551841485211196,0.021880811175637248,0.08157183794972697,0.056263000360297896,0.06041486122751381,0.07592817551236707,0.03499150507318233,0.060042651133115035,0.03801554926726813,0.028397193042600466,0.048824368768446945,0.05543066389215708,0.041840581864901645,0.14265590850496973,0.029228941955892634,0.027014699816740113,0.0,0.0,0.0,0.0,0.0,0.0,0.47,0.0,0.12,0.0,0.0,0.0,0.0,0.0,0.0,0.0,0.0,0.41,0.0,0.0,soft,"{""ai_coding_innovations"": 0.1, ""ai_copyright_theft"": 0.45, ""ai_mass_surveillance"": 0.45}","{""ai_coding_innovations"": 0.12, ""ai_copyright_theft"": 0.47, ""ai_mass_surveillance"": 0.41}"
user_0309,coding_heavy,Mostly AI coding innovations,100,0.02241254793924278,0.13405308005800826,0.013027285312848929,0.015264037635257808,0.016597515393143334,0.05299008886988176,0.034681729142705606,0.0351904543410602,0.128285027287836,0.029312939863023777,0.014014810426892087,0.0257069620498869,0.10236215600336894,0.01352358161468736,0.11323880870627821,0.02206001522706413,0.09616975436226015,0.07861318848011353,0.04385062196868641,0.008645395317753888,0.0,0.0,0.0,0.0,0.0,0.0,0.06,0.0,0.82,0.0,0.0,0.0,0.0,0.0,0.0,0.0,0.0,0.12,0.0,0.0,soft,"{""ai_coding_innovations"": 0.8, ""ai_copyright_theft"": 0.1, ""ai_mass_surveillance"": 0.1}","{""ai_coding_innovations"": 0.82, ""ai_copyright_theft"": 0.06, ""ai_mass_surveillance"": 0.12}"
user_0310,copyright_heavy,Mostly AI copyright / theft concerns,100,0.02860305459494251,0.04059981521022743,0.05033784722135859,0.012012776801041021,0.03646635840660977,0.02231983707761445,0.11884399583576671,0.0347061563051445,0.052667957376231124,0.11217515659799973,0.05268728586454684,0.08731837269065378,0.036062169761594445,0.014537238826090423,0.04523803574399846,0.07776104215133466,0.04052672981076568,0.0701015128924661,0.0285316901748253,0.03850296665678857,0.0,0.0,0.0,0.0,0.0,0.0,0.82,0.0,0.1,0.0,0.0,0.0,0.0,0.0,0.0,0.0,0.0,0.08,0.0,0.0,soft,"{""ai_coding_innovations"": 0.1, ""ai_copyright_theft"": 0.8, ""ai_mass_surveillance"": 0.1}","{""ai_coding_innovations"": 0.1, ""ai_copyright_theft"": 0.82, ""ai_mass_surveillance"": 0.08}"
user_0311,surveillance_heavy,Mostly AI mass surveillance,100,0.09457302297456066,0.04968324289688699,0.017505960393994074,0.05225745608919111,0.020059123392488793,0.017545501606284798,0.040432652758666206,0.08591758699951951,0.0618963553305731,0.03604395767291078,0.01530343261669187,0.029939665956060325,0.032644533502440364,0.047624736893771474,0.04549732838781492,0.0314254025392155,0.03688417225082621,0.24162811488586933,0.028326905408921254,0.01481084744331268,0.0,0.0,0.0,0.0,0.0,0.0,0.08,0.0,0.06,0.0,0.0,0.0,0.0,0.0,0.0,0.0,0.0,0.86,0.0,0.0,soft,"{""ai_coding_innovations"": 0.1, ""ai_copyright_theft"": 0.1, ""ai_mass_surveillance"": 0.8}","{""ai_coding_innovations"": 0.06, ""ai_copyright_theft"": 0.08, ""ai_mass_surveillance"": 0.86}"
user_0312,balanced,Even across all topics,100,0.04944242456202539,0.07146618147920161,0.02797531305786325,0.026812103366500757,0.024927808600882832,0.029783890260174233,0.06690442372851087,0.052453861585748426,0.07828903680304394,0.061405336374304474,0.028355695165042948,0.04930355471665966,0.05457016571303698,0.025610136802220494,0.06551489706348707,0.045296923666525865,0.05579362356326149,0.13159068601778115,0.0330091032878483,0.021494834185880298,0.0,0.0,0.0,0.0,0.0,0.0,0.34,0.0,0.3,0.0,0.0,0.0,0.0,0.0,0.0,0.0,0.0,0.36,0.0,0.0,soft,"{""ai_coding_innovations"": 0.333333, ""ai_copyright_theft"": 0.333333, ""ai_mass_surveillance"": 0.333334}","{""ai_coding_innovations"": 0.3, ""ai_copyright_theft"": 0.34, ""ai_mass_surveillance"": 0.36}"
user_0313,coding_copyright,Split: coding + copyright,100,0.02051742221177893,0.09414090545019185,0.03095321839897447,0.011153074833042793,0.026070135865677236,0.04042016496663273,0.07541436466663583,0.03149514057407006,0.09586227757811526,0.06934349909875843,0.03282372759371433,0.055523944255749795,0.07471904607847421,0.011693812619412668,0.08462989557596845,0.048639013339231416,0.07302274796401409,0.0633394201993934,0.037423670062124624,0.02281451866803955,0.0,0.0,0.0,0.0,0.0,0.0,0.43,0.0,0.52,0.0,0.0,0.0,0.0,0.0,0.0,0.0,0.0,0.05,0.0,0.0,soft,"{""ai_coding_innovations"": 0.45, ""ai_copyright_theft"": 0.45, ""ai_mass_surveillance"": 0.1}","{""ai_coding_innovations"": 0.52, ""ai_copyright_theft"": 0.43, ""ai_mass_surveillance"": 0.05}"
user_0314,coding_surveillance,Split: coding + surveillance,100,0.05526949650196996,0.08985035246489394,0.017544934053416436,0.03167709852482197,0.01948729062635232,0.03499664957142574,0.042915868951936685,0.057963542983397356,0.09336326418016988,0.037900449632280696,0.017189701602319384,0.031745015940625725,0.0665691135723068,0.028922602849160258,0.07822003733800913,0.030008905293069366,0.06578194236179585,0.1513291650936153,0.03584341199933184,0.013421156459101543,0.0,0.0,0.0,0.0,0.0,0.0,0.12,0.0,0.43,0.0,0.0,0.0,0.0,0.0,0.0,0.0,0.0,0.45,0.0,0.0,soft,"{""ai_coding_innovations"": 0.45, ""ai_copyright_theft"": 0.1, ""ai_mass_surveillance"": 0.45}","{""ai_coding_innovations"": 0.43, ""ai_copyright_theft"": 0.12, ""ai_mass_surveillance"": 0.45}"
user_0315,copyright_surveillance,Split: copyright + surveillance,100,0.05642163367592324,0.045334373838783866,0.03610584065314357,0.02905075705509734,0.029342399447743448,0.020596341902724153,0.08490156704938094,0.056351993866677205,0.057292763645151665,0.07920874801394436,0.03651862741221588,0.06248024445859876,0.035253615954824055,0.0285098077024514,0.045999605032394454,0.057646220111072906,0.03952094790968697,0.14266773150504275,0.028592030120495902,0.028204750644647142,0.0,0.0,0.0,0.0,0.0,0.0,0.5,0.0,0.09,0.0,0.0,0.0,0.0,0.0,0.0,0.0,0.0,0.41,0.0,0.0,soft,"{""ai_coding_innovations"": 0.1, ""ai_copyright_theft"": 0.45, ""ai_mass_surveillance"": 0.45}","{""ai_coding_innovations"": 0.09, ""ai_copyright_theft"": 0.5, ""ai_mass_surveillance"": 0.41}"
user_0316,coding_heavy,Mostly AI coding innovations,100,0.01671578814812534,0.13939721812972655,0.01323757423107589,0.012245459230975036,0.01662309665796115,0.05536638712787375,0.0355053330953315,0.031111918546899594,0.13245843135606838,0.030038034072743074,0.01450191547977717,0.026308062751150312,0.10694499807610104,0.01080224857740657,0.11763708332083596,0.022158938034307553,0.10007809651477072,0.06540034209589142,0.04486257007783801,0.008606504475141039,0.0,0.0,0.0,0.0,0.0,0.0,0.07,0.0,0.87,0.0,0.0,0.0,0.0,0.0,0.0,0.0,0.0,0.06,0.0,0.0,soft,"{""ai_coding_innovations"": 0.8, ""ai_copyright_theft"": 0.1, ""ai_mass_surveillance"": 0.1}","{""ai_coding_innovations"": 0.87, ""ai_copyright_theft"": 0.07, ""ai_mass_surveillance"": 0.06}"
user_0317,copyright_heavy,Mostly AI copyright / theft concerns,100,0.031385140155215124,0.03857165783517972,0.04998599677134007,0.013530288626399403,0.036321808113778824,0.02134576616077064,0.11787723900951144,0.03673059195116159,0.05110160493917528,0.11126584740954389,0.05218921294826537,0.08661155678577477,0.034231070943969086,0.015879136234755654,0.04350969239272834,0.07734232137789367,0.03895916439371282,0.076705965584565,0.028131868092815614,0.038324070273443825,0.0,0.0,0.0,0.0,0.0,0.0,0.81,0.0,0.08,0.0,0.0,0.0,0.0,0.0,0.0,0.0,0.0,0.11,0.0,0.0,soft,"{""ai_coding_innovations"": 0.1, ""ai_copyright_theft"": 0.8, ""ai_mass_surveillance"": 0.1}","{""ai_coding_innovations"": 0.08, ""ai_copyright_theft"": 0.81, ""ai_mass_surveillance"": 0.11}"
user_0318,surveillance_heavy,Mostly AI mass surveillance,100,0.09011299860153603,0.05134640742646931,0.01875026045310502,0.04970634271834849,0.02065139964166584,0.018598077901952,0.04352379373560454,0.08258308025899298,0.06311934380017191,0.039017505209927125,0.016812275183398125,0.03220106727551811,0.0344688389485075,0.04543829217259651,0.04712245009057518,0.033107962147801984,0.03846583285470778,0.23062594839907027,0.02871020361876107,0.015637919561290382,0.0,0.0,0.0,0.0,0.0,0.0,0.11,0.0,0.08,0.0,0.0,0.0,0.0,0.0,0.0,0.0,0.0,0.81,0.0,0.0,soft,"{""ai_coding_innovations"": 0.1, ""ai_copyright_theft"": 0.1, ""ai_mass_surveillance"": 0.8}","{""ai_coding_innovations"": 0.08, ""ai_copyright_theft"": 0.11, ""ai_mass_surveillance"": 0.81}"
user_0319,balanced,Even across all topics,100,0.04767533446164346,0.08029844830782934,0.024967653989738988,0.026410419318796632,0.023307036333147273,0.03282023791971648,0.06019724790465986,0.05159117452360864,0.08540224917816039,0.054782786378237684,0.02529779453251039,0.044393129664487004,0.06101128008962742,0.02492509560631344,0.07205440162335461,0.04075921190662836,0.061213150385510035,0.12936424212026068,0.03448696896768903,0.019042136788080373,0.0,0.0,0.0,0.0,0.0,0.0,0.28,0.0,0.37,0.0,0.0,0.0,0.0,0.0,0.0,0.0,0.0,0.35,0.0,0.0,soft,"{""ai_coding_innovations"": 0.333333, ""ai_copyright_theft"": 0.333333, ""ai_mass_surveillance"": 0.333334}","{""ai_coding_innovations"": 0.37, ""ai_copyright_theft"": 0.28, ""ai_mass_surveillance"": 0.35}"
user_0320,coding_copyright,Split: coding + copyright,100,0.025418649979462724,0.09652370730821098,0.027782457589887094,0.014270324715929572,0.024463438675794886,0.04061280525446692,0.067931302514702,0.03539568935547205,0.09793306867460705,0.06205725988588456,0.029282377862762127,0.05004765690351893,0.0756600706306303,0.014189916336991569,0.08588114843351567,0.04410897809415638,0.07375367372193282,0.07652862058346949,0.037685545623766456,0.02047330785483834,0.0,0.0,0.0,0.0,0.0,0.0,0.36,0.0,0.53,0.0,0.0,0.0,0.0,0.0,0.0,0.0,0.0,0.11,0.0,0.0,soft,"{""ai_coding_innovations"": 0.45, ""ai_copyright_theft"": 0.45, ""ai_mass_surveillance"": 0.1}","{""ai_coding_innovations"": 0.53, ""ai_copyright_theft"": 0.36, ""ai_mass_surveillance"": 0.11}"
user_0321,coding_surveillance,Split: coding + surveillance,100,0.05601931462071605,0.09923010856171965,0.013198600571653523,0.03282581679534423,0.017194929424097637,0.03791523916273288,0.033022116902061055,0.059065962563021754,0.10099152250647192,0.028181542113373165,0.012615646494149663,0.024502712766584896,0.07302041800623459,0.029504382622017794,0.08491437437064156,0.02357543528045364,0.07118032640380129,0.155699291888145,0.03734606348742739,0.009996195459352184,0.0,0.0,0.0,0.0,0.0,0.0,0.03,0.0,0.5,0.0,0.0,0.0,0.0,0.0,0.0,0.0,0.0,0.47,0.0,0.0,soft,"{""ai_coding_innovations"": 0.45, ""ai_copyright_theft"": 0.1, ""ai_mass_surveillance"": 0.45}","{""ai_coding_innovations"": 0.5, ""ai_copyright_theft"": 0.03, ""ai_mass_surveillance"": 0.47}"
user_0322,copyright_surveillance,Split: copyright + surveillance,100,0.06379633227979269,0.04035522861253093,0.035003102125824165,0.03310293700486437,0.02886909222657956,0.01814153826590879,0.081953578946072,0.06174060075534724,0.053462723544376305,0.07641941545566462,0.03502075270890603,0.060324558342756573,0.030677567253650208,0.03207568805224191,0.04170455206634662,0.05628345846868406,0.03559851057034767,0.16027829168396499,0.02759660588351417,0.027595465752627054,0.0,0.0,0.0,0.0,0.0,0.0,0.47,0.0,0.04,0.0,0.0,0.0,0.0,0.0,0.0,0.0,0.0,0.49,0.0,0.0,soft,"{""ai_coding_innovations"": 0.1, ""ai_copyright_theft"": 0.45, ""ai_mass_surveillance"": 0.45}","{""ai_coding_innovations"": 0.04, ""ai_copyright_theft"": 0.47, ""ai_mass_surveillance"": 0.49}"
user_0323,coding_heavy,Mostly AI coding innovations,100,0.02113237513820759,0.12982461724767405,0.015399970867371564,0.014181100350471534,0.017835799312021672,0.05178412497579206,0.04013584239304261,0.03396937675293002,0.12481956573801682,0.03465775071316153,0.016552702416350408,0.0296991407899494,0.0995934293193666,0.012791648962028555,0.11031082332171578,0.025539410281125406,0.0938642155938742,0.07422729768548643,0.043197186261119805,0.010483621880293876,0.0,0.0,0.0,0.0,0.0,0.0,0.11,0.0,0.79,0.0,0.0,0.0,0.0,0.0,0.0,0.0,0.0,0.1,0.0,0.0,soft,"{""ai_coding_innovations"": 0.8, ""ai_copyright_theft"": 0.1, ""ai_mass_surveillance"": 0.1}","{""ai_coding_innovations"": 0.79, ""ai_copyright_theft"": 0.11, ""ai_mass_surveillance"": 0.1}"
user_0324,copyright_heavy,Mostly AI copyright / theft concerns,100,0.029707201342463088,0.038206664989714305,0.05087844638043249,0.012496687080915133,0.03676953407012489,0.02142427153959402,0.12000162316019448,0.035420520856652114,0.0507582409717182,0.11333008575810434,0.05319998259869014,0.08816614220035349,0.03422427757241082,0.015034588922245915,0.04340647074421842,0.07860616021303911,0.03897325958054153,0.07230825178986489,0.028115344220645745,0.03897224600807676,0.0,0.0,0.0,0.0,0.0,0.0,0.83,0.0,0.08,0.0,0.0,0.0,0.0,0.0,0.0,0.0,0.0,0.09,0.0,0.0,soft,"{""ai_coding_innovations"": 0.1, ""ai_copyright_theft"": 0.8, ""ai_mass_surveillance"": 0.1}","{""ai_coding_innovations"": 0.08, ""ai_copyright_theft"": 0.83, ""ai_mass_surveillance"": 0.09}"
user_0325,surveillance_heavy,Mostly AI mass surveillance,100,0.09081937933733976,0.05281672717082492,0.01781062366674874,0.05023958873752462,0.0201640173426487,0.018986981636844667,0.041351691960378356,0.08320845130412126,0.06433172497802113,0.03689186186845445,0.01579784957850787,0.030611243459734153,0.035392880071767975,0.04582302760890105,0.0481156488268476,0.03173752399059064,0.0392319965796983,0.23282086429639595,0.028930769499978234,0.014917148084671553,0.0,0.0,0.0,0.0,0.0,0.0,0.09,0.0,0.09,0.0,0.0,0.0,0.0,0.0,0.0,0.0,0.0,0.82,0.0,0.0,soft,"{""ai_coding_innovations"": 0.1, ""ai_copyright_theft"": 0.1, ""ai_mass_surveillance"": 0.8}","{""ai_coding_innovations"": 0.09, ""ai_copyright_theft"": 0.09, ""ai_mass_surveillance"": 0.82}"
user_0326,balanced,Even across all topics,100,0.04758845969575872,0.0644795756028889,0.03178104738055221,0.02517947481610434,0.026916994139622393,0.02776086620688751,0.07564054845395869,0.050637077454616354,0.0725704948812548,0.06996931473310737,0.03241705353906938,0.05569808838100059,0.04995675346829282,0.02453100693320745,0.06065212503063472,0.05088527561743711,0.05194870975148012,0.12501382032585265,0.031922797753932274,0.024450515834341453,0.0,0.0,0.0,0.0,0.0,0.0,0.42,0.0,0.25,0.0,0.0,0.0,0.0,0.0,0.0,0.0,0.0,0.33,0.0,0.0,soft,"{""ai_coding_innovations"": 0.333333, ""ai_copyright_theft"": 0.333333, ""ai_mass_surveillance"": 0.333334}","{""ai_coding_innovations"": 0.25, ""ai_copyright_theft"": 0.42, ""ai_mass_surveillance"": 0.33}"
user_0327,coding_copyright,Split: coding + copyright,100,0.025640389937664917,0.08603862431249495,0.032175978248913856,0.013621961971715408,0.026795456220720628,0.03722680654944372,0.07787277218912074,0.034977969825228786,0.08943579313791289,0.07183757239770426,0.03386008892539733,0.0573251984787649,0.06829151844500027,0.014067948440339206,0.07829683431312073,0.05064904742883796,0.0675750307681081,0.07436129168631417,0.035978852126623606,0.02397086459657356,0.0,0.0,0.0,0.0,0.0,0.0,0.45,0.0,0.45,0.0,0.0,0.0,0.0,0.0,0.0,0.0,0.0,0.1,0.0,0.0,soft,"{""ai_coding_innovations"": 0.45, ""ai_copyright_theft"": 0.45, ""ai_mass_surveillance"": 0.1}","{""ai_coding_innovations"": 0.45, ""ai_copyright_theft"": 0.45, ""ai_mass_surveillance"": 0.1}"
user_0328,coding_surveillance,Split: coding + surveillance,100,0.05376758374273258,0.09610697265027579,0.015524098948912306,0.03124252398424984,0.018393557000304928,0.03717668438235924,0.03842851252785493,0.05716018492551043,0.09839507816704483,0.03346494797059874,0.015149882529142527,0.028459653105442215,0.0711689390739345,0.028312638093153816,0.08287636607384163,0.02694823101244906,0.0696550465472346,0.14911060319614347,0.0368966697889081,0.011761826279906308,0.0,0.0,0.0,0.0,0.0,0.0,0.08,0.0,0.48,0.0,0.0,0.0,0.0,0.0,0.0,0.0,0.0,0.44,0.0,0.0,soft,"{""ai_coding_innovations"": 0.45, ""ai_copyright_theft"": 0.1, ""ai_mass_surveillance"": 0.45}","{""ai_coding_innovations"": 0.48, ""ai_copyright_theft"": 0.08, ""ai_mass_surveillance"": 0.44}"
user_0329,copyright_surveillance,Split: copyright + surveillance,100,0.062427008191127585,0.0453240254762899,0.0334756790031301,0.03265191721785825,0.028038877921376246,0.01989341665253793,0.07857613222187493,0.060966907199586785,0.057453838337130615,0.07307743796117513,0.03348997441540702,0.05785172661606767,0.03435674831779654,0.03150326151618579,0.045419292890161646,0.05396130292770236,0.038698403437381575,0.15806367078651753,0.028437559727958205,0.026332819182734144,0.0,0.0,0.0,0.0,0.0,0.0,0.44,0.0,0.08,0.0,0.0,0.0,0.0,0.0,0.0,0.0,0.0,0.48,0.0,0.0,soft,"{""ai_coding_innovations"": 0.1, ""ai_copyright_theft"": 0.45, ""ai_mass_surveillance"": 0.45}","{""ai_coding_innovations"": 0.08, ""ai_copyright_theft"": 0.44, ""ai_mass_surveillance"": 0.48}"
user_0330,coding_heavy,Mostly AI coding innovations,100,0.023781872027907897,0.12908428319424925,0.014554708435542985,0.01571505742226393,0.017427729698346637,0.05123821048325262,0.03805917586690269,0.03596414789682066,0.12429391249508173,0.03265491735751326,0.015545588720391088,0.028179793776575823,0.09868297493922261,0.014096008150743484,0.10952406788246315,0.024382170768045806,0.09306986149522622,0.08082780937756098,0.043009668124242374,0.009908041887646789,0.0,0.0,0.0,0.0,0.0,0.0,0.09,0.0,0.78,0.0,0.0,0.0,0.0,0.0,0.0,0.0,0.0,0.13,0.0,0.0,soft,"{""ai_coding_innovations"": 0.8, ""ai_copyright_theft"": 0.1, ""ai_mass_surveillance"": 0.1}","{""ai_coding_innovations"": 0.78, ""ai_copyright_theft"": 0.09, ""ai_mass_surveillance"": 0.13}"
user_0331,copyright_heavy,Mostly AI copyright / theft concerns,100,0.028603054594942518,0.040599815210227444,0.05033784722135858,0.01201277680104102,0.036466358406609764,0.022319837077614445,0.11884399583576671,0.0347061563051445,0.05266795737623112,0.11217515659799972,0.05268728586454683,0.08731837269065376,0.03606216976159445,0.01453723882609042,0.045238035743998456,0.07776104215133464,0.040526729810765674,0.07010151289246609,0.0285316901748253,0.03850296665678856,0.0,0.0,0.0,0.0,0.0,0.0,0.82,0.0,0.1,0.0,0.0,0.0,0.0,0.0,0.0,0.0,0.0,0.08,0.0,0.0,soft,"{""ai_coding_innovations"": 0.1, ""ai_copyright_theft"": 0.8, ""ai_mass_surveillance"": 0.1}","{""ai_coding_innovations"": 0.1, ""ai_copyright_theft"": 0.82, ""ai_mass_surveillance"": 0.08}"
user_0332,surveillance_heavy,Mostly AI mass surveillance,100,0.0863593549643151,0.054479891700407235,0.019054923725859683,0.047688475366681984,0.02075629359182574,0.020039557932511862,0.04444283293731671,0.07987394456359473,0.06555471344761991,0.0398654094054708,0.017306692145214117,0.0328726447791919,0.0372171855178351,0.04363658288772605,0.04974077052960778,0.033420083599177114,0.04081365718357987,0.22181869780959684,0.029314067709818033,0.015744220202649255,0.0,0.0,0.0,0.0,0.0,0.0,0.12,0.0,0.11,0.0,0.0,0.0,0.0,0.0,0.0,0.0,0.0,0.77,0.0,0.0,soft,"{""ai_coding_innovations"": 0.1, ""ai_copyright_theft"": 0.1, ""ai_mass_surveillance"": 0.8}","{""ai_coding_innovations"": 0.11, ""ai_copyright_theft"": 0.12, ""ai_mass_surveillance"": 0.77}"
user_0333,balanced,Even across all topics,100,0.042552366735757484,0.08840072944552622,0.0237448941397996,0.023941532180124007,0.022581715978103864,0.03601359633690548,0.05773884038217493,0.048108345272449934,0.0918287336183627,0.05228871307929188,0.02426143320082738,0.04259187544147187,0.06743880772310132,0.022550959785386914,0.07838746288620231,0.03874917781702183,0.0666608675814161,0.11834237063333994,0.03593178690319007,0.01788579085954636,0.0,0.0,0.0,0.0,0.0,0.0,0.26,0.0,0.44,0.0,0.0,0.0,0.0,0.0,0.0,0.0,0.0,0.3,0.0,0.0,soft,"{""ai_coding_innovations"": 0.333333, ""ai_copyright_theft"": 0.333333, ""ai_mass_surveillance"": 0.333334}","{""ai_coding_innovations"": 0.44, ""ai_copyright_theft"": 0.26, ""ai_mass_surveillance"": 0.3}"
user_0334,coding_copyright,Split: coding + copyright,100,0.026479359344040932,0.08622112073522765,0.03172975344436764,0.014138762744457535,0.026571593242547584,0.037187553860032016,0.07681058011377921,0.035633005372483526,0.08960747512164144,0.07080545322342402,0.033354704100184936,0.05654790577147552,0.06829491513077939,0.014490222096594075,0.07834844513737567,0.05001712801126524,0.06756798317469374,0.07656014858366425,0.03598711406270854,0.023646776729257087,0.0,0.0,0.0,0.0,0.0,0.0,0.44,0.0,0.45,0.0,0.0,0.0,0.0,0.0,0.0,0.0,0.0,0.11,0.0,0.0,soft,"{""ai_coding_innovations"": 0.45, ""ai_copyright_theft"": 0.45, ""ai_mass_surveillance"": 0.1}","{""ai_coding_innovations"": 0.45, ""ai_copyright_theft"": 0.44, ""ai_mass_surveillance"": 0.11}"
user_0335,coding_surveillance,Split: coding + surveillance,100,0.06498507727145282,0.07879708347599186,0.01801680582605495,0.036680653787903236,0.019883854053062765,0.030322558434265165,0.043393045197367947,0.06481054347720903,0.08467309207624803,0.03851449956140259,0.017226261146973988,0.03209739995267766,0.0573966360552844,0.033520721611212057,0.0693202664603837,0.031074898513728036,0.05797935324360338,0.1733571440673595,0.03380299190885878,0.014147113878960204,0.0,0.0,0.0,0.0,0.0,0.0,0.12,0.0,0.33,0.0,0.0,0.0,0.0,0.0,0.0,0.0,0.0,0.55,0.0,0.0,soft,"{""ai_coding_innovations"": 0.45, ""ai_copyright_theft"": 0.1, ""ai_mass_surveillance"": 0.45}","{""ai_coding_innovations"": 0.33, ""ai_copyright_theft"": 0.12, ""ai_mass_surveillance"": 0.55}"
user_0336,copyright_surveillance,Split: copyright + surveillance,100,0.05143125462060952,0.052148831654857855,0.035376492785014244,0.0265654246699907,0.028880598413544147,0.023361543895608808,0.08355306922678066,0.05289882911764492,0.06267854889123331,0.07780819888219098,0.03599130686021073,0.0614915213440782,0.040760499150816594,0.026173210101475188,0.051391078383224646,0.05637470476110497,0.044195453787188144,0.13164980101814633,0.029824544110864663,0.027445088325415475,0.0,0.0,0.0,0.0,0.0,0.0,0.49,0.0,0.15,0.0,0.0,0.0,0.0,0.0,0.0,0.0,0.0,0.36,0.0,0.0,soft,"{""ai_coding_innovations"": 0.1, ""ai_copyright_theft"": 0.45, ""ai_mass_surveillance"": 0.45}","{""ai_coding_innovations"": 0.15, ""ai_copyright_theft"": 0.49, ""ai_mass_surveillance"": 0.36}"
user_0337,coding_heavy,Mostly AI coding innovations,100,0.01918925898431102,0.13203527104545446,0.015305596512843855,0.013180389297855281,0.01775648662667958,0.05271894320322418,0.04004040714395637,0.032599976654167674,0.12655760015880116,0.03453494072733717,0.016545390507419485,0.029628663987538995,0.1014279248227711,0.011872025209618196,0.11209077749724079,0.025326211636993678,0.09542473341751267,0.06982170189073761,0.043605270279214424,0.010338430396322143,0.0,0.0,0.0,0.0,0.0,0.0,0.11,0.0,0.81,0.0,0.0,0.0,0.0,0.0,0.0,0.0,0.0,0.08,0.0,0.0,soft,"{""ai_coding_innovations"": 0.8, ""ai_copyright_theft"": 0.1, ""ai_mass_surveillance"": 0.1}","{""ai_coding_innovations"": 0.81, ""ai_copyright_theft"": 0.11, ""ai_mass_surveillance"": 0.08}"
user_0338,copyright_heavy,Mostly AI copyright / theft concerns,100,0.03253272428567805,0.0440879439671368,0.04711989923500736,0.014629671157619657,0.03482000487405637,0.022979886479164675,0.11131321605928973,0.03792200503716532,0.05560776568311514,0.10482751239221366,0.04914228017912918,0.08180684693721772,0.037920442065452774,0.01657353066746414,0.04737926568930821,0.07312440758419374,0.04203791448050367,0.08108791537916776,0.028997607745514457,0.03608916010160147,0.0,0.0,0.0,0.0,0.0,0.0,0.75,0.0,0.12,0.0,0.0,0.0,0.0,0.0,0.0,0.0,0.0,0.13,0.0,0.0,soft,"{""ai_coding_innovations"": 0.1, ""ai_copyright_theft"": 0.8, ""ai_mass_surveillance"": 0.1}","{""ai_coding_innovations"": 0.12, ""ai_copyright_theft"": 0.75, ""ai_mass_surveillance"": 0.13}"
user_0339,surveillance_heavy,Mostly AI mass surveillance,100,0.08552038555793913,0.05429739527767452,0.019501148530405913,0.04717167459393987,0.02098015656999879,0.020078810621923567,0.045505025012658275,0.07921890901634003,0.06538303146389142,0.04089752857975106,0.017812076970426503,0.03364993748648131,0.037213788832055984,0.0432143092314712,0.049689159705352856,0.03405200301674988,0.040820704776994246,0.21961984091224682,0.02930580577373311,0.016068308069965734,0.0,0.0,0.0,0.0,0.0,0.0,0.13,0.0,0.11,0.0,0.0,0.0,0.0,0.0,0.0,0.0,0.0,0.76,0.0,0.0,soft,"{""ai_coding_innovations"": 0.1, ""ai_copyright_theft"": 0.1, ""ai_mass_surveillance"": 0.8}","{""ai_coding_innovations"": 0.11, ""ai_copyright_theft"": 0.13, ""ai_mass_surveillance"": 0.76}"
user_0340,balanced,Even across all topics,100,0.043613076100335664,0.0780981428725429,0.027692189994280136,0.02380997020865197,0.024689870544856562,0.03258834494247058,0.06661811798125211,0.0483456612894614,0.08350314006539707,0.06103690641683133,0.02833375943825019,0.04909212430942844,0.06007365222325042,0.022851265544989407,0.07085475959006235,0.04465732773413066,0.06047517703417696,0.1183738986335347,0.03423335534213213,0.02105925973396511,0.0,0.0,0.0,0.0,0.0,0.0,0.34,0.0,0.36,0.0,0.0,0.0,0.0,0.0,0.0,0.0,0.0,0.3,0.0,0.0,soft,"{""ai_coding_innovations"": 0.333333, ""ai_copyright_theft"": 0.333333, ""ai_mass_surveillance"": 0.333334}","{""ai_coding_innovations"": 0.36, ""ai_copyright_theft"": 0.34, ""ai_mass_surveillance"": 0.3}"
user_0341,coding_copyright,Split: coding + copyright,100,0.0327064738174475,0.0757256893770177,0.03349311245338094,0.01709156016300428,0.02760008926110611,0.03309862990482259,0.08042661496069195,0.03983019917514985,0.08127127427692624,0.07445445568247447,0.034903762166011265,0.0591969295041904,0.06002949530812186,0.01736170801367611,0.07018381887474792,0.052872280162576266,0.06056679574856361,0.08978875896798375,0.034125950173027976,0.025272402009079313,0.0,0.0,0.0,0.0,0.0,0.0,0.47,0.0,0.36,0.0,0.0,0.0,0.0,0.0,0.0,0.0,0.0,0.17,0.0,0.0,soft,"{""ai_coding_innovations"": 0.45, ""ai_copyright_theft"": 0.45, ""ai_mass_surveillance"": 0.1}","{""ai_coding_innovations"": 0.36, ""ai_copyright_theft"": 0.47, ""ai_mass_surveillance"": 0.17}"
user_0342,coding_surveillance,Split: coding + surveillance,100,0.05681484664414973,0.09150316863198227,0.01615907246251394,0.032727145316740223,0.018776045349162152,0.035346300616906724,0.039681575101368965,0.05924394957578038,0.09474732734174762,0.03474268711652777,0.015669891172216757,0.0293778994175524,0.06749655138134644,0.02972961194171968,0.07926484689853651,0.028006547718285275,0.066541058493372,0.15572293788829109,0.03607223981663394,0.012376297115166248,0.0,0.0,0.0,0.0,0.0,0.0,0.09,0.0,0.44,0.0,0.0,0.0,0.0,0.0,0.0,0.0,0.0,0.47,0.0,0.0,soft,"{""ai_coding_innovations"": 0.45, ""ai_copyright_theft"": 0.1, ""ai_mass_surveillance"": 0.45}","{""ai_coding_innovations"": 0.44, ""ai_copyright_theft"": 0.09, ""ai_mass_surveillance"": 0.47}"
user_0343,copyright_surveillance,Split: copyright + surveillance,100,0.0642375356744519,0.04440119500013242,0.03307664137584775,0.0336690735169085,0.02785467128587425,0.01938675484941018,0.0775616577710765,0.06230664279622267,0.056756503110466955,0.07210672377980706,0.03298824554466007,0.05710967230998345,0.03344289725187339,0.032385347048645846,0.04458092662665405,0.053435982832195486,0.037911096932147975,0.16246532558124208,0.028241779654995823,0.026081327057403545,0.0,0.0,0.0,0.0,0.0,0.0,0.43,0.0,0.07,0.0,0.0,0.0,0.0,0.0,0.0,0.0,0.0,0.5,0.0,0.0,soft,"{""ai_coding_innovations"": 0.1, ""ai_copyright_theft"": 0.45, ""ai_mass_surveillance"": 0.45}","{""ai_coding_innovations"": 0.07, ""ai_copyright_theft"": 0.43, ""ai_mass_surveillance"": 0.5}"
user_0344,coding_heavy,Mostly AI coding innovations,100,0.02545981084065992,0.12944927603971465,0.013662258826450556,0.016748658967748187,0.01698000374200055,0.051159705104429236,0.03593479171621963,0.03727421899133014,0.12463727646253879,0.030590679008952786,0.014534819069966318,0.02662520836199704,0.09868976831078087,0.014940555463253222,0.10962728953097298,0.023118331932900357,0.09305576630839753,0.08522552317226115,0.04302619199641223,0.00925986615301384,0.0,0.0,0.0,0.0,0.0,0.0,0.07,0.0,0.78,0.0,0.0,0.0,0.0,0.0,0.0,0.0,0.0,0.15,0.0,0.0,soft,"{""ai_coding_innovations"": 0.8, ""ai_copyright_theft"": 0.1, ""ai_mass_surveillance"": 0.1}","{""ai_coding_innovations"": 0.78, ""ai_copyright_theft"": 0.07, ""ai_mass_surveillance"": 0.15}"
user_0345,copyright_heavy,Mostly AI copyright / theft concerns,100,0.02842702854142788,0.03397820217938012,0.05325113193495512,0.011413749796128879,0.038007817989003254,0.020218307645504346,0.12545573641053154,0.03419944326852194,0.04729277942189905,0.11867489660824211,0.05573787458814846,0.09215832094041597,0.03145555088840851,0.014302656269587115,0.04047848535965602,0.0820855552671004,0.03666772081215559,0.06792236099523771,0.027461908513079152,0.04081047257061677,0.0,0.0,0.0,0.0,0.0,0.0,0.88,0.0,0.05,0.0,0.0,0.0,0.0,0.0,0.0,0.0,0.0,0.07,0.0,0.0,soft,"{""ai_coding_innovations"": 0.1, ""ai_copyright_theft"": 0.8, ""ai_mass_surveillance"": 0.1}","{""ai_coding_innovations"": 0.05, ""ai_copyright_theft"": 0.88, ""ai_mass_surveillance"": 0.07}"
user_0346,surveillance_heavy,Mostly AI mass surveillance,100,0.09165834874371577,0.052999223593557646,0.01736439886220252,0.05075638951026675,0.01994015436447566,0.018947728947432973,0.04028949988503683,0.08386348685137603,0.06450340696174965,0.035859742694174204,0.015292464753295482,0.029833950752444768,0.0353962767575471,0.04624530126515593,0.04816725965110252,0.031105604573017902,0.03922494898628395,0.23501972119374606,0.028939031436063155,0.014593060217355078,0.0,0.0,0.0,0.0,0.0,0.0,0.08,0.0,0.09,0.0,0.0,0.0,0.0,0.0,0.0,0.0,0.0,0.83,0.0,0.0,soft,"{""ai_coding_innovations"": 0.1, ""ai_copyright_theft"": 0.1, ""ai_mass_surveillance"": 0.8}","{""ai_coding_innovations"": 0.09, ""ai_copyright_theft"": 0.08, ""ai_mass_surveillance"": 0.83}"
user_0347,balanced,Even across all topics,100,0.05059000869248834,0.07698246761115872,0.025109215521530535,0.02791148589772101,0.023426005361160396,0.0314180105785683,0.06034040077828923,0.053645274671752126,0.08279519754698386,0.05496700135697426,0.025308762395906775,0.04449884486810254,0.0582595368345207,0.026304531234928978,0.06938447036006697,0.041079009872825964,0.058872373650052295,0.1359726358123839,0.033874842940547115,0.01925992401403797,0.0,0.0,0.0,0.0,0.0,0.0,0.28,0.0,0.34,0.0,0.0,0.0,0.0,0.0,0.0,0.0,0.0,0.38,0.0,0.0,soft,"{""ai_coding_innovations"": 0.333333, ""ai_copyright_theft"": 0.333333, ""ai_mass_surveillance"": 0.333334}","{""ai_coding_innovations"": 0.34, ""ai_copyright_theft"": 0.28, ""ai_mass_surveillance"": 0.38}"
user_0348,coding_copyright,Split: coding + copyright,100,0.025507801267092647,0.08732644763411787,0.031682566267103786,0.013638407218149406,0.02653193689987654,0.037654962973748075,0.07676286248923608,0.03494830532310235,0.09047649233203361,0.07074404823051184,0.03335104814571948,0.05651266737027033,0.06921216288248161,0.01403041022038889,0.07923842222513822,0.04991052868919936,0.06834824208651298,0.07435735068628982,0.036191156071755846,0.02357418098727122,0.0,0.0,0.0,0.0,0.0,0.0,0.44,0.0,0.46,0.0,0.0,0.0,0.0,0.0,0.0,0.0,0.0,0.1,0.0,0.0,soft,"{""ai_coding_innovations"": 0.45, ""ai_copyright_theft"": 0.45, ""ai_mass_surveillance"": 0.1}","{""ai_coding_innovations"": 0.46, ""ai_copyright_theft"": 0.44, ""ai_mass_surveillance"": 0.1}"
user_0349,coding_surveillance,Split: coding + surveillance,100,0.05429793842502167,0.09095567936378407,0.017497746876152583,0.031176742998513824,0.019447634283681278,0.03546405868514179,0.042868151327393564,0.05727884293401618,0.09423228139056207,0.03783904463936847,0.017186045647853917,0.03170977753942055,0.06748636132400906,0.028462790972955072,0.07911001442577166,0.029902305971003483,0.06656220127361503,0.14912636719624087,0.036047454008379144,0.01334856071711567,0.0,0.0,0.0,0.0,0.0,0.0,0.12,0.0,0.44,0.0,0.0,0.0,0.0,0.0,0.0,0.0,0.0,0.44,0.0,0.0,soft,"{""ai_coding_innovations"": 0.45, ""ai_copyright_theft"": 0.1, ""ai_mass_surveillance"": 0.45}","{""ai_coding_innovations"": 0.44, ""ai_copyright_theft"": 0.12, ""ai_mass_surveillance"": 0.44}"
user_0350,copyright_surveillance,Split: copyright + surveillance,100,0.07231861501412509,0.04089236951823511,0.031034266062172095,0.03825449948585168,0.026893981765693215,0.017320854947487477,0.07244156789254137,0.06832062073002103,0.05413884418754084,0.06719174788005464,0.030475945236459964,0.053364162378357366,0.02979088967396004,0.03633596283474092,0.0412790723968787,0.05070278303259528,0.0347548233177992,0.18227080165749016,0.0274669212992313,0.024751270688764607,0.0,0.0,0.0,0.0,0.0,0.0,0.38,0.0,0.03,0.0,0.0,0.0,0.0,0.0,0.0,0.0,0.0,0.59,0.0,0.0,soft,"{""ai_coding_innovations"": 0.1, ""ai_copyright_theft"": 0.45, ""ai_mass_surveillance"": 0.45}","{""ai_coding_innovations"": 0.03, ""ai_copyright_theft"": 0.38, ""ai_mass_surveillance"": 0.59}"
user_0351,coding_heavy,Mostly AI coding innovations,100,0.02638793153466585,0.12043451278835429,0.01711614269912103,0.01663354224271016,0.018824638987909155,0.04816261013429871,0.043704159615412214,0.03748187050621519,0.11735238210369386,0.03824534817929981,0.01809810452771126,0.03231292612145909,0.09224525724841133,0.015203323002905413,0.1030361741468504,0.028287963110370577,0.08764328707956334,0.08525311017243158,0.04154006438048655,0.012036651418130243,0.0,0.0,0.0,0.0,0.0,0.0,0.14,0.0,0.71,0.0,0.0,0.0,0.0,0.0,0.0,0.0,0.0,0.15,0.0,0.0,soft,"{""ai_coding_innovations"": 0.8, ""ai_copyright_theft"": 0.1, ""ai_mass_surveillance"": 0.1}","{""ai_coding_innovations"": 0.71, ""ai_copyright_theft"": 0.14, ""ai_mass_surveillance"": 0.15}"
user_0352,copyright_heavy,Mostly AI copyright / theft concerns,100,0.03306307896796715,0.03893665068064514,0.04909354716224765,0.014563890171883651,0.03587408215743273,0.021267260781947243,0.11575285485882837,0.038040663045671066,0.051444968906632305,0.1092016090609834,0.05117844329784059,0.085056971371196,0.034237864315527326,0.016723683547265392,0.043612914041238245,0.07607848254274818,0.0389450692068841,0.08110367937926515,0.028148391964985486,0.03767589453881086,0.0,0.0,0.0,0.0,0.0,0.0,0.79,0.0,0.08,0.0,0.0,0.0,0.0,0.0,0.0,0.0,0.0,0.13,0.0,0.0,soft,"{""ai_coding_innovations"": 0.1, ""ai_copyright_theft"": 0.8, ""ai_mass_surveillance"": 0.1}","{""ai_coding_innovations"": 0.08, ""ai_copyright_theft"": 0.79, ""ai_mass_surveillance"": 0.13}"
user_0353,surveillance_heavy,Mostly AI mass surveillance,100,0.09236472947951953,0.05446954333791327,0.016424762075846245,0.05128963552944289,0.01945277206545853,0.01933663268232564,0.03811739810981064,0.08448885789650433,0.0657157881395989,0.03373409935270154,0.014278039148405247,0.0282441269366608,0.03632031788080759,0.04663003670146049,0.049160458387374976,0.029735166415806553,0.039991112711274486,0.23721463709107182,0.02915959731728034,0.013872288740736262,0.0,0.0,0.0,0.0,0.0,0.0,0.06,0.0,0.1,0.0,0.0,0.0,0.0,0.0,0.0,0.0,0.0,0.84,0.0,0.0,soft,"{""ai_coding_innovations"": 0.1, ""ai_copyright_theft"": 0.1, ""ai_mass_surveillance"": 0.8}","{""ai_coding_innovations"": 0.1, ""ai_copyright_theft"": 0.06, ""ai_mass_surveillance"": 0.84}"
user_0354,balanced,Even across all topics,100,0.04555619225423223,0.07588748907476246,0.02778656434880783,0.024810681261268244,0.024769183230198655,0.03165352671503848,0.0667135532303384,0.049715061388223736,0.08176510564461269,0.06115971640265571,0.028341071347181113,0.049162601111838844,0.05823915671984597,0.023770889297399768,0.06907480541453723,0.044870526378262394,0.05891465921053845,0.12277949442828347,0.033825271324037495,0.02120445121793683,0.0,0.0,0.0,0.0,0.0,0.0,0.34,0.0,0.34,0.0,0.0,0.0,0.0,0.0,0.0,0.0,0.0,0.32,0.0,0.0,soft,"{""ai_coding_innovations"": 0.333333, ""ai_copyright_theft"": 0.333333, ""ai_mass_surveillance"": 0.333334}","{""ai_coding_innovations"": 0.34, ""ai_copyright_theft"": 0.34, ""ai_mass_surveillance"": 0.32}"
user_0355,coding_copyright,Split: coding + copyright,100,0.025242623925948098,0.08990209427736369,0.030695742303483646,0.01367129771101742,0.026004898258188365,0.038511275822356805,0.0745430430894668,0.03488897631884948,0.09255789072027501,0.06855699989612696,0.032332966586363775,0.0548876051532812,0.07105345175744433,0.013955333780488266,0.0811215980491732,0.04843349120992214,0.06989466472332276,0.07434946868624112,0.03661576396202032,0.02278081376866653,0.0,0.0,0.0,0.0,0.0,0.0,0.42,0.0,0.48,0.0,0.0,0.0,0.0,0.0,0.0,0.0,0.0,0.1,0.0,0.0,soft,"{""ai_coding_innovations"": 0.45, ""ai_copyright_theft"": 0.45, ""ai_mass_surveillance"": 0.1}","{""ai_coding_innovations"": 0.48, ""ai_copyright_theft"": 0.42, ""ai_mass_surveillance"": 0.1}"
user_0356,coding_surveillance,Split: coding + surveillance,100,0.04957273671085251,0.09519449053661225,0.017755222971643392,0.028658520120539186,0.019512871891170142,0.037372947829417705,0.0437394729045626,0.05388500718923678,0.09753666824840226,0.03862554384199996,0.01767680665520447,0.032346116641889154,0.0711519556450389,0.026201269811879487,0.08261831195256691,0.03010782810031275,0.0696902845143064,0.13811631870939317,0.03685536010848344,0.01338226561648869,0.0,0.0,0.0,0.0,0.0,0.0,0.13,0.0,0.48,0.0,0.0,0.0,0.0,0.0,0.0,0.0,0.0,0.39,0.0,0.0,soft,"{""ai_coding_innovations"": 0.45, ""ai_copyright_theft"": 0.1, ""ai_mass_surveillance"": 0.45}","{""ai_coding_innovations"": 0.48, ""ai_copyright_theft"": 0.13, ""ai_mass_surveillance"": 0.39}"
user_0357,copyright_surveillance,Split: copyright + surveillance,100,0.05615645633477869,0.04791002048202972,0.03511901668952343,0.02908364754796534,0.02881536080605529,0.0214526547513329,0.08268174764961167,0.05629266486242434,0.059374162033393095,0.07702169967955952,0.035500545852860194,0.060855182241609615,0.03709490482978678,0.028434731262550784,0.04788278085642943,0.056169182631795704,0.04106737054649677,0.14265984950499405,0.02901663801076038,0.027411383426042477,0.0,0.0,0.0,0.0,0.0,0.0,0.48,0.0,0.11,0.0,0.0,0.0,0.0,0.0,0.0,0.0,0.0,0.41,0.0,0.0,soft,"{""ai_coding_innovations"": 0.1, ""ai_copyright_theft"": 0.45, ""ai_mass_surveillance"": 0.45}","{""ai_coding_innovations"": 0.11, ""ai_copyright_theft"": 0.48, ""ai_mass_surveillance"": 0.41}"
user_0358,coding_heavy,Mostly AI coding innovations,100,0.021264963808779867,0.12853679392605116,0.01589338284918163,0.01416465510403753,0.01809931863286576,0.05135596855148771,0.04124575209292727,0.033999041255056456,0.12377886654389611,0.035751274880354,0.017061743196028257,0.030511671898443952,0.09867278488188527,0.012829187181978872,0.10936923540969817,0.026277929020764035,0.0930910042754693,0.0742312386855108,0.04298488231598756,0.010880305489596221,0.0,0.0,0.0,0.0,0.0,0.0,0.12,0.0,0.78,0.0,0.0,0.0,0.0,0.0,0.0,0.0,0.0,0.1,0.0,0.0,soft,"{""ai_coding_innovations"": 0.8, ""ai_copyright_theft"": 0.1, ""ai_mass_surveillance"": 0.1}","{""ai_coding_innovations"": 0.78, ""ai_copyright_theft"": 0.12, ""ai_mass_surveillance"": 0.1}"
user_0359,copyright_heavy,Mostly AI copyright / theft concerns,100,0.03111996281407057,0.04114730447842556,0.04899917280771993,0.013563179119267396,0.035794769472090635,0.022202079009379348,0.11565741960974212,0.036671262946908714,0.05318300332741667,0.10907879907515901,0.05117113138890966,0.0849864945687856,0.0360723598189318,0.015804059794855024,0.04539286821676332,0.07586528389861642,0.040505587030522594,0.07669808358451631,0.0285564759830801,0.037530703054839125,0.0,0.0,0.0,0.0,0.0,0.0,0.79,0.0,0.1,0.0,0.0,0.0,0.0,0.0,0.0,0.0,0.0,0.11,0.0,0.0,soft,"{""ai_coding_innovations"": 0.1, ""ai_copyright_theft"": 0.8, ""ai_mass_surveillance"": 0.1}","{""ai_coding_innovations"": 0.1, ""ai_copyright_theft"": 0.79, ""ai_mass_surveillance"": 0.11}"
user_0360,surveillance_heavy,Mostly AI mass surveillance,100,0.08900885185401546,0.05373955764698244,0.018209661294031093,0.04922243243847437,0.020348223978150705,0.01949364343997242,0.042366166411176784,0.08186871570748538,0.06502906020468481,0.03786257604982249,0.01629957844925481,0.03135329776581832,0.0363067311376911,0.044940942076441004,0.04895401509035519,0.032262844086097496,0.040019303084931915,0.22841920950167147,0.029126549572940617,0.015168640210002176,0.0,0.0,0.0,0.0,0.0,0.0,0.1,0.0,0.1,0.0,0.0,0.0,0.0,0.0,0.0,0.0,0.0,0.8,0.0,0.0,soft,"{""ai_coding_innovations"": 0.1, ""ai_copyright_theft"": 0.1, ""ai_mass_surveillance"": 0.8}","{""ai_coding_innovations"": 0.1, ""ai_copyright_theft"": 0.1, ""ai_mass_surveillance"": 0.8}"
user_0361,balanced,Even across all topics,100,0.04418686816556713,0.0808562859385214,0.026259141226113773,0.02435966147426211,0.023938968924995346,0.03340540510166761,0.0633361065061413,0.048941367832463244,0.08575622043736704,0.057817738908166216,0.0268102930536821,0.04668976938514991,0.06191833778399225,0.02319846276134365,0.07278954623835227,0.04254837083728071,0.062014552077572394,0.12056487353083604,0.03466622516848154,0.019941804648043935,0.0,0.0,0.0,0.0,0.0,0.0,0.31,0.0,0.38,0.0,0.0,0.0,0.0,0.0,0.0,0.0,0.0,0.31,0.0,0.0,soft,"{""ai_coding_innovations"": 0.333333, ""ai_copyright_theft"": 0.333333, ""ai_mass_surveillance"": 0.333334}","{""ai_coding_innovations"": 0.38, ""ai_copyright_theft"": 0.31, ""ai_mass_surveillance"": 0.31}"
user_0362,coding_copyright,Split: coding + copyright,100,0.022858304377392332,0.08806678168754269,0.03252782869893238,0.012104450146357032,0.026940006513551586,0.038200877466287524,0.07883952901537601,0.03295353417921171,0.09100214557496876,0.07274688158616013,0.03435816184167881,0.05803201438364391,0.07012261726262563,0.012726051031673973,0.08002517766439088,0.05106776820227897,0.06914259618516097,0.0677568389942153,0.0363786742086333,0.024149760979918312,0.0,0.0,0.0,0.0,0.0,0.0,0.46,0.0,0.47,0.0,0.0,0.0,0.0,0.0,0.0,0.0,0.0,0.07,0.0,0.0,soft,"{""ai_coding_innovations"": 0.45, ""ai_copyright_theft"": 0.45, ""ai_mass_surveillance"": 0.1}","{""ai_coding_innovations"": 0.47, ""ai_copyright_theft"": 0.46, ""ai_mass_surveillance"": 0.07}"
user_0363,coding_surveillance,Split: coding + surveillance,100,0.05138326419417682,0.09427166006045473,0.01735618534436103,0.029675676419589448,0.019328665255668145,0.036866286026289954,0.04272499845376418,0.05522474278587269,0.0968393330217386,0.03765482966063192,0.017175077784457548,0.03160406233580495,0.07023810457911578,0.027083355344339533,0.0817799456890593,0.029582508004805885,0.0689029780090728,0.14251797350411768,0.03665958003552107,0.013130773491158081,0.0,0.0,0.0,0.0,0.0,0.0,0.12,0.0,0.47,0.0,0.0,0.0,0.0,0.0,0.0,0.0,0.0,0.41,0.0,0.0,soft,"{""ai_coding_innovations"": 0.45, ""ai_copyright_theft"": 0.1, ""ai_mass_surveillance"": 0.45}","{""ai_coding_innovations"": 0.47, ""ai_copyright_theft"": 0.12, ""ai_mass_surveillance"": 0.41}"
user_0364,copyright_surveillance,Split: copyright + surveillance,100,0.05333093339156373,0.04202874150460718,0.03887756383494855,0.026950663471260815,0.0307648900021238,0.019897039811762215,0.09137015475051638,0.05379118068191112,0.054524637321996146,0.0855242730454502,0.03955824827242116,0.06721447750474542,0.03339874033674483,0.02689578951733256,0.04390998591133965,0.06165093526064108,0.038002715646534624,0.13388018591569115,0.028134374485891688,0.03029446933251775,0.0,0.0,0.0,0.0,0.0,0.0,0.56,0.0,0.07,0.0,0.0,0.0,0.0,0.0,0.0,0.0,0.0,0.37,0.0,0.0,soft,"{""ai_coding_innovations"": 0.1, ""ai_copyright_theft"": 0.45, ""ai_mass_surveillance"": 0.45}","{""ai_coding_innovations"": 0.07, ""ai_copyright_theft"": 0.56, ""ai_mass_surveillance"": 0.37}"
user_0365,coding_heavy,Mostly AI coding innovations,100,0.021397552479352138,0.1272489706044283,0.016386794830991702,0.014148209857603532,0.018362837953709854,0.05092781212718335,0.04235566179281194,0.034028705757182906,0.1227381673497754,0.03684479904754642,0.017570783975706113,0.031324203006938556,0.0977521404444039,0.01286672540192919,0.10842764749768072,0.027016447760402622,0.09231779295706445,0.07423517968553517,0.042772578370855345,0.011276989098898566,0.0,0.0,0.0,0.0,0.0,0.0,0.13,0.0,0.77,0.0,0.0,0.0,0.0,0.0,0.0,0.0,0.0,0.1,0.0,0.0,soft,"{""ai_coding_innovations"": 0.8, ""ai_copyright_theft"": 0.1, ""ai_mass_surveillance"": 0.1}","{""ai_coding_innovations"": 0.77, ""ai_copyright_theft"": 0.13, ""ai_mass_surveillance"": 0.1}"
user_0366,copyright_heavy,Mostly AI copyright / theft concerns,100,0.02776408518856651,0.04041731878749473,0.050784072025904806,0.011495976028298889,0.03669022138478281,0.02235908976702613,0.11990618791110824,0.03405112075788977,0.05249627539250259,0.11320727577227999,0.053192670689759226,0.08809566539794313,0.03605877307581533,0.014114965169835552,0.04518642491974351,0.07839296156890739,0.04053377740418003,0.06790265599511604,0.02852342823874037,0.038827054524105044,0.0,0.0,0.0,0.0,0.0,0.0,0.83,0.0,0.1,0.0,0.0,0.0,0.0,0.0,0.0,0.0,0.0,0.07,0.0,0.0,soft,"{""ai_coding_innovations"": 0.1, ""ai_copyright_theft"": 0.8, ""ai_mass_surveillance"": 0.1}","{""ai_coding_innovations"": 0.1, ""ai_copyright_theft"": 0.83, ""ai_mass_surveillance"": 0.07}"
user_0367,surveillance_heavy,Mostly AI mass surveillance,100,0.08680055835897434,0.05852585808800869,0.01712846297588326,0.04825461187872612,0.019741872651120443,0.02128477451601327,0.04005091176232122,0.08043998660447017,0.0688484930137106,0.03555271772961324,0.015274184980968194,0.029657758746418777,0.039982515516058297,0.043946241884130016,0.05261714508991526,0.03057260796268854,0.043126243545380215,0.22400573170687393,0.02995924148129971,0.014230081507425758,0.0,0.0,0.0,0.0,0.0,0.0,0.08,0.0,0.14,0.0,0.0,0.0,0.0,0.0,0.0,0.0,0.0,0.78,0.0,0.0,soft,"{""ai_coding_innovations"": 0.1, ""ai_copyright_theft"": 0.1, ""ai_mass_surveillance"": 0.8}","{""ai_coding_innovations"": 0.14, ""ai_copyright_theft"": 0.08, ""ai_mass_surveillance"": 0.78}"
user_0368,balanced,Even across all topics,100,0.0515615667694366,0.0758771407122685,0.025156402698794395,0.02841184142402914,0.023465661703831436,0.03095060146485225,0.06038811840283235,0.05432997472113329,0.08192618033659162,0.05502840634988644,0.025312418350372224,0.04453408326930776,0.05734228908281845,0.026764343111134153,0.0684944932723044,0.04118560919489183,0.058092114738233065,0.1381754337097583,0.033670800931499816,0.019332519756023833,0.0,0.0,0.0,0.0,0.0,0.0,0.28,0.0,0.33,0.0,0.0,0.0,0.0,0.0,0.0,0.0,0.0,0.39,0.0,0.0,soft,"{""ai_coding_innovations"": 0.333333, ""ai_copyright_theft"": 0.333333, ""ai_mass_surveillance"": 0.333334}","{""ai_coding_innovations"": 0.33, ""ai_copyright_theft"": 0.28, ""ai_mass_surveillance"": 0.39}"
user_0369,coding_copyright,Split: coding + copyright,100,0.024095039795485156,0.08438580814540662,0.033561839839816365,0.012571915179797149,0.0275067014979108,0.03687715550396276,0.08110706603968845,0.03369756323284575,0.08805172997633516,0.07499533491345718,0.03537989935549997,0.05969231500183822,0.0673640806359607,0.013260939347779784,0.07725202475259335,0.052651405003622045,0.06681591463653191,0.06996751889163835,0.03575002430932149,0.02501572394050887,0.0,0.0,0.0,0.0,0.0,0.0,0.48,0.0,0.44,0.0,0.0,0.0,0.0,0.0,0.0,0.0,0.0,0.08,0.0,0.0,soft,"{""ai_coding_innovations"": 0.45, ""ai_copyright_theft"": 0.45, ""ai_mass_surveillance"": 0.1}","{""ai_coding_innovations"": 0.44, ""ai_copyright_theft"": 0.48, ""ai_mass_surveillance"": 0.08}"
user_0370,coding_surveillance,Split: coding + surveillance,100,0.05889055146861854,0.08800469151257888,0.016746858798851703,0.03371141112292249,0.01911887735534832,0.03398332596517022,0.04088692005033988,0.060643014176669154,0.09196859372684257,0.035959021269544575,0.01618624386082553,0.030260907328457338,0.06474141144046054,0.030686773914080347,0.07654330481099392,0.028958265102055614,0.06420732935132864,0.16013247468306427,0.03545185185340709,0.012918172208440323,0.0,0.0,0.0,0.0,0.0,0.0,0.1,0.0,0.41,0.0,0.0,0.0,0.0,0.0,0.0,0.0,0.0,0.49,0.0,0.0,soft,"{""ai_coding_innovations"": 0.45, ""ai_copyright_theft"": 0.1, ""ai_mass_surveillance"": 0.45}","{""ai_coding_innovations"": 0.41, ""ai_copyright_theft"": 0.1, ""ai_mass_surveillance"": 0.49}"
user_0371,copyright_surveillance,Split: copyright + surveillance,100,0.05964492263085502,0.04735218285133763,0.033827529453148646,0.031134405392499877,0.028183428214207194,0.020867487569381737,0.07954288904813016,0.05894247155356972,0.05902019077418648,0.07398674714963098,0.03398804733168847,0.05855854252094668,0.03618784713542191,0.03016136410752057,0.04714763624143177,0.05438002370114335,0.04026596885443443,0.15145921809441867,0.0288373818099679,0.02651171556607889,0.0,0.0,0.0,0.0,0.0,0.0,0.45,0.0,0.1,0.0,0.0,0.0,0.0,0.0,0.0,0.0,0.0,0.45,0.0,0.0,soft,"{""ai_coding_innovations"": 0.1, ""ai_copyright_theft"": 0.45, ""ai_mass_surveillance"": 0.45}","{""ai_coding_innovations"": 0.1, ""ai_copyright_theft"": 0.45, ""ai_mass_surveillance"": 0.45}"
user_0372,coding_heavy,Mostly AI coding innovations,100,0.017511320171559,0.1316702781999891,0.0161980461219363,0.012146787752371022,0.01820421258302567,0.05279744858204758,0.042164791294639424,0.0312899055596582,0.12621423619134414,0.036599179075897686,0.01755616015784427,0.031183249402117773,0.1014211314512129,0.011027477897108456,0.11198755584873085,0.026590050472139165,0.09543882860434146,0.0654239880960375,0.04358874640704457,0.010986606130955104,0.0,0.0,0.0,0.0,0.0,0.0,0.13,0.0,0.81,0.0,0.0,0.0,0.0,0.0,0.0,0.0,0.0,0.06,0.0,0.0,soft,"{""ai_coding_innovations"": 0.8, ""ai_copyright_theft"": 0.1, ""ai_mass_surveillance"": 0.1}","{""ai_coding_innovations"": 0.81, ""ai_copyright_theft"": 0.13, ""ai_mass_surveillance"": 0.06}"
user_0373,copyright_heavy,Mostly AI copyright / theft concerns,100,0.02944202400131854,0.04078231163296014,0.04989162241681237,0.012529577573783144,0.03624249542843673,0.02228058438820274,0.11778180376042519,0.03536119185239924,0.052839639359959646,0.1111430374237195,0.05218190103933444,0.08654107998336438,0.036065566447373576,0.01495951248234529,0.04528964656825342,0.07712912273376192,0.04051968221735131,0.07230036978981617,0.02853995211091024,0.03817887878947209,0.0,0.0,0.0,0.0,0.0,0.0,0.81,0.0,0.1,0.0,0.0,0.0,0.0,0.0,0.0,0.0,0.0,0.09,0.0,0.0,soft,"{""ai_coding_innovations"": 0.1, ""ai_copyright_theft"": 0.8, ""ai_mass_surveillance"": 0.1}","{""ai_coding_innovations"": 0.1, ""ai_copyright_theft"": 0.81, ""ai_mass_surveillance"": 0.09}"
user_0374,surveillance_heavy,Mostly AI mass surveillance,100,0.0930276728323809,0.048030426729798646,0.018891821984896588,0.05120740929727287,0.020770368669678966,0.01719585056080383,0.043666946609233925,0.0846371804071365,0.06051229216899534,0.03920172018866372,0.016823243046794487,0.0323067824791337,0.03171709569340075,0.04681772780121205,0.04445251882728755,0.03342776011399959,0.036125056119250036,0.23723434209119354,0.02809807759161915,0.015855706787247972,0.0,0.0,0.0,0.0,0.0,0.0,0.11,0.0,0.05,0.0,0.0,0.0,0.0,0.0,0.0,0.0,0.0,0.84,0.0,0.0,soft,"{""ai_coding_innovations"": 0.1, ""ai_copyright_theft"": 0.1, ""ai_mass_surveillance"": 0.8}","{""ai_coding_innovations"": 0.05, ""ai_copyright_theft"": 0.11, ""ai_mass_surveillance"": 0.84}"
user_0375,balanced,Even across all topics,100,0.05323950558218864,0.07624213355773395,0.02426395308970196,0.029445442969513416,0.02301793574748537,0.030872096086028873,0.05826373425214931,0.05564004581564278,0.0822695443040487,0.05296416800132598,0.02430164869994746,0.042979497854728994,0.05734908245437669,0.027608890423643905,0.06859771492081433,0.039921770359746374,0.05807801955140438,0.1425731475044585,0.03368732480366969,0.018684344021390884,0.0,0.0,0.0,0.0,0.0,0.0,0.26,0.0,0.33,0.0,0.0,0.0,0.0,0.0,0.0,0.0,0.0,0.41,0.0,0.0,soft,"{""ai_coding_innovations"": 0.333333, ""ai_copyright_theft"": 0.333333, ""ai_mass_surveillance"": 0.333334}","{""ai_coding_innovations"": 0.33, ""ai_copyright_theft"": 0.26, ""ai_mass_surveillance"": 0.41}"
user_0376,coding_copyright,Split: coding + copyright,100,0.026170744619954014,0.08088733102600329,0.034149626176154114,0.01355618098597939,0.027849533504096975,0.03551418085222626,0.08231241098865934,0.03509662783373451,0.08527299636143011,0.07621166906647399,0.035896252044108734,0.0605753229127432,0.0646089406950748,0.014218101320140456,0.07453048266505073,0.053603122387392385,0.06448218549448856,0.07437705568641154,0.03512963634609464,0.025557599033782942,0.0,0.0,0.0,0.0,0.0,0.0,0.49,0.0,0.41,0.0,0.0,0.0,0.0,0.0,0.0,0.0,0.0,0.1,0.0,0.0,soft,"{""ai_coding_innovations"": 0.45, ""ai_copyright_theft"": 0.45, ""ai_mass_surveillance"": 0.1}","{""ai_coding_innovations"": 0.41, ""ai_copyright_theft"": 0.49, ""ai_mass_surveillance"": 0.1}"
user_0377,coding_surveillance,Split: coding + surveillance,100,0.05482829310731074,0.08580438607729243,0.019471394803392862,0.031110962012777833,0.02050171156705762,0.03375143298792435,0.047307790126932175,0.05739750094252193,0.09006948461407928,0.042213141308138226,0.019222208766565312,0.03495990197339885,0.06380378357408359,0.028612943852756322,0.07534366277770166,0.03285638092955793,0.06346935599999554,0.14914213119633826,0.03519823822785017,0.014935295154325047,0.0,0.0,0.0,0.0,0.0,0.0,0.16,0.0,0.4,0.0,0.0,0.0,0.0,0.0,0.0,0.0,0.0,0.44,0.0,0.0,soft,"{""ai_coding_innovations"": 0.45, ""ai_copyright_theft"": 0.1, ""ai_mass_surveillance"": 0.45}","{""ai_coding_innovations"": 0.4, ""ai_copyright_theft"": 0.16, ""ai_mass_surveillance"": 0.44}"
user_0378,copyright_surveillance,Split: copyright + surveillance,100,0.06158803878475158,0.04514152905355723,0.03392190380767633,0.032135116445116116,0.02826274089954929,0.019932669341949625,0.07963832429721641,0.06031187165233204,0.05728215635340211,0.07410955713545536,0.0339953592406194,0.05862901932335704,0.03435335163201742,0.031080987859930923,0.04536768206590668,0.05459322234527508,0.03870545103079594,0.1558648138891675,0.028429297791873264,0.026656907050050634,0.0,0.0,0.0,0.0,0.0,0.0,0.45,0.0,0.08,0.0,0.0,0.0,0.0,0.0,0.0,0.0,0.0,0.47,0.0,0.0,soft,"{""ai_coding_innovations"": 0.1, ""ai_copyright_theft"": 0.45, ""ai_mass_surveillance"": 0.45}","{""ai_coding_innovations"": 0.08, ""ai_copyright_theft"": 0.45, ""ai_mass_surveillance"": 0.47}"
user_0379,coding_heavy,Mostly AI coding innovations,100,0.02298634000447427,0.13681122312398675,0.011594236544682585,0.015813728900867952,0.015846613773282118,0.05380714902907881,0.03139971766759477,0.03578616088406206,0.13053810765980597,0.0260937723543587,0.012491344042323998,0.023304607125608345,0.1042068415641108,0.013870778831041606,0.11517359535456813,0.01995105833021421,0.09770912940565553,0.08080416337741493,0.04428349179503582,0.007527940231832731,0.0,0.0,0.0,0.0,0.0,0.0,0.03,0.0,0.84,0.0,0.0,0.0,0.0,0.0,0.0,0.0,0.0,0.13,0.0,0.0,soft,"{""ai_coding_innovations"": 0.8, ""ai_copyright_theft"": 0.1, ""ai_mass_surveillance"": 0.1}","{""ai_coding_innovations"": 0.84, ""ai_copyright_theft"": 0.03, ""ai_mass_surveillance"": 0.13}"
user_0380,copyright_heavy,Mostly AI copyright / theft concerns,100,0.03081134808998365,0.035813514769201166,0.051419045539506415,0.012980597360789268,0.03707270973364004,0.020528706001573617,0.12115925048462231,0.036134885408159706,0.048848524567205315,0.11448501491820899,0.053712679332833455,0.08901391171005328,0.032386385383227266,0.015531939018401419,0.04157490574443839,0.07945127827474362,0.0374197893503174,0.07451499068726357,0.027698998266466202,0.039441525359364994,0.0,0.0,0.0,0.0,0.0,0.0,0.84,0.0,0.06,0.0,0.0,0.0,0.0,0.0,0.0,0.0,0.0,0.1,0.0,0.0,soft,"{""ai_coding_innovations"": 0.1, ""ai_copyright_theft"": 0.8, ""ai_mass_surveillance"": 0.1}","{""ai_coding_innovations"": 0.06, ""ai_copyright_theft"": 0.84, ""ai_mass_surveillance"": 0.1}"
user_0381,surveillance_heavy,Mostly AI mass surveillance,100,0.08816988244763943,0.05355706122424974,0.018655886098577323,0.048705631665732246,0.020572086956323742,0.019532896129384116,0.04342835848651829,0.08121368016023064,0.06485737822095629,0.03889469522410275,0.016804963274467188,0.03213059047310771,0.03630333445191199,0.04451866842018614,0.04890240426610022,0.032894763503670245,0.04002635067834628,0.2262203526043214,0.029118287636855665,0.015492728077318647,0.0,0.0,0.0,0.0,0.0,0.0,0.11,0.0,0.1,0.0,0.0,0.0,0.0,0.0,0.0,0.0,0.0,0.79,0.0,0.0,soft,"{""ai_coding_innovations"": 0.1, ""ai_copyright_theft"": 0.1, ""ai_mass_surveillance"": 0.8}","{""ai_coding_innovations"": 0.1, ""ai_copyright_theft"": 0.11, ""ai_mass_surveillance"": 0.79}"
user_0382,balanced,Even across all topics,100,0.05328521948687621,0.05913543753117056,0.03157075846232526,0.028198053220387098,0.026891412874804576,0.025384567948895525,0.07481694450133279,0.054715613248776954,0.06839709081302243,0.06924422052338809,0.031929948486184294,0.055096987679737204,0.045373911395560754,0.02725233997048823,0.056253850416077,0.05078635281019371,0.048040367598969465,0.13822666671007483,0.030910849644780684,0.02448940667695431,0.0,0.0,0.0,0.0,0.0,0.0,0.41,0.0,0.2,0.0,0.0,0.0,0.0,0.0,0.0,0.0,0.0,0.39,0.0,0.0,soft,"{""ai_coding_innovations"": 0.333333, ""ai_copyright_theft"": 0.333333, ""ai_mass_surveillance"": 0.333334}","{""ai_coding_innovations"": 0.2, ""ai_copyright_theft"": 0.41, ""ai_mass_surveillance"": 0.39}"
user_0383,coding_copyright,Split: coding + copyright,100,0.02855506416850979,0.08272264361582432,0.0323175397807054,0.015123028550639786,0.026914425248733765,0.03582457920829554,0.0780159250627501,0.0370320699733723,0.08682874150673638,0.07202178737644083,0.033871056788793714,0.057430913682380486,0.06553977518989353,0.015447384068954753,0.07562690304983309,0.05096884539503557,0.06523425403265037,0.08096968537843743,0.03536672609948168,0.024188651822531167,0.0,0.0,0.0,0.0,0.0,0.0,0.45,0.0,0.42,0.0,0.0,0.0,0.0,0.0,0.0,0.0,0.0,0.13,0.0,0.0,soft,"{""ai_coding_innovations"": 0.45, ""ai_copyright_theft"": 0.45, ""ai_mass_surveillance"": 0.1}","{""ai_coding_innovations"": 0.42, ""ai_copyright_theft"": 0.45, ""ai_mass_surveillance"": 0.13}"
user_0384,coding_surveillance,Split: coding + surveillance,100,0.04749703188638364,0.09869296765601555,0.01716743663530562,0.027674254314356942,0.019170039884983957,0.03873592248115418,0.042534127955591645,0.05248594258834799,0.10031540186330729,0.03740920968898314,0.017160453966595702,0.03146310873098417,0.07390709558592473,0.025244107839518796,0.08533985404010941,0.029156110716542418,0.07202401365634978,0.13370678191461993,0.03747574807171028,0.012840390523214612,0.0,0.0,0.0,0.0,0.0,0.0,0.12,0.0,0.51,0.0,0.0,0.0,0.0,0.0,0.0,0.0,0.0,0.37,0.0,0.0,soft,"{""ai_coding_innovations"": 0.45, ""ai_copyright_theft"": 0.1, ""ai_mass_surveillance"": 0.45}","{""ai_coding_innovations"": 0.51, ""ai_copyright_theft"": 0.12, ""ai_mass_surveillance"": 0.37}"
user_0385,copyright_surveillance,Split: copyright + surveillance,100,0.061720627455323855,0.04385370573193428,0.0344153157894864,0.03211867119868213,0.028526260220393375,0.019504512917645263,0.08074823399710108,0.06034153615445847,0.05624145715928139,0.0752030813026478,0.03450440002029724,0.05944155043185163,0.03343270719453604,0.03111852607988124,0.0444260941538892,0.0553317410849137,0.03793223971239105,0.15586875488919183,0.028216993846741027,0.027053590659352974,0.0,0.0,0.0,0.0,0.0,0.0,0.46,0.0,0.07,0.0,0.0,0.0,0.0,0.0,0.0,0.0,0.0,0.47,0.0,0.0,soft,"{""ai_coding_innovations"": 0.1, ""ai_copyright_theft"": 0.45, ""ai_mass_surveillance"": 0.45}","{""ai_coding_innovations"": 0.07, ""ai_copyright_theft"": 0.46, ""ai_mass_surveillance"": 0.47}"
user_0386,coding_heavy,Mostly AI coding innovations,100,0.020734609126490763,0.13368808721254283,0.013919734921941354,0.014230436089773549,0.017045241349489416,0.053068594248705137,0.03680611329338866,0.03388038324655072,0.1279416633203789,0.03137717821158425,0.01502558007731686,0.02726154746446566,0.10235536263181069,0.012679034302177624,0.11313558705776826,0.023323854062209604,0.09618384954908885,0.07421547468541338,0.04383409809651653,0.009293571052386838,0.0,0.0,0.0,0.0,0.0,0.0,0.08,0.0,0.82,0.0,0.0,0.0,0.0,0.0,0.0,0.0,0.0,0.1,0.0,0.0,soft,"{""ai_coding_innovations"": 0.8, ""ai_copyright_theft"": 0.1, ""ai_mass_surveillance"": 0.1}","{""ai_coding_innovations"": 0.82, ""ai_copyright_theft"": 0.08, ""ai_mass_surveillance"": 0.1}"
user_0387,copyright_heavy,Mostly AI copyright / theft concerns,100,0.03575601324060984,0.04610575297969055,0.04484158803501246,0.016713319495022187,0.033661033640520116,0.023251032145822262,0.10595453805803898,0.04051248272405784,0.05733519281214994,0.09960551152790031,0.04661170009860179,0.07788514499956563,0.0388546732460506,0.018225087072533307,0.048527296898345534,0.06985821117426419,0.04278293542525113,0.08987940196854367,0.029242959434986435,0.03439612502303323,0.0,0.0,0.0,0.0,0.0,0.0,0.7,0.0,0.13,0.0,0.0,0.0,0.0,0.0,0.0,0.0,0.0,0.17,0.0,0.0,soft,"{""ai_coding_innovations"": 0.1, ""ai_copyright_theft"": 0.8, ""ai_mass_surveillance"": 0.1}","{""ai_coding_innovations"": 0.13, ""ai_copyright_theft"": 0.7, ""ai_mass_surveillance"": 0.17}"
user_0388,surveillance_heavy,Mostly AI mass surveillance,100,0.0919235260848603,0.0504235769503118,0.01835122282582266,0.05072349901739875,0.02046719300616384,0.018091416098824246,0.042509319284806155,0.0839228158556289,0.062422008573508235,0.03804679102855908,0.016310546312651185,0.03145901296943392,0.03355498788258439,0.046320377705056565,0.04628408382706754,0.03258264205229512,0.037678526349474176,0.23502760319379476,0.028514423545798674,0.015386427435959762,0.0,0.0,0.0,0.0,0.0,0.0,0.1,0.0,0.07,0.0,0.0,0.0,0.0,0.0,0.0,0.0,0.0,0.83,0.0,0.0,soft,"{""ai_coding_innovations"": 0.1, ""ai_copyright_theft"": 0.1, ""ai_mass_surveillance"": 0.8}","{""ai_coding_innovations"": 0.07, ""ai_copyright_theft"": 0.1, ""ai_mass_surveillance"": 0.83}"
user_0389,balanced,Even across all topics,100,0.04308272141804658,0.08324943615903453,0.02571854206703987,0.023875751194387996,0.02363579326148021,0.034300970639688046,0.06217847918171354,0.04822700328095565,0.08766593684187989,0.056662809748061614,0.02629759631953879,0.04584199987545018,0.06375622997317591,0.022701112665188167,0.07462111123813232,0.04170325277557625,0.06356802230779651,0.1183581346334373,0.035082571122661096,0.01947252529675573,0.0,0.0,0.0,0.0,0.0,0.0,0.3,0.0,0.4,0.0,0.0,0.0,0.0,0.0,0.0,0.0,0.0,0.3,0.0,0.0,soft,"{""ai_coding_innovations"": 0.333333, ""ai_copyright_theft"": 0.333333, ""ai_mass_surveillance"": 0.333334}","{""ai_coding_innovations"": 0.4, ""ai_copyright_theft"": 0.3, ""ai_mass_surveillance"": 0.3}"
user_0390,coding_copyright,Split: coding + copyright,100,0.02241710098273314,0.0840208152999412,0.034454289448908784,0.011538313634312881,0.027954427454256883,0.036955660882786116,0.08323145019037148,0.03238749213833626,0.08770836600887809,0.07705957326201765,0.03639066900592474,0.06124690041641699,0.0673572872644024,0.012416392035270037,0.07714880310408341,0.053915243838767515,0.06683000982336065,0.06556980509693822,0.03573350043715163,0.025663899675141818,0.0,0.0,0.0,0.0,0.0,0.0,0.5,0.0,0.44,0.0,0.0,0.0,0.0,0.0,0.0,0.0,0.0,0.06,0.0,0.0,soft,"{""ai_coding_innovations"": 0.45, ""ai_copyright_theft"": 0.45, ""ai_mass_surveillance"": 0.1}","{""ai_coding_innovations"": 0.44, ""ai_copyright_theft"": 0.5, ""ai_mass_surveillance"": 0.06}"
user_0391,coding_surveillance,Split: coding + surveillance,100,0.05456311576616621,0.08838003272053827,0.01848457083977272,0.031143852505645834,0.019974672925369447,0.03460774583653306,0.04508797072716288,0.05733817193826906,0.09215088300232069,0.040026092973753355,0.018204127207209618,0.03333483975640968,0.06564507244904631,0.028537867412855692,0.07722683860173665,0.031379343450280706,0.06501577863680529,0.14913424919628956,0.03562284611811466,0.01414192793572036,0.0,0.0,0.0,0.0,0.0,0.0,0.14,0.0,0.42,0.0,0.0,0.0,0.0,0.0,0.0,0.0,0.0,0.44,0.0,0.0,soft,"{""ai_coding_innovations"": 0.45, ""ai_copyright_theft"": 0.1, ""ai_mass_surveillance"": 0.45}","{""ai_coding_innovations"": 0.42, ""ai_copyright_theft"": 0.14, ""ai_mass_surveillance"": 0.44}"
user_0392,copyright_surveillance,Split: copyright + surveillance,100,0.05310919343336154,0.05251382450032326,0.03448404317592181,0.027599026215474953,0.028432872457198055,0.023283038516785412,0.08142868507609757,0.05420890021215439,0.06302191285869035,0.07574396053363049,0.03498053720978594,0.059936935929499446,0.04076729252237486,0.027017757413984916,0.05149430003173453,0.055110865925959485,0.044181358600359405,0.13604751481284647,0.02984106798303454,0.02679691259078252,0.0,0.0,0.0,0.0,0.0,0.0,0.47,0.0,0.15,0.0,0.0,0.0,0.0,0.0,0.0,0.0,0.0,0.38,0.0,0.0,soft,"{""ai_coding_innovations"": 0.1, ""ai_copyright_theft"": 0.45, ""ai_mass_surveillance"": 0.45}","{""ai_coding_innovations"": 0.15, ""ai_copyright_theft"": 0.47, ""ai_mass_surveillance"": 0.38}"
user_0393,coding_heavy,Mostly AI coding innovations,100,0.022103933215155875,0.12871929034878388,0.015447158044635421,0.014681455876779666,0.017875455654692722,0.051316715862076014,0.040183560017585745,0.034654076802311196,0.1239505485276247,0.034719155706073736,0.01655635837081587,0.029734379191154597,0.09867618156766439,0.013251460838233746,0.10942084623395319,0.025646009603191283,0.09308395668205498,0.07643009558286086,0.04299314425207252,0.010556217622279745,0.0,0.0,0.0,0.0,0.0,0.0,0.11,0.0,0.78,0.0,0.0,0.0,0.0,0.0,0.0,0.0,0.0,0.11,0.0,0.0,soft,"{""ai_coding_innovations"": 0.8, ""ai_copyright_theft"": 0.1, ""ai_mass_surveillance"": 0.1}","{""ai_coding_innovations"": 0.78, ""ai_copyright_theft"": 0.11, ""ai_mass_surveillance"": 0.11}"
user_0394,copyright_heavy,Mostly AI copyright / theft concerns,100,0.027896673859138774,0.039129495465871786,0.05127748400771485,0.01147953078186489,0.036953740705626896,0.021930933342721778,0.12101609761099288,0.034080785260016185,0.051455576198381876,0.11430079993947238,0.053701711469437065,0.08890819650643768,0.03513812863833395,0.014152503389785865,0.044244837007725996,0.07913148030854598,0.039760566085775134,0.06790659699514033,0.028311124293608117,0.039223738133407376,0.0,0.0,0.0,0.0,0.0,0.0,0.84,0.0,0.09,0.0,0.0,0.0,0.0,0.0,0.0,0.0,0.0,0.07,0.0,0.0,soft,"{""ai_coding_innovations"": 0.1, ""ai_copyright_theft"": 0.8, ""ai_mass_surveillance"": 0.1}","{""ai_coding_innovations"": 0.09, ""ai_copyright_theft"": 0.84, ""ai_mass_surveillance"": 0.07}"
user_0395,surveillance_heavy,Mostly AI mass surveillance,100,0.09276249549123634,0.05060607337304449,0.017904998021276437,0.05124029979014087,0.020243330027990787,0.018052163409412552,0.04144712720946461,0.08457785140288362,0.06259369055723675,0.03701467185427883,0.015805161487438796,0.030681720262144524,0.033558384568363485,0.04674265136131142,0.046335694651322513,0.03195072263472237,0.03767147875605981,0.23722646009114484,0.02852268548188362,0.015062339568643286,0.0,0.0,0.0,0.0,0.0,0.0,0.09,0.0,0.07,0.0,0.0,0.0,0.0,0.0,0.0,0.0,0.0,0.84,0.0,0.0,soft,"{""ai_coding_innovations"": 0.1, ""ai_copyright_theft"": 0.1, ""ai_mass_surveillance"": 0.8}","{""ai_coding_innovations"": 0.07, ""ai_copyright_theft"": 0.09, ""ai_mass_surveillance"": 0.84}"
user_0396,balanced,Even across all topics,100,0.03990286984605714,0.08914106349895097,0.02459015657162818,0.022407575108331624,0.022989785591778913,0.03655951082944492,0.05981550690831481,0.04611357412855929,0.0923543868612978,0.05429154643494016,0.0252685468967867,0.04411122245484546,0.06834926210324534,0.021246600596671994,0.07917421832545496,0.03990641733010141,0.06745522168006399,0.11174185894126536,0.03611930504006751,0.01846137085219345,0.0,0.0,0.0,0.0,0.0,0.0,0.28,0.0,0.45,0.0,0.0,0.0,0.0,0.0,0.0,0.0,0.0,0.27,0.0,0.0,soft,"{""ai_coding_innovations"": 0.333333, ""ai_copyright_theft"": 0.333333, ""ai_mass_surveillance"": 0.333334}","{""ai_coding_innovations"": 0.45, ""ai_copyright_theft"": 0.28, ""ai_mass_surveillance"": 0.27}"
user_0397,coding_copyright,Split: coding + copyright,100,0.023873299837282983,0.09487089114112267,0.029168319180789597,0.013220277924011307,0.02517468395298507,0.04026315420898596,0.07116559636526973,0.034115282763089005,0.09654900551302932,0.06521502240163747,0.030802188292864772,0.052414773426592294,0.07473263282159069,0.013382907244432148,0.08483633887298823,0.04611133566894046,0.07299455759035668,0.07213484778879369,0.03745671780646436,0.021518167198773638,0.0,0.0,0.0,0.0,0.0,0.0,0.39,0.0,0.52,0.0,0.0,0.0,0.0,0.0,0.0,0.0,0.0,0.09,0.0,0.0,soft,"{""ai_coding_innovations"": 0.45, ""ai_copyright_theft"": 0.45, ""ai_mass_surveillance"": 0.1}","{""ai_coding_innovations"": 0.52, ""ai_copyright_theft"": 0.39, ""ai_mass_surveillance"": 0.09}"
user_0398,coding_surveillance,Split: coding + surveillance,100,0.061672637028891114,0.08597653413753122,0.016395008348833187,0.03522892294828085,0.018974327062517365,0.03300925504832642,0.039920163224084586,0.0626674498226862,0.09040224128978668,0.03504971208108871,0.015688170944544055,0.029554091423578347,0.06291031262283521,0.032028671322745575,0.07481496145972376,0.028539544328614604,0.06263976393427574,0.16673692737516313,0.035052029771397396,0.012739275825095573,0.0,0.0,0.0,0.0,0.0,0.0,0.09,0.0,0.39,0.0,0.0,0.0,0.0,0.0,0.0,0.0,0.0,0.52,0.0,0.0,soft,"{""ai_coding_innovations"": 0.45, ""ai_copyright_theft"": 0.1, ""ai_mass_surveillance"": 0.45}","{""ai_coding_innovations"": 0.39, ""ai_copyright_theft"": 0.09, ""ai_mass_surveillance"": 0.52}"
user_0399,copyright_surveillance,Split: copyright + surveillance,100,0.0557152529401195,0.04386405409442825,0.03704547743949983,0.02851751103592119,0.029829781746760587,0.020207438167831496,0.08707366882460713,0.055726622821548895,0.056080382467302445,0.08133439135541704,0.03753305301710614,0.06407006827438268,0.03432957483156356,0.028125072266146845,0.04500640629612199,0.05901665826828425,0.03875478418469644,0.14047281560771704,0.028371464239278717,0.02892552212126598,0.0,0.0,0.0,0.0,0.0,0.0,0.52,0.0,0.08,0.0,0.0,0.0,0.0,0.0,0.0,0.0,0.0,0.4,0.0,0.0,soft,"{""ai_coding_innovations"": 0.1, ""ai_copyright_theft"": 0.45, ""ai_mass_surveillance"": 0.45}","{""ai_coding_innovations"": 0.08, ""ai_copyright_theft"": 0.52, ""ai_mass_surveillance"": 0.4}"
user_0400,coding_heavy,Mostly AI coding innovations,100,0.025592399511232208,0.12816145271809176,0.014155670808260619,0.016732213721314188,0.01724352306284464,0.05073154868012487,0.03704470141610429,0.03730388349345657,0.1235965772684181,0.03168420317614522,0.015043859849644164,0.027437739470491638,0.09776912387329947,0.014978093683203535,0.10868570161895555,0.023856850672538947,0.09228255498999263,0.08522946417228547,0.042813888051279995,0.00965654976231618,0.0,0.0,0.0,0.0,0.0,0.0,0.08,0.0,0.77,0.0,0.0,0.0,0.0,0.0,0.0,0.0,0.0,0.15,0.0,0.0,soft,"{""ai_coding_innovations"": 0.8, ""ai_copyright_theft"": 0.1, ""ai_mass_surveillance"": 0.1}","{""ai_coding_innovations"": 0.77, ""ai_copyright_theft"": 0.08, ""ai_mass_surveillance"": 0.15}"
user_0401,copyright_heavy,Mostly AI copyright / theft concerns,100,0.029442024001318512,0.04078231163296012,0.04989162241681237,0.012529577573783151,0.03624249542843672,0.02228058438820275,0.11778180376042517,0.035361191852399235,0.05283963935995964,0.11114303742371952,0.05218190103933445,0.08654107998336437,0.036065566447373555,0.01495951248234529,0.045289646568253406,0.07712912273376192,0.04051968221735131,0.07230036978981613,0.028539952110910215,0.038178878789472084,0.0,0.0,0.0,0.0,0.0,0.0,0.81,0.0,0.1,0.0,0.0,0.0,0.0,0.0,0.0,0.0,0.0,0.09,0.0,0.0,soft,"{""ai_coding_innovations"": 0.1, ""ai_copyright_theft"": 0.8, ""ai_mass_surveillance"": 0.1}","{""ai_coding_innovations"": 0.1, ""ai_copyright_theft"": 0.81, ""ai_mass_surveillance"": 0.09}"
user_0402,surveillance_heavy,Mostly AI mass surveillance,100,0.08331209206289798,0.05908369571870077,0.01841995021225806,0.04620385403419162,0.020373805242968522,0.02186994169796441,0.04318977036380269,0.0777901799133248,0.06920246427291722,0.03858767025954179,0.01678668350213989,0.03195439846708174,0.040889573210423164,0.042219609039160215,0.053352289704912924,0.032361766893340894,0.04392764523744252,0.21520636311744926,0.030138497682092213,0.015129749367389322,0.0,0.0,0.0,0.0,0.0,0.0,0.11,0.0,0.15,0.0,0.0,0.0,0.0,0.0,0.0,0.0,0.0,0.74,0.0,0.0,soft,"{""ai_coding_innovations"": 0.1, ""ai_copyright_theft"": 0.1, ""ai_mass_surveillance"": 0.8}","{""ai_coding_innovations"": 0.15, ""ai_copyright_theft"": 0.11, ""ai_mass_surveillance"": 0.74}"
user_0403,balanced,Even across all topics,100,0.04237634068224283,0.08177911641467892,0.026658178853396147,0.02334250517521186,0.02412317556049735,0.03391206690479537,0.06435058095693971,0.04760163223582737,0.08645355566403062,0.058788453089534266,0.027312021924429022,0.04743182369123412,0.0628321888499154,0.022316377228883605,0.07362791250185986,0.04307369093278758,0.06280185858280597,0.11616321873611157,0.034862005241443915,0.02019329677337455,0.0,0.0,0.0,0.0,0.0,0.0,0.32,0.0,0.39,0.0,0.0,0.0,0.0,0.0,0.0,0.0,0.0,0.29,0.0,0.0,soft,"{""ai_coding_innovations"": 0.333333, ""ai_copyright_theft"": 0.333333, ""ai_mass_surveillance"": 0.333334}","{""ai_coding_innovations"": 0.39, ""ai_copyright_theft"": 0.32, ""ai_mass_surveillance"": 0.29}"
user_0404,coding_copyright,Split: coding + copyright,100,0.027053151409272398,0.0889792638012062,0.03029670467620129,0.014688454010067669,0.02582069162268637,0.03800461401922904,0.07352856863866838,0.036228711915485406,0.09186055549361138,0.0675862857147589,0.03183123771561684,0.05414555084719701,0.07013960069152121,0.014837419312948321,0.08028323178566565,0.04790817111441526,0.06910735821808915,0.07875112348096565,0.036419983889057976,0.02252932164333592,0.0,0.0,0.0,0.0,0.0,0.0,0.41,0.0,0.47,0.0,0.0,0.0,0.0,0.0,0.0,0.0,0.0,0.12,0.0,0.0,soft,"{""ai_coding_innovations"": 0.45, ""ai_copyright_theft"": 0.45, ""ai_mass_surveillance"": 0.1}","{""ai_coding_innovations"": 0.47, ""ai_copyright_theft"": 0.41, ""ai_mass_surveillance"": 0.12}"
user_0405,coding_surveillance,Split: coding + surveillance,100,0.05359155768921791,0.0894853596194285,0.018437383662508865,0.030643496979337694,0.0199350165826984,0.03507515495024911,0.04504025310261974,0.05665347188888789,0.09301990021271282,0.039964687980841164,0.018200471252744158,0.033299601355204496,0.06656232020074855,0.02807805553665051,0.0781168156894992,0.03127274412821484,0.06579603754862454,0.14693145129891513,0.03582688812716196,0.014069332193734492,0.0,0.0,0.0,0.0,0.0,0.0,0.14,0.0,0.43,0.0,0.0,0.0,0.0,0.0,0.0,0.0,0.0,0.43,0.0,0.0,soft,"{""ai_coding_innovations"": 0.45, ""ai_copyright_theft"": 0.1, ""ai_mass_surveillance"": 0.45}","{""ai_coding_innovations"": 0.43, ""ai_copyright_theft"": 0.14, ""ai_mass_surveillance"": 0.43}"
user_0406,copyright_surveillance,Split: copyright + surveillance,100,0.05867336455390672,0.04845750975022785,0.03378034227588477,0.030634049866191733,0.028143771871536154,0.021334896683097796,0.07949517142358706,0.05825777150418854,0.059889207984578655,0.07392534215671878,0.03398439137722302,0.058523304119741465,0.03710509488712413,0.029701552231315383,0.04803761332919431,0.054273424379077485,0.04104622776625368,0.14925642019704424,0.029041423819015193,0.026439119824093027,0.0,0.0,0.0,0.0,0.0,0.0,0.45,0.0,0.11,0.0,0.0,0.0,0.0,0.0,0.0,0.0,0.0,0.44,0.0,0.0,soft,"{""ai_coding_innovations"": 0.1, ""ai_copyright_theft"": 0.45, ""ai_mass_surveillance"": 0.45}","{""ai_coding_innovations"": 0.11, ""ai_copyright_theft"": 0.45, ""ai_mass_surveillance"": 0.44}"
user_0407,coding_heavy,Mostly AI coding innovations,100,0.020867197797063038,0.13240026389091994,0.014413146903751428,0.014213990843339543,0.017308760670333507,0.05264043782440079,0.037916022993273325,0.03391004774867717,0.12690096412625823,0.032470702378776695,0.015534620856994714,0.02807407857296023,0.10143471819432934,0.012716572522127937,0.1121939991457508,0.024062372801848215,0.09541063823068399,0.07421941568543777,0.043621794151384306,0.00969025466168919,0.0,0.0,0.0,0.0,0.0,0.0,0.09,0.0,0.81,0.0,0.0,0.0,0.0,0.0,0.0,0.0,0.0,0.1,0.0,0.0,soft,"{""ai_coding_innovations"": 0.8, ""ai_copyright_theft"": 0.1, ""ai_mass_surveillance"": 0.1}","{""ai_coding_innovations"": 0.81, ""ai_copyright_theft"": 0.09, ""ai_mass_surveillance"": 0.1}"
user_0408,copyright_heavy,Mostly AI copyright / theft concerns,100,0.030457019461209187,0.04758642108654016,0.04653211289866963,0.013645405351437424,0.0344771728678702,0.024342861130901165,0.11010787111031886,0.03652294043627655,0.058386499298020235,0.10361117823919692,0.04862592749052045,0.08092383902631278,0.0406755820063386,0.015616368695103465,0.050100807776850796,0.0721726902004234,0.044371643622547065,0.07667837858439461,0.029617995708741313,0.035547285008327406,0.0,0.0,0.0,0.0,0.0,0.0,0.74,0.0,0.15,0.0,0.0,0.0,0.0,0.0,0.0,0.0,0.0,0.11,0.0,0.0,soft,"{""ai_coding_innovations"": 0.1, ""ai_copyright_theft"": 0.8, ""ai_mass_surveillance"": 0.1}","{""ai_coding_innovations"": 0.15, ""ai_copyright_theft"": 0.74, ""ai_mass_surveillance"": 0.11}"
user_0409,surveillance_heavy,Mostly AI mass surveillance,100,0.09126058273199897,0.0568626935584264,0.015884162916772315,0.050805725249568764,0.019149596401943404,0.020232198220346057,0.03695977078538288,0.0837744933449967,0.06762550454411179,0.03257917019259691,0.013765342414261946,0.027396357426961015,0.038158210069991164,0.04613268660530499,0.050992023387155035,0.02889004835410207,0.04154458294149861,0.23500789819367307,0.029575943271459897,0.013403009389448056,0.0,0.0,0.0,0.0,0.0,0.0,0.05,0.0,0.12,0.0,0.0,0.0,0.0,0.0,0.0,0.0,0.0,0.83,0.0,0.0,soft,"{""ai_coding_innovations"": 0.1, ""ai_copyright_theft"": 0.1, ""ai_mass_surveillance"": 0.8}","{""ai_coding_innovations"": 0.12, ""ai_copyright_theft"": 0.05, ""ai_mass_surveillance"": 0.83}"
user_0410,balanced,Even across all topics,100,0.05138554071592201,0.0692555276814212,0.028069687412390944,0.027812814419116996,0.025007121286224922,0.028849072032742132,0.06699985897759712,0.05382326168451073,0.07655100238225959,0.06152814636012887,0.028363007073973875,0.04937403151906998,0.05273567020963253,0.026529760554630865,0.06373494288796203,0.04551012231065762,0.054233105739622964,0.13599628181252998,0.032601019269753694,0.021640025669852046,0.0,0.0,0.0,0.0,0.0,0.0,0.34,0.0,0.28,0.0,0.0,0.0,0.0,0.0,0.0,0.0,0.0,0.38,0.0,0.0,soft,"{""ai_coding_innovations"": 0.333333, ""ai_copyright_theft"": 0.333333, ""ai_mass_surveillance"": 0.333334}","{""ai_coding_innovations"": 0.28, ""ai_copyright_theft"": 0.34, ""ai_mass_surveillance"": 0.38}"
user_0411,coding_copyright,Split: coding + copyright,100,0.027407480038046855,0.07720635748386726,0.0351836373170381,0.014023646019419515,0.028416228488456197,0.03419045888990149,0.08457994801297178,0.035840656887368545,0.08232258076279653,0.07846012239377104,0.0369179895579299,0.062235623530937506,0.061850404068409866,0.014752989636246265,0.0717573297532532,0.05518675918873547,0.06215550394585953,0.07658773558383462,0.034500986446782844,0.026423561994373502,0.0,0.0,0.0,0.0,0.0,0.0,0.51,0.0,0.38,0.0,0.0,0.0,0.0,0.0,0.0,0.0,0.0,0.11,0.0,0.0,soft,"{""ai_coding_innovations"": 0.45, ""ai_copyright_theft"": 0.45, ""ai_mass_surveillance"": 0.1}","{""ai_coding_innovations"": 0.38, ""ai_copyright_theft"": 0.51, ""ai_mass_surveillance"": 0.11}"
user_0412,coding_surveillance,Split: coding + surveillance,100,0.055975877237773676,0.09132067220924953,0.01660529726706015,0.0322103445439981,0.018999908327335197,0.0353855533063184,0.04074376717671051,0.05858891402852566,0.09457564535801911,0.035774806290808,0.016175275997429142,0.030155192124841763,0.0674931546955673,0.029307338285464807,0.07921323607428157,0.028638467135858017,0.06654810608678635,0.153524080990941,0.03606397788054901,0.012700384982482722,0.0,0.0,0.0,0.0,0.0,0.0,0.1,0.0,0.44,0.0,0.0,0.0,0.0,0.0,0.0,0.0,0.0,0.46,0.0,0.0,soft,"{""ai_coding_innovations"": 0.45, ""ai_copyright_theft"": 0.1, ""ai_mass_surveillance"": 0.45}","{""ai_coding_innovations"": 0.44, ""ai_copyright_theft"": 0.1, ""ai_mass_surveillance"": 0.46}"
user_0413,copyright_surveillance,Split: copyright + surveillance,100,0.06132286144360702,0.04771717569680304,0.032935079844056206,0.03216800693798414,0.027735702257861115,0.02078898219055835,0.07741850489744712,0.06025254264807918,0.05936355474164351,0.0719225088010705,0.03297727768126369,0.05700395710636791,0.03619464050698013,0.031005911420030303,0.047250857889941676,0.05311618486599788,0.04025187366760571,0.15585693188911884,0.02885390568213776,0.025863539831445934,0.0,0.0,0.0,0.0,0.0,0.0,0.43,0.0,0.1,0.0,0.0,0.0,0.0,0.0,0.0,0.0,0.0,0.47,0.0,0.0,soft,"{""ai_coding_innovations"": 0.1, ""ai_copyright_theft"": 0.45, ""ai_mass_surveillance"": 0.45}","{""ai_coding_innovations"": 0.1, ""ai_copyright_theft"": 0.43, ""ai_mass_surveillance"": 0.47}"
user_0414,coding_heavy,Mostly AI coding innovations,100,0.02431222671019699,0.12393298990775764,0.01652835636278326,0.01564927643652791,0.01848180698172298,0.049525584786035165,0.04249881466644131,0.036082805905326414,0.1201311157185989,0.037029014026282996,0.017581751839102495,0.03142991821055413,0.09500039718929715,0.014246161030544737,0.10575771623439308,0.02733624572660023,0.08997701622160671,0.08084357337765839,0.04216045234371341,0.011494776324856166,0.0,0.0,0.0,0.0,0.0,0.0,0.13,0.0,0.74,0.0,0.0,0.0,0.0,0.0,0.0,0.0,0.0,0.13,0.0,0.0,soft,"{""ai_coding_innovations"": 0.8, ""ai_copyright_theft"": 0.1, ""ai_mass_surveillance"": 0.1}","{""ai_coding_innovations"": 0.74, ""ai_copyright_theft"": 0.13, ""ai_mass_surveillance"": 0.13}"
user_0415,copyright_heavy,Mostly AI copyright / theft concerns,100,0.03156116620872976,0.045193270866027015,0.04707271205774353,0.01412931563131154,0.034780348531385334,0.023447295592880738,0.11126549843474662,0.03723730498778415,0.05647678289350734,0.10476610739930155,0.049138624224663745,0.08177160853601252,0.038837689817155005,0.016113718791258957,0.04826924277707077,0.07301780826212788,0.042818173392322925,0.07888511748179336,0.02920164975456176,0.036016564359615616,0.0,0.0,0.0,0.0,0.0,0.0,0.75,0.0,0.13,0.0,0.0,0.0,0.0,0.0,0.0,0.0,0.0,0.12,0.0,0.0,soft,"{""ai_coding_innovations"": 0.1, ""ai_copyright_theft"": 0.8, ""ai_mass_surveillance"": 0.1}","{""ai_coding_innovations"": 0.13, ""ai_copyright_theft"": 0.75, ""ai_mass_surveillance"": 0.12}"
user_0416,surveillance_heavy,Mostly AI mass surveillance,100,0.08666796968840204,0.05981368140963164,0.016635050994073194,0.048271057125160124,0.01947835333027636,0.02171293094031763,0.038941002062436565,0.08041032210234375,0.06988919220783131,0.034459193562420824,0.014765144201290345,0.028845227637924204,0.04090315995353967,0.04390870366417971,0.053558733001932736,0.029834089223049955,0.0438994548637851,0.22400179070684964,0.03017154542643194,0.013833397898123413,0.0,0.0,0.0,0.0,0.0,0.0,0.07,0.0,0.15,0.0,0.0,0.0,0.0,0.0,0.0,0.0,0.0,0.78,0.0,0.0,soft,"{""ai_coding_innovations"": 0.1, ""ai_copyright_theft"": 0.1, ""ai_mass_surveillance"": 0.8}","{""ai_coding_innovations"": 0.15, ""ai_copyright_theft"": 0.07, ""ai_mass_surveillance"": 0.78}"
user_0417,balanced,Even across all topics,100,0.051783306727638805,0.06539205771655246,0.029549923357821143,0.027763478679815004,0.025797679248757182,0.027564602759829027,0.07032958807725107,0.05391225519089005,0.07342890479989746,0.06480871886170615,0.029890129413007425,0.051811624844553705,0.04997373689718841,0.0266423752144818,0.06091017915190949,0.04772567852957342,0.05191347178440835,0.136008104812603,0.031964107434356966,0.022830076497759075,0.0,0.0,0.0,0.0,0.0,0.0,0.37,0.0,0.25,0.0,0.0,0.0,0.0,0.0,0.0,0.0,0.0,0.38,0.0,0.0,soft,"{""ai_coding_innovations"": 0.333333, ""ai_copyright_theft"": 0.333333, ""ai_mass_surveillance"": 0.333334}","{""ai_coding_innovations"": 0.25, ""ai_copyright_theft"": 0.37, ""ai_mass_surveillance"": 0.38}"
user_0418,coding_copyright,Split: coding + copyright,100,0.02502088396774591,0.10038717727307975,0.026302221644456895,0.014319660455231576,0.02367288071326262,0.04189727452738002,0.06460157341504807,0.03530669584909274,0.10105516625696916,0.05877668738430725,0.027755255523728574,0.04761006357803522,0.07842200394307437,0.014077301677140629,0.08870591216956814,0.04189342187524056,0.0760733076771475,0.07651679758339643,0.038322457459163184,0.019283257026931303,0.0,0.0,0.0,0.0,0.0,0.0,0.33,0.0,0.56,0.0,0.0,0.0,0.0,0.0,0.0,0.0,0.0,0.11,0.0,0.0,soft,"{""ai_coding_innovations"": 0.45, ""ai_copyright_theft"": 0.45, ""ai_mass_surveillance"": 0.1}","{""ai_coding_innovations"": 0.56, ""ai_copyright_theft"": 0.33, ""ai_mass_surveillance"": 0.11}"
user_0419,coding_surveillance,Split: coding + surveillance,100,0.05041170611722852,0.09537698695934493,0.017308998167097175,0.029175320893281332,0.019289008912997098,0.03733369514000602,0.042677280829221044,0.05454004273649152,0.0977083502321308,0.03759342466771973,0.01717142182999208,0.03156882393459976,0.07115535233081802,0.026623543468134347,0.0826699227768218,0.029475908682740037,0.06968323692089204,0.14031517560674323,0.03686362204456836,0.013058177749172213,0.0,0.0,0.0,0.0,0.0,0.0,0.12,0.0,0.48,0.0,0.0,0.0,0.0,0.0,0.0,0.0,0.0,0.4,0.0,0.0,soft,"{""ai_coding_innovations"": 0.45, ""ai_copyright_theft"": 0.1, ""ai_mass_surveillance"": 0.45}","{""ai_coding_innovations"": 0.48, ""ai_copyright_theft"": 0.12, ""ai_mass_surveillance"": 0.4}"
user_0420,copyright_surveillance,Split: copyright + surveillance,100,0.05867336455390672,0.04845750975022783,0.03378034227588478,0.030634049866191736,0.028143771871536147,0.021334896683097807,0.07949517142358706,0.05825777150418851,0.059889207984578655,0.0739253421567188,0.03398439137722302,0.05852330411974146,0.03710509488712414,0.029701552231315383,0.0480376133291943,0.054273424379077506,0.04104622776625369,0.14925642019704422,0.0290414238190152,0.026439119824093027,0.0,0.0,0.0,0.0,0.0,0.0,0.45,0.0,0.11,0.0,0.0,0.0,0.0,0.0,0.0,0.0,0.0,0.44,0.0,0.0,soft,"{""ai_coding_innovations"": 0.1, ""ai_copyright_theft"": 0.45, ""ai_mass_surveillance"": 0.45}","{""ai_coding_innovations"": 0.11, ""ai_copyright_theft"": 0.45, ""ai_mass_surveillance"": 0.44}"
user_0421,coding_heavy,Mostly AI coding innovations,100,0.02157357853286677,0.13387058363527551,0.013473510117395143,0.014747236862515676,0.016821378371316375,0.05302934155929345,0.035743921218047134,0.03453541879380546,0.12811334530410748,0.030345059037304,0.01452019525210447,0.026484254757176286,0.10235875931758978,0.013101307958432487,0.11318719788202325,0.022691934644636858,0.09617680195567448,0.07641433158276346,0.04384236003260146,0.008969483185070362,0.0,0.0,0.0,0.0,0.0,0.0,0.07,0.0,0.82,0.0,0.0,0.0,0.0,0.0,0.0,0.0,0.0,0.11,0.0,0.0,soft,"{""ai_coding_innovations"": 0.8, ""ai_copyright_theft"": 0.1, ""ai_mass_surveillance"": 0.1}","{""ai_coding_innovations"": 0.82, ""ai_copyright_theft"": 0.07, ""ai_mass_surveillance"": 0.11}"
user_0422,copyright_heavy,Mostly AI copyright / theft concerns,100,0.03403463704491543,0.03783132378175492,0.0491407343395115,0.015064245698191779,0.03591373850010377,0.020799851668231197,0.1158005724833715,0.03872536309505223,0.05057595169624012,0.10926301405389563,0.051182099252306074,0.0850922097724012,0.03332061656382506,0.017183495423470578,0.0427229369534757,0.07618508186481404,0.038164810295064855,0.08330647727663956,0.027944349955938173,0.03774849028079673,0.0,0.0,0.0,0.0,0.0,0.0,0.79,0.0,0.07,0.0,0.0,0.0,0.0,0.0,0.0,0.0,0.0,0.14,0.0,0.0,soft,"{""ai_coding_innovations"": 0.1, ""ai_copyright_theft"": 0.8, ""ai_mass_surveillance"": 0.1}","{""ai_coding_innovations"": 0.07, ""ai_copyright_theft"": 0.79, ""ai_mass_surveillance"": 0.14}"
user_0423,surveillance_heavy,Mostly AI mass surveillance,100,0.088435059788784,0.050981414581003894,0.01964271006219746,0.04867274117286424,0.021099125598011928,0.018676583280775396,0.04564817788628762,0.08127300916448353,0.06277597983271488,0.041081743558487614,0.017823044833822896,0.03375565269009686,0.034462045576949235,0.04459374486008677,0.047019228442065235,0.03437180098294745,0.03847992804153649,0.2262282346043701,0.028693679746591205,0.016286095295923342,0.0,0.0,0.0,0.0,0.0,0.0,0.13,0.0,0.08,0.0,0.0,0.0,0.0,0.0,0.0,0.0,0.0,0.79,0.0,0.0,soft,"{""ai_coding_innovations"": 0.1, ""ai_copyright_theft"": 0.1, ""ai_mass_surveillance"": 0.8}","{""ai_coding_innovations"": 0.08, ""ai_copyright_theft"": 0.13, ""ai_mass_surveillance"": 0.79}"
user_0424,balanced,Even across all topics,100,0.045777932212434445,0.0654024060790464,0.03218008500783458,0.024162318517054082,0.027101200775124387,0.028267528010015246,0.07665502290475709,0.049297341857980466,0.07326783010791849,0.07094002891447541,0.03291878240981631,0.05644014268708481,0.050870604534215935,0.0236489214007474,0.0614904912941423,0.051410595712943985,0.0527360162567137,0.12061216553112818,0.032118577826894645,0.024702007959672062,0.0,0.0,0.0,0.0,0.0,0.0,0.43,0.0,0.26,0.0,0.0,0.0,0.0,0.0,0.0,0.0,0.0,0.31,0.0,0.0,soft,"{""ai_coding_innovations"": 0.333333, ""ai_copyright_theft"": 0.333333, ""ai_mass_surveillance"": 0.333334}","{""ai_coding_innovations"": 0.26, ""ai_copyright_theft"": 0.43, ""ai_mass_surveillance"": 0.31}"
user_0425,coding_copyright,Split: coding + copyright,100,0.027185740079844666,0.08769144047958331,0.03079011665801136,0.014672008763633676,0.02608421094353046,0.0375764575949247,0.07463847833855305,0.036258376417611836,0.09081985629949069,0.06867980988195135,0.03234027849529471,0.054958081955691566,0.0692189562540399,0.014874957532898638,0.07934164387364814,0.04864668985405388,0.06833414689968427,0.07875506448098997,0.03620767994392572,0.022926005252638264,0.0,0.0,0.0,0.0,0.0,0.0,0.42,0.0,0.46,0.0,0.0,0.0,0.0,0.0,0.0,0.0,0.0,0.12,0.0,0.0,soft,"{""ai_coding_innovations"": 0.45, ""ai_copyright_theft"": 0.45, ""ai_mass_surveillance"": 0.1}","{""ai_coding_innovations"": 0.46, ""ai_copyright_theft"": 0.42, ""ai_mass_surveillance"": 0.12}"
user_0426,coding_surveillance,Split: coding + surveillance,100,0.06012728688671136,0.08432371797044286,0.017780869939735697,0.0341788761563626,0.019685572339707545,0.03265960400284547,0.04315445707465233,0.061387043230303195,0.08901817812820899,0.03820747459684163,0.017207981374646686,0.03192120794665173,0.061982874813795635,0.03122166223018616,0.0737701518991964,0.030541901903398706,0.061880647802699605,0.16234315458048737,0.034823201954095294,0.013784135169030869,0.0,0.0,0.0,0.0,0.0,0.0,0.12,0.0,0.38,0.0,0.0,0.0,0.0,0.0,0.0,0.0,0.0,0.5,0.0,0.0,soft,"{""ai_coding_innovations"": 0.45, ""ai_copyright_theft"": 0.1, ""ai_mass_surveillance"": 0.45}","{""ai_coding_innovations"": 0.38, ""ai_copyright_theft"": 0.12, ""ai_mass_surveillance"": 0.5}"
user_0427,copyright_surveillance,Split: copyright + surveillance,100,0.06746082462938364,0.046419004012686185,0.030798330175852803,0.035752721854311026,0.026695700052337994,0.01965790051606776,0.07220297976982576,0.06489712048311518,0.05848393023950177,0.06688472291549365,0.03045766546413267,0.053187970372331334,0.03437712843247124,0.034036903453714996,0.04572895783569135,0.050169786422265904,0.038656117876895414,0.17125681217061803,0.028487131344467786,0.024388291978835297,0.0,0.0,0.0,0.0,0.0,0.0,0.38,0.0,0.08,0.0,0.0,0.0,0.0,0.0,0.0,0.0,0.0,0.54,0.0,0.0,soft,"{""ai_coding_innovations"": 0.1, ""ai_copyright_theft"": 0.45, ""ai_mass_surveillance"": 0.45}","{""ai_coding_innovations"": 0.08, ""ai_copyright_theft"": 0.38, ""ai_mass_surveillance"": 0.54}"
user_0428,coding_heavy,Mostly AI coding innovations,100,0.021662729820496687,0.12467332396118241,0.01737361879461183,0.014115319364735528,0.01888987659539802,0.0500714992785746,0.04457548119258124,0.03408803476143575,0.12065676896153402,0.03903184738193128,0.018588865535061803,0.03294926522392771,0.09591085156944114,0.012941801841829817,0.10654447167364577,0.02849348523967982,0.09077137032025465,0.07424306168558381,0.04234797048059084,0.012070356317503252,0.0,0.0,0.0,0.0,0.0,0.0,0.15,0.0,0.75,0.0,0.0,0.0,0.0,0.0,0.0,0.0,0.0,0.1,0.0,0.0,soft,"{""ai_coding_innovations"": 0.8, ""ai_copyright_theft"": 0.1, ""ai_mass_surveillance"": 0.1}","{""ai_coding_innovations"": 0.75, ""ai_copyright_theft"": 0.15, ""ai_mass_surveillance"": 0.1}"
user_0429,copyright_heavy,Mostly AI copyright / theft concerns,100,0.02886823193608706,0.03802416856698158,0.051324671184978736,0.011979886308173027,0.03699339704829795,0.02146352422900573,0.12106381523553605,0.03476548530939737,0.05058655898798969,0.11436220493238465,0.053705367423902556,0.08894343490764292,0.03422088088663172,0.014612315265991055,0.043354859919963476,0.07923807963061189,0.0389803071739559,0.07010939489251472,0.028107082284560807,0.03929633387539326,0.0,0.0,0.0,0.0,0.0,0.0,0.84,0.0,0.08,0.0,0.0,0.0,0.0,0.0,0.0,0.0,0.0,0.08,0.0,0.0,soft,"{""ai_coding_innovations"": 0.1, ""ai_copyright_theft"": 0.8, ""ai_mass_surveillance"": 0.1}","{""ai_coding_innovations"": 0.08, ""ai_copyright_theft"": 0.84, ""ai_mass_surveillance"": 0.08}"
user_0430,surveillance_heavy,Mostly AI mass surveillance,100,0.09316026150295319,0.04674260340817575,0.01938523396670664,0.05119096405083887,0.02103388799052306,0.016767694136499468,0.044776856309118616,0.08466684490926295,0.05947159297487463,0.04029524435585612,0.01733228382647235,0.03311931358762825,0.03079645125591941,0.04685526602116237,0.04351093091527005,0.03416627885363819,0.035351844800845154,0.2372382830912179,0.027885773646486908,0.016252390396550326,0.0,0.0,0.0,0.0,0.0,0.0,0.12,0.0,0.04,0.0,0.0,0.0,0.0,0.0,0.0,0.0,0.0,0.84,0.0,0.0,soft,"{""ai_coding_innovations"": 0.1, ""ai_copyright_theft"": 0.1, ""ai_mass_surveillance"": 0.8}","{""ai_coding_innovations"": 0.04, ""ai_copyright_theft"": 0.12, ""ai_mass_surveillance"": 0.84}"
user_0431,balanced,Even across all topics,100,0.04696895372583972,0.07882812856347372,0.025907290776095274,0.0258771732996205,0.023794418632164385,0.0324313341848238,0.06236934967988601,0.0509658034784803,0.08418986800031115,0.056908429719710364,0.026312220137400616,0.04598295348027093,0.06008723896636692,0.024540360170008876,0.0710612028870821,0.04212965006383972,0.060446986660519536,0.12716932622293492,0.034266403086471865,0.01976290826469919,0.0,0.0,0.0,0.0,0.0,0.0,0.3,0.0,0.36,0.0,0.0,0.0,0.0,0.0,0.0,0.0,0.0,0.34,0.0,0.0,soft,"{""ai_coding_innovations"": 0.333333, ""ai_copyright_theft"": 0.333333, ""ai_mass_surveillance"": 0.333334}","{""ai_coding_innovations"": 0.36, ""ai_copyright_theft"": 0.3, ""ai_mass_surveillance"": 0.34}"
user_0432,coding_copyright,Split: coding + copyright,100,0.0265227967269833,0.09413055708769788,0.02832305674896102,0.014754234995803688,0.024766614339310017,0.03971723971644651,0.06908892983912979,0.03611005390697965,0.09602335227009416,0.06321218904598917,0.029795074596905443,0.050895426413218724,0.07382217844144667,0.014687266433147068,0.0840495834337356,0.04495409615586085,0.0722002034917087,0.07873535948086824,0.03726919966958692,0.020942587206126538,0.0,0.0,0.0,0.0,0.0,0.0,0.37,0.0,0.51,0.0,0.0,0.0,0.0,0.0,0.0,0.0,0.0,0.12,0.0,0.0,soft,"{""ai_coding_innovations"": 0.45, ""ai_copyright_theft"": 0.45, ""ai_mass_surveillance"": 0.1}","{""ai_coding_innovations"": 0.51, ""ai_copyright_theft"": 0.37, ""ai_mass_surveillance"": 0.12}"
user_0433,coding_surveillance,Split: coding + surveillance,100,0.054430527095593886,0.08966785604216114,0.017991158857962652,0.031160297752079832,0.019711153604525355,0.03503590226083743,0.04397806102727823,0.05730850743614261,0.09319158219644141,0.03893256880656092,0.017695086427531766,0.03252230864791512,0.06656571688652767,0.02850032919290538,0.07816842651375412,0.03064082471064211,0.0657889899552102,0.1491303081962652,0.03583515006324688,0.013745244326418011,0.0,0.0,0.0,0.0,0.0,0.0,0.13,0.0,0.43,0.0,0.0,0.0,0.0,0.0,0.0,0.0,0.0,0.44,0.0,0.0,soft,"{""ai_coding_innovations"": 0.45, ""ai_copyright_theft"": 0.1, ""ai_mass_surveillance"": 0.45}","{""ai_coding_innovations"": 0.43, ""ai_copyright_theft"": 0.13, ""ai_mass_surveillance"": 0.44}"
user_0434,copyright_surveillance,Split: copyright + surveillance,100,0.055715252940119496,0.04386405409442825,0.03704547743949984,0.028517511035921192,0.029829781746760584,0.020207438167831486,0.0870736688246071,0.055726622821548895,0.056080382467302445,0.08133439135541702,0.03753305301710612,0.0640700682743827,0.03432957483156354,0.028125072266146845,0.045006406296122,0.05901665826828425,0.03875478418469643,0.14047281560771702,0.028371464239278717,0.02892552212126597,0.0,0.0,0.0,0.0,0.0,0.0,0.52,0.0,0.08,0.0,0.0,0.0,0.0,0.0,0.0,0.0,0.0,0.4,0.0,0.0,soft,"{""ai_coding_innovations"": 0.1, ""ai_copyright_theft"": 0.45, ""ai_mass_surveillance"": 0.45}","{""ai_coding_innovations"": 0.08, ""ai_copyright_theft"": 0.52, ""ai_mass_surveillance"": 0.4}"
user_0435,coding_heavy,Mostly AI coding innovations,100,0.022103933215155868,0.12871929034878385,0.015447158044635418,0.014681455876779657,0.01787545565469272,0.051316715862076,0.04018356001758572,0.03465407680231119,0.12395054852762467,0.03471915570607372,0.016556358370815868,0.029734379191154594,0.09867618156766433,0.013251460838233739,0.1094208462339532,0.025646009603191265,0.09308395668205495,0.07643009558286086,0.042993144252072485,0.010556217622279741,0.0,0.0,0.0,0.0,0.0,0.0,0.11,0.0,0.78,0.0,0.0,0.0,0.0,0.0,0.0,0.0,0.0,0.11,0.0,0.0,soft,"{""ai_coding_innovations"": 0.8, ""ai_copyright_theft"": 0.1, ""ai_mass_surveillance"": 0.1}","{""ai_coding_innovations"": 0.78, ""ai_copyright_theft"": 0.11, ""ai_mass_surveillance"": 0.11}"
user_0436,copyright_heavy,Mostly AI copyright / theft concerns,100,0.029309435330746272,0.04207013495458306,0.04939821043500232,0.012546022820217141,0.03597897610759264,0.02270874081250711,0.11667189406054053,0.03533152735027281,0.053880338554080344,0.11004951325652707,0.0516728602596566,0.08572854887486982,0.036986210884854924,0.014921974262394977,0.04623123448027091,0.07639060399412331,0.041292893535756194,0.07229642878979184,0.028752256056042477,0.03778219518016974,0.0,0.0,0.0,0.0,0.0,0.0,0.8,0.0,0.11,0.0,0.0,0.0,0.0,0.0,0.0,0.0,0.0,0.09,0.0,0.0,soft,"{""ai_coding_innovations"": 0.1, ""ai_copyright_theft"": 0.8, ""ai_mass_surveillance"": 0.1}","{""ai_coding_innovations"": 0.11, ""ai_copyright_theft"": 0.8, ""ai_mass_surveillance"": 0.09}"
user_0437,surveillance_heavy,Mostly AI mass surveillance,100,0.09095196800791203,0.051528903849202015,0.01830403564855881,0.05022314349109063,0.020427536663492795,0.01855882521254031,0.04246160166026301,0.08323811580624774,0.06329102578390043,0.03798538603564689,0.016306890358185725,0.03142377456822873,0.03447223563428663,0.04586056582885138,0.047174060914830104,0.032476042730229256,0.03845878526129343,0.23282480529642036,0.028718465554846,0.015313831693973903,0.0,0.0,0.0,0.0,0.0,0.0,0.1,0.0,0.08,0.0,0.0,0.0,0.0,0.0,0.0,0.0,0.0,0.82,0.0,0.0,soft,"{""ai_coding_innovations"": 0.1, ""ai_copyright_theft"": 0.1, ""ai_mass_surveillance"": 0.8}","{""ai_coding_innovations"": 0.08, ""ai_copyright_theft"": 0.1, ""ai_mass_surveillance"": 0.82}"
user_0438,balanced,Even across all topics,100,0.047323282354614186,0.06705522224613472,0.030794223416932085,0.02521236530897233,0.026389955497934218,0.028617179055496225,0.07342072905418938,0.0505777484503635,0.07465189326949624,0.0677822663987225,0.03139897197971367,0.05407302616401146,0.05179804234325554,0.024455930493306823,0.06253530085466973,0.04940823813815989,0.05349513238828988,0.12500593832580398,0.03234740564419676,0.023657148615736767,0.0,0.0,0.0,0.0,0.0,0.0,0.4,0.0,0.27,0.0,0.0,0.0,0.0,0.0,0.0,0.0,0.0,0.33,0.0,0.0,soft,"{""ai_coding_innovations"": 0.333333, ""ai_copyright_theft"": 0.333333, ""ai_mass_surveillance"": 0.333334}","{""ai_coding_innovations"": 0.27, ""ai_copyright_theft"": 0.4, ""ai_mass_surveillance"": 0.33}"
user_0439,coding_copyright,Split: coding + copyright,100,0.025507801267092643,0.08732644763411786,0.03168256626710378,0.013638407218149419,0.026531936899876547,0.03765496297374807,0.07676286248923608,0.03494830532310235,0.09047649233203361,0.07074404823051182,0.03335104814571948,0.05651266737027036,0.06921216288248161,0.014030410220388895,0.07923842222513823,0.049910528689199346,0.06834824208651298,0.07435735068628982,0.036191156071755846,0.023574180987271227,0.0,0.0,0.0,0.0,0.0,0.0,0.44,0.0,0.46,0.0,0.0,0.0,0.0,0.0,0.0,0.0,0.0,0.1,0.0,0.0,soft,"{""ai_coding_innovations"": 0.45, ""ai_copyright_theft"": 0.45, ""ai_mass_surveillance"": 0.1}","{""ai_coding_innovations"": 0.46, ""ai_copyright_theft"": 0.44, ""ai_mass_surveillance"": 0.1}"
user_0440,coding_surveillance,Split: coding + surveillance,100,0.05080947212894535,0.09151351699447619,0.01878923411252737,0.029125985153979315,0.020079566875529354,0.0360492258670929,0.046007009928875,0.054629036242870826,0.09458625264976858,0.04087399716929702,0.018698544169025635,0.034006417260083466,0.06839341901837391,0.026736158127985285,0.07984515904076935,0.03169146490165583,0.06736360296567738,0.14032699860681627,0.036226710209171654,0.014248228577079247,0.0,0.0,0.0,0.0,0.0,0.0,0.15,0.0,0.45,0.0,0.0,0.0,0.0,0.0,0.0,0.0,0.0,0.4,0.0,0.0,soft,"{""ai_coding_innovations"": 0.45, ""ai_copyright_theft"": 0.1, ""ai_mass_surveillance"": 0.45}","{""ai_coding_innovations"": 0.45, ""ai_copyright_theft"": 0.15, ""ai_mass_surveillance"": 0.4}"
user_0441,copyright_surveillance,Split: copyright + surveillance,100,0.060307865983716395,0.040913066243223044,0.036294589362198974,0.031052179160329853,0.029501024818427646,0.018726705447859933,0.08509243754755344,0.059090794064201896,0.05381669480358294,0.07945436798559316,0.03653325123007773,0.06262119806341952,0.03158462494801508,0.03034905520727213,0.042439696681344286,0.05807261739933639,0.036399912262409996,0.15147892309454042,0.02777586208430668,0.028495133612590626,0.0,0.0,0.0,0.0,0.0,0.0,0.5,0.0,0.05,0.0,0.0,0.0,0.0,0.0,0.0,0.0,0.0,0.45,0.0,0.0,soft,"{""ai_coding_innovations"": 0.1, ""ai_copyright_theft"": 0.45, ""ai_mass_surveillance"": 0.45}","{""ai_coding_innovations"": 0.05, ""ai_copyright_theft"": 0.5, ""ai_mass_surveillance"": 0.45}"
user_0442,coding_heavy,Mostly AI coding innovations,100,0.02435566409313936,0.13184242626022785,0.013121659667376636,0.016264748687874066,0.016676828078485428,0.05205527064244966,0.03477716439179187,0.036559854439822535,0.12654699286705165,0.02943574984884816,0.014022122335823011,0.02577743885229728,0.10052766049996446,0.01444320536709773,0.1114588545307531,0.022273213871195865,0.09460923653862167,0.08301878427486238,0.043442537950591796,0.008790586801725625,0.0,0.0,0.0,0.0,0.0,0.0,0.06,0.0,0.8,0.0,0.0,0.0,0.0,0.0,0.0,0.0,0.0,0.14,0.0,0.0,soft,"{""ai_coding_innovations"": 0.8, ""ai_copyright_theft"": 0.1, ""ai_mass_surveillance"": 0.1}","{""ai_coding_innovations"": 0.8, ""ai_copyright_theft"": 0.06, ""ai_mass_surveillance"": 0.14}"
user_0443,copyright_heavy,Mostly AI copyright / theft concerns,100,0.030413582078266832,0.03967698473406994,0.04993880959407622,0.013029933100091276,0.036282151771107767,0.021813175274486684,0.11782952138496831,0.03604589190178041,0.05197062214956746,0.11120444241663167,0.0521855569937999,0.08657631838456957,0.035148318695671345,0.015419324358550472,0.04439966948049087,0.07723572205582778,0.03973942330553207,0.07450316768719059,0.028335910101862927,0.03825147453145795,0.0,0.0,0.0,0.0,0.0,0.0,0.81,0.0,0.09,0.0,0.0,0.0,0.0,0.0,0.0,0.0,0.0,0.1,0.0,0.0,soft,"{""ai_coding_innovations"": 0.1, ""ai_copyright_theft"": 0.8, ""ai_mass_surveillance"": 0.1}","{""ai_coding_innovations"": 0.09, ""ai_copyright_theft"": 0.81, ""ai_mass_surveillance"": 0.1}"
user_0444,surveillance_heavy,Mostly AI mass surveillance,100,0.08706573570011887,0.05595021144476285,0.0181152869395034,0.04822172138585812,0.020268911292808608,0.02042846166740453,0.04227073116209052,0.08049931560872305,0.06676709462546916,0.03773976606399812,0.016292266540323876,0.03128282096340793,0.03814122664109558,0.04402131832403063,0.05073396926588024,0.032049645441965764,0.0415798209085704,0.2240136137069226,0.029534633591035208,0.015023448726030437,0.0,0.0,0.0,0.0,0.0,0.0,0.1,0.0,0.12,0.0,0.0,0.0,0.0,0.0,0.0,0.0,0.0,0.78,0.0,0.0,soft,"{""ai_coding_innovations"": 0.1, ""ai_copyright_theft"": 0.1, ""ai_mass_surveillance"": 0.8}","{""ai_coding_innovations"": 0.12, ""ai_copyright_theft"": 0.1, ""ai_mass_surveillance"": 0.78}"
user_0445,balanced,Even across all topics,100,0.04056581319891853,0.08270194689083642,0.027057216480678506,0.02232534887616161,0.024307382195999348,0.034418728707923125,0.06536505540773811,0.046261896639191454,0.08715089089069429,0.05975916727090232,0.027813750795175958,0.048173877997318294,0.0637460399158385,0.02143429169642355,0.07446627876536743,0.043599011028294464,0.0635891650880396,0.11176156394138707,0.03505778531440627,0.02044478889870516,0.0,0.0,0.0,0.0,0.0,0.0,0.33,0.0,0.4,0.0,0.0,0.0,0.0,0.0,0.0,0.0,0.0,0.27,0.0,0.0,soft,"{""ai_coding_innovations"": 0.333333, ""ai_copyright_theft"": 0.333333, ""ai_mass_surveillance"": 0.333334}","{""ai_coding_innovations"": 0.4, ""ai_copyright_theft"": 0.33, ""ai_mass_surveillance"": 0.27}"
user_0446,coding_copyright,Split: coding + copyright,100,0.026964000121642493,0.09817652347529933,0.02639659599898461,0.015320371507847827,0.02375219339860471,0.04096245629994789,0.06469700866413432,0.0366760959478551,0.0993171318361848,0.05889949737013166,0.027762567432659507,0.047680540380445606,0.07658750843966987,0.014996925429550993,0.08692595799404304,0.04210662051937233,0.07451278985350905,0.08092239337814532,0.03791437344106859,0.019428448510903043,0.0,0.0,0.0,0.0,0.0,0.0,0.33,0.0,0.54,0.0,0.0,0.0,0.0,0.0,0.0,0.0,0.0,0.13,0.0,0.0,soft,"{""ai_coding_innovations"": 0.45, ""ai_copyright_theft"": 0.45, ""ai_mass_surveillance"": 0.1}","{""ai_coding_innovations"": 0.54, ""ai_copyright_theft"": 0.33, ""ai_mass_surveillance"": 0.13}"
user_0447,coding_surveillance,Split: coding + surveillance,100,0.05959693220442231,0.08947501125693451,0.015807222012495417,0.034244657142098595,0.0186314950563312,0.034372229700062894,0.0387148182751137,0.06126838522179744,0.09318097490469184,0.03383337792807189,0.01517181825593529,0.02867108351267338,0.06566545256372106,0.03107150935038491,0.0775365035472664,0.027587826944844265,0.06497349307631911,0.16232739058038997,0.035672417734624276,0.0121974007318215,0.0,0.0,0.0,0.0,0.0,0.0,0.08,0.0,0.42,0.0,0.0,0.0,0.0,0.0,0.0,0.0,0.0,0.5,0.0,0.0,soft,"{""ai_coding_innovations"": 0.45, ""ai_copyright_theft"": 0.1, ""ai_mass_surveillance"": 0.45}","{""ai_coding_innovations"": 0.42, ""ai_copyright_theft"": 0.08, ""ai_mass_surveillance"": 0.5}"
user_0448,copyright_surveillance,Split: copyright + surveillance,100,0.0664892665524354,0.04752433091157637,0.03075114299858899,0.03525236632800292,0.026656043709666948,0.02012530962978382,0.07215526214528264,0.06421242043373403,0.05935294744989395,0.06682331792258149,0.03045400950966719,0.053152731971126216,0.03529437618417349,0.033577091577509835,0.04661893492345391,0.05006318710020008,0.039436376788714686,0.16905401427324362,0.028691173353515145,0.02431569623684941,0.0,0.0,0.0,0.0,0.0,0.0,0.38,0.0,0.09,0.0,0.0,0.0,0.0,0.0,0.0,0.0,0.0,0.53,0.0,0.0,soft,"{""ai_coding_innovations"": 0.1, ""ai_copyright_theft"": 0.45, ""ai_mass_surveillance"": 0.45}","{""ai_coding_innovations"": 0.09, ""ai_copyright_theft"": 0.38, ""ai_mass_surveillance"": 0.53}"
user_0449,coding_heavy,Mostly AI coding innovations,100,0.021397552479352124,0.12724897060442827,0.0163867948309917,0.014148209857603528,0.018362837953709847,0.05092781212718334,0.04235566179281192,0.03402870575718289,0.12273816734977544,0.036844799047546395,0.017570783975706102,0.031324203006938556,0.09775214044440388,0.012866725401929187,0.10842764749768076,0.027016447760402604,0.09231779295706442,0.07423517968553514,0.04277257837085532,0.011276989098898564,0.0,0.0,0.0,0.0,0.0,0.0,0.13,0.0,0.77,0.0,0.0,0.0,0.0,0.0,0.0,0.0,0.0,0.1,0.0,0.0,soft,"{""ai_coding_innovations"": 0.8, ""ai_copyright_theft"": 0.1, ""ai_mass_surveillance"": 0.1}","{""ai_coding_innovations"": 0.77, ""ai_copyright_theft"": 0.13, ""ai_mass_surveillance"": 0.1}"
user_0450,copyright_heavy,Mostly AI copyright / theft concerns,100,0.029707201342463078,0.03820666498971429,0.0508784463804325,0.012496687080915142,0.0367695340701249,0.02142427153959403,0.12000162316019448,0.035420520856652114,0.050758240971718216,0.11333008575810437,0.053199982598690146,0.0881661422003535,0.03422427757241084,0.015034588922245915,0.043406470744218426,0.07860616021303912,0.03897325958054153,0.07230825178986486,0.02811534422064574,0.03897224600807677,0.0,0.0,0.0,0.0,0.0,0.0,0.83,0.0,0.08,0.0,0.0,0.0,0.0,0.0,0.0,0.0,0.0,0.09,0.0,0.0,soft,"{""ai_coding_innovations"": 0.1, ""ai_copyright_theft"": 0.8, ""ai_mass_surveillance"": 0.1}","{""ai_coding_innovations"": 0.08, ""ai_copyright_theft"": 0.83, ""ai_mass_surveillance"": 0.09}"
user_0451,surveillance_heavy,Mostly AI mass surveillance,100,0.08821331983058181,0.06146649757671995,0.015249189403170691,0.04932110391707839,0.018767108053086186,0.022062581985798614,0.035706708211868846,0.08169072869472677,0.07127325536940905,0.031301431046667896,0.013245333771187712,0.026478111114850864,0.041830597762579275,0.04471571275673912,0.05460354256246013,0.027831731648265867,0.044658570995361274,0.22839556350152543,0.030400373243734045,0.01278853855418811,0.0,0.0,0.0,0.0,0.0,0.0,0.04,0.0,0.16,0.0,0.0,0.0,0.0,0.0,0.0,0.0,0.0,0.8,0.0,0.0,soft,"{""ai_coding_innovations"": 0.1, ""ai_copyright_theft"": 0.1, ""ai_mass_surveillance"": 0.8}","{""ai_coding_innovations"": 0.16, ""ai_copyright_theft"": 0.04, ""ai_mass_surveillance"": 0.8}"
user_0452,balanced,Even across all topics,100,0.041626522563496735,0.07239936031785306,0.031004512335159044,0.022193786904689566,0.02641553676275203,0.0309934773134882,0.07424433300681528,0.04649921265620292,0.07882529733772865,0.06850736060844177,0.031886077032598756,0.05467412686527487,0.05638088441598762,0.02173459745602605,0.06693357546922749,0.04950716094540328,0.05740347454080045,0.11179309194158184,0.033359353753348364,0.023618257773123916,0.0,0.0,0.0,0.0,0.0,0.0,0.41,0.0,0.32,0.0,0.0,0.0,0.0,0.0,0.0,0.0,0.0,0.27,0.0,0.0,soft,"{""ai_coding_innovations"": 0.333333, ""ai_copyright_theft"": 0.333333, ""ai_mass_surveillance"": 0.333334}","{""ai_coding_innovations"": 0.32, ""ai_copyright_theft"": 0.41, ""ai_mass_surveillance"": 0.27}"
user_0453,coding_copyright,Split: coding + copyright,100,0.028113860773850603,0.07867667722822289,0.03424400053068183,0.014556892038595637,0.027928846189439065,0.034579362624794135,0.08240784623774558,0.03646602793249686,0.08353496194064575,0.07633447905229838,0.03590356395303966,0.06064579971515359,0.06277444519167029,0.015137725072550815,0.07275052848952565,0.053816321031524145,0.06292166767085011,0.07878265148116041,0.03472155232800004,0.025702790517754672,0.0,0.0,0.0,0.0,0.0,0.0,0.49,0.0,0.39,0.0,0.0,0.0,0.0,0.0,0.0,0.0,0.0,0.12,0.0,0.0,soft,"{""ai_coding_innovations"": 0.45, ""ai_copyright_theft"": 0.45, ""ai_mass_surveillance"": 0.1}","{""ai_coding_innovations"": 0.39, ""ai_copyright_theft"": 0.49, ""ai_mass_surveillance"": 0.12}"
user_0454,coding_surveillance,Split: coding + surveillance,100,0.0573886387093812,0.09426131169796084,0.014726023694347576,0.03327683658235035,0.01802514372930094,0.036163360776103735,0.03639956362625815,0.05983965611878224,0.09700040771371755,0.03152351960786264,0.014146424787648682,0.026975544493273843,0.06934123694208827,0.03007680915807393,0.08119963354682648,0.025897590821435314,0.06808043353676738,0.15791391278559247,0.03650510964298336,0.011258842029245089,0.0,0.0,0.0,0.0,0.0,0.0,0.06,0.0,0.46,0.0,0.0,0.0,0.0,0.0,0.0,0.0,0.0,0.48,0.0,0.0,soft,"{""ai_coding_innovations"": 0.45, ""ai_copyright_theft"": 0.1, ""ai_mass_surveillance"": 0.45}","{""ai_coding_innovations"": 0.46, ""ai_copyright_theft"": 0.06, ""ai_mass_surveillance"": 0.48}"
user_0455,copyright_surveillance,Split: copyright + surveillance,100,0.05942318267265287,0.05783726584705366,0.029434008794121898,0.03178276813671402,0.02585141066928146,0.024253486274404948,0.06960141937371145,0.05936019108381297,0.06751746631088068,0.06420643463781127,0.029410336269053268,0.0512810009457007,0.04355639932105189,0.030283332004172943,0.05473195036182671,0.04783995436646177,0.04644461180825921,0.15362654699157402,0.030544075307110764,0.02301415882434366,0.0,0.0,0.0,0.0,0.0,0.0,0.36,0.0,0.18,0.0,0.0,0.0,0.0,0.0,0.0,0.0,0.0,0.46,0.0,0.0,soft,"{""ai_coding_innovations"": 0.1, ""ai_copyright_theft"": 0.45, ""ai_mass_surveillance"": 0.45}","{""ai_coding_innovations"": 0.18, ""ai_copyright_theft"": 0.36, ""ai_mass_surveillance"": 0.46}"
user_0456,coding_heavy,Mostly AI coding innovations,100,0.016141996082893875,0.13663907506374803,0.014670622999242239,0.011695767965364904,0.017373998277822367,0.05454932696867671,0.03878734457044234,0.030516212003897723,0.1302053509840984,0.03325720158140816,0.016025381864345253,0.028710417675428854,0.10510031251535917,0.010455051361052327,0.11570229667254596,0.024267894931157476,0.0985387214713753,0.06320936719859004,0.04442970025148859,0.009723959561062201,0.0,0.0,0.0,0.0,0.0,0.0,0.1,0.0,0.85,0.0,0.0,0.0,0.0,0.0,0.0,0.0,0.0,0.05,0.0,0.0,soft,"{""ai_coding_innovations"": 0.8, ""ai_copyright_theft"": 0.1, ""ai_mass_surveillance"": 0.1}","{""ai_coding_innovations"": 0.85, ""ai_copyright_theft"": 0.1, ""ai_mass_surveillance"": 0.05}"
user_0457,copyright_heavy,Mostly AI copyright / theft concerns,100,0.030854785472926017,0.043722951121671405,0.048012348844099814,0.013596069612135405,0.03526773083040246,0.023058391857988074,0.11343760020997279,0.036611933942655855,0.0552644017156581,0.10689175074077416,0.050153049829553965,0.08336143235179648,0.037913648693894526,0.015728983354954398,0.0472760440407983,0.07438824641933921,0.04205200966733237,0.07669020158446767,0.028981083873344582,0.03673733583623443,0.0,0.0,0.0,0.0,0.0,0.0,0.77,0.0,0.12,0.0,0.0,0.0,0.0,0.0,0.0,0.0,0.0,0.11,0.0,0.0,soft,"{""ai_coding_innovations"": 0.1, ""ai_copyright_theft"": 0.8, ""ai_mass_surveillance"": 0.1}","{""ai_coding_innovations"": 0.12, ""ai_copyright_theft"": 0.77, ""ai_mass_surveillance"": 0.11}"
user_0458,surveillance_heavy,Mostly AI mass surveillance,100,0.0915257600731435,0.05428704691518056,0.016870986880392447,0.050772834756700747,0.019676635043631575,0.019375885371737338,0.03917959018515218,0.08383382234924958,0.06554410615587038,0.034766218526981765,0.014783423973617644,0.02902141964395017,0.03631692119502844,0.046207763045205616,0.04910884756312004,0.030367085833379274,0.03999816030468884,0.2350157801937217,0.02915133538119542,0.014196376608052744,0.0,0.0,0.0,0.0,0.0,0.0,0.07,0.0,0.1,0.0,0.0,0.0,0.0,0.0,0.0,0.0,0.0,0.83,0.0,0.0,soft,"{""ai_coding_innovations"": 0.1, ""ai_copyright_theft"": 0.1, ""ai_mass_surveillance"": 0.8}","{""ai_coding_innovations"": 0.1, ""ai_copyright_theft"": 0.07, ""ai_mass_surveillance"": 0.83}"
user_0459,balanced,Even across all topics,100,0.047234131066984285,0.07625248192022788,0.0268941147397154,0.025844282806752494,0.024321457273852563,0.03157502133621508,0.06458916907965534,0.05102513248273319,0.08210846961206973,0.05909547805409522,0.027330301696756328,0.0476080156972601,0.058245950091404194,0.02461543660990951,0.06917802706304713,0.04360668754311691,0.05890056402370974,0.12717720822298362,0.03384179519620737,0.020556275483303875,0.0,0.0,0.0,0.0,0.0,0.0,0.32,0.0,0.34,0.0,0.0,0.0,0.0,0.0,0.0,0.0,0.0,0.34,0.0,0.0,soft,"{""ai_coding_innovations"": 0.333333, ""ai_copyright_theft"": 0.333333, ""ai_mass_surveillance"": 0.333334}","{""ai_coding_innovations"": 0.34, ""ai_copyright_theft"": 0.32, ""ai_mass_surveillance"": 0.34}"
user_0460,coding_copyright,Split: coding + copyright,100,0.0294831848625157,0.0737078803644639,0.03577142365337588,0.015007911825601756,0.028759060494642368,0.032827484238165006,0.08578529296194268,0.03723972148825734,0.07954384714789146,0.07967645654678786,0.037434342246538674,0.06311863144184249,0.059095264127524,0.015710151608606945,0.06903578766571063,0.0561384765725058,0.05982177480381614,0.08099727237860785,0.033880598483556,0.026965437087647568,0.0,0.0,0.0,0.0,0.0,0.0,0.52,0.0,0.35,0.0,0.0,0.0,0.0,0.0,0.0,0.0,0.0,0.13,0.0,0.0,soft,"{""ai_coding_innovations"": 0.45, ""ai_copyright_theft"": 0.45, ""ai_mass_surveillance"": 0.1}","{""ai_coding_innovations"": 0.35, ""ai_copyright_theft"": 0.52, ""ai_mass_surveillance"": 0.13}"
user_0461,coding_surveillance,Split: coding + surveillance,100,0.0573452013264388,0.08635187534549053,0.018132720389754203,0.032661364331004215,0.019830122632538492,0.03363367491968925,0.0441212139009076,0.0593626075842861,0.09058453056526486,0.03911678378529748,0.01770605429092815,0.0326280238515307,0.06381397363142095,0.029879764821520924,0.07549849525046652,0.030960622676839696,0.06344821321975244,0.15573870188838843,0.035223024036104986,0.013963031552375618,0.0,0.0,0.0,0.0,0.0,0.0,0.13,0.0,0.4,0.0,0.0,0.0,0.0,0.0,0.0,0.0,0.0,0.47,0.0,0.0,soft,"{""ai_coding_innovations"": 0.45, ""ai_copyright_theft"": 0.1, ""ai_mass_surveillance"": 0.45}","{""ai_coding_innovations"": 0.4, ""ai_copyright_theft"": 0.13, ""ai_mass_surveillance"": 0.47}"
user_0462,copyright_surveillance,Split: copyright + surveillance,100,0.059247156619138173,0.0512156528162064,0.03234729350771842,0.031183741131801862,0.027392870251674944,0.02215195684229482,0.07621315994847623,0.05885347804719039,0.06214228835654859,0.07070617464805368,0.032460924992654926,0.056120949195462906,0.038949780447865984,0.030048749447669627,0.04997239997748423,0.052164467482227535,0.042585602809649126,0.15144739509434563,0.02947429364536459,0.025321664738171868,0.0,0.0,0.0,0.0,0.0,0.0,0.42,0.0,0.13,0.0,0.0,0.0,0.0,0.0,0.0,0.0,0.0,0.45,0.0,0.0,soft,"{""ai_coding_innovations"": 0.1, ""ai_copyright_theft"": 0.45, ""ai_mass_surveillance"": 0.45}","{""ai_coding_innovations"": 0.13, ""ai_copyright_theft"": 0.42, ""ai_mass_surveillance"": 0.45}"
user_0463,coding_heavy,Mostly AI coding innovations,100,0.022103933215155875,0.1287192903487839,0.015447158044635416,0.014681455876779664,0.01787545565469272,0.05131671586207601,0.040183560017585745,0.034654076802311196,0.12395054852762465,0.03471915570607376,0.016556358370815875,0.02973437919115458,0.09867618156766438,0.013251460838233744,0.10942084623395315,0.025646009603191283,0.09308395668205498,0.07643009558286087,0.042993144252072506,0.010556217622279747,0.0,0.0,0.0,0.0,0.0,0.0,0.11,0.0,0.78,0.0,0.0,0.0,0.0,0.0,0.0,0.0,0.0,0.11,0.0,0.0,soft,"{""ai_coding_innovations"": 0.8, ""ai_copyright_theft"": 0.1, ""ai_mass_surveillance"": 0.1}","{""ai_coding_innovations"": 0.78, ""ai_copyright_theft"": 0.11, ""ai_mass_surveillance"": 0.11}"
user_0464,copyright_heavy,Mostly AI copyright / theft concerns,100,0.03681672260518805,0.03580316640670723,0.048788883889492964,0.016581757523550136,0.03576918820727282,0.019825780751387388,0.11483381565711619,0.040749798741069314,0.04900959925918427,0.1083537048654397,0.05068402633602456,0.08438539386752218,0.03148951774619973,0.018525392832135803,0.040994593602205566,0.07576636109137301,0.036597244878012004,0.08991092996873849,0.027544527873928505,0.03756959389745197,0.0,0.0,0.0,0.0,0.0,0.0,0.78,0.0,0.05,0.0,0.0,0.0,0.0,0.0,0.0,0.0,0.0,0.17,0.0,0.0,soft,"{""ai_coding_innovations"": 0.1, ""ai_copyright_theft"": 0.8, ""ai_mass_surveillance"": 0.1}","{""ai_coding_innovations"": 0.05, ""ai_copyright_theft"": 0.78, ""ai_mass_surveillance"": 0.17}"
user_0465,surveillance_heavy,Mostly AI mass surveillance,100,0.09320369888589555,0.054652039760645976,0.015978537271300008,0.051806436302185,0.019228909087285494,0.019297379992913942,0.037055206034469136,0.08514389344375904,0.06588747012332742,0.032701980178421276,0.013772654323192858,0.0274668342293714,0.03632371456658668,0.04705231035771536,0.04921206921162994,0.029103246998233794,0.03998406511786011,0.23941349398842185,0.02916785925336527,0.013548200873419784,0.0,0.0,0.0,0.0,0.0,0.0,0.05,0.0,0.1,0.0,0.0,0.0,0.0,0.0,0.0,0.0,0.0,0.85,0.0,0.0,soft,"{""ai_coding_innovations"": 0.1, ""ai_copyright_theft"": 0.1, ""ai_mass_surveillance"": 0.8}","{""ai_coding_innovations"": 0.1, ""ai_copyright_theft"": 0.05, ""ai_mass_surveillance"": 0.85}"
user_0466,balanced,Even across all topics,100,0.04652775033118055,0.07478216217587225,0.027833751526071683,0.02531103678757636,0.0248088395728697,0.031186117601322408,0.0667612708548815,0.050399761437604905,0.0808960884342205,0.061221121395567894,0.028344727301646572,0.049197839513044024,0.057321908968143716,0.024230701173604954,0.06818482832677472,0.044977125700328247,0.05813440029871921,0.12498229232565793,0.03362122931499021,0.021277046959922708,0.0,0.0,0.0,0.0,0.0,0.0,0.34,0.0,0.33,0.0,0.0,0.0,0.0,0.0,0.0,0.0,0.0,0.33,0.0,0.0,soft,"{""ai_coding_innovations"": 0.333333, ""ai_copyright_theft"": 0.333333, ""ai_mass_surveillance"": 0.333334}","{""ai_coding_innovations"": 0.33, ""ai_copyright_theft"": 0.34, ""ai_mass_surveillance"": 0.33}"
user_0467,coding_copyright,Split: coding + copyright,100,0.027142302696902307,0.07978200412711309,0.03419681335341797,0.01405653651228752,0.027889189846768025,0.035046771738510195,0.08236012861320245,0.035781327883115686,0.08440397915103788,0.07627307405938619,0.0358999079985742,0.060610561313948395,0.06369169294337255,0.014677913196345635,0.07364050557728818,0.05370972170945826,0.06370192658266934,0.07657985358378597,0.03492559433704734,0.025630194775768805,0.0,0.0,0.0,0.0,0.0,0.0,0.49,0.0,0.4,0.0,0.0,0.0,0.0,0.0,0.0,0.0,0.0,0.11,0.0,0.0,soft,"{""ai_coding_innovations"": 0.45, ""ai_copyright_theft"": 0.45, ""ai_mass_surveillance"": 0.1}","{""ai_coding_innovations"": 0.4, ""ai_copyright_theft"": 0.49, ""ai_mass_surveillance"": 0.11}"
user_0468,coding_surveillance,Split: coding + surveillance,100,0.05235482227112509,0.09316633316156447,0.01740337252162488,0.03017603194589756,0.019368321598339185,0.0363988769125739,0.0427727160783073,0.055909442835253835,0.09597031581134645,0.03771623465354408,0.017178733738922997,0.03163930073701016,0.06932085682741354,0.0275431672205447,0.08088996860129674,0.029689107326871748,0.06812271909725352,0.14472077140149203,0.03645553802647374,0.013203369233143941,0.0,0.0,0.0,0.0,0.0,0.0,0.12,0.0,0.46,0.0,0.0,0.0,0.0,0.0,0.0,0.0,0.0,0.42,0.0,0.0,soft,"{""ai_coding_innovations"": 0.45, ""ai_copyright_theft"": 0.1, ""ai_mass_surveillance"": 0.45}","{""ai_coding_innovations"": 0.46, ""ai_copyright_theft"": 0.12, ""ai_mass_surveillance"": 0.42}"
user_0469,copyright_surveillance,Split: copyright + surveillance,100,0.0578343951475307,0.048275013327495134,0.034226567080430995,0.030117249093449597,0.028367634849709198,0.021374149372509494,0.08055736349892854,0.05760273595693379,0.05971752600085013,0.07495746133099902,0.0344897762024354,0.05930059682703082,0.037101698201345,0.029279278575060515,0.04798600250493935,0.05490534379665023,0.041053275359668046,0.14705756329969416,0.029033161882930245,0.02676320769140951,0.0,0.0,0.0,0.0,0.0,0.0,0.46,0.0,0.11,0.0,0.0,0.0,0.0,0.0,0.0,0.0,0.0,0.43,0.0,0.0,soft,"{""ai_coding_innovations"": 0.1, ""ai_copyright_theft"": 0.45, ""ai_mass_surveillance"": 0.45}","{""ai_coding_innovations"": 0.11, ""ai_copyright_theft"": 0.46, ""ai_mass_surveillance"": 0.43}"
user_0470,coding_heavy,Mostly AI coding innovations,100,0.019895639720114763,0.1335055907898101,0.014365959726487576,0.013713635317031412,0.017269104327662457,0.053107846938116855,0.03786830536873018,0.03322534769929598,0.12776998133665043,0.032409297385864504,0.015530964902529249,0.02803884017175504,0.1023519659460316,0.012256760645922744,0.11308397623351325,0.02395577347978236,0.09619089714250321,0.07201661778806334,0.043825836160431585,0.009617658919703323,0.0,0.0,0.0,0.0,0.0,0.0,0.09,0.0,0.82,0.0,0.0,0.0,0.0,0.0,0.0,0.0,0.0,0.09,0.0,0.0,soft,"{""ai_coding_innovations"": 0.8, ""ai_copyright_theft"": 0.1, ""ai_mass_surveillance"": 0.1}","{""ai_coding_innovations"": 0.82, ""ai_copyright_theft"": 0.09, ""ai_mass_surveillance"": 0.09}"
user_0471,copyright_heavy,Mostly AI copyright / theft concerns,100,0.026925115782190492,0.04023482236476201,0.051230296830451015,0.010979175255556762,0.03691408436295585,0.022398342456437827,0.12096837998644977,0.03339608521063502,0.05232459340877407,0.11423939494656019,0.053698055514971595,0.08887295810523249,0.03605537639003621,0.013692691513580681,0.04513481409548856,0.07902488098648013,0.04054082499759439,0.06570379909776593,0.02851516630265543,0.03915114239142151,0.0,0.0,0.0,0.0,0.0,0.0,0.84,0.0,0.1,0.0,0.0,0.0,0.0,0.0,0.0,0.0,0.0,0.06,0.0,0.0,soft,"{""ai_coding_innovations"": 0.1, ""ai_copyright_theft"": 0.8, ""ai_mass_surveillance"": 0.1}","{""ai_coding_innovations"": 0.1, ""ai_copyright_theft"": 0.84, ""ai_mass_surveillance"": 0.06}"
user_0472,surveillance_heavy,Mostly AI mass surveillance,100,0.08507918216327992,0.050251428890073065,0.021427609280382322,0.046605538081895735,0.02199457751070409,0.01883359403842217,0.04989694618765378,0.07865286697546459,0.06208925189780077,0.04521022025560859,0.019844584134672442,0.036864823519254415,0.03444845883383277,0.042904650235067274,0.046812785145045416,0.03689947865323842,0.03850811841519392,0.21743280701496978,0.028660632002251454,0.01758244676518924,0.0,0.0,0.0,0.0,0.0,0.0,0.17,0.0,0.08,0.0,0.0,0.0,0.0,0.0,0.0,0.0,0.0,0.75,0.0,0.0,soft,"{""ai_coding_innovations"": 0.1, ""ai_copyright_theft"": 0.1, ""ai_mass_surveillance"": 0.8}","{""ai_coding_innovations"": 0.08, ""ai_copyright_theft"": 0.17, ""ai_mass_surveillance"": 0.75}"
user_0473,balanced,Even across all topics,100,0.04621913560709364,0.06944837246664788,0.030253624257858176,0.024728455029098213,0.02608677983441909,0.02951274459351665,0.07226310172976164,0.0498633838988559,0.07656160967400916,0.06662733723861787,0.030886275245570364,0.05322525665431169,0.053635934532439165,0.023958580397151336,0.06436686585444978,0.04856312007645541,0.055048602618514,0.12279919942840524,0.03276375159837631,0.02318786926444856,0.0,0.0,0.0,0.0,0.0,0.0,0.39,0.0,0.29,0.0,0.0,0.0,0.0,0.0,0.0,0.0,0.0,0.32,0.0,0.0,soft,"{""ai_coding_innovations"": 0.333333, ""ai_copyright_theft"": 0.333333, ""ai_mass_surveillance"": 0.333334}","{""ai_coding_innovations"": 0.29, ""ai_copyright_theft"": 0.39, ""ai_mass_surveillance"": 0.32}"
user_0474,coding_copyright,Split: coding + copyright,100,0.01901550945254154,0.10039752563557369,0.02893238329447034,0.010718500292470673,0.024976402239629835,0.04260019977756622,0.07092700824255407,0.03069178251618314,0.10089409156499023,0.06490799743707651,0.03078390852053746,0.052238581420566296,0.07931887158010184,0.011083847863406226,0.08928622431180093,0.04557833905861114,0.07689585214945291,0.0611208583019216,0.0384769278517009,0.021155188488844304,0.0,0.0,0.0,0.0,0.0,0.0,0.39,0.0,0.57,0.0,0.0,0.0,0.0,0.0,0.0,0.0,0.0,0.04,0.0,0.0,soft,"{""ai_coding_innovations"": 0.45, ""ai_copyright_theft"": 0.45, ""ai_mass_surveillance"": 0.1}","{""ai_coding_innovations"": 0.57, ""ai_copyright_theft"": 0.39, ""ai_mass_surveillance"": 0.04}"
user_0475,coding_surveillance,Split: coding + surveillance,100,0.05955349482147992,0.08156557490446435,0.019213918707902053,0.03362918489075246,0.020436473959568758,0.03184254384364843,0.04643646854976315,0.06079133668730132,0.08676509775623904,0.04142664210550675,0.018731447759214766,0.03432356287093025,0.06013818925305379,0.03087446501383191,0.07183536525090643,0.03265085880024866,0.060341272759304176,0.16015217968318599,0.03439033212774588,0.014901590254952033,0.0,0.0,0.0,0.0,0.0,0.0,0.15,0.0,0.36,0.0,0.0,0.0,0.0,0.0,0.0,0.0,0.0,0.49,0.0,0.0,soft,"{""ai_coding_innovations"": 0.45, ""ai_copyright_theft"": 0.1, ""ai_mass_surveillance"": 0.45}","{""ai_coding_innovations"": 0.36, ""ai_copyright_theft"": 0.15, ""ai_mass_surveillance"": 0.49}"
user_0476,copyright_surveillance,Split: copyright + surveillance,100,0.056156456334778684,0.04791002048202971,0.03511901668952343,0.029083647547965344,0.028815360806055283,0.021452654751332883,0.08268174764961164,0.05629266486242433,0.05937416203339309,0.07702169967955952,0.03550054585286019,0.060855182241609615,0.03709490482978676,0.028434731262550784,0.04788278085642945,0.0561691826317957,0.041067370546496756,0.14265984950499405,0.029016638010760386,0.027411383426042463,0.0,0.0,0.0,0.0,0.0,0.0,0.48,0.0,0.11,0.0,0.0,0.0,0.0,0.0,0.0,0.0,0.0,0.41,0.0,0.0,soft,"{""ai_coding_innovations"": 0.1, ""ai_copyright_theft"": 0.45, ""ai_mass_surveillance"": 0.45}","{""ai_coding_innovations"": 0.11, ""ai_copyright_theft"": 0.48, ""ai_mass_surveillance"": 0.41}"
user_0477,coding_heavy,Mostly AI coding innovations,100,0.020469431785346222,0.13626373385578866,0.012932910958321227,0.014263326582641556,0.016518202707801247,0.05392490709731388,0.03458629389361936,0.033821054242297845,0.13002306170862035,0.029190129877199406,0.014007498517961164,0.025636485247476495,0.10419665150677343,0.012603957862276994,0.11501876288180327,0.021846816582932405,0.09773027218589864,0.07420759268536471,0.04425870598678103,0.008500203833782157,0.0,0.0,0.0,0.0,0.0,0.0,0.06,0.0,0.84,0.0,0.0,0.0,0.0,0.0,0.0,0.0,0.0,0.1,0.0,0.0,soft,"{""ai_coding_innovations"": 0.8, ""ai_copyright_theft"": 0.1, ""ai_mass_surveillance"": 0.1}","{""ai_coding_innovations"": 0.84, ""ai_copyright_theft"": 0.06, ""ai_mass_surveillance"": 0.1}"
user_0478,copyright_heavy,Mostly AI copyright / theft concerns,100,0.02820528858322568,0.0444632851750962,0.0488576112759284,0.012062112540343027,0.035675800444077505,0.023604306350527522,0.11551426673611274,0.03461716279876521,0.05579005495859326,0.10889458409642248,0.051160163525513294,0.08488077936517005,0.038824103074038524,0.014424624166239481,0.04806279948005097,0.07554548593241885,0.04284636376598035,0.07008968989239307,0.029168602010222013,0.037312915828881535,0.0,0.0,0.0,0.0,0.0,0.0,0.79,0.0,0.13,0.0,0.0,0.0,0.0,0.0,0.0,0.0,0.0,0.08,0.0,0.0,soft,"{""ai_coding_innovations"": 0.1, ""ai_copyright_theft"": 0.8, ""ai_mass_surveillance"": 0.1}","{""ai_coding_innovations"": 0.13, ""ai_copyright_theft"": 0.79, ""ai_mass_surveillance"": 0.08}"
user_0479,surveillance_heavy,Mostly AI mass surveillance,100,0.08415106146927401,0.059266192141433506,0.017973725407711846,0.046720654806933756,0.020149942264795485,0.02183068900855272,0.04212757828846116,0.07844521546057955,0.06937414625664574,0.03755555108526155,0.016281298676927503,0.031177105759792365,0.0408929698962023,0.042641882695415086,0.053403900529167866,0.03172984747576817,0.04392059764402817,0.21740522001479937,0.030146759618177133,0.014805661500072842,0.0,0.0,0.0,0.0,0.0,0.0,0.1,0.0,0.15,0.0,0.0,0.0,0.0,0.0,0.0,0.0,0.0,0.75,0.0,0.0,soft,"{""ai_coding_innovations"": 0.1, ""ai_copyright_theft"": 0.1, ""ai_mass_surveillance"": 0.8}","{""ai_coding_innovations"": 0.15, ""ai_copyright_theft"": 0.1, ""ai_mass_surveillance"": 0.75}"
user_0480,balanced,Even across all topics,100,0.04833827781450482,0.07385933169971473,0.027434713898789313,0.026328193086626615,0.0246246329373677,0.030679455798194664,0.06574679640408311,0.051739497034240786,0.08019875320755686,0.06025040721419984,0.027842998430899636,0.048455785206959825,0.0564080579022206,0.025112786706065003,0.0673464620632671,0.04445180560482139,0.057347093793485605,0.12938394712038237,0.03342544924202783,0.021025554834592095,0.0,0.0,0.0,0.0,0.0,0.0,0.33,0.0,0.32,0.0,0.0,0.0,0.0,0.0,0.0,0.0,0.0,0.35,0.0,0.0,soft,"{""ai_coding_innovations"": 0.333333, ""ai_copyright_theft"": 0.333333, ""ai_mass_surveillance"": 0.333334}","{""ai_coding_innovations"": 0.32, ""ai_copyright_theft"": 0.33, ""ai_mass_surveillance"": 0.35}"
user_0481,coding_copyright,Split: coding + copyright,100,0.026346770673468658,0.0875089440568506,0.03123634146255757,0.014155207990891545,0.0263080739217035,0.03761571028433639,0.07570067041389458,0.03560334087035708,0.09064817431576215,0.06971192905623158,0.0328456633205071,0.05573537466298095,0.06921555956826075,0.014452683876643764,0.07929003304939318,0.04927860927162661,0.06834119449309864,0.07655620758363987,0.03619941800784078,0.02325009311995474,0.0,0.0,0.0,0.0,0.0,0.0,0.43,0.0,0.46,0.0,0.0,0.0,0.0,0.0,0.0,0.0,0.0,0.11,0.0,0.0,soft,"{""ai_coding_innovations"": 0.45, ""ai_copyright_theft"": 0.45, ""ai_mass_surveillance"": 0.1}","{""ai_coding_innovations"": 0.46, ""ai_copyright_theft"": 0.43, ""ai_mass_surveillance"": 0.11}"
user_0482,coding_surveillance,Split: coding + surveillance,100,0.05487173049025311,0.0937138224297626,0.016064698107986233,0.031726434264124,0.018696732663820066,0.03628111884433884,0.039586139852282716,0.05787454947701807,0.09648536176253208,0.034619877130703386,0.015662579263285837,0.029307422615142,0.06933104688475092,0.028809988189309313,0.08104480107406159,0.027793349074153578,0.06810157631701051,0.15131734209354225,0.03648032383472856,0.012231105631194514,0.0,0.0,0.0,0.0,0.0,0.0,0.09,0.0,0.46,0.0,0.0,0.0,0.0,0.0,0.0,0.0,0.0,0.45,0.0,0.0,soft,"{""ai_coding_innovations"": 0.45, ""ai_copyright_theft"": 0.1, ""ai_mass_surveillance"": 0.45}","{""ai_coding_innovations"": 0.46, ""ai_copyright_theft"": 0.09, ""ai_mass_surveillance"": 0.45}"
user_0483,copyright_surveillance,Split: copyright + surveillance,100,0.054080751510309846,0.05140849760143305,0.03453123035318566,0.028099381741783086,0.028472528799869102,0.022815629403069353,0.08147640270064073,0.05489360026153556,0.06215289564829816,0.07580536552654268,0.034984193164251415,0.05997217433070465,0.039850044770672596,0.027477569290190105,0.05060432294397202,0.055217465248025364,0.043401099688540154,0.13825031271022087,0.02963702597398724,0.026869508332768383,0.0,0.0,0.0,0.0,0.0,0.0,0.47,0.0,0.14,0.0,0.0,0.0,0.0,0.0,0.0,0.0,0.0,0.39,0.0,0.0,soft,"{""ai_coding_innovations"": 0.1, ""ai_copyright_theft"": 0.45, ""ai_mass_surveillance"": 0.45}","{""ai_coding_innovations"": 0.14, ""ai_copyright_theft"": 0.47, ""ai_mass_surveillance"": 0.39}"
user_0484,coding_heavy,Mostly AI coding innovations,100,0.021397552479352155,0.12724897060442825,0.0163867948309917,0.014148209857603533,0.018362837953709847,0.050927812127183336,0.04235566179281194,0.03402870575718289,0.12273816734977543,0.036844799047546416,0.017570783975706106,0.03132420300693854,0.09775214044440388,0.012866725401929187,0.10842764749768076,0.027016447760402615,0.0923177929570644,0.07423517968553513,0.04277257837085531,0.011276989098898557,0.0,0.0,0.0,0.0,0.0,0.0,0.13,0.0,0.77,0.0,0.0,0.0,0.0,0.0,0.0,0.0,0.0,0.1,0.0,0.0,soft,"{""ai_coding_innovations"": 0.8, ""ai_copyright_theft"": 0.1, ""ai_mass_surveillance"": 0.1}","{""ai_coding_innovations"": 0.77, ""ai_copyright_theft"": 0.13, ""ai_mass_surveillance"": 0.1}"
user_0485,copyright_heavy,Mostly AI copyright / theft concerns,100,0.02595355770524218,0.04134014926365222,0.051183109653187155,0.010478819729248643,0.0368744280202848,0.02286575157015388,0.12092066236190663,0.032711385161253846,0.05319361061916624,0.114177989953648,0.05369439956050614,0.08883771970402728,0.03697262414173844,0.013232879637375499,0.04602479118325108,0.07891828166441425,0.041321083909413636,0.06350100120039151,0.028719208311702726,0.03907854664943564,0.0,0.0,0.0,0.0,0.0,0.0,0.84,0.0,0.11,0.0,0.0,0.0,0.0,0.0,0.0,0.0,0.0,0.05,0.0,0.0,soft,"{""ai_coding_innovations"": 0.1, ""ai_copyright_theft"": 0.8, ""ai_mass_surveillance"": 0.1}","{""ai_coding_innovations"": 0.11, ""ai_copyright_theft"": 0.84, ""ai_mass_surveillance"": 0.05}"
user_0486,surveillance_heavy,Mostly AI mass surveillance,100,0.08733091304126342,0.053374564801517026,0.019102110903123536,0.048188830892990114,0.02079594993449679,0.01957214881879581,0.044490550561859826,0.0805586446129759,0.06468569623722774,0.039926814398382984,0.017310348099679577,0.032907883180397106,0.03629993776613285,0.04409639476393127,0.04885079344184527,0.03352668292124299,0.040033398271760626,0.2240214957069713,0.029110025700770734,0.01581681594463512,0.0,0.0,0.0,0.0,0.0,0.0,0.12,0.0,0.1,0.0,0.0,0.0,0.0,0.0,0.0,0.0,0.0,0.78,0.0,0.0,soft,"{""ai_coding_innovations"": 0.1, ""ai_copyright_theft"": 0.1, ""ai_mass_surveillance"": 0.8}","{""ai_coding_innovations"": 0.1, ""ai_copyright_theft"": 0.12, ""ai_mass_surveillance"": 0.78}"
user_0487,balanced,Even across all topics,100,0.04794051180278801,0.07772280166458352,0.025954477953359124,0.026377528825928632,0.02383407497483544,0.031963925071107756,0.06241706730442917,0.05165050352786149,0.08332085078991894,0.05696983471262255,0.02631587609186608,0.046018191881476114,0.05916999121466466,0.02500017204621407,0.07017122579931957,0.04223624938590558,0.059666727748700306,0.12937212412030935,0.034062361077424545,0.019835504006685052,0.0,0.0,0.0,0.0,0.0,0.0,0.3,0.0,0.35,0.0,0.0,0.0,0.0,0.0,0.0,0.0,0.0,0.35,0.0,0.0,soft,"{""ai_coding_innovations"": 0.333333, ""ai_copyright_theft"": 0.333333, ""ai_mass_surveillance"": 0.333334}","{""ai_coding_innovations"": 0.35, ""ai_copyright_theft"": 0.3, ""ai_mass_surveillance"": 0.35}"
user_0488,coding_copyright,Split: coding + copyright,100,0.02705315140927241,0.0889792638012062,0.030296704676201287,0.01468845401006766,0.025820691622686368,0.038004614019229034,0.07352856863866836,0.0362287119154854,0.09186055549361134,0.06758628571475891,0.03183123771561684,0.054145550847197,0.0701396006915212,0.014837419312948312,0.08028323178566563,0.04790817111441528,0.06910735821808918,0.07875112348096566,0.036419983889057976,0.022529321643335924,0.0,0.0,0.0,0.0,0.0,0.0,0.41,0.0,0.47,0.0,0.0,0.0,0.0,0.0,0.0,0.0,0.0,0.12,0.0,0.0,soft,"{""ai_coding_innovations"": 0.45, ""ai_copyright_theft"": 0.45, ""ai_mass_surveillance"": 0.1}","{""ai_coding_innovations"": 0.47, ""ai_copyright_theft"": 0.41, ""ai_mass_surveillance"": 0.12}"
user_0489,coding_surveillance,Split: coding + surveillance,100,0.05628449196186062,0.09665446191847392,0.014185424535273654,0.032792926302476225,0.017721968065785812,0.037058926314124156,0.03524193630183036,0.059125291567274633,0.09891012411823043,0.030368590447758022,0.013633728053505365,0.02612777498357407,0.07117912913127189,0.02957945906191843,0.08303119854660651,0.02505247275973084,0.06963390376699151,0.1557071738881937,0.03692145559716291,0.010789562677956874,0.0,0.0,0.0,0.0,0.0,0.0,0.05,0.0,0.48,0.0,0.0,0.0,0.0,0.0,0.0,0.0,0.0,0.47,0.0,0.0,soft,"{""ai_coding_innovations"": 0.45, ""ai_copyright_theft"": 0.1, ""ai_mass_surveillance"": 0.45}","{""ai_coding_innovations"": 0.48, ""ai_copyright_theft"": 0.05, ""ai_mass_surveillance"": 0.47}"
user_0490,copyright_surveillance,Split: copyright + surveillance,100,0.06008612602551423,0.05139814923893912,0.03190106870317222,0.031700541904544,0.027169007273501904,0.02211270415288314,0.0751509678731347,0.059508513594445145,0.062313970340277136,0.06967405547377342,0.03195554016744253,0.05534365648817354,0.03895317713364507,0.030471023103924508,0.05002401080173921,0.05153254806465478,0.04257855521623475,0.15364625199169574,0.02948255558144954,0.0249975768708554,0.0,0.0,0.0,0.0,0.0,0.0,0.41,0.0,0.13,0.0,0.0,0.0,0.0,0.0,0.0,0.0,0.0,0.46,0.0,0.0,soft,"{""ai_coding_innovations"": 0.1, ""ai_copyright_theft"": 0.45, ""ai_mass_surveillance"": 0.45}","{""ai_coding_innovations"": 0.13, ""ai_copyright_theft"": 0.41, ""ai_mass_surveillance"": 0.46}"
user_0491,coding_heavy,Mostly AI coding innovations,100,0.015876818741749336,0.1392147217069939,0.013683799035622104,0.011728658458232918,0.0168469596361342,0.055405639817285426,0.036567525170673035,0.030456882999644854,0.13228674937233986,0.031070153247023287,0.015007300304989557,0.0270853554584397,0.10694160139032191,0.010379974921151705,0.11758547249658104,0.022790857451880274,0.10008514410818505,0.06320148519854132,0.044854308141753084,0.008930592342457506,0.0,0.0,0.0,0.0,0.0,0.0,0.08,0.0,0.87,0.0,0.0,0.0,0.0,0.0,0.0,0.0,0.0,0.05,0.0,0.0,soft,"{""ai_coding_innovations"": 0.8, ""ai_copyright_theft"": 0.1, ""ai_mass_surveillance"": 0.1}","{""ai_coding_innovations"": 0.87, ""ai_copyright_theft"": 0.08, ""ai_mass_surveillance"": 0.05}"
user_0492,copyright_heavy,Mostly AI copyright / theft concerns,100,0.03474101778071917,0.039301643526110534,0.0482010975531552,0.015597491717367911,0.035426356201086646,0.021188755403123857,0.11362847070814533,0.039350734140180525,0.05178833287408936,0.10713737071242295,0.05016767364741582,0.08350238595661723,0.03424465768708557,0.017568230859775134,0.04371613568974815,0.07481464370760271,0.03893097402005538,0.08550139317396525,0.028164915837155358,0.03702771880417792,0.0,0.0,0.0,0.0,0.0,0.0,0.77,0.0,0.08,0.0,0.0,0.0,0.0,0.0,0.0,0.0,0.0,0.15,0.0,0.0,soft,"{""ai_coding_innovations"": 0.1, ""ai_copyright_theft"": 0.8, ""ai_mass_surveillance"": 0.1}","{""ai_coding_innovations"": 0.08, ""ai_copyright_theft"": 0.77, ""ai_mass_surveillance"": 0.15}"
user_0493,surveillance_heavy,Mostly AI mass surveillance,100,0.08759609038240797,0.050798918158271186,0.020088934866743676,0.04815594040012211,0.021322988576184965,0.018715835970187084,0.046710369961629174,0.08061797361722879,0.06260429784898634,0.04211386273276786,0.01832842965903527,0.034532945397386265,0.034458648891170125,0.044171471203831886,0.04696761761781028,0.03500372040052021,0.03848697563495085,0.22402937770702003,0.02868541781050625,0.016610183163239808,0.0,0.0,0.0,0.0,0.0,0.0,0.14,0.0,0.08,0.0,0.0,0.0,0.0,0.0,0.0,0.0,0.0,0.78,0.0,0.0,soft,"{""ai_coding_innovations"": 0.1, ""ai_copyright_theft"": 0.1, ""ai_mass_surveillance"": 0.8}","{""ai_coding_innovations"": 0.08, ""ai_copyright_theft"": 0.14, ""ai_mass_surveillance"": 0.78}"
user_0494,balanced,Even across all topics,100,0.043039284035104194,0.07533999980656433,0.029125238762446486,0.02326027894304184,0.02544077216471778,0.03177128478327354,0.06990012945636292,0.047749954746459516,0.08125005969342712,0.06425607392549643,0.029857225822818273,0.05149447923370699,0.058228966662508576,0.022504068328635166,0.06891997294177239,0.0467662846309806,0.05893580199078153,0.11618292373623329,0.03380048551578272,0.022176714819886267,0.0,0.0,0.0,0.0,0.0,0.0,0.37,0.0,0.34,0.0,0.0,0.0,0.0,0.0,0.0,0.0,0.0,0.29,0.0,0.0,soft,"{""ai_coding_innovations"": 0.333333, ""ai_copyright_theft"": 0.333333, ""ai_mass_surveillance"": 0.333334}","{""ai_coding_innovations"": 0.34, ""ai_copyright_theft"": 0.37, ""ai_mass_surveillance"": 0.29}"
user_0495,coding_copyright,Split: coding + copyright,100,0.024227628466057444,0.08309798482378372,0.03405525182162643,0.012555469933363142,0.027770220818754892,0.03644899907965839,0.08221697573957311,0.03372722773497218,0.08701103078221449,0.07608885908064963,0.03588894013517783,0.06050484611033284,0.06644343619847931,0.013298477567730093,0.07631043684057584,0.053389923743260674,0.06604270331812706,0.06997145989166273,0.03553772036418926,0.02541240754981122,0.0,0.0,0.0,0.0,0.0,0.0,0.49,0.0,0.43,0.0,0.0,0.0,0.0,0.0,0.0,0.0,0.0,0.08,0.0,0.0,soft,"{""ai_coding_innovations"": 0.45, ""ai_copyright_theft"": 0.45, ""ai_mass_surveillance"": 0.1}","{""ai_coding_innovations"": 0.43, ""ai_copyright_theft"": 0.49, ""ai_mass_surveillance"": 0.08}"
user_0496,coding_surveillance,Split: coding + surveillance,100,0.06030331294022602,0.09094533100129011,0.014867585226139134,0.03477790316127474,0.01814411275731407,0.03476113343495558,0.036542716499887516,0.06189375626692575,0.09439335608254107,0.03170773458659923,0.014157392651045052,0.02708125969688941,0.06658949368698154,0.031456244786689465,0.07852970228353882,0.02621738878763294,0.06573965680130966,0.1645223064777157,0.035892983615841444,0.011476629255202682,0.0,0.0,0.0,0.0,0.0,0.0,0.06,0.0,0.43,0.0,0.0,0.0,0.0,0.0,0.0,0.0,0.0,0.51,0.0,0.0,soft,"{""ai_coding_innovations"": 0.45, ""ai_copyright_theft"": 0.1, ""ai_mass_surveillance"": 0.45}","{""ai_coding_innovations"": 0.43, ""ai_copyright_theft"": 0.06, ""ai_mass_surveillance"": 0.51}"
user_0497,copyright_surveillance,Split: copyright + surveillance,100,0.05823216115924755,0.04441154336262637,0.035706803025861204,0.030067913354147588,0.029158192812241458,0.02008968009959641,0.08388709259858253,0.05769172946331311,0.05659542841848802,0.07823803383257633,0.03601689854146896,0.061738190152514555,0.034339764888900934,0.029391893234911454,0.04516123876888687,0.05712090001556604,0.03873364140445337,0.14706938629976726,0.028396250047533527,0.027953258519316543,0.0,0.0,0.0,0.0,0.0,0.0,0.49,0.0,0.08,0.0,0.0,0.0,0.0,0.0,0.0,0.0,0.0,0.43,0.0,0.0,soft,"{""ai_coding_innovations"": 0.1, ""ai_copyright_theft"": 0.45, ""ai_mass_surveillance"": 0.45}","{""ai_coding_innovations"": 0.08, ""ai_copyright_theft"": 0.49, ""ai_mass_surveillance"": 0.43}"
user_0498,coding_heavy,Mostly AI coding innovations,100,0.015303026676517863,0.13645657864101537,0.015116847803788462,0.011178967192622773,0.01759786125599541,0.05458857965808841,0.03984953664578387,0.02986117645664299,0.13003366900036992,0.03428932075568841,0.016530766689557653,0.029487710382718243,0.10509691582958006,0.010032777704797461,0.11565068584829105,0.024899814348730218,0.09854576906478968,0.061010510301239995,0.04442143831540367,0.01004804742837868,0.0,0.0,0.0,0.0,0.0,0.0,0.11,0.0,0.85,0.0,0.0,0.0,0.0,0.0,0.0,0.0,0.0,0.04,0.0,0.0,soft,"{""ai_coding_innovations"": 0.8, ""ai_copyright_theft"": 0.1, ""ai_mass_surveillance"": 0.1}","{""ai_coding_innovations"": 0.85, ""ai_copyright_theft"": 0.11, ""ai_mass_surveillance"": 0.04}"
user_0499,copyright_heavy,Mostly AI copyright / theft concerns,100,0.030280993407694554,0.040964808055692845,0.04944539761226615,0.01304637834652527,0.03601863245026368,0.02224133169879105,0.11671961168508366,0.036016227399653974,0.05301132134368816,0.11011091824943924,0.05167651621412205,0.08576378727607499,0.03606896313315269,0.015381786138600157,0.04534125739250837,0.07649720331618917,0.04051263462393696,0.07449922668716623,0.02854821404699517,0.0378547909221556,0.0,0.0,0.0,0.0,0.0,0.0,0.8,0.0,0.1,0.0,0.0,0.0,0.0,0.0,0.0,0.0,0.0,0.1,0.0,0.0,soft,"{""ai_coding_innovations"": 0.1, ""ai_copyright_theft"": 0.8, ""ai_mass_surveillance"": 0.1}","{""ai_coding_innovations"": 0.1, ""ai_copyright_theft"": 0.8, ""ai_mass_surveillance"": 0.1}"
user_0500,surveillance_heavy,Mostly AI mass surveillance,100,0.08092777251434222,0.05724838312887972,0.02025203660770678,0.044637006469531226,0.02130891349833174,0.02155954334189513,0.04748625628971193,0.07585473777368702,0.06764671912761093,0.04277755194957496,0.018811878757454895,0.03509880769744448,0.03995873871560444,0.040990326290345894,0.05225586932013056,0.03499604388569772,0.043175576699280696,0.20861373342542333,0.029901407928705152,0.016498696578641087,0.0,0.0,0.0,0.0,0.0,0.0,0.15,0.0,0.14,0.0,0.0,0.0,0.0,0.0,0.0,0.0,0.0,0.71,0.0,0.0,soft,"{""ai_coding_innovations"": 0.1, ""ai_copyright_theft"": 0.1, ""ai_mass_surveillance"": 0.8}","{""ai_coding_innovations"": 0.14, ""ai_copyright_theft"": 0.15, ""ai_mass_surveillance"": 0.71}"
user_0501,balanced,Even across all topics,100,0.05041398263897368,0.07036085458031141,0.028022500235127083,0.027312458892808877,0.02496746494355388,0.02931648114645819,0.06695214135305404,0.05313856163512956,0.07742001959265175,0.061466741367216686,0.028359351119508415,0.0493387931178648,0.05365291796133478,0.026069948678425676,0.06462491997572452,0.045403522988591745,0.05501336465144225,0.13379348391515555,0.03280506127880097,0.02156742992786616,0.0,0.0,0.0,0.0,0.0,0.0,0.34,0.0,0.29,0.0,0.0,0.0,0.0,0.0,0.0,0.0,0.0,0.37,0.0,0.0,soft,"{""ai_coding_innovations"": 0.333333, ""ai_copyright_theft"": 0.333333, ""ai_mass_surveillance"": 0.333334}","{""ai_coding_innovations"": 0.29, ""ai_copyright_theft"": 0.34, ""ai_mass_surveillance"": 0.37}"
user_0502,coding_copyright,Split: coding + copyright,100,0.023166919101479232,0.09340057139676701,0.030107955967145883,0.01268703190483517,0.025662066252002187,0.039874250474093265,0.07333769814049587,0.03348991171796071,0.09533662433518007,0.06734066574311014,0.031816613897754996,0.054004597242376225,0.07380859169833018,0.012998171808127587,0.08384314013671579,0.04748177382615179,0.07222839386536613,0.06993993189146797,0.037236151925247186,0.022238938675392454,0.0,0.0,0.0,0.0,0.0,0.0,0.41,0.0,0.51,0.0,0.0,0.0,0.0,0.0,0.0,0.0,0.0,0.08,0.0,0.0,soft,"{""ai_coding_innovations"": 0.45, ""ai_copyright_theft"": 0.45, ""ai_mass_surveillance"": 0.1}","{""ai_coding_innovations"": 0.51, ""ai_copyright_theft"": 0.41, ""ai_mass_surveillance"": 0.08}"
user_0503,coding_surveillance,Split: coding + surveillance,100,0.050013940105511655,0.09924045692421363,0.015828762221666973,0.02922465663258333,0.01849845095046484,0.038618164412919105,0.03934755172956708,0.0544510492301122,0.10083044781449292,0.034312852166142424,0.015644299490958528,0.029131230609116036,0.07391728564326211,0.026510928808283405,0.08549468651287431,0.027260352463824213,0.0720028708761067,0.14030335260667015,0.037500533879965076,0.011868126921265178,0.0,0.0,0.0,0.0,0.0,0.0,0.09,0.0,0.51,0.0,0.0,0.0,0.0,0.0,0.0,0.0,0.0,0.4,0.0,0.0,soft,"{""ai_coding_innovations"": 0.45, ""ai_copyright_theft"": 0.1, ""ai_mass_surveillance"": 0.45}","{""ai_coding_innovations"": 0.51, ""ai_copyright_theft"": 0.09, ""ai_mass_surveillance"": 0.4}"
user_0504,copyright_surveillance,Split: copyright + surveillance,100,0.059379745289710455,0.04992782949458345,0.0328407054895285,0.031167295885367867,0.02765638957251902,0.02172380041799047,0.07732306964836089,0.05888314254931682,0.06110158916242789,0.07179969881524612,0.03296996577233277,0.05693348030395751,0.038029136010384594,0.030086287667619938,0.04903081206546676,0.05290298622186614,0.041812391491244216,0.15145133609436995,0.029261989700232364,0.025718348347474197,0.0,0.0,0.0,0.0,0.0,0.0,0.43,0.0,0.12,0.0,0.0,0.0,0.0,0.0,0.0,0.0,0.0,0.45,0.0,0.0,soft,"{""ai_coding_innovations"": 0.1, ""ai_copyright_theft"": 0.45, ""ai_mass_surveillance"": 0.45}","{""ai_coding_innovations"": 0.12, ""ai_copyright_theft"": 0.43, ""ai_mass_surveillance"": 0.45}"
user_0505,coding_heavy,Mostly AI coding innovations,100,0.021175812521149962,0.13773405360014426,0.011993274171964944,0.014796572601817685,0.01603082040878412,0.054313810832206544,0.03241419211839318,0.034446425287426155,0.1312354428864696,0.027064486535726726,0.012993072913070928,0.024046661431692543,0.1051206926300339,0.01298869329858155,0.1160119616180758,0.020476378425721073,0.09849643591088914,0.07640250858269045,0.04447927186799819,0.007779432357163333,0.0,0.0,0.0,0.0,0.0,0.0,0.04,0.0,0.85,0.0,0.0,0.0,0.0,0.0,0.0,0.0,0.0,0.11,0.0,0.0,soft,"{""ai_coding_innovations"": 0.8, ""ai_copyright_theft"": 0.1, ""ai_mass_surveillance"": 0.1}","{""ai_coding_innovations"": 0.85, ""ai_copyright_theft"": 0.04, ""ai_mass_surveillance"": 0.11}"
user_0506,copyright_heavy,Mostly AI copyright / theft concerns,100,0.029574612671890807,0.0394944883113372,0.05038503439862245,0.012513132327349146,0.03650601474928081,0.02185242796389839,0.11889171346030984,0.035390856354525685,0.05179894016583891,0.11223656159091196,0.0526909418190123,0.08735361109185895,0.035144922009892186,0.014997050702295605,0.04434805865623591,0.07786764147340051,0.03974647089894642,0.0723043107898405,0.028327648165777986,0.038575562398774424,0.0,0.0,0.0,0.0,0.0,0.0,0.82,0.0,0.09,0.0,0.0,0.0,0.0,0.0,0.0,0.0,0.0,0.09,0.0,0.0,soft,"{""ai_coding_innovations"": 0.1, ""ai_copyright_theft"": 0.8, ""ai_mass_surveillance"": 0.1}","{""ai_coding_innovations"": 0.09, ""ai_copyright_theft"": 0.82, ""ai_mass_surveillance"": 0.09}"
user_0507,surveillance_heavy,Mostly AI mass surveillance,100,0.09276249549123633,0.050606073373044486,0.017904998021276437,0.051240299790140865,0.020243330027990787,0.01805216340941255,0.04144712720946461,0.08457785140288361,0.06259369055723675,0.03701467185427882,0.01580516148743879,0.03068172026214452,0.033558384568363485,0.046742651361311414,0.046335694651322513,0.031950722634722366,0.037671478756059806,0.23722646009114481,0.02852268548188362,0.015062339568643288,0.0,0.0,0.0,0.0,0.0,0.0,0.09,0.0,0.07,0.0,0.0,0.0,0.0,0.0,0.0,0.0,0.0,0.84,0.0,0.0,soft,"{""ai_coding_innovations"": 0.1, ""ai_copyright_theft"": 0.1, ""ai_mass_surveillance"": 0.8}","{""ai_coding_innovations"": 0.07, ""ai_copyright_theft"": 0.09, ""ai_mass_surveillance"": 0.84}"
user_0508,balanced,Even across all topics,100,0.04290669536453192,0.07662782312818726,0.02863182678063641,0.023276724189475854,0.025177252843873694,0.032199441207577915,0.06879021975647831,0.0477202902443331,0.0822907588875478,0.06316254975830399,0.029348185043140435,0.050681948125212435,0.05914961109998993,0.02246653010868485,0.06986156085378988,0.046027765891341985,0.05970901330918642,0.11617898273620895,0.03401278946091493,0.021780031210583927,0.0,0.0,0.0,0.0,0.0,0.0,0.36,0.0,0.35,0.0,0.0,0.0,0.0,0.0,0.0,0.0,0.0,0.29,0.0,0.0,soft,"{""ai_coding_innovations"": 0.333333, ""ai_copyright_theft"": 0.333333, ""ai_mass_surveillance"": 0.333334}","{""ai_coding_innovations"": 0.35, ""ai_copyright_theft"": 0.36, ""ai_mass_surveillance"": 0.29}"
user_0509,coding_copyright,Split: coding + copyright,100,0.027142302696902286,0.07978200412711307,0.03419681335341797,0.014056536512287514,0.027889189846768015,0.035046771738510195,0.08236012861320244,0.035781327883115686,0.08440397915103791,0.07627307405938617,0.0358999079985742,0.06061056131394837,0.06369169294337258,0.014677913196345631,0.0736405055772882,0.053709721709458244,0.06370192658266928,0.07657985358378597,0.03492559433704733,0.025630194775768802,0.0,0.0,0.0,0.0,0.0,0.0,0.49,0.0,0.4,0.0,0.0,0.0,0.0,0.0,0.0,0.0,0.0,0.11,0.0,0.0,soft,"{""ai_coding_innovations"": 0.45, ""ai_copyright_theft"": 0.45, ""ai_mass_surveillance"": 0.1}","{""ai_coding_innovations"": 0.4, ""ai_copyright_theft"": 0.49, ""ai_mass_surveillance"": 0.11}"
user_0510,coding_surveillance,Split: coding + surveillance,100,0.05712346136823663,0.09683695834120659,0.01373919973072745,0.03330972707521837,0.01749810508761277,0.03701967362471247,0.03417974422648884,0.05978032711452937,0.099081806101959,0.029336471273477785,0.01312834322829298,0.025350482276284683,0.071182525817051,0.0300017327181733,0.08308280937086146,0.024420553342158126,0.06962685617357718,0.15790603078554377,0.03692971753324785,0.0104654748106404,0.0,0.0,0.0,0.0,0.0,0.0,0.04,0.0,0.48,0.0,0.0,0.0,0.0,0.0,0.0,0.0,0.0,0.48,0.0,0.0,soft,"{""ai_coding_innovations"": 0.45, ""ai_copyright_theft"": 0.1, ""ai_mass_surveillance"": 0.45}","{""ai_coding_innovations"": 0.48, ""ai_copyright_theft"": 0.04, ""ai_mass_surveillance"": 0.48}"
user_0511,copyright_surveillance,Split: copyright + surveillance,100,0.06035130336665877,0.048822502595693255,0.032887892666792366,0.031667651411676004,0.02769604591519007,0.021256391304274407,0.077370787272904,0.05956784259869801,0.060232571952035706,0.0718611038081583,0.03297362172679823,0.05696871870516272,0.037111888258682356,0.030546099543825127,0.048140834977704224,0.053009585543932015,0.04103213257942497,0.15365413399174443,0.029057947691185075,0.025790944089460068,0.0,0.0,0.0,0.0,0.0,0.0,0.43,0.0,0.11,0.0,0.0,0.0,0.0,0.0,0.0,0.0,0.0,0.46,0.0,0.0,soft,"{""ai_coding_innovations"": 0.1, ""ai_copyright_theft"": 0.45, ""ai_mass_surveillance"": 0.45}","{""ai_coding_innovations"": 0.11, ""ai_copyright_theft"": 0.43, ""ai_mass_surveillance"": 0.46}"
user_0512,coding_heavy,Mostly AI coding innovations,100,0.020336843114773958,0.13755155717741155,0.012439498976511153,0.014279771829075564,0.016254683386957156,0.054353063521618235,0.03347638419373469,0.03379138974017141,0.13106376090274105,0.028096605710006967,0.013498457738283313,0.024823954138981915,0.10511729594425477,0.01256641964232668,0.11596035079382079,0.02110829784329381,0.09850348350430349,0.07420365168534035,0.044471009931913254,0.00810352022447981,0.0,0.0,0.0,0.0,0.0,0.0,0.05,0.0,0.85,0.0,0.0,0.0,0.0,0.0,0.0,0.0,0.0,0.1,0.0,0.0,soft,"{""ai_coding_innovations"": 0.8, ""ai_copyright_theft"": 0.1, ""ai_mass_surveillance"": 0.1}","{""ai_coding_innovations"": 0.85, ""ai_copyright_theft"": 0.05, ""ai_mass_surveillance"": 0.1}"
user_0513,copyright_heavy,Mostly AI copyright / theft concerns,100,0.026659938441045916,0.04281046900800786,0.050243472866830896,0.011012065748424782,0.036387045721267684,0.023254655305046563,0.11874856058668046,0.03333675620638216,0.054405991797015496,0.11205234661217536,0.05267997395561592,0.08724789588824337,0.037896665264998936,0.013617615073680056,0.047017989919523544,0.07754784350720292,0.04208724763440417,0.06569591709771724,0.02893977419291991,0.038357775172816834,0.0,0.0,0.0,0.0,0.0,0.0,0.82,0.0,0.12,0.0,0.0,0.0,0.0,0.0,0.0,0.0,0.0,0.06,0.0,0.0,soft,"{""ai_coding_innovations"": 0.1, ""ai_copyright_theft"": 0.8, ""ai_mass_surveillance"": 0.1}","{""ai_coding_innovations"": 0.12, ""ai_copyright_theft"": 0.82, ""ai_mass_surveillance"": 0.06}"
user_0514,surveillance_heavy,Mostly AI mass surveillance,100,0.09236472947951951,0.05446954333791329,0.016424762075846238,0.051289635529442885,0.01945277206545853,0.019336632682325636,0.038117398109810643,0.08448885789650432,0.06571578813959889,0.03373409935270153,0.014278039148405251,0.028244126936660785,0.036320317880807584,0.04663003670146048,0.04916045838737497,0.02973516641580655,0.03999111271127448,0.2372146370910718,0.029159597317280336,0.013872288740736262,0.0,0.0,0.0,0.0,0.0,0.0,0.06,0.0,0.1,0.0,0.0,0.0,0.0,0.0,0.0,0.0,0.0,0.84,0.0,0.0,soft,"{""ai_coding_innovations"": 0.1, ""ai_copyright_theft"": 0.1, ""ai_mass_surveillance"": 0.8}","{""ai_coding_innovations"": 0.1, ""ai_copyright_theft"": 0.06, ""ai_mass_surveillance"": 0.84}"
user_0515,balanced,Even across all topics,100,0.04736671973755654,0.07496465859860495,0.02738752672152546,0.025827837560318496,0.024584976594696654,0.031146864911910724,0.06569907877953998,0.05105479698485961,0.081067770417949,0.06018900222128765,0.02783934247643418,0.04842054680575465,0.057325305653922826,0.024652974829859817,0.06823643915102963,0.044345206282755525,0.05812735270530486,0.12718114922300794,0.03362949125107512,0.02095295909260622,0.0,0.0,0.0,0.0,0.0,0.0,0.33,0.0,0.33,0.0,0.0,0.0,0.0,0.0,0.0,0.0,0.0,0.34,0.0,0.0,soft,"{""ai_coding_innovations"": 0.333333, ""ai_copyright_theft"": 0.333333, ""ai_mass_surveillance"": 0.333334}","{""ai_coding_innovations"": 0.33, ""ai_copyright_theft"": 0.33, ""ai_mass_surveillance"": 0.34}"
user_0516,coding_copyright,Split: coding + copyright,100,0.025949004661751842,0.09137241402171933,0.02975610551712737,0.014204543730193555,0.025517515959171237,0.03890017955724949,0.07237094131424063,0.03551434736397778,0.09377027189812426,0.06643135655465429,0.03131854098147355,0.05329778133749723,0.07197749288070486,0.014340069216792824,0.08211479678544567,0.04706305305271081,0.07066082844831328,0.07654438458356684,0.036836329843237495,0.02206004229204771,0.0,0.0,0.0,0.0,0.0,0.0,0.4,0.0,0.49,0.0,0.0,0.0,0.0,0.0,0.0,0.0,0.0,0.11,0.0,0.0,soft,"{""ai_coding_innovations"": 0.45, ""ai_copyright_theft"": 0.45, ""ai_mass_surveillance"": 0.1}","{""ai_coding_innovations"": 0.49, ""ai_copyright_theft"": 0.4, ""ai_mass_surveillance"": 0.11}"
user_0517,coding_surveillance,Split: coding + surveillance,100,0.05818417073281483,0.0865343717682233,0.017686495585207997,0.033178165103746354,0.019606259654365455,0.033594422230277574,0.043059021825566056,0.06001764313154086,0.0907562125489933,0.038084664611017255,0.017200669465715766,0.031850731144241314,0.0638173703172001,0.030302038477775798,0.07555010607472148,0.030328703259266957,0.0634411656263381,0.15793755878573856,0.03523128597218992,0.013638943685059145,0.0,0.0,0.0,0.0,0.0,0.0,0.12,0.0,0.4,0.0,0.0,0.0,0.0,0.0,0.0,0.0,0.0,0.48,0.0,0.0,soft,"{""ai_coding_innovations"": 0.45, ""ai_copyright_theft"": 0.1, ""ai_mass_surveillance"": 0.45}","{""ai_coding_innovations"": 0.4, ""ai_copyright_theft"": 0.12, ""ai_mass_surveillance"": 0.48}"
user_0518,copyright_surveillance,Split: copyright + surveillance,100,0.05156384329118179,0.050861008333234904,0.035869904766824307,0.0265489794235567,0.02914411773438823,0.02293338747130444,0.08466297892666533,0.052928493619771345,0.06163784969711259,0.07890172304938342,0.036500347639888596,0.06230405245257278,0.03983985471333525,0.026210748321425503,0.050449490471207156,0.05711322350074358,0.04342224246878322,0.13165374201817065,0.029612240165732433,0.02784177193471782,0.0,0.0,0.0,0.0,0.0,0.0,0.5,0.0,0.14,0.0,0.0,0.0,0.0,0.0,0.0,0.0,0.0,0.36,0.0,0.0,soft,"{""ai_coding_innovations"": 0.1, ""ai_copyright_theft"": 0.45, ""ai_mass_surveillance"": 0.45}","{""ai_coding_innovations"": 0.14, ""ai_copyright_theft"": 0.5, ""ai_mass_surveillance"": 0.36}"
user_0519,coding_heavy,Mostly AI coding innovations,100,0.020293405731831585,0.1296421208249414,0.01584619567191778,0.013664299577729407,0.018059662290194716,0.05182337766520375,0.04119803446838415,0.03331434120567529,0.1246478837542883,0.0356898698874418,0.017058087241562797,0.030476433497238786,0.09959003263358748,0.012369375305773688,0.11025921249746078,0.026171329698698145,0.09387126318728856,0.07202844078813637,0.04318892432503488,0.010807709747610354,0.0,0.0,0.0,0.0,0.0,0.0,0.12,0.0,0.79,0.0,0.0,0.0,0.0,0.0,0.0,0.0,0.0,0.09,0.0,0.0,soft,"{""ai_coding_innovations"": 0.8, ""ai_copyright_theft"": 0.1, ""ai_mass_surveillance"": 0.1}","{""ai_coding_innovations"": 0.79, ""ai_copyright_theft"": 0.12, ""ai_mass_surveillance"": 0.09}"
user_0520,copyright_heavy,Mostly AI copyright / theft concerns,100,0.03191549483750422,0.033420364548688054,0.051959644698580325,0.013464507640663393,0.037375885397155174,0.019633140463553203,0.12231687780905007,0.036849249959667325,0.04693880816269243,0.11563994407831359,0.05422537606697676,0.08986168121975305,0.030548493194043642,0.016029289114556908,0.03974334074465835,0.08029639633644808,0.035866319120093276,0.07672172958466238,0.027282652312286652,0.039910804710653204,0.0,0.0,0.0,0.0,0.0,0.0,0.85,0.0,0.04,0.0,0.0,0.0,0.0,0.0,0.0,0.0,0.0,0.11,0.0,0.0,soft,"{""ai_coding_innovations"": 0.1, ""ai_copyright_theft"": 0.8, ""ai_mass_surveillance"": 0.1}","{""ai_coding_innovations"": 0.04, ""ai_copyright_theft"": 0.85, ""ai_mass_surveillance"": 0.11}"
user_0521,surveillance_heavy,Mostly AI mass surveillance,100,0.08635935496431514,0.054479891700407235,0.019054923725859686,0.04768847536668198,0.020756293591825747,0.020039557932511873,0.04444283293731671,0.07987394456359476,0.06555471344761994,0.03986540940547081,0.01730669214521412,0.032872644779191905,0.037217185517835094,0.043636582887726066,0.0497407705296078,0.033420083599177114,0.040813657183579884,0.2218186978095969,0.029314067709818037,0.015744220202649258,0.0,0.0,0.0,0.0,0.0,0.0,0.12,0.0,0.11,0.0,0.0,0.0,0.0,0.0,0.0,0.0,0.0,0.77,0.0,0.0,soft,"{""ai_coding_innovations"": 0.1, ""ai_copyright_theft"": 0.1, ""ai_mass_surveillance"": 0.8}","{""ai_coding_innovations"": 0.11, ""ai_copyright_theft"": 0.12, ""ai_mass_surveillance"": 0.77}"
user_0522,balanced,Even across all topics,100,0.048470866485077126,0.07257150837809183,0.02792812588059939,0.026311747840192613,0.024888152258211785,0.030251299373890296,0.06685670610396777,0.05176916153636723,0.07915805401343613,0.06134393138139228,0.028352039210577492,0.04926831631545441,0.05548741346473924,0.025150324926015315,0.06640487415124961,0.04519032434445999,0.05657388247508071,0.12938788812040675,0.03321314529689559,0.021422238443894435,0.0,0.0,0.0,0.0,0.0,0.0,0.34,0.0,0.31,0.0,0.0,0.0,0.0,0.0,0.0,0.0,0.0,0.35,0.0,0.0,soft,"{""ai_coding_innovations"": 0.333333, ""ai_copyright_theft"": 0.333333, ""ai_mass_surveillance"": 0.333334}","{""ai_coding_innovations"": 0.31, ""ai_copyright_theft"": 0.34, ""ai_mass_surveillance"": 0.35}"
user_0523,coding_copyright,Split: coding + copyright,100,0.025596952554722552,0.07812918796002476,0.03558267494432048,0.01300648972036925,0.02860043512395819,0.034697120693029215,0.08559442246377016,0.03450092129073264,0.08301991598946018,0.07943083657513911,0.037419718428676835,0.06297767783702174,0.06276425513433292,0.013870904103786207,0.07259569601676079,0.055712079284242357,0.06294281045109316,0.07218608078911018,0.03469676651974524,0.026675054119704104,0.0,0.0,0.0,0.0,0.0,0.0,0.52,0.0,0.39,0.0,0.0,0.0,0.0,0.0,0.0,0.0,0.0,0.09,0.0,0.0,soft,"{""ai_coding_innovations"": 0.45, ""ai_copyright_theft"": 0.45, ""ai_mass_surveillance"": 0.1}","{""ai_coding_innovations"": 0.39, ""ai_copyright_theft"": 0.52, ""ai_mass_surveillance"": 0.09}"
user_0524,coding_surveillance,Split: coding + surveillance,100,0.06167263702889115,0.08597653413753122,0.016395008348833194,0.035228922948280866,0.01897432706251738,0.033009255048326434,0.03992016322408461,0.06266744982268622,0.09040224128978669,0.035049712081088716,0.01568817094454406,0.02955409142357835,0.06291031262283522,0.03202867132274559,0.07481496145972381,0.028539544328614608,0.06263976393427576,0.16673692737516319,0.03505202977139742,0.01273927582509558,0.0,0.0,0.0,0.0,0.0,0.0,0.09,0.0,0.39,0.0,0.0,0.0,0.0,0.0,0.0,0.0,0.0,0.52,0.0,0.0,soft,"{""ai_coding_innovations"": 0.45, ""ai_copyright_theft"": 0.1, ""ai_mass_surveillance"": 0.45}","{""ai_coding_innovations"": 0.39, ""ai_copyright_theft"": 0.09, ""ai_mass_surveillance"": 0.52}"
user_0525,copyright_surveillance,Split: copyright + surveillance,100,0.06494391641025563,0.04587151474448806,0.032137004589491466,0.03420231953608465,0.027367288986857124,0.019775658584302847,0.07538955599585033,0.06293201384135098,0.05796888428831621,0.06998108043833441,0.031973819939769846,0.05551984849419951,0.03436693837513389,0.032770082484950405,0.045574125362926515,0.05206554467498414,0.03867726065713851,0.1646602414785678,0.02846234553621301,0.025360555580784715,0.0,0.0,0.0,0.0,0.0,0.0,0.41,0.0,0.08,0.0,0.0,0.0,0.0,0.0,0.0,0.0,0.0,0.51,0.0,0.0,soft,"{""ai_coding_innovations"": 0.1, ""ai_copyright_theft"": 0.45, ""ai_mass_surveillance"": 0.45}","{""ai_coding_innovations"": 0.08, ""ai_copyright_theft"": 0.41, ""ai_mass_surveillance"": 0.51}"
user_0526,coding_heavy,Mostly AI coding innovations,100,0.025592399511232197,0.12816145271809176,0.014155670808260619,0.01673221372131419,0.01724352306284464,0.05073154868012487,0.03704470141610429,0.03730388349345657,0.12359657726841808,0.03168420317614521,0.015043859849644164,0.027437739470491624,0.09776912387329947,0.014978093683203537,0.10868570161895552,0.023856850672538937,0.09228255498999263,0.08522946417228545,0.042813888051279995,0.00965654976231618,0.0,0.0,0.0,0.0,0.0,0.0,0.08,0.0,0.77,0.0,0.0,0.0,0.0,0.0,0.0,0.0,0.0,0.15,0.0,0.0,soft,"{""ai_coding_innovations"": 0.8, ""ai_copyright_theft"": 0.1, ""ai_mass_surveillance"": 0.1}","{""ai_coding_innovations"": 0.77, ""ai_copyright_theft"": 0.08, ""ai_mass_surveillance"": 0.15}"
user_0527,copyright_heavy,Mostly AI copyright / theft concerns,100,0.03363687103319863,0.04169479374662368,0.0476604983940813,0.015113581437493775,0.03512318053757151,0.022084320941144268,0.11247084338371754,0.03863636958867293,0.05369804927860226,0.10598244155231831,0.04965497691327252,0.08265461644691749,0.036082549876269174,0.017070880763619636,0.04554770068952819,0.07396952564589822,0.04048444425027952,0.08329465427656656,0.02858126179133491,0.03655843945288969,0.0,0.0,0.0,0.0,0.0,0.0,0.76,0.0,0.1,0.0,0.0,0.0,0.0,0.0,0.0,0.0,0.0,0.14,0.0,0.0,soft,"{""ai_coding_innovations"": 0.1, ""ai_copyright_theft"": 0.8, ""ai_mass_surveillance"": 0.1}","{""ai_coding_innovations"": 0.1, ""ai_copyright_theft"": 0.76, ""ai_mass_surveillance"": 0.14}"
user_0528,surveillance_heavy,Mostly AI mass surveillance,100,0.0859615889525983,0.058343361665276004,0.017574687780429483,0.047737811105984,0.019965735629293477,0.021324027205424964,0.04111310383766273,0.07978495105721543,0.06867681102998205,0.036584836903893504,0.015779569806180564,0.030435051453708176,0.03997911883027917,0.043523968227875125,0.05256553426566026,0.031204527380261297,0.043133291138794556,0.22180687480952382,0.02995097954521475,0.014554169374742226,0.0,0.0,0.0,0.0,0.0,0.0,0.09,0.0,0.14,0.0,0.0,0.0,0.0,0.0,0.0,0.0,0.0,0.77,0.0,0.0,soft,"{""ai_coding_innovations"": 0.1, ""ai_copyright_theft"": 0.1, ""ai_mass_surveillance"": 0.8}","{""ai_coding_innovations"": 0.14, ""ai_copyright_theft"": 0.09, ""ai_mass_surveillance"": 0.77}"
user_0529,balanced,Even across all topics,100,0.054343652329709224,0.0738489833372208,0.024804552248775893,0.02992935324938753,0.02332111141100049,0.029976530548008445,0.0594213615765771,0.056354410367150366,0.08035982789953579,0.0541190971614306,0.024814345434090754,0.043827267364428775,0.05551119026519309,0.0281062405197994,0.06676614992103429,0.04076688842145085,0.05652454932118022,0.14477988640185724,0.03327097884949014,0.01915362337267909,0.0,0.0,0.0,0.0,0.0,0.0,0.27,0.0,0.31,0.0,0.0,0.0,0.0,0.0,0.0,0.0,0.0,0.42,0.0,0.0,soft,"{""ai_coding_innovations"": 0.333333, ""ai_copyright_theft"": 0.333333, ""ai_mass_surveillance"": 0.333334}","{""ai_coding_innovations"": 0.31, ""ai_copyright_theft"": 0.27, ""ai_mass_surveillance"": 0.42}"
user_0530,coding_copyright,Split: coding + copyright,100,0.02409503979548517,0.08438580814540664,0.033561839839816365,0.012571915179797144,0.027506701497910804,0.03687715550396275,0.08110706603968845,0.033697563232845756,0.08805172997633517,0.0749953349134572,0.03537989935549997,0.05969231500183825,0.06736408063596068,0.013260939347779785,0.07725202475259335,0.052651405003622045,0.06681591463653194,0.0699675188916384,0.035750024309321504,0.025015723940508865,0.0,0.0,0.0,0.0,0.0,0.0,0.48,0.0,0.44,0.0,0.0,0.0,0.0,0.0,0.0,0.0,0.0,0.08,0.0,0.0,soft,"{""ai_coding_innovations"": 0.45, ""ai_copyright_theft"": 0.45, ""ai_mass_surveillance"": 0.1}","{""ai_coding_innovations"": 0.44, ""ai_copyright_theft"": 0.48, ""ai_mass_surveillance"": 0.08}"
user_0531,coding_surveillance,Split: coding + surveillance,100,0.05248741094169738,0.09187850983994165,0.017896784503434945,0.030159586699463573,0.019631840919183272,0.03597072048826954,0.04388262577819195,0.05593910733738027,0.09492961661722568,0.03880975882073655,0.017687774518600846,0.03245183184550473,0.06840021238993216,0.027580705440495023,0.07994838068927923,0.03042762606651036,0.06734950777884867,0.14472471240151638,0.036243234081341516,0.013600052842446288,0.0,0.0,0.0,0.0,0.0,0.0,0.13,0.0,0.45,0.0,0.0,0.0,0.0,0.0,0.0,0.0,0.0,0.42,0.0,0.0,soft,"{""ai_coding_innovations"": 0.45, ""ai_copyright_theft"": 0.1, ""ai_mass_surveillance"": 0.45}","{""ai_coding_innovations"": 0.45, ""ai_copyright_theft"": 0.13, ""ai_mass_surveillance"": 0.42}"
user_0532,copyright_surveillance,Split: copyright + surveillance,100,0.056686811017067774,0.04275872719553803,0.037092664616763686,0.02901786656222933,0.029869438089431634,0.019740029054115434,0.08712138644915028,0.05641132287093007,0.05521136525691025,0.08139579634832923,0.0375367089715716,0.06410530667558789,0.03341232707986132,0.02858488414235203,0.04411642920835948,0.05912325759035013,0.037974525272877195,0.14267561350509145,0.028167422230231415,0.02899811786325185,0.0,0.0,0.0,0.0,0.0,0.0,0.52,0.0,0.07,0.0,0.0,0.0,0.0,0.0,0.0,0.0,0.0,0.41,0.0,0.0,soft,"{""ai_coding_innovations"": 0.1, ""ai_copyright_theft"": 0.45, ""ai_mass_surveillance"": 0.45}","{""ai_coding_innovations"": 0.07, ""ai_copyright_theft"": 0.52, ""ai_mass_surveillance"": 0.41}"
user_0533,coding_heavy,Mostly AI coding innovations,100,0.02347325730382097,0.12375049348502491,0.01697458116732947,0.01513247566378578,0.018705669959896025,0.04956483747544686,0.04356100674178283,0.03542777035807168,0.11995943373487038,0.03806113320056321,0.01808713666431488,0.03220721091784353,0.09499700050351804,0.013823887374289865,0.10570610541013814,0.027968165144172944,0.08998406381502105,0.07864471648030832,0.04215219040762847,0.011818864192172637,0.0,0.0,0.0,0.0,0.0,0.0,0.14,0.0,0.74,0.0,0.0,0.0,0.0,0.0,0.0,0.0,0.0,0.12,0.0,0.0,soft,"{""ai_coding_innovations"": 0.8, ""ai_copyright_theft"": 0.1, ""ai_mass_surveillance"": 0.1}","{""ai_coding_innovations"": 0.74, ""ai_copyright_theft"": 0.14, ""ai_mass_surveillance"": 0.12}"
user_0534,copyright_heavy,Mostly AI copyright / theft concerns,100,0.030148404737122287,0.04225263137731576,0.048951985630456094,0.013062823592959278,0.03575511312941959,0.022669488123095403,0.115609701985199,0.035986562897527545,0.054052020537808866,0.10901739408224684,0.05116747543444421,0.08495125616758041,0.036989607570634055,0.015344247918649847,0.04628284530452586,0.07575868457655056,0.04128584594234185,0.0744952856871419,0.028760517992127407,0.03745810731285326,0.0,0.0,0.0,0.0,0.0,0.0,0.79,0.0,0.11,0.0,0.0,0.0,0.0,0.0,0.0,0.0,0.0,0.1,0.0,0.0,soft,"{""ai_coding_innovations"": 0.1, ""ai_copyright_theft"": 0.8, ""ai_mass_surveillance"": 0.1}","{""ai_coding_innovations"": 0.11, ""ai_copyright_theft"": 0.79, ""ai_mass_surveillance"": 0.1}"
user_0535,surveillance_heavy,Mostly AI mass surveillance,100,0.08914144052458771,0.05245173432535949,0.018703073275841173,0.049205987192040355,0.020611743298994786,0.019065487015668053,0.04347607611106142,0.0818983802096118,0.06398836101056407,0.03895610021701493,0.016808619228932647,0.0321658288743129,0.03538608670020972,0.0449784802963913,0.04801242717833768,0.03300136282573611,0.03924609176652701,0.2284231505016958,0.028914245627808352,0.015565323819304507,0.0,0.0,0.0,0.0,0.0,0.0,0.11,0.0,0.09,0.0,0.0,0.0,0.0,0.0,0.0,0.0,0.0,0.8,0.0,0.0,soft,"{""ai_coding_innovations"": 0.1, ""ai_copyright_theft"": 0.1, ""ai_mass_surveillance"": 0.8}","{""ai_coding_innovations"": 0.09, ""ai_copyright_theft"": 0.11, ""ai_mass_surveillance"": 0.8}"
user_0536,balanced,Even across all topics,100,0.039859432463114776,0.08123162714648077,0.027996853267034785,0.02179210285698546,0.02479476449501647,0.03402982497303044,0.06753715718296427,0.045636525594063136,0.08593850971284504,0.06188481061237498,0.028828176400066196,0.049763701813102225,0.06282199879257802,0.021049556260118996,0.07347308002909499,0.044969449185505786,0.06282300136304904,0.10956664804406134,0.0348372194331891,0.021165560375323977,0.0,0.0,0.0,0.0,0.0,0.0,0.35,0.0,0.39,0.0,0.0,0.0,0.0,0.0,0.0,0.0,0.0,0.26,0.0,0.0,soft,"{""ai_coding_innovations"": 0.333333, ""ai_copyright_theft"": 0.333333, ""ai_mass_surveillance"": 0.333334}","{""ai_coding_innovations"": 0.39, ""ai_copyright_theft"": 0.35, ""ai_mass_surveillance"": 0.26}"
user_0537,coding_copyright,Split: coding + copyright,100,0.020252244870634376,0.09671655209343766,0.029966394435354326,0.011185965325910792,0.025543097223989057,0.041276477815241436,0.07319454526686649,0.03143581156981719,0.0979436759663566,0.06715645076437357,0.03180564603435861,0.05389888203876065,0.0765603349534369,0.011618736179512036,0.08651307140000337,0.0471619758599542,0.07456917060082387,0.06333153819934473,0.037848277952389105,0.022021151449434857,0.0,0.0,0.0,0.0,0.0,0.0,0.41,0.0,0.54,0.0,0.0,0.0,0.0,0.0,0.0,0.0,0.0,0.05,0.0,0.0,soft,"{""ai_coding_innovations"": 0.45, ""ai_copyright_theft"": 0.45, ""ai_mass_surveillance"": 0.1}","{""ai_coding_innovations"": 0.54, ""ai_copyright_theft"": 0.41, ""ai_mass_surveillance"": 0.05}"
user_0538,coding_surveillance,Split: coding + surveillance,100,0.056682257973577434,0.09279099195360509,0.015665660480703864,0.03274359056317421,0.018512526028318065,0.035774457041211065,0.038571665401484316,0.05921428507365393,0.09578802653586835,0.03364916294933531,0.01516085039253891,0.0285653683090578,0.0684171958188278,0.02969207372176936,0.08020643481055399,0.027268028978646667,0.06731426981177685,0.1557189968882667,0.03628454376176619,0.0119796135058639,0.0,0.0,0.0,0.0,0.0,0.0,0.08,0.0,0.45,0.0,0.0,0.0,0.0,0.0,0.0,0.0,0.0,0.47,0.0,0.0,soft,"{""ai_coding_innovations"": 0.45, ""ai_copyright_theft"": 0.1, ""ai_mass_surveillance"": 0.45}","{""ai_coding_innovations"": 0.45, ""ai_copyright_theft"": 0.08, ""ai_mass_surveillance"": 0.47}"
user_0539,copyright_surveillance,Split: copyright + surveillance,100,0.0560238676642064,0.04919784380365265,0.03462560470771337,0.02910009279439935,0.0285518414852112,0.02188081117563725,0.08157183794972697,0.0562630003602979,0.0604148612275138,0.07592817551236708,0.03499150507318233,0.06004265113311504,0.03801554926726812,0.028397193042600466,0.048824368768446924,0.05543066389215709,0.041840581864901645,0.1426559085049697,0.02922894195589263,0.027014699816740123,0.0,0.0,0.0,0.0,0.0,0.0,0.47,0.0,0.12,0.0,0.0,0.0,0.0,0.0,0.0,0.0,0.0,0.41,0.0,0.0,soft,"{""ai_coding_innovations"": 0.1, ""ai_copyright_theft"": 0.45, ""ai_mass_surveillance"": 0.45}","{""ai_coding_innovations"": 0.12, ""ai_copyright_theft"": 0.47, ""ai_mass_surveillance"": 0.41}"
user_0540,coding_heavy,Mostly AI coding innovations,100,0.019321847654883293,0.13074744772383157,0.01579900849465393,0.013163944051421277,0.01802000594752367,0.05229078677891981,0.041150316843841024,0.032629641156294104,0.1255169009646805,0.035628464894529574,0.017054431287097334,0.03044119509603358,0.10050728038528972,0.011909563429568506,0.1111491895852233,0.02606473037663229,0.09465152209910778,0.06982564289076194,0.043392966334082184,0.010735114005624484,0.0,0.0,0.0,0.0,0.0,0.0,0.12,0.0,0.8,0.0,0.0,0.0,0.0,0.0,0.0,0.0,0.0,0.08,0.0,0.0,soft,"{""ai_coding_innovations"": 0.8, ""ai_copyright_theft"": 0.1, ""ai_mass_surveillance"": 0.1}","{""ai_coding_innovations"": 0.8, ""ai_copyright_theft"": 0.12, ""ai_mass_surveillance"": 0.08}"
user_0541,copyright_heavy,Mostly AI copyright / theft concerns,100,0.03178290616693194,0.03470818787031095,0.051466232716770276,0.013480952887097403,0.03711236607631108,0.02006129688785756,0.12120696810916541,0.03681958545754088,0.04797950735681313,0.11454641991112119,0.05371633528729893,0.0890491501112585,0.031469137631524986,0.0159917508946066,0.04068492865667585,0.07955787759680949,0.03663953043849816,0.076717788584638,0.027494956257418886,0.03951412110135086,0.0,0.0,0.0,0.0,0.0,0.0,0.84,0.0,0.05,0.0,0.0,0.0,0.0,0.0,0.0,0.0,0.0,0.11,0.0,0.0,soft,"{""ai_coding_innovations"": 0.1, ""ai_copyright_theft"": 0.8, ""ai_mass_surveillance"": 0.1}","{""ai_coding_innovations"": 0.05, ""ai_copyright_theft"": 0.84, ""ai_mass_surveillance"": 0.11}"
user_0542,surveillance_heavy,Mostly AI mass surveillance,100,0.08344468073347022,0.05779587239707788,0.018913362194068126,0.046187408787757615,0.02063732456381261,0.021441785273660044,0.04429968006368733,0.07781984441545123,0.0681617650787965,0.03968119442673422,0.017295724281817738,0.03276692957557631,0.03996892877294182,0.04225714725911051,0.05241070179289539,0.033100285632979516,0.043154433919037644,0.21521030411747358,0.029926193736959955,0.015526432976691658,0.0,0.0,0.0,0.0,0.0,0.0,0.12,0.0,0.14,0.0,0.0,0.0,0.0,0.0,0.0,0.0,0.0,0.74,0.0,0.0,soft,"{""ai_coding_innovations"": 0.1, ""ai_copyright_theft"": 0.1, ""ai_mass_surveillance"": 0.8}","{""ai_coding_innovations"": 0.14, ""ai_copyright_theft"": 0.12, ""ai_mass_surveillance"": 0.74}"
user_0543,balanced,Even across all topics,100,0.042243752011670584,0.08306693973630187,0.026164766871586087,0.023358950421645857,0.023859656239653252,0.034340223329099716,0.06324067125705501,0.0475719677337009,0.08749425485815134,0.057694928922341834,0.026802981144751166,0.04661929258273954,0.06375283328739674,0.02227883900893329,0.07456950041387735,0.04233517219314898,0.06357506990121087,0.11615927773608721,0.03507430918657616,0.019796613164072205,0.0,0.0,0.0,0.0,0.0,0.0,0.31,0.0,0.4,0.0,0.0,0.0,0.0,0.0,0.0,0.0,0.0,0.29,0.0,0.0,soft,"{""ai_coding_innovations"": 0.333333, ""ai_copyright_theft"": 0.333333, ""ai_mass_surveillance"": 0.333334}","{""ai_coding_innovations"": 0.4, ""ai_copyright_theft"": 0.31, ""ai_mass_surveillance"": 0.29}"
user_0544,coding_copyright,Split: coding + copyright,100,0.02312348171853686,0.08549113504429684,0.0335146526625525,0.012071559653489024,0.02746704515523975,0.037344564617678794,0.0810593484151453,0.033012863183464566,0.08892074718672738,0.07493392992054498,0.0353762434010345,0.05965707660063301,0.06828132838766292,0.012801127471574593,0.07814200184035587,0.05254480568155617,0.06759617354835114,0.06776472099426394,0.035954066318368796,0.024943128198523,0.0,0.0,0.0,0.0,0.0,0.0,0.48,0.0,0.45,0.0,0.0,0.0,0.0,0.0,0.0,0.0,0.0,0.07,0.0,0.0,soft,"{""ai_coding_innovations"": 0.45, ""ai_copyright_theft"": 0.45, ""ai_mass_surveillance"": 0.1}","{""ai_coding_innovations"": 0.45, ""ai_copyright_theft"": 0.48, ""ai_mass_surveillance"": 0.07}"
user_0545,coding_surveillance,Split: coding + surveillance,100,0.06096625629308741,0.08450621439317559,0.017334645135189473,0.03469567692910471,0.019461709361534504,0.03262035131343375,0.04209226499931077,0.06204207877755791,0.0891898601119375,0.03717535542256138,0.016702596549434297,0.03114391523936232,0.061986271499574724,0.03164393588644102,0.07382176272345137,0.029909982485825947,0.0618736002092852,0.16454201147783745,0.034831463890180235,0.013460047301714392,0.0,0.0,0.0,0.0,0.0,0.0,0.11,0.0,0.38,0.0,0.0,0.0,0.0,0.0,0.0,0.0,0.0,0.51,0.0,0.0,soft,"{""ai_coding_innovations"": 0.45, ""ai_copyright_theft"": 0.1, ""ai_mass_surveillance"": 0.45}","{""ai_coding_innovations"": 0.38, ""ai_copyright_theft"": 0.11, ""ai_mass_surveillance"": 0.51}"
user_0546,copyright_surveillance,Split: copyright + surveillance,100,0.0532417821039338,0.05122600117870033,0.03497745515773187,0.027582580969040957,0.028696391778042143,0.02285488209248105,0.08253859477598226,0.054238564714280825,0.06198121366456962,0.07683748470082294,0.035489577989463804,0.060749467037994,0.03984664808489348,0.027055295633935234,0.05055271211971705,0.05584938466559809,0.04340814728195452,0.13605145581287076,0.02962876403790229,0.02719359620008486,0.0,0.0,0.0,0.0,0.0,0.0,0.48,0.0,0.14,0.0,0.0,0.0,0.0,0.0,0.0,0.0,0.0,0.38,0.0,0.0,soft,"{""ai_coding_innovations"": 0.1, ""ai_copyright_theft"": 0.45, ""ai_mass_surveillance"": 0.45}","{""ai_coding_innovations"": 0.14, ""ai_copyright_theft"": 0.48, ""ai_mass_surveillance"": 0.38}"
user_0547,coding_heavy,Mostly AI coding innovations,100,0.0228103139509596,0.13018961009313945,0.014507521258279128,0.015214701895955796,0.017388073355675587,0.051705619596968656,0.038011458242359554,0.035279447847439485,0.12516292970547385,0.03259351236460106,0.015541932765925628,0.028144555375370615,0.09960022269092482,0.0136361962745383,0.11041404497022567,0.024275571445979933,0.09385012040704548,0.07862501148018657,0.04321371013328967,0.009835446145660924,0.0,0.0,0.0,0.0,0.0,0.0,0.09,0.0,0.79,0.0,0.0,0.0,0.0,0.0,0.0,0.0,0.0,0.12,0.0,0.0,soft,"{""ai_coding_innovations"": 0.8, ""ai_copyright_theft"": 0.1, ""ai_mass_surveillance"": 0.1}","{""ai_coding_innovations"": 0.79, ""ai_copyright_theft"": 0.09, ""ai_mass_surveillance"": 0.12}"
user_0548,copyright_heavy,Mostly AI copyright / theft concerns,100,0.030015816066549995,0.04354045469893868,0.04845857364864602,0.013079268839393287,0.0354915938085755,0.023097644547399765,0.11449979228531432,0.035956898395401095,0.05509271973192956,0.10792386991505439,0.05065843465476635,0.08413872505908584,0.037910252008115396,0.01530670969869953,0.04722443321654334,0.07502016583691194,0.04205905726074673,0.07449134468711753,0.028972821937259648,0.037061423703550915,0.0,0.0,0.0,0.0,0.0,0.0,0.78,0.0,0.12,0.0,0.0,0.0,0.0,0.0,0.0,0.0,0.0,0.1,0.0,0.0,soft,"{""ai_coding_innovations"": 0.1, ""ai_copyright_theft"": 0.8, ""ai_mass_surveillance"": 0.1}","{""ai_coding_innovations"": 0.12, ""ai_copyright_theft"": 0.78, ""ai_mass_surveillance"": 0.1}"
user_0549,surveillance_heavy,Mostly AI mass surveillance,100,0.0881698824476394,0.05355706122424971,0.01865588609857732,0.048705631665732246,0.020572086956323746,0.019532896129384116,0.04342835848651829,0.08121368016023066,0.06485737822095626,0.038894695224102764,0.016804963274467195,0.032130590473107706,0.03630333445191201,0.044518668420186126,0.048902404266100215,0.032894763503670245,0.040026350678346284,0.2262203526043214,0.02911828763685568,0.015492728077318647,0.0,0.0,0.0,0.0,0.0,0.0,0.11,0.0,0.1,0.0,0.0,0.0,0.0,0.0,0.0,0.0,0.0,0.79,0.0,0.0,soft,"{""ai_coding_innovations"": 0.1, ""ai_copyright_theft"": 0.1, ""ai_mass_surveillance"": 0.8}","{""ai_coding_innovations"": 0.1, ""ai_copyright_theft"": 0.11, ""ai_mass_surveillance"": 0.79}"
user_0550,balanced,Even across all topics,100,0.050281393968401436,0.07164867790193431,0.027529088253317024,0.027328904139242865,0.02470394562270978,0.029744637570762546,0.06584223165316934,0.05310889713300313,0.07846071878677247,0.06037321720002423,0.027850310339830566,0.04852626200937025,0.05457356239881613,0.026032410458475364,0.06556650788774203,0.04466500424895313,0.05578657596984712,0.1337895429151312,0.033017365223933226,0.021170746318563822,0.0,0.0,0.0,0.0,0.0,0.0,0.33,0.0,0.3,0.0,0.0,0.0,0.0,0.0,0.0,0.0,0.0,0.37,0.0,0.0,soft,"{""ai_coding_innovations"": 0.333333, ""ai_copyright_theft"": 0.333333, ""ai_mass_surveillance"": 0.333334}","{""ai_coding_innovations"": 0.3, ""ai_copyright_theft"": 0.33, ""ai_mass_surveillance"": 0.37}"
user_0551,coding_copyright,Split: coding + copyright,100,0.02935059619194342,0.07499570368608684,0.03527801167156581,0.01502435707203577,0.028495541173798284,0.03325564066246937,0.08467538326205802,0.037210056986130904,0.08058454634201216,0.07858293237959543,0.03692530146686082,0.06230610033334791,0.06001590856500538,0.01567261338865663,0.06997737557772811,0.055399957832867205,0.060594986122221035,0.08099333137858349,0.03409290242868824,0.026568753478345235,0.0,0.0,0.0,0.0,0.0,0.0,0.51,0.0,0.36,0.0,0.0,0.0,0.0,0.0,0.0,0.0,0.0,0.13,0.0,0.0,soft,"{""ai_coding_innovations"": 0.45, ""ai_copyright_theft"": 0.45, ""ai_mass_surveillance"": 0.1}","{""ai_coding_innovations"": 0.36, ""ai_copyright_theft"": 0.51, ""ai_mass_surveillance"": 0.13}"
user_0552,coding_surveillance,Split: coding + surveillance,100,0.060966256293087405,0.08450621439317557,0.017334645135189473,0.03469567692910472,0.019461709361534504,0.03262035131343376,0.0420922649993108,0.06204207877755792,0.08918986011193752,0.037175355422561375,0.0167025965494343,0.031143915239362326,0.06198627149957473,0.03164393588644102,0.07382176272345137,0.029909982485825957,0.06187360020928522,0.16454201147783745,0.034831463890180235,0.013460047301714392,0.0,0.0,0.0,0.0,0.0,0.0,0.11,0.0,0.38,0.0,0.0,0.0,0.0,0.0,0.0,0.0,0.0,0.51,0.0,0.0,soft,"{""ai_coding_innovations"": 0.45, ""ai_copyright_theft"": 0.1, ""ai_mass_surveillance"": 0.45}","{""ai_coding_innovations"": 0.38, ""ai_copyright_theft"": 0.11, ""ai_mass_surveillance"": 0.51}"
user_0553,copyright_surveillance,Split: copyright + surveillance,100,0.06344200365101825,0.052128134929869924,0.03011616948498735,0.03376774499551253,0.026273555360809723,0.021955693395236356,0.0709021995717686,0.062128655783464076,0.06300069827519122,0.06554557877665246,0.02993400086659297,0.052234485659016026,0.038966763876761595,0.03216011772894397,0.05023045409875902,0.049004870394363846,0.04255036484257731,0.16244167958109598,0.029515603325789282,0.023701225401589473,0.0,0.0,0.0,0.0,0.0,0.0,0.37,0.0,0.13,0.0,0.0,0.0,0.0,0.0,0.0,0.0,0.0,0.5,0.0,0.0,soft,"{""ai_coding_innovations"": 0.1, ""ai_copyright_theft"": 0.45, ""ai_mass_surveillance"": 0.45}","{""ai_coding_innovations"": 0.13, ""ai_copyright_theft"": 0.37, ""ai_mass_surveillance"": 0.5}"
user_0554,coding_heavy,Mostly AI coding innovations,100,0.02267772528038735,0.1314774334147624,0.014014109276469058,0.015231147142389807,0.01712455403483151,0.052133776021273046,0.036901548542474925,0.03524978334531306,0.1262036288995946,0.03149998819740864,0.01503289198624778,0.02733202426687605,0.10052086712840622,0.01359865805458799,0.11135563288224319,0.023537052706341346,0.09462333172545034,0.07862107048016222,0.04342601407842192,0.00943876253635857,0.0,0.0,0.0,0.0,0.0,0.0,0.08,0.0,0.8,0.0,0.0,0.0,0.0,0.0,0.0,0.0,0.0,0.12,0.0,0.0,soft,"{""ai_coding_innovations"": 0.8, ""ai_copyright_theft"": 0.1, ""ai_mass_surveillance"": 0.1}","{""ai_coding_innovations"": 0.8, ""ai_copyright_theft"": 0.08, ""ai_mass_surveillance"": 0.12}"
user_0555,copyright_heavy,Mostly AI copyright / theft concerns,100,0.02891166931902943,0.04593360491945181,0.04791797448957209,0.01259535855951916,0.035188418145060366,0.023993210085420175,0.11334216496088655,0.035242533843893496,0.05700243613644247,0.10676894075494978,0.050145737920623046,0.08329095554938608,0.03974814419729899,0.014809359602544037,0.049055998216323386,0.07417504777520748,0.043612527490970894,0.07228460578971878,0.029389167891439194,0.0365921443522627,0.0,0.0,0.0,0.0,0.0,0.0,0.77,0.0,0.14,0.0,0.0,0.0,0.0,0.0,0.0,0.0,0.0,0.09,0.0,0.0,soft,"{""ai_coding_innovations"": 0.1, ""ai_copyright_theft"": 0.8, ""ai_mass_surveillance"": 0.1}","{""ai_coding_innovations"": 0.14, ""ai_copyright_theft"": 0.77, ""ai_mass_surveillance"": 0.09}"
user_0556,surveillance_heavy,Mostly AI mass surveillance,100,0.08693314702954659,0.05723803476638579,0.01762187495769333,0.0482381666322921,0.020005391971964524,0.0208566180917089,0.04116082146220586,0.0804696511065966,0.06780779381958987,0.036646241896805674,0.015783225760646034,0.030470289854913353,0.03906187107857693,0.04398378010408032,0.05167555717789775,0.031311126702327156,0.04235303222697531,0.22400967270689826,0.02974693753616746,0.014626765116728094,0.0,0.0,0.0,0.0,0.0,0.0,0.09,0.0,0.13,0.0,0.0,0.0,0.0,0.0,0.0,0.0,0.0,0.78,0.0,0.0,soft,"{""ai_coding_innovations"": 0.1, ""ai_copyright_theft"": 0.1, ""ai_mass_surveillance"": 0.8}","{""ai_coding_innovations"": 0.13, ""ai_copyright_theft"": 0.09, ""ai_mass_surveillance"": 0.78}"
user_0557,balanced,Even across all topics,100,0.05169415544000892,0.07458931739064556,0.02564981468060446,0.028395396177595147,0.023729181024675527,0.030522445040547876,0.06149802810271699,0.05435963922325973,0.08088548114247092,0.05612193051707889,0.02582145913005008,0.04534661437780233,0.05642164464533709,0.02680188133108448,0.06755290536028692,0.041924127934530445,0.05731890341982819,0.13817937470978267,0.033458496986367596,0.019729203365326183,0.0,0.0,0.0,0.0,0.0,0.0,0.29,0.0,0.32,0.0,0.0,0.0,0.0,0.0,0.0,0.0,0.0,0.39,0.0,0.0,soft,"{""ai_coding_innovations"": 0.333333, ""ai_copyright_theft"": 0.333333, ""ai_mass_surveillance"": 0.333334}","{""ai_coding_innovations"": 0.32, ""ai_copyright_theft"": 0.29, ""ai_mass_surveillance"": 0.39}"
user_0558,coding_copyright,Split: coding + copyright,100,0.025729541225294826,0.07684136463840184,0.03607608692613054,0.012990044473935253,0.028863954444802276,0.03426896426872486,0.08670433216365483,0.03453058579285908,0.08197921679533948,0.0805243607423315,0.03792875920835468,0.06379020894551629,0.061843610696851604,0.013908442323736525,0.0716541081047433,0.05645059802388094,0.06216959913268824,0.0721900217891345,0.03448446257461298,0.02707173772900645,0.0,0.0,0.0,0.0,0.0,0.0,0.53,0.0,0.38,0.0,0.0,0.0,0.0,0.0,0.0,0.0,0.0,0.09,0.0,0.0,soft,"{""ai_coding_innovations"": 0.45, ""ai_copyright_theft"": 0.45, ""ai_mass_surveillance"": 0.1}","{""ai_coding_innovations"": 0.38, ""ai_copyright_theft"": 0.53, ""ai_mass_surveillance"": 0.09}"
user_0559,coding_surveillance,Split: coding + surveillance,100,0.054430527095593914,0.08966785604216117,0.01799115885796265,0.031160297752079832,0.01971115360452536,0.03503590226083742,0.04397806102727823,0.057308507436142624,0.09319158219644136,0.038932568806560916,0.01769508642753177,0.03252230864791511,0.06656571688652768,0.02850032919290538,0.07816842651375415,0.030640824710642094,0.06578898995521017,0.1491303081962652,0.0358351500632469,0.013745244326418016,0.0,0.0,0.0,0.0,0.0,0.0,0.13,0.0,0.43,0.0,0.0,0.0,0.0,0.0,0.0,0.0,0.0,0.44,0.0,0.0,soft,"{""ai_coding_innovations"": 0.45, ""ai_copyright_theft"": 0.1, ""ai_mass_surveillance"": 0.45}","{""ai_coding_innovations"": 0.43, ""ai_copyright_theft"": 0.13, ""ai_mass_surveillance"": 0.44}"
user_0560,copyright_surveillance,Split: copyright + surveillance,100,0.05602386766420641,0.04919784380365263,0.034625604707713364,0.02910009279439935,0.028551841485211196,0.021880811175637248,0.08157183794972697,0.056263000360297896,0.0604148612275138,0.07592817551236707,0.03499150507318233,0.060042651133115035,0.03801554926726812,0.028397193042600473,0.04882436876844694,0.05543066389215709,0.04184058186490165,0.1426559085049697,0.02922894195589263,0.027014699816740113,0.0,0.0,0.0,0.0,0.0,0.0,0.47,0.0,0.12,0.0,0.0,0.0,0.0,0.0,0.0,0.0,0.0,0.41,0.0,0.0,soft,"{""ai_coding_innovations"": 0.1, ""ai_copyright_theft"": 0.45, ""ai_mass_surveillance"": 0.45}","{""ai_coding_innovations"": 0.12, ""ai_copyright_theft"": 0.47, ""ai_mass_surveillance"": 0.41}"
user_0561,coding_heavy,Mostly AI coding innovations,100,0.02404704936905245,0.12650863655100344,0.015541532399163123,0.01568216692939592,0.01795476834003481,0.050381897634643895,0.040278995266672,0.036023476901073534,0.12221251410684034,0.034841965691898125,0.01656367027974679,0.029804855993564985,0.09684168606425989,0.014171084590644107,0.10764089205842814,0.025859208247323014,0.09152343885841649,0.0808356913776097,0.042585060233977894,0.010701409106251477,0.0,0.0,0.0,0.0,0.0,0.0,0.11,0.0,0.76,0.0,0.0,0.0,0.0,0.0,0.0,0.0,0.0,0.13,0.0,0.0,soft,"{""ai_coding_innovations"": 0.8, ""ai_copyright_theft"": 0.1, ""ai_mass_surveillance"": 0.1}","{""ai_coding_innovations"": 0.76, ""ai_copyright_theft"": 0.11, ""ai_mass_surveillance"": 0.13}"
user_0562,copyright_heavy,Mostly AI copyright / theft concerns,100,0.028470465924370223,0.04188763853185035,0.049844435239548526,0.012029222047475032,0.03620283908576568,0.02274799350191881,0.11773408613588204,0.03467649180301806,0.05370865657035182,0.11108163243080732,0.05217824508486899,0.0865058415821592,0.03698281419907581,0.014499700606140104,0.04617962365601595,0.07702252341169603,0.041299941129170556,0.07009757189244173,0.028743994119957525,0.038106283047486214,0.0,0.0,0.0,0.0,0.0,0.0,0.81,0.0,0.11,0.0,0.0,0.0,0.0,0.0,0.0,0.0,0.0,0.08,0.0,0.0,soft,"{""ai_coding_innovations"": 0.1, ""ai_copyright_theft"": 0.8, ""ai_mass_surveillance"": 0.1}","{""ai_coding_innovations"": 0.11, ""ai_copyright_theft"": 0.81, ""ai_mass_surveillance"": 0.08}"
user_0563,surveillance_heavy,Mostly AI mass surveillance,100,0.09541199238093667,0.04986573931961973,0.017059735589447858,0.05277425686193324,0.019835260414315752,0.0175062489168731,0.03937046068332468,0.08657262254677424,0.06206803731430162,0.035011838498630536,0.014798047791479479,0.029162373248770943,0.032647930188219494,0.04804701055002635,0.04554893921206988,0.03079348312164276,0.036877124657411844,0.2438269717832194,0.02833516734500618,0.014486759575996202,0.0,0.0,0.0,0.0,0.0,0.0,0.07,0.0,0.06,0.0,0.0,0.0,0.0,0.0,0.0,0.0,0.0,0.87,0.0,0.0,soft,"{""ai_coding_innovations"": 0.1, ""ai_copyright_theft"": 0.1, ""ai_mass_surveillance"": 0.8}","{""ai_coding_innovations"": 0.06, ""ai_copyright_theft"": 0.07, ""ai_mass_surveillance"": 0.87}"
user_0564,balanced,Even across all topics,100,0.047234131066984285,0.07625248192022786,0.02689411473971541,0.02584428280675249,0.024321457273852563,0.03157502133621508,0.06458916907965531,0.05102513248273319,0.08210846961206975,0.05909547805409523,0.027330301696756328,0.0476080156972601,0.058245950091404194,0.02461543660990951,0.06917802706304714,0.043606687543116925,0.05890056402370975,0.12717720822298365,0.033841795196207385,0.020556275483303885,0.0,0.0,0.0,0.0,0.0,0.0,0.32,0.0,0.34,0.0,0.0,0.0,0.0,0.0,0.0,0.0,0.0,0.34,0.0,0.0,soft,"{""ai_coding_innovations"": 0.333333, ""ai_copyright_theft"": 0.333333, ""ai_mass_surveillance"": 0.333334}","{""ai_coding_innovations"": 0.34, ""ai_copyright_theft"": 0.32, ""ai_mass_surveillance"": 0.34}"
user_0565,coding_copyright,Split: coding + copyright,100,0.027981272103278318,0.07996450054984579,0.03375058854887175,0.014573337285029643,0.02766532686859497,0.035007519049098504,0.08129793653786094,0.03643636343037042,0.08457566113476644,0.07524095488510593,0.0353945231733618,0.059833268606659024,0.06369508962915167,0.015100186852600506,0.07369211640154313,0.053077802291885516,0.06369487898925494,0.07877871048113602,0.034933856273132266,0.025306106908452326,0.0,0.0,0.0,0.0,0.0,0.0,0.48,0.0,0.4,0.0,0.0,0.0,0.0,0.0,0.0,0.0,0.0,0.12,0.0,0.0,soft,"{""ai_coding_innovations"": 0.45, ""ai_copyright_theft"": 0.45, ""ai_mass_surveillance"": 0.1}","{""ai_coding_innovations"": 0.4, ""ai_copyright_theft"": 0.48, ""ai_mass_surveillance"": 0.12}"
user_0566,coding_surveillance,Split: coding + surveillance,100,0.05831675940338709,0.08524654844660037,0.01817990756701806,0.03316171985731234,0.01986977897520954,0.0331662658059732,0.04416893152545072,0.06004730763366729,0.08971551335487264,0.039178188778209694,0.017709710245393605,0.03266326225273589,0.06289672587971873,0.030339576697726113,0.07460851816270399,0.03106722199890556,0.06266795430793319,0.15794149978576288,0.03501898202705767,0.014035627294361483,0.0,0.0,0.0,0.0,0.0,0.0,0.13,0.0,0.39,0.0,0.0,0.0,0.0,0.0,0.0,0.0,0.0,0.48,0.0,0.0,soft,"{""ai_coding_innovations"": 0.45, ""ai_copyright_theft"": 0.1, ""ai_mass_surveillance"": 0.45}","{""ai_coding_innovations"": 0.39, ""ai_copyright_theft"": 0.13, ""ai_mass_surveillance"": 0.48}"
user_0567,copyright_surveillance,Split: copyright + surveillance,100,0.05642163367592324,0.04533437383878387,0.036105840653143574,0.029050757055097333,0.02934239944774346,0.02059634190272416,0.08490156704938094,0.05635199386667719,0.05729276364515167,0.07920874801394438,0.036518627412215884,0.06248024445859876,0.03525361595482404,0.028509807702451404,0.045999605032394454,0.05764622011107291,0.039520947909686965,0.14266773150504275,0.028592030120495902,0.028204750644647156,0.0,0.0,0.0,0.0,0.0,0.0,0.5,0.0,0.09,0.0,0.0,0.0,0.0,0.0,0.0,0.0,0.0,0.41,0.0,0.0,soft,"{""ai_coding_innovations"": 0.1, ""ai_copyright_theft"": 0.45, ""ai_mass_surveillance"": 0.45}","{""ai_coding_innovations"": 0.09, ""ai_copyright_theft"": 0.5, ""ai_mass_surveillance"": 0.41}"
user_0568,coding_heavy,Mostly AI coding innovations,100,0.017378731500986715,0.13295810152161197,0.015704634140126225,0.012163232998805023,0.01794069326218158,0.05322560500635193,0.04105488159475477,0.03126024105753176,0.1272549353854648,0.03550565490870521,0.017047119378166414,0.030370718293623197,0.10234177588869421,0.010989939677158136,0.1129291437607484,0.02585153173250056,0.09621203992274625,0.06542004709601314,0.04380105035217678,0.010589922521652752,0.0,0.0,0.0,0.0,0.0,0.0,0.12,0.0,0.82,0.0,0.0,0.0,0.0,0.0,0.0,0.0,0.0,0.06,0.0,0.0,soft,"{""ai_coding_innovations"": 0.8, ""ai_copyright_theft"": 0.1, ""ai_mass_surveillance"": 0.1}","{""ai_coding_innovations"": 0.82, ""ai_copyright_theft"": 0.12, ""ai_mass_surveillance"": 0.06}"
user_0569,copyright_heavy,Mostly AI copyright / theft concerns,100,0.03098737414349831,0.042435127800048475,0.04850576082590987,0.01357962436570139,0.03553125015124655,0.022630235433683716,0.11454750990985746,0.036641598444782285,0.05422370252153738,0.10798527490796657,0.05066209060923181,0.08417396346029105,0.036993004256413164,0.015766521574904713,0.04633445612878081,0.07512676515897782,0.04127879834892748,0.07669414258449198,0.02876877992821235,0.03713401944553677,0.0,0.0,0.0,0.0,0.0,0.0,0.78,0.0,0.11,0.0,0.0,0.0,0.0,0.0,0.0,0.0,0.0,0.11,0.0,0.0,soft,"{""ai_coding_innovations"": 0.1, ""ai_copyright_theft"": 0.8, ""ai_mass_surveillance"": 0.1}","{""ai_coding_innovations"": 0.11, ""ai_copyright_theft"": 0.78, ""ai_mass_surveillance"": 0.11}"
user_0570,surveillance_heavy,Mostly AI mass surveillance,100,0.09165834874371576,0.05299922359355764,0.017364398862202514,0.05075638951026673,0.019940154364475656,0.01894772894743297,0.04028949988503684,0.083863486851376,0.06450340696174965,0.0358597426941742,0.015292464753295485,0.029833950752444733,0.035396276757547085,0.04624530126515592,0.048167259651102544,0.031105604573017878,0.03922494898628394,0.23501972119374603,0.02893903143606316,0.014593060217355083,0.0,0.0,0.0,0.0,0.0,0.0,0.08,0.0,0.09,0.0,0.0,0.0,0.0,0.0,0.0,0.0,0.0,0.83,0.0,0.0,soft,"{""ai_coding_innovations"": 0.1, ""ai_copyright_theft"": 0.1, ""ai_mass_surveillance"": 0.8}","{""ai_coding_innovations"": 0.09, ""ai_copyright_theft"": 0.08, ""ai_mass_surveillance"": 0.83}"
user_0571,balanced,Even across all topics,100,0.04277410669395966,0.07791564644981017,0.02813841479882635,0.02329316943590985,0.024913733523029613,0.032627597631882284,0.06768031005659365,0.04769062574220666,0.08333145808166853,0.062069025591111576,0.02883914426346258,0.049869417016717835,0.060070255537471307,0.022428991888734543,0.07080314876580737,0.0452892471517034,0.06048222462759134,0.11617504173618459,0.034225093406047194,0.021383347601281584,0.0,0.0,0.0,0.0,0.0,0.0,0.35,0.0,0.36,0.0,0.0,0.0,0.0,0.0,0.0,0.0,0.0,0.29,0.0,0.0,soft,"{""ai_coding_innovations"": 0.333333, ""ai_copyright_theft"": 0.333333, ""ai_mass_surveillance"": 0.333334}","{""ai_coding_innovations"": 0.36, ""ai_copyright_theft"": 0.35, ""ai_mass_surveillance"": 0.29}"
user_0572,coding_copyright,Split: coding + copyright,100,0.02912885623374124,0.08548078668180288,0.030884491012539057,0.015672719816249927,0.026163523628872545,0.03664163936749257,0.07473391358763928,0.03762777651637417,0.08908182187870628,0.06880261986777571,0.03234759040422562,0.05502855875810194,0.06738446075063537,0.015794581285308994,0.07756168969812305,0.04885988849818561,0.06677362907604578,0.08316066027573879,0.0357995959258311,0.023071196736609994,0.0,0.0,0.0,0.0,0.0,0.0,0.42,0.0,0.44,0.0,0.0,0.0,0.0,0.0,0.0,0.0,0.0,0.14,0.0,0.0,soft,"{""ai_coding_innovations"": 0.45, ""ai_copyright_theft"": 0.45, ""ai_mass_surveillance"": 0.1}","{""ai_coding_innovations"": 0.44, ""ai_copyright_theft"": 0.42, ""ai_mass_surveillance"": 0.14}"
user_0573,coding_surveillance,Split: coding + surveillance,100,0.0564170806324329,0.09536663859685097,0.014678836517083729,0.03277648105604222,0.017985487386629896,0.036630769889819795,0.03635184600171501,0.05915495606940106,0.09786942492410976,0.03146211461495045,0.014142768833183212,0.026940306092068652,0.07025848469379051,0.029616997281868743,0.08208961063458901,0.025790991499369458,0.06886069244858663,0.15571111488821804,0.03670915165203067,0.011186246287259217,0.0,0.0,0.0,0.0,0.0,0.0,0.06,0.0,0.47,0.0,0.0,0.0,0.0,0.0,0.0,0.0,0.0,0.47,0.0,0.0,soft,"{""ai_coding_innovations"": 0.45, ""ai_copyright_theft"": 0.1, ""ai_mass_surveillance"": 0.45}","{""ai_coding_innovations"": 0.47, ""ai_copyright_theft"": 0.06, ""ai_mass_surveillance"": 0.47}"
user_0574,copyright_surveillance,Split: copyright + surveillance,100,0.0553174869284027,0.047727524059297,0.035565241494069644,0.028566846775223198,0.029039223784228314,0.02149190744074457,0.08374393972495314,0.05563762931516958,0.05920248004966455,0.07805381885383975,0.03600593067807256,0.061632474948898966,0.03709150814400762,0.028012457606295914,0.04783117003217449,0.056801102049368425,0.0410744181399111,0.14046099260764397,0.029008376074675442,0.027735471293358935,0.0,0.0,0.0,0.0,0.0,0.0,0.49,0.0,0.11,0.0,0.0,0.0,0.0,0.0,0.0,0.0,0.0,0.4,0.0,0.0,soft,"{""ai_coding_innovations"": 0.1, ""ai_copyright_theft"": 0.45, ""ai_mass_surveillance"": 0.45}","{""ai_coding_innovations"": 0.11, ""ai_copyright_theft"": 0.49, ""ai_mass_surveillance"": 0.4}"
user_0575,coding_heavy,Mostly AI coding innovations,100,0.02060202045591849,0.13497591053416574,0.013426322940131291,0.014246881336207549,0.01678172202864533,0.053496750673009505,0.035696203593504006,0.03385071874442429,0.12898236251449963,0.030283654044391803,0.01451653929763901,0.026449016355971088,0.10327600706929205,0.012641496082227307,0.1140771749697858,0.022585335322570996,0.09695706086749373,0.07421153368538905,0.04404640204164877,0.008896887443084495,0.0,0.0,0.0,0.0,0.0,0.0,0.07,0.0,0.83,0.0,0.0,0.0,0.0,0.0,0.0,0.0,0.0,0.1,0.0,0.0,soft,"{""ai_coding_innovations"": 0.8, ""ai_copyright_theft"": 0.1, ""ai_mass_surveillance"": 0.1}","{""ai_coding_innovations"": 0.83, ""ai_copyright_theft"": 0.07, ""ai_mass_surveillance"": 0.1}"
user_0576,copyright_heavy,Mostly AI copyright / theft concerns,100,0.029044257989601707,0.04464578159782888,0.04841138647138217,0.01257891331308516,0.035451937465904464,0.02356505366111582,0.1144520746607712,0.03527219834601994,0.05596173694232175,0.10786246492214221,0.0506547787003009,0.08410348665788063,0.03882749975981764,0.014846897822494353,0.048114410304305896,0.0749135665148461,0.042839316172566,0.07228854678974313,0.02917686394630695,0.036988827961565045,0.0,0.0,0.0,0.0,0.0,0.0,0.78,0.0,0.13,0.0,0.0,0.0,0.0,0.0,0.0,0.0,0.0,0.09,0.0,0.0,soft,"{""ai_coding_innovations"": 0.1, ""ai_copyright_theft"": 0.8, ""ai_mass_surveillance"": 0.1}","{""ai_coding_innovations"": 0.13, ""ai_copyright_theft"": 0.78, ""ai_mass_surveillance"": 0.09}"
user_0577,surveillance_heavy,Mostly AI mass surveillance,100,0.09055420199619522,0.05539237381407078,0.016823799703128597,0.05027247923039263,0.019636978700960532,0.019843294485453397,0.039131872560609064,0.08314912229986841,0.06641312336626255,0.03470481353406958,0.014779768019152185,0.028986181242744973,0.0372341689467307,0.04574795116900044,0.04999882465088256,0.03026048651131341,0.040778419216508086,0.23281298229634728,0.029355377390242725,0.014123780866066877,0.0,0.0,0.0,0.0,0.0,0.0,0.07,0.0,0.11,0.0,0.0,0.0,0.0,0.0,0.0,0.0,0.0,0.82,0.0,0.0,soft,"{""ai_coding_innovations"": 0.1, ""ai_copyright_theft"": 0.1, ""ai_mass_surveillance"": 0.8}","{""ai_coding_innovations"": 0.11, ""ai_copyright_theft"": 0.07, ""ai_mass_surveillance"": 0.82}"
user_0578,balanced,Even across all topics,100,0.05195933278115345,0.07201367074739976,0.026636638644224594,0.02836250568472714,0.02425621966636371,0.029666132191939164,0.06371784750248632,0.0544189682275126,0.07880408275422954,0.05830897885146376,0.02683954068940578,0.04697167659479149,0.05458035577037437,0.026876957770985106,0.06566972953625194,0.04340116541380766,0.055772480783018406,0.13818725670983137,0.0330338890961031,0.02052257058393087,0.0,0.0,0.0,0.0,0.0,0.0,0.31,0.0,0.3,0.0,0.0,0.0,0.0,0.0,0.0,0.0,0.0,0.39,0.0,0.0,soft,"{""ai_coding_innovations"": 0.333333, ""ai_copyright_theft"": 0.333333, ""ai_mass_surveillance"": 0.333334}","{""ai_coding_innovations"": 0.3, ""ai_copyright_theft"": 0.31, ""ai_mass_surveillance"": 0.39}"
user_0579,coding_copyright,Split: coding + copyright,100,0.028996267563168972,0.08676861000342578,0.03039107903072899,0.015689165062683925,0.025900004308028458,0.037069795791796936,0.07362400388775464,0.03759811201424775,0.09012252107282698,0.0677090957005833,0.031838549624547775,0.054216027649607396,0.06830510518811674,0.015757043065358686,0.07850327761014055,0.04812136975854702,0.06754684039445066,0.08315671927571448,0.03601189987096335,0.022674513127307654,0.0,0.0,0.0,0.0,0.0,0.0,0.41,0.0,0.45,0.0,0.0,0.0,0.0,0.0,0.0,0.0,0.0,0.14,0.0,0.0,soft,"{""ai_coding_innovations"": 0.45, ""ai_copyright_theft"": 0.45, ""ai_mass_surveillance"": 0.1}","{""ai_coding_innovations"": 0.45, ""ai_copyright_theft"": 0.41, ""ai_mass_surveillance"": 0.14}"
user_0580,coding_surveillance,Split: coding + surveillance,100,0.05915572880976313,0.08542904486933309,0.01773368276247184,0.03367852063005446,0.019645915997036502,0.03312701311656149,0.04310673945010918,0.060702343180922026,0.08988719533860115,0.038146069603929446,0.01720432542018123,0.031885969545446494,0.06290012256549785,0.030761850353980987,0.07466012898695897,0.03043530258133282,0.06266090671451882,0.16014035668311297,0.03502724396314263,0.013711539427045009,0.0,0.0,0.0,0.0,0.0,0.0,0.12,0.0,0.39,0.0,0.0,0.0,0.0,0.0,0.0,0.0,0.0,0.49,0.0,0.0,soft,"{""ai_coding_innovations"": 0.45, ""ai_copyright_theft"": 0.1, ""ai_mass_surveillance"": 0.45}","{""ai_coding_innovations"": 0.39, ""ai_copyright_theft"": 0.12, ""ai_mass_surveillance"": 0.49}"
user_0581,copyright_surveillance,Split: copyright + surveillance,100,0.05505230958725814,0.05030317070254286,0.03457841753044951,0.02859973726809121,0.02851218514254015,0.022348220289353304,0.08152412032518384,0.05557830031091673,0.06128387843790599,0.07586677051945488,0.03498784911871688,0.060007412731909834,0.03893279701897037,0.027937381166395287,0.04971434585620948,0.055324064570091216,0.042620840776720896,0.14045311060759533,0.029432983964939933,0.026942104074754256,0.0,0.0,0.0,0.0,0.0,0.0,0.47,0.0,0.13,0.0,0.0,0.0,0.0,0.0,0.0,0.0,0.0,0.4,0.0,0.0,soft,"{""ai_coding_innovations"": 0.1, ""ai_copyright_theft"": 0.45, ""ai_mass_surveillance"": 0.45}","{""ai_coding_innovations"": 0.13, ""ai_copyright_theft"": 0.47, ""ai_mass_surveillance"": 0.4}"
user_0582,coding_heavy,Mostly AI coding innovations,100,0.01892408164316647,0.13461091768870037,0.014318772549223733,0.01321327979072328,0.017229447984991417,0.05357525605183294,0.037820587744187076,0.03254064764991482,0.12863899854704264,0.03234789239295234,0.015527308948063798,0.028003601770549846,0.1032692136977339,0.011796948769717564,0.11397395332127576,0.023849174157716497,0.09697115605432251,0.06981381989068897,0.04402987816947891,0.00954506317771747,0.0,0.0,0.0,0.0,0.0,0.0,0.09,0.0,0.83,0.0,0.0,0.0,0.0,0.0,0.0,0.0,0.0,0.08,0.0,0.0,soft,"{""ai_coding_innovations"": 0.8, ""ai_copyright_theft"": 0.1, ""ai_mass_surveillance"": 0.1}","{""ai_coding_innovations"": 0.83, ""ai_copyright_theft"": 0.09, ""ai_mass_surveillance"": 0.08}"
user_0583,copyright_heavy,Mostly AI copyright / theft concerns,100,0.028559617212000146,0.032690378857757205,0.05374454391676518,0.011397304549694875,0.03827133730984733,0.01979015122119998,0.12656564611041618,0.034229107770648366,0.04625208022777833,0.11976842077543452,0.05624691536782629,0.09297085204891055,0.030534906450927154,0.01434019448953743,0.039536897447638525,0.08282407400673901,0.0358945094937507,0.06792630199526205,0.027249604567946905,0.041207156179919116,0.0,0.0,0.0,0.0,0.0,0.0,0.89,0.0,0.04,0.0,0.0,0.0,0.0,0.0,0.0,0.0,0.0,0.07,0.0,0.0,soft,"{""ai_coding_innovations"": 0.1, ""ai_copyright_theft"": 0.8, ""ai_mass_surveillance"": 0.1}","{""ai_coding_innovations"": 0.04, ""ai_copyright_theft"": 0.89, ""ai_mass_surveillance"": 0.07}"
user_0584,surveillance_heavy,Mostly AI mass surveillance,100,0.09501422636921984,0.05372920928448847,0.015579499644017647,0.052823592601235245,0.019044702451783493,0.01879071818978619,0.03604073158367073,0.08648362904039494,0.06519013489666375,0.031731265997053226,0.013270925452445941,0.02672477992328719,0.03540986350066356,0.04793439589017542,0.04837370294812235,0.028577926902726918,0.03919675861262651,0.24381514878314636,0.02897207918040291,0.01329670874808918,0.0,0.0,0.0,0.0,0.0,0.0,0.04,0.0,0.09,0.0,0.0,0.0,0.0,0.0,0.0,0.0,0.0,0.87,0.0,0.0,soft,"{""ai_coding_innovations"": 0.1, ""ai_copyright_theft"": 0.1, ""ai_mass_surveillance"": 0.8}","{""ai_coding_innovations"": 0.09, ""ai_copyright_theft"": 0.04, ""ai_mass_surveillance"": 0.87}"
user_0585,balanced,Even across all topics,100,0.0433478987591911,0.08067378951578871,0.026705366030659993,0.02384286070151998,0.024162831903168386,0.0334446577910793,0.06439829858148281,0.04828633228520851,0.08558453845363852,0.05884985808244647,0.027315677878894485,0.047467062092439304,0.061914941098213154,0.022776189105088773,0.0727379354140973,0.043180290254853454,0.06202159967098674,0.11836601663348596,0.0346579632323966,0.020265892515360418,0.0,0.0,0.0,0.0,0.0,0.0,0.32,0.0,0.38,0.0,0.0,0.0,0.0,0.0,0.0,0.0,0.0,0.3,0.0,0.0,soft,"{""ai_coding_innovations"": 0.333333, ""ai_copyright_theft"": 0.333333, ""ai_mass_surveillance"": 0.333334}","{""ai_coding_innovations"": 0.38, ""ai_copyright_theft"": 0.32, ""ai_mass_surveillance"": 0.3}"
user_0586,coding_copyright,Split: coding + copyright,100,0.026038155949381744,0.0821751543476262,0.03365621419434405,0.013572626232413391,0.027586014183252888,0.03594233727653062,0.08120250128877468,0.03506696333160808,0.08631369555555081,0.07511814489928156,0.03538721126443089,0.059762791804248615,0.06552958513255619,0.014180563100190145,0.07547207057706824,0.052864603647753784,0.06525539681289344,0.0743731146863872,0.03534194029122688,0.0251609154244806,0.0,0.0,0.0,0.0,0.0,0.0,0.48,0.0,0.42,0.0,0.0,0.0,0.0,0.0,0.0,0.0,0.0,0.1,0.0,0.0,soft,"{""ai_coding_innovations"": 0.45, ""ai_copyright_theft"": 0.45, ""ai_mass_surveillance"": 0.1}","{""ai_coding_innovations"": 0.42, ""ai_copyright_theft"": 0.48, ""ai_mass_surveillance"": 0.1}"
user_0587,coding_surveillance,Split: coding + surveillance,100,0.06251160643526717,0.08615903056026393,0.015948783544286974,0.03574572372102299,0.018750464084344335,0.03297000235891473,0.038857971148743085,0.06332248536994095,0.09057392327351521,0.034017592906808475,0.015182786119331678,0.02877679871628896,0.06291370930861434,0.03245094497900045,0.07486657228397876,0.027907624911041862,0.0626327163408614,0.16893578427251327,0.03506029170748236,0.012415187957779104,0.0,0.0,0.0,0.0,0.0,0.0,0.08,0.0,0.39,0.0,0.0,0.0,0.0,0.0,0.0,0.0,0.0,0.53,0.0,0.0,soft,"{""ai_coding_innovations"": 0.45, ""ai_copyright_theft"": 0.1, ""ai_mass_surveillance"": 0.45}","{""ai_coding_innovations"": 0.39, ""ai_copyright_theft"": 0.08, ""ai_mass_surveillance"": 0.53}"
user_0588,copyright_surveillance,Split: copyright + surveillance,100,0.05991009997199957,0.0447765362080918,0.03481435341676878,0.031101514899631862,0.02871046685589537,0.020011174720773017,0.08176270844789947,0.059001800557822566,0.05693879238594506,0.07617379548401584,0.035006128891044166,0.0601836047379358,0.03434655826045915,0.0302364405474212,0.04526446041739679,0.05585706118042055,0.038719546217624655,0.15146710009446737,0.028412773919703403,0.027305082784683583,0.0,0.0,0.0,0.0,0.0,0.0,0.47,0.0,0.08,0.0,0.0,0.0,0.0,0.0,0.0,0.0,0.0,0.45,0.0,0.0,soft,"{""ai_coding_innovations"": 0.1, ""ai_copyright_theft"": 0.45, ""ai_mass_surveillance"": 0.45}","{""ai_coding_innovations"": 0.08, ""ai_copyright_theft"": 0.47, ""ai_mass_surveillance"": 0.45}"
user_0589,coding_heavy,Mostly AI coding innovations,100,0.02669654625875274,0.1257683024975787,0.014696269967334539,0.01721612400118831,0.017546698726359774,0.049835983142104454,0.03820232874053207,0.0380182480449642,0.12168686086390515,0.032839132336249834,0.01555655658378748,0.02828550898019139,0.0959312316841159,0.015475443779359032,0.10685413661917545,0.0247019687342434,0.09072908475976853,0.08743620306968425,0.042397542097100456,0.010125829113604386,0.0,0.0,0.0,0.0,0.0,0.0,0.09,0.0,0.75,0.0,0.0,0.0,0.0,0.0,0.0,0.0,0.0,0.16,0.0,0.0,soft,"{""ai_coding_innovations"": 0.8, ""ai_copyright_theft"": 0.1, ""ai_mass_surveillance"": 0.1}","{""ai_coding_innovations"": 0.75, ""ai_copyright_theft"": 0.09, ""ai_mass_surveillance"": 0.16}"
user_0590,copyright_heavy,Mostly AI copyright / theft concerns,100,0.029618050054833162,0.04740392466380745,0.046978337703215835,0.013128604578695299,0.03470103584604324,0.024382113820312856,0.11117006318566035,0.0358679048890218,0.0582148173142917,0.10464329741347712,0.04913131231573282,0.08170113173360213,0.04067218532055948,0.015194095038848592,0.05004919695259583,0.07280460961799612,0.04437869121596142,0.07447952168704451,0.029609733772656365,0.03587137287564388,0.0,0.0,0.0,0.0,0.0,0.0,0.75,0.0,0.15,0.0,0.0,0.0,0.0,0.0,0.0,0.0,0.0,0.1,0.0,0.0,soft,"{""ai_coding_innovations"": 0.1, ""ai_copyright_theft"": 0.8, ""ai_mass_surveillance"": 0.1}","{""ai_coding_innovations"": 0.15, ""ai_copyright_theft"": 0.75, ""ai_mass_surveillance"": 0.1}"
user_0591,surveillance_heavy,Mostly AI mass surveillance,100,0.09152576007314352,0.05428704691518057,0.01687098688039245,0.05077283475670075,0.019676635043631575,0.019375885371737334,0.03917959018515218,0.08383382234924958,0.06554410615587038,0.034766218526981765,0.014783423973617642,0.029021419643950178,0.03631692119502845,0.04620776304520561,0.049108847563120034,0.03036708583337929,0.03999816030468884,0.2350157801937217,0.02915133538119541,0.014196376608052739,0.0,0.0,0.0,0.0,0.0,0.0,0.07,0.0,0.1,0.0,0.0,0.0,0.0,0.0,0.0,0.0,0.0,0.83,0.0,0.0,soft,"{""ai_coding_innovations"": 0.1, ""ai_copyright_theft"": 0.1, ""ai_mass_surveillance"": 0.8}","{""ai_coding_innovations"": 0.1, ""ai_copyright_theft"": 0.07, ""ai_mass_surveillance"": 0.83}"
user_0592,balanced,Even across all topics,100,0.04374566477090795,0.07681031955091998,0.0281856019760902,0.023793524962217972,0.02495338986570066,0.032160188518166224,0.0677280276811368,0.048375325791587834,0.08246244087127635,0.06213043058402377,0.02884280021792805,0.04990465541792302,0.05915300778576908,0.022888803764939732,0.06991317167804484,0.04539584647376927,0.05970196571577209,0.11837783963355904,0.03402105139699989,0.021455943343267458,0.0,0.0,0.0,0.0,0.0,0.0,0.35,0.0,0.35,0.0,0.0,0.0,0.0,0.0,0.0,0.0,0.0,0.3,0.0,0.0,soft,"{""ai_coding_innovations"": 0.333333, ""ai_copyright_theft"": 0.333333, ""ai_mass_surveillance"": 0.333334}","{""ai_coding_innovations"": 0.35, ""ai_copyright_theft"": 0.35, ""ai_mass_surveillance"": 0.3}"
user_0593,coding_copyright,Split: coding + copyright,100,0.027450917420989224,0.08511579383633745,0.03177694062163149,0.014639118270765654,0.02661124958521863,0.03672014474631594,0.07685829773832231,0.036317705421864695,0.08873845791124924,0.0708668582163362,0.0333583600546504,0.05658314417268075,0.06737766737907712,0.014950033972799258,0.07745846804961315,0.05012372733333109,0.0667877242628745,0.07876294648103868,0.03578307205366125,0.023719372471242953,0.0,0.0,0.0,0.0,0.0,0.0,0.44,0.0,0.44,0.0,0.0,0.0,0.0,0.0,0.0,0.0,0.0,0.12,0.0,0.0,soft,"{""ai_coding_innovations"": 0.45, ""ai_copyright_theft"": 0.45, ""ai_mass_surveillance"": 0.1}","{""ai_coding_innovations"": 0.44, ""ai_copyright_theft"": 0.44, ""ai_mass_surveillance"": 0.12}"
user_0594,coding_surveillance,Split: coding + surveillance,100,0.06083366762251513,0.08579403771479853,0.016841233153379407,0.034712122175538734,0.019198190040690413,0.03304850773773811,0.040982355299426114,0.06201241427543149,0.0902305593060582,0.03608183125536896,0.01619355576975645,0.03033138413086773,0.0629069159370561,0.03160639766649072,0.07476335063546884,0.029171463746187357,0.06264681152769012,0.1645380704778131,0.03504376783531248,0.013063363692412056,0.0,0.0,0.0,0.0,0.0,0.0,0.1,0.0,0.39,0.0,0.0,0.0,0.0,0.0,0.0,0.0,0.0,0.51,0.0,0.0,soft,"{""ai_coding_innovations"": 0.45, ""ai_copyright_theft"": 0.1, ""ai_mass_surveillance"": 0.45}","{""ai_coding_innovations"": 0.39, ""ai_copyright_theft"": 0.1, ""ai_mass_surveillance"": 0.51}"
user_0595,copyright_surveillance,Split: copyright + surveillance,100,0.056465071058865605,0.05324381019125409,0.03269914395773695,0.029666229306443494,0.027537420544505888,0.023126027759138627,0.07717991677473147,0.05682904240117334,0.06370864079360444,0.07161548383650954,0.03295899790893638,0.05682776510034195,0.04078087926549134,0.028706852039004402,0.05170074332875437,0.052583188255668545,0.04415316822670199,0.14484294240224674,0.029874115727374292,0.025500561121516604,0.0,0.0,0.0,0.0,0.0,0.0,0.43,0.0,0.15,0.0,0.0,0.0,0.0,0.0,0.0,0.0,0.0,0.42,0.0,0.0,soft,"{""ai_coding_innovations"": 0.1, ""ai_copyright_theft"": 0.45, ""ai_mass_surveillance"": 0.45}","{""ai_coding_innovations"": 0.15, ""ai_copyright_theft"": 0.43, ""ai_mass_surveillance"": 0.42}"
user_0596,coding_heavy,Mostly AI coding innovations,100,0.020956349084692946,0.12320300421682681,0.01831325558096812,0.01358207334555938,0.019377258894415147,0.04968259554368198,0.046747582967807406,0.033462663716307454,0.11944438778368478,0.04115749072340395,0.019603291139952045,0.03453908903971166,0.09498681044618071,0.012557066405525253,0.10555127293737317,0.029863923396891194,0.09000520659526418,0.07204814578825812,0.042127404599373676,0.012791127794122075,0.0,0.0,0.0,0.0,0.0,0.0,0.17,0.0,0.74,0.0,0.0,0.0,0.0,0.0,0.0,0.0,0.0,0.09,0.0,0.0,soft,"{""ai_coding_innovations"": 0.8, ""ai_copyright_theft"": 0.1, ""ai_mass_surveillance"": 0.1}","{""ai_coding_innovations"": 0.74, ""ai_copyright_theft"": 0.17, ""ai_mass_surveillance"": 0.09}"
user_0597,copyright_heavy,Mostly AI copyright / theft concerns,100,0.02970720134246307,0.03820666498971431,0.0508784463804325,0.012496687080915137,0.036769534070124905,0.02142427153959403,0.12000162316019448,0.0354205208566521,0.050758240971718216,0.11333008575810434,0.05319998259869014,0.08816614220035353,0.03422427757241086,0.015034588922245913,0.043406470744218426,0.07860616021303912,0.03897325958054153,0.07230825178986483,0.02811534422064574,0.03897224600807677,0.0,0.0,0.0,0.0,0.0,0.0,0.83,0.0,0.08,0.0,0.0,0.0,0.0,0.0,0.0,0.0,0.0,0.09,0.0,0.0,soft,"{""ai_coding_innovations"": 0.1, ""ai_copyright_theft"": 0.8, ""ai_mass_surveillance"": 0.1}","{""ai_coding_innovations"": 0.08, ""ai_copyright_theft"": 0.83, ""ai_mass_surveillance"": 0.09}"
user_0598,surveillance_heavy,Mostly AI mass surveillance,100,0.09152576007314349,0.054287046915180534,0.016870986880392454,0.05077283475670075,0.019676635043631572,0.019375885371737334,0.03917959018515216,0.08383382234924958,0.06554410615587035,0.03476621852698177,0.01478342397361764,0.02902141964395018,0.03631692119502846,0.0462077630452056,0.04910884756312002,0.030367085833379288,0.039998160304688835,0.23501578019372169,0.02915133538119541,0.014196376608052737,0.0,0.0,0.0,0.0,0.0,0.0,0.07,0.0,0.1,0.0,0.0,0.0,0.0,0.0,0.0,0.0,0.0,0.83,0.0,0.0,soft,"{""ai_coding_innovations"": 0.1, ""ai_copyright_theft"": 0.1, ""ai_mass_surveillance"": 0.8}","{""ai_coding_innovations"": 0.1, ""ai_copyright_theft"": 0.07, ""ai_mass_surveillance"": 0.83}"
user_0599,balanced,Even across all topics,100,0.04847086648507709,0.07257150837809184,0.02792812588059938,0.026311747840192624,0.024888152258211785,0.030251299373890313,0.06685670610396778,0.051769161536367216,0.07915805401343613,0.06134393138139228,0.028352039210577502,0.04926831631545443,0.05548741346473925,0.02515032492601531,0.0664048741512496,0.04519032434446003,0.05657388247508073,0.1293878881204067,0.033213145296895584,0.02142223844389443,0.0,0.0,0.0,0.0,0.0,0.0,0.34,0.0,0.31,0.0,0.0,0.0,0.0,0.0,0.0,0.0,0.0,0.35,0.0,0.0,soft,"{""ai_coding_innovations"": 0.333333, ""ai_copyright_theft"": 0.333333, ""ai_mass_surveillance"": 0.333334}","{""ai_coding_innovations"": 0.31, ""ai_copyright_theft"": 0.34, ""ai_mass_surveillance"": 0.35}"
user_0600,coding_copyright,Split: coding + copyright,100,0.029350596191943423,0.07499570368608682,0.03527801167156581,0.01502435707203576,0.028495541173798284,0.03325564066246937,0.08467538326205801,0.037210056986130904,0.08058454634201219,0.07858293237959543,0.03692530146686082,0.06230610033334791,0.06001590856500538,0.015672613388656626,0.06997737557772814,0.055399957832867205,0.06059498612222103,0.08099333137858353,0.03409290242868824,0.026568753478345235,0.0,0.0,0.0,0.0,0.0,0.0,0.51,0.0,0.36,0.0,0.0,0.0,0.0,0.0,0.0,0.0,0.0,0.13,0.0,0.0,soft,"{""ai_coding_innovations"": 0.45, ""ai_copyright_theft"": 0.45, ""ai_mass_surveillance"": 0.1}","{""ai_coding_innovations"": 0.36, ""ai_copyright_theft"": 0.51, ""ai_mass_surveillance"": 0.13}"
user_0601,coding_surveillance,Split: coding + surveillance,100,0.0533698177310157,0.09997044261514444,0.014043863003482107,0.031291859723551856,0.017602999037772675,0.038461153655272334,0.03509878342820098,0.05707119141913115,0.10151717574940707,0.030184375469021467,0.013622760190108978,0.026022059779958487,0.07393087238637858,0.028200023433302884,0.08570112980989421,0.02473267479353326,0.07197468050244926,0.14909878019607045,0.037533581624304826,0.010571775451999272,0.0,0.0,0.0,0.0,0.0,0.0,0.05,0.0,0.51,0.0,0.0,0.0,0.0,0.0,0.0,0.0,0.0,0.44,0.0,0.0,soft,"{""ai_coding_innovations"": 0.45, ""ai_copyright_theft"": 0.1, ""ai_mass_surveillance"": 0.45}","{""ai_coding_innovations"": 0.51, ""ai_copyright_theft"": 0.05, ""ai_mass_surveillance"": 0.44}"
user_0602,copyright_surveillance,Split: copyright + surveillance,100,0.06158803878475159,0.04514152905355721,0.033921903807676346,0.03213511644511613,0.028262740899549287,0.01993266934194963,0.0796383242972164,0.06031187165233205,0.05728215635340211,0.07410955713545536,0.03399535924061939,0.05862901932335705,0.034353351632017415,0.03108098785993093,0.045367682065906696,0.05459322234527509,0.03870545103079594,0.15586481388916754,0.028429297791873285,0.02665690705005062,0.0,0.0,0.0,0.0,0.0,0.0,0.45,0.0,0.08,0.0,0.0,0.0,0.0,0.0,0.0,0.0,0.0,0.47,0.0,0.0,soft,"{""ai_coding_innovations"": 0.1, ""ai_copyright_theft"": 0.45, ""ai_mass_surveillance"": 0.45}","{""ai_coding_innovations"": 0.08, ""ai_copyright_theft"": 0.45, ""ai_mass_surveillance"": 0.47}"
user_0603,coding_heavy,Mostly AI coding innovations,100,0.022677725280387327,0.1314774334147624,0.014014109276469061,0.0152311471423898,0.017124554034831506,0.05213377602127303,0.03690154854247491,0.03524978334531306,0.12620362889959455,0.03149998819740862,0.015032891986247783,0.02733202426687604,0.1005208671284062,0.013598658054587985,0.11135563288224314,0.023537052706341335,0.09462333172545034,0.07862107048016222,0.04342601407842192,0.009438762536358572,0.0,0.0,0.0,0.0,0.0,0.0,0.08,0.0,0.8,0.0,0.0,0.0,0.0,0.0,0.0,0.0,0.0,0.12,0.0,0.0,soft,"{""ai_coding_innovations"": 0.8, ""ai_copyright_theft"": 0.1, ""ai_mass_surveillance"": 0.1}","{""ai_coding_innovations"": 0.8, ""ai_copyright_theft"": 0.08, ""ai_mass_surveillance"": 0.12}"
user_0604,copyright_heavy,Mostly AI copyright / theft concerns,100,0.03129598886758518,0.047768917509272826,0.046085888094123416,0.01416220612417956,0.03425330988969716,0.024303608441489474,0.1090456790349773,0.037177975983531265,0.058558181281748736,0.10257905906491667,0.04812054266530805,0.08014654631902335,0.04067897869211771,0.016038642351358334,0.05015241860110574,0.07154077078285065,0.044364596029132695,0.07887723548174458,0.029626257644826223,0.03522319714101093,0.0,0.0,0.0,0.0,0.0,0.0,0.73,0.0,0.15,0.0,0.0,0.0,0.0,0.0,0.0,0.0,0.0,0.12,0.0,0.0,soft,"{""ai_coding_innovations"": 0.1, ""ai_copyright_theft"": 0.8, ""ai_mass_surveillance"": 0.1}","{""ai_coding_innovations"": 0.15, ""ai_copyright_theft"": 0.73, ""ai_mass_surveillance"": 0.12}"
user_0605,surveillance_heavy,Mostly AI mass surveillance,100,0.09011299860153602,0.0513464074264693,0.01875026045310503,0.04970634271834849,0.020651399641665832,0.018598077901952,0.04352379373560456,0.082583080258993,0.0631193438001719,0.03901750520992715,0.016812275183398104,0.03220106727551812,0.0344688389485075,0.04543829217259649,0.04712245009057514,0.033107962147802004,0.03846583285470778,0.23062594839907025,0.028710203618761056,0.015637919561290375,0.0,0.0,0.0,0.0,0.0,0.0,0.11,0.0,0.08,0.0,0.0,0.0,0.0,0.0,0.0,0.0,0.0,0.81,0.0,0.0,soft,"{""ai_coding_innovations"": 0.1, ""ai_copyright_theft"": 0.1, ""ai_mass_surveillance"": 0.8}","{""ai_coding_innovations"": 0.08, ""ai_copyright_theft"": 0.11, ""ai_mass_surveillance"": 0.81}"
user_0606,balanced,Even across all topics,100,0.048603455155649414,0.07128368505646893,0.028421537862409463,0.02629530259375861,0.02515167157905587,0.029823142949585924,0.06796661580385237,0.05179882603849367,0.07811735481931542,0.062437455548584736,0.028861079990255337,0.050080847423949006,0.054566769027257864,0.025187863145965626,0.0654632862392321,0.04592884308409862,0.05580067115667585,0.1293918291204311,0.03300084135176337,0.021818922053196778,0.0,0.0,0.0,0.0,0.0,0.0,0.35,0.0,0.3,0.0,0.0,0.0,0.0,0.0,0.0,0.0,0.0,0.35,0.0,0.0,soft,"{""ai_coding_innovations"": 0.333333, ""ai_copyright_theft"": 0.333333, ""ai_mass_surveillance"": 0.333334}","{""ai_coding_innovations"": 0.3, ""ai_copyright_theft"": 0.35, ""ai_mass_surveillance"": 0.35}"
user_0607,coding_copyright,Split: coding + copyright,100,0.023521247730253703,0.08162766507942806,0.0349948886079827,0.012022223914187004,0.028257603117772017,0.036060095344765696,0.08438907751479927,0.03310185668984387,0.08579864960436523,0.07821450242212227,0.036903365740068056,0.06209466992611679,0.06551939507521878,0.012913742131425533,0.07531723810430338,0.05476036190047199,0.06527653959313652,0.067776543994337,0.03531715448297209,0.026133179026430024,0.0,0.0,0.0,0.0,0.0,0.0,0.51,0.0,0.42,0.0,0.0,0.0,0.0,0.0,0.0,0.0,0.0,0.07,0.0,0.0,soft,"{""ai_coding_innovations"": 0.45, ""ai_copyright_theft"": 0.45, ""ai_mass_surveillance"": 0.1}","{""ai_coding_innovations"": 0.42, ""ai_copyright_theft"": 0.51, ""ai_mass_surveillance"": 0.07}"
user_0608,coding_surveillance,Split: coding + surveillance,100,0.05526949650196994,0.0898503524648939,0.017544934053416443,0.031677098524821964,0.01948729062635232,0.03499664957142575,0.042915868951936685,0.057963542983397356,0.0933632641801699,0.03790044963228068,0.017189701602319373,0.03174501594062576,0.06656911357230683,0.028922602849160258,0.07822003733800911,0.030008905293069366,0.06578194236179583,0.1513291650936153,0.035843411999331824,0.01342115645910154,0.0,0.0,0.0,0.0,0.0,0.0,0.12,0.0,0.43,0.0,0.0,0.0,0.0,0.0,0.0,0.0,0.0,0.45,0.0,0.0,soft,"{""ai_coding_innovations"": 0.45, ""ai_copyright_theft"": 0.1, ""ai_mass_surveillance"": 0.45}","{""ai_coding_innovations"": 0.43, ""ai_copyright_theft"": 0.12, ""ai_mass_surveillance"": 0.45}"
user_0609,copyright_surveillance,Split: copyright + surveillance,100,0.05814300987161764,0.053608803036719506,0.03180669434864451,0.030699830851927738,0.027089694588159803,0.023047522380315242,0.07505553262404847,0.058139113495682786,0.0640520047610615,0.06955124548794905,0.0319482282585116,0.055273179685763174,0.040787672637049556,0.029551399351514136,0.0518039649772643,0.05131934942052306,0.04413907303987324,0.14924065619694687,0.029890639599544157,0.024852385386883644,0.0,0.0,0.0,0.0,0.0,0.0,0.41,0.0,0.15,0.0,0.0,0.0,0.0,0.0,0.0,0.0,0.0,0.44,0.0,0.0,soft,"{""ai_coding_innovations"": 0.1, ""ai_copyright_theft"": 0.45, ""ai_mass_surveillance"": 0.45}","{""ai_coding_innovations"": 0.15, ""ai_copyright_theft"": 0.41, ""ai_mass_surveillance"": 0.44}"
user_0610,coding_heavy,Mostly AI coding innovations,100,0.02046943178534622,0.13626373385578863,0.012932910958321223,0.014263326582641551,0.016518202707801244,0.05392490709731388,0.034586293893619356,0.033821054242297845,0.13002306170862035,0.029190129877199402,0.014007498517961164,0.025636485247476498,0.10419665150677342,0.01260395786227699,0.11501876288180325,0.021846816582932416,0.09773027218589861,0.07420759268536473,0.044258705986781006,0.008500203833782156,0.0,0.0,0.0,0.0,0.0,0.0,0.06,0.0,0.84,0.0,0.0,0.0,0.0,0.0,0.0,0.0,0.0,0.1,0.0,0.0,soft,"{""ai_coding_innovations"": 0.8, ""ai_copyright_theft"": 0.1, ""ai_mass_surveillance"": 0.1}","{""ai_coding_innovations"": 0.84, ""ai_copyright_theft"": 0.06, ""ai_mass_surveillance"": 0.1}"
user_0611,copyright_heavy,Mostly AI copyright / theft concerns,100,0.031693754879302025,0.04390544754440409,0.04756612403955361,0.014112870384877551,0.035043867852229425,0.023019139168576397,0.1123754081346313,0.03726696948991059,0.05543608369938663,0.10585963156649399,0.049647665004341604,0.08258413964450709,0.03791704537967365,0.016151257011209275,0.04732765486505327,0.0737563270017665,0.042044962073918044,0.07888905848181771,0.02898934580942951,0.03641324796891797,0.0,0.0,0.0,0.0,0.0,0.0,0.76,0.0,0.12,0.0,0.0,0.0,0.0,0.0,0.0,0.0,0.0,0.12,0.0,0.0,soft,"{""ai_coding_innovations"": 0.1, ""ai_copyright_theft"": 0.8, ""ai_mass_surveillance"": 0.1}","{""ai_coding_innovations"": 0.12, ""ai_copyright_theft"": 0.76, ""ai_mass_surveillance"": 0.12}"
user_0612,surveillance_heavy,Mostly AI mass surveillance,100,0.08666796968840206,0.059813681409631635,0.016635050994073194,0.04827105712516013,0.019478353330276355,0.021712930940317635,0.03894100206243656,0.08041032210234374,0.06988919220783131,0.03445919356242082,0.014765144201290334,0.028845227637924208,0.04090315995353965,0.04390870366417969,0.05355873300193272,0.029834089223049958,0.043899454863785096,0.22400179070684959,0.030171545426431936,0.01383339789812341,0.0,0.0,0.0,0.0,0.0,0.0,0.07,0.0,0.15,0.0,0.0,0.0,0.0,0.0,0.0,0.0,0.0,0.78,0.0,0.0,soft,"{""ai_coding_innovations"": 0.1, ""ai_copyright_theft"": 0.1, ""ai_mass_surveillance"": 0.8}","{""ai_coding_innovations"": 0.15, ""ai_copyright_theft"": 0.07, ""ai_mass_surveillance"": 0.78}"
user_0613,balanced,Even across all topics,100,0.045953958265949064,0.07202401910989371,0.02926680029423802,0.02476134552196622,0.02555974119273092,0.0303690574421254,0.07004328232999235,0.04980405489460301,0.07864300806225057,0.06444028890423302,0.029868193686214673,0.05160019443732251,0.055477223407401924,0.023883503957250706,0.06625004167848474,0.047086082597178225,0.05659502525532378,0.1227913174283565,0.033188359488640774,0.022394502045843884,0.0,0.0,0.0,0.0,0.0,0.0,0.37,0.0,0.31,0.0,0.0,0.0,0.0,0.0,0.0,0.0,0.0,0.32,0.0,0.0,soft,"{""ai_coding_innovations"": 0.333333, ""ai_copyright_theft"": 0.333333, ""ai_mass_surveillance"": 0.333334}","{""ai_coding_innovations"": 0.31, ""ai_copyright_theft"": 0.37, ""ai_mass_surveillance"": 0.32}"
user_0614,coding_copyright,Split: coding + copyright,100,0.02427106584899981,0.09100742117625389,0.030648555126219806,0.013170942184709282,0.02596524191551732,0.03897868493607284,0.07449532546492363,0.034204276269468314,0.09342690793066716,0.06849559490321477,0.03232931063189831,0.05485236675207599,0.07197069950914656,0.013495521904283079,0.08201157513693579,0.048326891887856285,0.07067492363514202,0.07214667078886676,0.03681980597106765,0.022708218026680667,0.0,0.0,0.0,0.0,0.0,0.0,0.42,0.0,0.49,0.0,0.0,0.0,0.0,0.0,0.0,0.0,0.0,0.09,0.0,0.0,soft,"{""ai_coding_innovations"": 0.45, ""ai_copyright_theft"": 0.45, ""ai_mass_surveillance"": 0.1}","{""ai_coding_innovations"": 0.49, ""ai_copyright_theft"": 0.42, ""ai_mass_surveillance"": 0.09}"
user_0615,coding_surveillance,Split: coding + surveillance,100,0.059596932204422276,0.0894750112569345,0.01580722201249542,0.03424465714209861,0.01863149505633119,0.03437222970006291,0.03871481827511368,0.06126838522179745,0.09318097490469181,0.033833377928071895,0.015171818255935292,0.02867108351267337,0.06566545256372106,0.0310715093503849,0.07753650354726635,0.02758782694484428,0.06497349307631915,0.16232739058038995,0.035672417734624255,0.012197400731821507,0.0,0.0,0.0,0.0,0.0,0.0,0.08,0.0,0.42,0.0,0.0,0.0,0.0,0.0,0.0,0.0,0.0,0.5,0.0,0.0,soft,"{""ai_coding_innovations"": 0.45, ""ai_copyright_theft"": 0.1, ""ai_mass_surveillance"": 0.45}","{""ai_coding_innovations"": 0.42, ""ai_copyright_theft"": 0.08, ""ai_mass_surveillance"": 0.5}"
user_0616,copyright_surveillance,Split: copyright + surveillance,100,0.05849733850039211,0.04183589671938054,0.036693626989481344,0.030035022861279594,0.029685231453929626,0.01923336725098768,0.0861069119983518,0.057751058467565994,0.05451403003024659,0.08042508216696118,0.03703498010082464,0.06336325236950371,0.03249847601393818,0.02946696967481208,0.04327806294485188,0.058597937494843245,0.03718721876764359,0.14707726829981593,0.02797164215726905,0.028746625737921222,0.0,0.0,0.0,0.0,0.0,0.0,0.51,0.0,0.06,0.0,0.0,0.0,0.0,0.0,0.0,0.0,0.0,0.43,0.0,0.0,soft,"{""ai_coding_innovations"": 0.1, ""ai_copyright_theft"": 0.45, ""ai_mass_surveillance"": 0.45}","{""ai_coding_innovations"": 0.06, ""ai_copyright_theft"": 0.51, ""ai_mass_surveillance"": 0.43}"
user_0617,coding_heavy,Mostly AI coding innovations,100,0.022103933215155882,0.12871929034878388,0.015447158044635412,0.014681455876779667,0.017875455654692722,0.051316715862076014,0.04018356001758576,0.034654076802311196,0.12395054852762469,0.03471915570607374,0.016556358370815868,0.029734379191154594,0.09867618156766439,0.013251460838233746,0.10942084623395326,0.025646009603191283,0.09308395668205496,0.07643009558286086,0.042993144252072506,0.010556217622279741,0.0,0.0,0.0,0.0,0.0,0.0,0.11,0.0,0.78,0.0,0.0,0.0,0.0,0.0,0.0,0.0,0.0,0.11,0.0,0.0,soft,"{""ai_coding_innovations"": 0.8, ""ai_copyright_theft"": 0.1, ""ai_mass_surveillance"": 0.1}","{""ai_coding_innovations"": 0.78, ""ai_copyright_theft"": 0.11, ""ai_mass_surveillance"": 0.11}"
user_0618,copyright_heavy,Mostly AI copyright / theft concerns,100,0.03125255148464283,0.03985948115680263,0.04949258478953002,0.013546733872833415,0.036058288792934726,0.021773922585075,0.11676732930962679,0.036700927449035144,0.052142304133295965,0.11017232324235147,0.05168017216858752,0.08579902567728018,0.035151715381450434,0.015841598014805346,0.04445128030474581,0.07660380263825504,0.03973237571211771,0.07670202458454063,0.028344172037947847,0.03792738666414148,0.0,0.0,0.0,0.0,0.0,0.0,0.8,0.0,0.09,0.0,0.0,0.0,0.0,0.0,0.0,0.0,0.0,0.11,0.0,0.0,soft,"{""ai_coding_innovations"": 0.1, ""ai_copyright_theft"": 0.8, ""ai_mass_surveillance"": 0.1}","{""ai_coding_innovations"": 0.09, ""ai_copyright_theft"": 0.8, ""ai_mass_surveillance"": 0.11}"
user_0619,surveillance_heavy,Mostly AI mass surveillance,100,0.08733091304126342,0.053374564801517005,0.01910211090312354,0.0481888308929901,0.02079594993449679,0.019572148818795806,0.044490550561859826,0.08055864461297592,0.06468569623722774,0.03992681439838299,0.017310348099679577,0.03290788318039709,0.036299937766132856,0.04409639476393125,0.04885079344184527,0.03352668292124298,0.040033398271760626,0.2240214957069713,0.029110025700770738,0.01581681594463512,0.0,0.0,0.0,0.0,0.0,0.0,0.12,0.0,0.1,0.0,0.0,0.0,0.0,0.0,0.0,0.0,0.0,0.78,0.0,0.0,soft,"{""ai_coding_innovations"": 0.1, ""ai_copyright_theft"": 0.1, ""ai_mass_surveillance"": 0.8}","{""ai_coding_innovations"": 0.1, ""ai_copyright_theft"": 0.12, ""ai_mass_surveillance"": 0.78}"
user_0620,balanced,Even across all topics,100,0.04939898717908305,0.06355674512673141,0.03138200975326985,0.026196631115154585,0.026732787504120392,0.02725420440375975,0.07462607400316029,0.05197681305125227,0.07187315965459115,0.06899860055173931,0.031915324668322455,0.054956034074916414,0.049042902402369706,0.0254130924656675,0.05981375876712714,0.05035995552193024,0.05116140324624649,0.12941547512057716,0.0317270176809699,0.024199023709010847,0.0,0.0,0.0,0.0,0.0,0.0,0.41,0.0,0.24,0.0,0.0,0.0,0.0,0.0,0.0,0.0,0.0,0.35,0.0,0.0,soft,"{""ai_coding_innovations"": 0.333333, ""ai_copyright_theft"": 0.333333, ""ai_mass_surveillance"": 0.333334}","{""ai_coding_innovations"": 0.24, ""ai_copyright_theft"": 0.41, ""ai_mass_surveillance"": 0.35}"
user_0621,coding_copyright,Split: coding + copyright,100,0.02519918654300573,0.08199265792489348,0.034102438998890275,0.013055825459671268,0.027809877161425935,0.03598158996594233,0.08226469336411621,0.034411927784353355,0.0861420135718223,0.07615026407356179,0.03589259608964327,0.06054008451153799,0.06552618844677706,0.013758289443935279,0.07542045975281331,0.0534965230653265,0.06526244440630777,0.07217425778903713,0.035333678355141944,0.025485003291797072,0.0,0.0,0.0,0.0,0.0,0.0,0.49,0.0,0.42,0.0,0.0,0.0,0.0,0.0,0.0,0.0,0.0,0.09,0.0,0.0,soft,"{""ai_coding_innovations"": 0.45, ""ai_copyright_theft"": 0.45, ""ai_mass_surveillance"": 0.1}","{""ai_coding_innovations"": 0.42, ""ai_copyright_theft"": 0.49, ""ai_mass_surveillance"": 0.09}"
user_0622,coding_surveillance,Split: coding + surveillance,100,0.05248741094169738,0.0918785098399416,0.017896784503434952,0.030159586699463573,0.019631840919183276,0.03597072048826954,0.04388262577819198,0.05593910733738029,0.09492961661722574,0.03880975882073655,0.017687774518600853,0.03245183184550474,0.06840021238993217,0.027580705440495023,0.07994838068927924,0.030427626066510373,0.06734950777884868,0.1447247124015164,0.036243234081341516,0.013600052842446286,0.0,0.0,0.0,0.0,0.0,0.0,0.13,0.0,0.45,0.0,0.0,0.0,0.0,0.0,0.0,0.0,0.0,0.42,0.0,0.0,soft,"{""ai_coding_innovations"": 0.45, ""ai_copyright_theft"": 0.1, ""ai_mass_surveillance"": 0.45}","{""ai_coding_innovations"": 0.45, ""ai_copyright_theft"": 0.13, ""ai_mass_surveillance"": 0.42}"
user_0623,copyright_surveillance,Split: copyright + surveillance,100,0.051387817237667166,0.044239395302387616,0.03878318948042086,0.025949952418644548,0.030685577316781697,0.020831858039194323,0.09127471950143008,0.05242178058314878,0.056262671742780525,0.08540146305962579,0.03955093636349021,0.06714400070233503,0.03523323584014931,0.02597616576492219,0.04568994008686472,0.061437736616509316,0.039563233470173105,0.1294745901209423,0.0285424585039863,0.030149277848546003,0.0,0.0,0.0,0.0,0.0,0.0,0.56,0.0,0.09,0.0,0.0,0.0,0.0,0.0,0.0,0.0,0.0,0.35,0.0,0.0,soft,"{""ai_coding_innovations"": 0.1, ""ai_copyright_theft"": 0.45, ""ai_mass_surveillance"": 0.45}","{""ai_coding_innovations"": 0.09, ""ai_copyright_theft"": 0.56, ""ai_mass_surveillance"": 0.35}"
user_0624,coding_heavy,Mostly AI coding innovations,100,0.021838755874011326,0.13129493699202974,0.014460334081015283,0.014714346369647672,0.01734841701300455,0.05217302871068474,0.03796374061781644,0.03459474779805834,0.1260319469158661,0.03253210737168889,0.015538276811460174,0.028109316974165435,0.10051747044262711,0.013176384398333118,0.11130402205798819,0.024168972123914088,0.09463037931886474,0.07642221358281218,0.043417752142336986,0.009762850403675057,0.0,0.0,0.0,0.0,0.0,0.0,0.09,0.0,0.8,0.0,0.0,0.0,0.0,0.0,0.0,0.0,0.0,0.11,0.0,0.0,soft,"{""ai_coding_innovations"": 0.8, ""ai_copyright_theft"": 0.1, ""ai_mass_surveillance"": 0.1}","{""ai_coding_innovations"": 0.8, ""ai_copyright_theft"": 0.09, ""ai_mass_surveillance"": 0.11}"
user_0625,copyright_heavy,Mostly AI copyright / theft concerns,100,0.03602119058175438,0.04353010633644473,0.04582841199863259,0.016680429002154173,0.03418807228220829,0.02239471929721355,0.10817435745780828,0.0405718117283107,0.055253794423908535,0.10179255986228516,0.04762978165795749,0.07951020721655477,0.03701338437108789,0.018300163512433926,0.046644121074310534,0.07133524865354139,0.04123651278844134,0.08988728396859243,0.028818351544721947,0.035189492241637914,0.0,0.0,0.0,0.0,0.0,0.0,0.72,0.0,0.11,0.0,0.0,0.0,0.0,0.0,0.0,0.0,0.0,0.17,0.0,0.0,soft,"{""ai_coding_innovations"": 0.1, ""ai_copyright_theft"": 0.8, ""ai_mass_surveillance"": 0.1}","{""ai_coding_innovations"": 0.11, ""ai_copyright_theft"": 0.72, ""ai_mass_surveillance"": 0.17}"
user_0626,surveillance_heavy,Mostly AI mass surveillance,100,0.08525520821679455,0.056873041920920374,0.01851432456678576,0.04720456508680785,0.02045311792831061,0.02093512347053229,0.04328520561288892,0.07915958001208713,0.06746442985213283,0.03871048024536616,0.016793995411070815,0.03202487526949211,0.039055077707018694,0.043139232791570586,0.051572335529387815,0.03257496553747263,0.04236712741380404,0.2196119589121981,0.029730413663997587,0.015274940851361052,0.0,0.0,0.0,0.0,0.0,0.0,0.11,0.0,0.13,0.0,0.0,0.0,0.0,0.0,0.0,0.0,0.0,0.76,0.0,0.0,soft,"{""ai_coding_innovations"": 0.1, ""ai_copyright_theft"": 0.1, ""ai_mass_surveillance"": 0.8}","{""ai_coding_innovations"": 0.13, ""ai_copyright_theft"": 0.11, ""ai_mass_surveillance"": 0.76}"
user_0627,balanced,Even across all topics,100,0.045334452296030045,0.08637257207047844,0.02339304368978108,0.02545904400548238,0.02243716568527292,0.03503952542006168,0.05677208355591965,0.050132780918467,0.09026238118130689,0.051379403890836,0.023763360284545915,0.04188505953659289,0.065607708905476,0.02389285719405214,0.07665911953493218,0.03833045704358081,0.06509330216436321,0.12494682332543881,0.03553196482118039,0.01770689447620161,0.0,0.0,0.0,0.0,0.0,0.0,0.25,0.0,0.42,0.0,0.0,0.0,0.0,0.0,0.0,0.0,0.0,0.33,0.0,0.0,soft,"{""ai_coding_innovations"": 0.333333, ""ai_copyright_theft"": 0.333333, ""ai_mass_surveillance"": 0.333334}","{""ai_coding_innovations"": 0.42, ""ai_copyright_theft"": 0.25, ""ai_mass_surveillance"": 0.33}"
user_0628,coding_copyright,Split: coding + copyright,100,0.02537521259652035,0.08861427095574077,0.03118915428529371,0.013654852464583419,0.02626841757903245,0.03808311939805244,0.07565295278935144,0.034918640820975906,0.09151719152615434,0.06965052406331938,0.03284200736604163,0.05570013626177572,0.07013280731996299,0.013992872000438576,0.0801800101371557,0.049172009949560745,0.06912145340491785,0.07435340968626544,0.03640346001688808,0.02317749737796888,0.0,0.0,0.0,0.0,0.0,0.0,0.43,0.0,0.47,0.0,0.0,0.0,0.0,0.0,0.0,0.0,0.0,0.1,0.0,0.0,soft,"{""ai_coding_innovations"": 0.45, ""ai_copyright_theft"": 0.45, ""ai_mass_surveillance"": 0.1}","{""ai_coding_innovations"": 0.47, ""ai_copyright_theft"": 0.43, ""ai_mass_surveillance"": 0.1}"
user_0629,coding_surveillance,Split: coding + surveillance,100,0.054871730490253144,0.09371382242976267,0.016064698107986237,0.03172643426412397,0.018696732663820066,0.036281118844338836,0.03958613985228272,0.05787454947701805,0.09648536176253199,0.03461987713070339,0.015662579263285837,0.02930742261514201,0.06933104688475092,0.028809988189309313,0.08104480107406162,0.027793349074153543,0.06810157631701048,0.15131734209354228,0.03648032383472856,0.012231105631194512,0.0,0.0,0.0,0.0,0.0,0.0,0.09,0.0,0.46,0.0,0.0,0.0,0.0,0.0,0.0,0.0,0.0,0.45,0.0,0.0,soft,"{""ai_coding_innovations"": 0.45, ""ai_copyright_theft"": 0.1, ""ai_mass_surveillance"": 0.45}","{""ai_coding_innovations"": 0.46, ""ai_copyright_theft"": 0.09, ""ai_mass_surveillance"": 0.45}"
user_0630,copyright_surveillance,Split: copyright + surveillance,100,0.05673024840001018,0.050668163548008266,0.03368596792135709,0.029633338813575487,0.02806445918619406,0.022269714910529897,0.07939973617450076,0.056888371405426214,0.06162724240536305,0.07380253217089439,0.033977079468292086,0.05845282731733107,0.0389395903905286,0.028781928478905025,0.049817567504719405,0.05406022573494573,0.04260674558989217,0.14485082440229544,0.029449507837109815,0.02629392834012129,0.0,0.0,0.0,0.0,0.0,0.0,0.45,0.0,0.13,0.0,0.0,0.0,0.0,0.0,0.0,0.0,0.0,0.42,0.0,0.0,soft,"{""ai_coding_innovations"": 0.1, ""ai_copyright_theft"": 0.45, ""ai_mass_surveillance"": 0.45}","{""ai_coding_innovations"": 0.13, ""ai_copyright_theft"": 0.45, ""ai_mass_surveillance"": 0.42}"
user_0631,coding_heavy,Mostly AI coding innovations,100,0.019587024996027838,0.1281718010805857,0.01678583245827406,0.013131053558553263,0.018547044589211838,0.05143447393031108,0.043370136243610316,0.03268897016054697,0.12343550257643907,0.037815513228914445,0.018072512846453025,0.03206625731302275,0.09866599151032698,0.011984639869469129,0.10926601376118829,0.027541767855909473,0.09310509946229802,0.06983352489081063,0.04296835844381768,0.01152848122422917,0.0,0.0,0.0,0.0,0.0,0.0,0.14,0.0,0.78,0.0,0.0,0.0,0.0,0.0,0.0,0.0,0.0,0.08,0.0,0.0,soft,"{""ai_coding_innovations"": 0.8, ""ai_copyright_theft"": 0.1, ""ai_mass_surveillance"": 0.1}","{""ai_coding_innovations"": 0.78, ""ai_copyright_theft"": 0.14, ""ai_mass_surveillance"": 0.08}"
user_0632,copyright_heavy,Mostly AI copyright / theft concerns,100,0.03178290616693193,0.034708187870310964,0.05146623271677027,0.0134809528870974,0.03711236607631108,0.020061296887857568,0.12120696810916541,0.03681958545754089,0.04797950735681313,0.11454641991112118,0.05371633528729892,0.08904915011125847,0.031469137631525,0.015991750894606596,0.04068492865667584,0.07955787759680948,0.03663953043849816,0.07671778858463803,0.027494956257418886,0.03951412110135086,0.0,0.0,0.0,0.0,0.0,0.0,0.84,0.0,0.05,0.0,0.0,0.0,0.0,0.0,0.0,0.0,0.0,0.11,0.0,0.0,soft,"{""ai_coding_innovations"": 0.1, ""ai_copyright_theft"": 0.8, ""ai_mass_surveillance"": 0.1}","{""ai_coding_innovations"": 0.05, ""ai_copyright_theft"": 0.84, ""ai_mass_surveillance"": 0.11}"
user_0633,surveillance_heavy,Mostly AI mass surveillance,100,0.08843505978878397,0.05098141458100387,0.01964271006219745,0.04867274117286423,0.021099125598011914,0.018676583280775386,0.045648177886287604,0.08127300916448349,0.06277597983271484,0.0410817435584876,0.01782304483382289,0.03375565269009685,0.03446204557694924,0.04459374486008675,0.04701922844206523,0.03437180098294745,0.03847992804153648,0.22622823460437005,0.028693679746591188,0.01628609529592333,0.0,0.0,0.0,0.0,0.0,0.0,0.13,0.0,0.08,0.0,0.0,0.0,0.0,0.0,0.0,0.0,0.0,0.79,0.0,0.0,soft,"{""ai_coding_innovations"": 0.1, ""ai_copyright_theft"": 0.1, ""ai_mass_surveillance"": 0.8}","{""ai_coding_innovations"": 0.08, ""ai_copyright_theft"": 0.13, ""ai_mass_surveillance"": 0.79}"
user_0634,balanced,Even across all topics,100,0.05416762627619457,0.06722737030637348,0.027717836962372424,0.02933032624447537,0.024862570993393972,0.027875001115898322,0.06603310215134185,0.0558476973305278,0.07498464994520372,0.060618837171673,0.02786493415769241,0.04866721561419099,0.05090457139200715,0.02787165796329609,0.06200659953669186,0.045091401537216594,0.05266554032257012,0.14260073450462887,0.032201197187744,0.021461129286507296,0.0,0.0,0.0,0.0,0.0,0.0,0.33,0.0,0.26,0.0,0.0,0.0,0.0,0.0,0.0,0.0,0.0,0.41,0.0,0.0,soft,"{""ai_coding_innovations"": 0.333333, ""ai_copyright_theft"": 0.333333, ""ai_mass_surveillance"": 0.333334}","{""ai_coding_innovations"": 0.26, ""ai_copyright_theft"": 0.33, ""ai_mass_surveillance"": 0.41}"
user_0635,coding_copyright,Split: coding + copyright,100,0.024801420531288886,0.08585612788976225,0.032622203053460065,0.013105161198973281,0.027019319198893665,0.037266059238855405,0.07893496426446225,0.03432293427797403,0.0892641111541844,0.0728696915719845,0.03436547375060973,0.05810249118605426,0.06828812175922115,0.013645674784084334,0.07824522348886578,0.051280966846410696,0.06758207836152244,0.07216243478896407,0.03597059019053866,0.024294952463890043,0.0,0.0,0.0,0.0,0.0,0.0,0.46,0.0,0.45,0.0,0.0,0.0,0.0,0.0,0.0,0.0,0.0,0.09,0.0,0.0,soft,"{""ai_coding_innovations"": 0.45, ""ai_copyright_theft"": 0.45, ""ai_mass_surveillance"": 0.1}","{""ai_coding_innovations"": 0.45, ""ai_copyright_theft"": 0.46, ""ai_mass_surveillance"": 0.09}"
user_0636,coding_surveillance,Split: coding + surveillance,100,0.0558432885672014,0.0926084955308724,0.01611188528525008,0.0322267897904321,0.018736389006491105,0.03581370973062277,0.03963385747682585,0.058559249526399224,0.09561634455213985,0.03468128212361557,0.015666235217751293,0.029342661016347183,0.06841379913304865,0.029269800065514495,0.08015482398629903,0.02789994839621942,0.06732131740519125,0.15352013999091665,0.03627628182568125,0.012303701373180377,0.0,0.0,0.0,0.0,0.0,0.0,0.09,0.0,0.45,0.0,0.0,0.0,0.0,0.0,0.0,0.0,0.0,0.46,0.0,0.0,soft,"{""ai_coding_innovations"": 0.45, ""ai_copyright_theft"": 0.1, ""ai_mass_surveillance"": 0.45}","{""ai_coding_innovations"": 0.45, ""ai_copyright_theft"": 0.09, ""ai_mass_surveillance"": 0.46}"
user_0637,copyright_surveillance,Split: copyright + surveillance,100,0.06856497137690422,0.044025853792173025,0.03133892933492675,0.03623663213418516,0.026998875715853115,0.018762334978047343,0.07336060709425353,0.06561148503462279,0.05657421383498888,0.06803965207559828,0.03097036219827597,0.05403573988203117,0.03253923624328765,0.0345342535498705,0.04389739283591134,0.0510149044839704,0.03710264764667129,0.17346355106801684,0.02807078539028827,0.02485757133012349,0.0,0.0,0.0,0.0,0.0,0.0,0.39,0.0,0.06,0.0,0.0,0.0,0.0,0.0,0.0,0.0,0.0,0.55,0.0,0.0,soft,"{""ai_coding_innovations"": 0.1, ""ai_copyright_theft"": 0.45, ""ai_mass_surveillance"": 0.45}","{""ai_coding_innovations"": 0.06, ""ai_copyright_theft"": 0.39, ""ai_mass_surveillance"": 0.55}"
user_0638,coding_heavy,Mostly AI coding innovations,100,0.020028228390687044,0.13221776746818723,0.014859371708297646,0.013697190070597418,0.01753262364850655,0.05267969051381249,0.03897821506861485,0.03325501220142242,0.12672928214252974,0.033502821553056915,0.0160400056822071,0.028851371280249647,0.10143132150855022,0.012294298865873068,0.11214238832149585,0.024694292219420936,0.09541768582409833,0.07202055878808766,0.043613532215299365,0.010014342529005663,0.0,0.0,0.0,0.0,0.0,0.0,0.1,0.0,0.81,0.0,0.0,0.0,0.0,0.0,0.0,0.0,0.0,0.09,0.0,0.0,soft,"{""ai_coding_innovations"": 0.8, ""ai_copyright_theft"": 0.1, ""ai_mass_surveillance"": 0.1}","{""ai_coding_innovations"": 0.81, ""ai_copyright_theft"": 0.1, ""ai_mass_surveillance"": 0.09}"
user_0639,copyright_heavy,Mostly AI copyright / theft concerns,100,0.029442024001318547,0.040782311632960144,0.049891622416812366,0.012529577573783148,0.03624249542843672,0.02228058438820274,0.11778180376042517,0.03536119185239924,0.052839639359959646,0.11114303742371949,0.052181901039334434,0.08654107998336438,0.0360655664473736,0.014959512482345288,0.04528964656825341,0.07712912273376192,0.04051968221735132,0.0723003697898162,0.028539952110910236,0.03817887878947208,0.0,0.0,0.0,0.0,0.0,0.0,0.81,0.0,0.1,0.0,0.0,0.0,0.0,0.0,0.0,0.0,0.0,0.09,0.0,0.0,soft,"{""ai_coding_innovations"": 0.1, ""ai_copyright_theft"": 0.8, ""ai_mass_surveillance"": 0.1}","{""ai_coding_innovations"": 0.1, ""ai_copyright_theft"": 0.81, ""ai_mass_surveillance"": 0.09}"
user_0640,surveillance_heavy,Mostly AI mass surveillance,100,0.08887626318344319,0.055027380968605356,0.017716249312221037,0.04923887768490838,0.02008470465730661,0.019921799864276783,0.04125625671129212,0.08183905120535895,0.06606975939880551,0.03676905188263008,0.015790537669576946,0.03054076665732377,0.03722737557517246,0.04490340385649069,0.04989560300237266,0.03152432534645891,0.040792514403336796,0.22841526850164715,0.029338853518072843,0.014771956600699822,0.0,0.0,0.0,0.0,0.0,0.0,0.09,0.0,0.11,0.0,0.0,0.0,0.0,0.0,0.0,0.0,0.0,0.8,0.0,0.0,soft,"{""ai_coding_innovations"": 0.1, ""ai_copyright_theft"": 0.1, ""ai_mass_surveillance"": 0.8}","{""ai_coding_innovations"": 0.11, ""ai_copyright_theft"": 0.09, ""ai_mass_surveillance"": 0.8}"
user_0641,balanced,Even across all topics,100,0.04639516166060827,0.07606998549749518,0.027340339544261613,0.025327482034010352,0.02454532025202561,0.03161427402562677,0.06565136115499685,0.05037009693547846,0.08193678762834122,0.06012759722837546,0.02783568652196872,0.04838530840454943,0.05824255340562509,0.024193162953654635,0.06912641623879218,0.04423860696068965,0.058907611617124093,0.12497835132563356,0.033833533260122436,0.020880363350620365,0.0,0.0,0.0,0.0,0.0,0.0,0.33,0.0,0.34,0.0,0.0,0.0,0.0,0.0,0.0,0.0,0.0,0.33,0.0,0.0,soft,"{""ai_coding_innovations"": 0.333333, ""ai_copyright_theft"": 0.333333, ""ai_mass_surveillance"": 0.333334}","{""ai_coding_innovations"": 0.34, ""ai_copyright_theft"": 0.33, ""ai_mass_surveillance"": 0.33}"
user_0642,coding_copyright,Split: coding + copyright,100,0.023256070389109144,0.08420331172267391,0.034008064644362575,0.012055114407055024,0.027730564476083845,0.03691640819337444,0.08216925811502995,0.033042527685590996,0.08788004799260667,0.07602745408773742,0.03588528418071236,0.060469607709127626,0.06736068395018152,0.012838665691524911,0.07720041392833839,0.05328332442119477,0.06682296222994628,0.0677686619942883,0.03574176237323656,0.025339811807825345,0.0,0.0,0.0,0.0,0.0,0.0,0.49,0.0,0.44,0.0,0.0,0.0,0.0,0.0,0.0,0.0,0.0,0.07,0.0,0.0,soft,"{""ai_coding_innovations"": 0.45, ""ai_copyright_theft"": 0.45, ""ai_mass_surveillance"": 0.1}","{""ai_coding_innovations"": 0.44, ""ai_copyright_theft"": 0.49, ""ai_mass_surveillance"": 0.07}"
user_0643,coding_surveillance,Split: coding + surveillance,100,0.056108465908345985,0.09003284888762662,0.01709870924887021,0.032193899297564096,0.01926342764817928,0.03495739688201403,0.04185367687659517,0.058618578530652075,0.09353494616389839,0.036868330458000434,0.016684316777106998,0.030967723233336332,0.06657251025808593,0.029344876505415125,0.07827164816226406,0.029376985875496607,0.06577489476838146,0.15352802199096532,0.03585167393541678,0.013097068591785065,0.0,0.0,0.0,0.0,0.0,0.0,0.11,0.0,0.43,0.0,0.0,0.0,0.0,0.0,0.0,0.0,0.0,0.46,0.0,0.0,soft,"{""ai_coding_innovations"": 0.45, ""ai_copyright_theft"": 0.1, ""ai_mass_surveillance"": 0.45}","{""ai_coding_innovations"": 0.43, ""ai_copyright_theft"": 0.11, ""ai_mass_surveillance"": 0.46}"
user_0644,copyright_surveillance,Split: copyright + surveillance,100,0.05823216115924755,0.044411543362626364,0.0357068030258612,0.030067913354147595,0.029158192812241454,0.020089680099596406,0.08388709259858251,0.05769172946331311,0.056595428418488004,0.07823803383257633,0.03601689854146896,0.06173819015251456,0.03433976488890092,0.02939189323491145,0.04516123876888687,0.05712090001556603,0.038733641404453366,0.1470693862997672,0.028396250047533527,0.02795325851931654,0.0,0.0,0.0,0.0,0.0,0.0,0.49,0.0,0.08,0.0,0.0,0.0,0.0,0.0,0.0,0.0,0.0,0.43,0.0,0.0,soft,"{""ai_coding_innovations"": 0.1, ""ai_copyright_theft"": 0.45, ""ai_mass_surveillance"": 0.45}","{""ai_coding_innovations"": 0.08, ""ai_copyright_theft"": 0.49, ""ai_mass_surveillance"": 0.43}"
user_0645,coding_heavy,Mostly AI coding innovations,100,0.020028228390687044,0.13221776746818723,0.01485937170829765,0.013697190070597411,0.017532623648506548,0.0526796905138125,0.03897821506861485,0.03325501220142242,0.1267292821425297,0.03350282155305696,0.016040005682207103,0.028851371280249612,0.10143132150855025,0.012294298865873065,0.11214238832149573,0.024694292219420953,0.09541768582409833,0.07202055878808769,0.04361353221529935,0.010014342529005672,0.0,0.0,0.0,0.0,0.0,0.0,0.1,0.0,0.81,0.0,0.0,0.0,0.0,0.0,0.0,0.0,0.0,0.09,0.0,0.0,soft,"{""ai_coding_innovations"": 0.8, ""ai_copyright_theft"": 0.1, ""ai_mass_surveillance"": 0.1}","{""ai_coding_innovations"": 0.81, ""ai_copyright_theft"": 0.1, ""ai_mass_surveillance"": 0.09}"
user_0646,copyright_heavy,Mostly AI copyright / theft concerns,100,0.03182634354987432,0.04261762422278118,0.048059536021363675,0.01409642513844353,0.03530738717307351,0.022590982744272018,0.11348531783451594,0.037296633992037025,0.05439538450526592,0.10695315573368637,0.05015670578401944,0.08339667075300168,0.036996400942192274,0.01618879523115959,0.04638606695303578,0.0744948457414051,0.04127175075551313,0.07889299948184207,0.028777041864297286,0.0368099315782203,0.0,0.0,0.0,0.0,0.0,0.0,0.77,0.0,0.11,0.0,0.0,0.0,0.0,0.0,0.0,0.0,0.0,0.12,0.0,0.0,soft,"{""ai_coding_innovations"": 0.1, ""ai_copyright_theft"": 0.8, ""ai_mass_surveillance"": 0.1}","{""ai_coding_innovations"": 0.11, ""ai_copyright_theft"": 0.77, ""ai_mass_surveillance"": 0.12}"
user_0647,surveillance_heavy,Mostly AI mass surveillance,100,0.09055420199619522,0.05539237381407078,0.016823799703128604,0.05027247923039263,0.01963697870096053,0.01984329448545339,0.03913187256060904,0.0831491222998684,0.06641312336626255,0.034704813534069595,0.014779768019152177,0.02898618124274499,0.037234168946730685,0.045747951169000434,0.04999882465088258,0.030260486511313422,0.04077841921650809,0.23281298229634728,0.029355377390242722,0.01412378086606687,0.0,0.0,0.0,0.0,0.0,0.0,0.07,0.0,0.11,0.0,0.0,0.0,0.0,0.0,0.0,0.0,0.0,0.82,0.0,0.0,soft,"{""ai_coding_innovations"": 0.1, ""ai_copyright_theft"": 0.1, ""ai_mass_surveillance"": 0.8}","{""ai_coding_innovations"": 0.11, ""ai_copyright_theft"": 0.07, ""ai_mass_surveillance"": 0.82}"
user_0648,balanced,Even across all topics,100,0.044452045506711675,0.07828063929527557,0.02724596518973391,0.024326770981394106,0.024466007566683524,0.032549092253058895,0.06555592590591063,0.049000696836716116,0.08367482204912559,0.06000478724255108,0.0278283746130378,0.04831483160213906,0.060077048909029575,0.02327353920124428,0.07090637041431729,0.04402540831655792,0.060468129440762575,0.1205727555308847,0.034241617278217056,0.020735171866648625,0.0,0.0,0.0,0.0,0.0,0.0,0.33,0.0,0.36,0.0,0.0,0.0,0.0,0.0,0.0,0.0,0.0,0.31,0.0,0.0,soft,"{""ai_coding_innovations"": 0.333333, ""ai_copyright_theft"": 0.333333, ""ai_mass_surveillance"": 0.333334}","{""ai_coding_innovations"": 0.36, ""ai_copyright_theft"": 0.33, ""ai_mass_surveillance"": 0.31}"
user_0649,coding_copyright,Split: coding + copyright,100,0.02674453668518548,0.08364547409198184,0.03271657740798778,0.01410587225158953,0.027098631884235762,0.0363312410114233,0.07903039951354852,0.03569233437673639,0.08752607673340003,0.07299250155780888,0.03437278565954065,0.05817296798846468,0.06645362625581665,0.014565298536494704,0.0764652693133407,0.051494165490542435,0.06602156053788398,0.07656803058371293,0.03556250617244406,0.024440143947861773,0.0,0.0,0.0,0.0,0.0,0.0,0.46,0.0,0.43,0.0,0.0,0.0,0.0,0.0,0.0,0.0,0.0,0.11,0.0,0.0,soft,"{""ai_coding_innovations"": 0.45, ""ai_copyright_theft"": 0.45, ""ai_mass_surveillance"": 0.1}","{""ai_coding_innovations"": 0.43, ""ai_copyright_theft"": 0.46, ""ai_mass_surveillance"": 0.11}"
user_0650,coding_surveillance,Split: coding + surveillance,100,0.059596932204422276,0.08947501125693454,0.015807222012495417,0.034244657142098615,0.018631495056331195,0.03437222970006291,0.03871481827511369,0.06126838522179743,0.09318097490469177,0.0338333779280719,0.01517181825593529,0.028671083512673383,0.06566545256372106,0.0310715093503849,0.07753650354726634,0.027587826944844268,0.06497349307631915,0.16232739058038995,0.03567241773462426,0.0121974007318215,0.0,0.0,0.0,0.0,0.0,0.0,0.08,0.0,0.42,0.0,0.0,0.0,0.0,0.0,0.0,0.0,0.0,0.5,0.0,0.0,soft,"{""ai_coding_innovations"": 0.45, ""ai_copyright_theft"": 0.1, ""ai_mass_surveillance"": 0.45}","{""ai_coding_innovations"": 0.42, ""ai_copyright_theft"": 0.08, ""ai_mass_surveillance"": 0.5}"
user_0651,copyright_surveillance,Split: copyright + surveillance,100,0.05854077588333447,0.04974533307185076,0.033286930294074715,0.03065049511262573,0.027880252550692066,0.021763053107402154,0.07838526172370239,0.0582281070020621,0.06092990717869937,0.07283181798952633,0.03347535059754517,0.057710773011246906,0.03802573932460546,0.029664014011365075,0.04897920124121181,0.05353490563943887,0.04181943908465858,0.14925247919701992,0.029253727764147437,0.026042436214790677,0.0,0.0,0.0,0.0,0.0,0.0,0.44,0.0,0.12,0.0,0.0,0.0,0.0,0.0,0.0,0.0,0.0,0.44,0.0,0.0,soft,"{""ai_coding_innovations"": 0.1, ""ai_copyright_theft"": 0.45, ""ai_mass_surveillance"": 0.45}","{""ai_coding_innovations"": 0.12, ""ai_copyright_theft"": 0.44, ""ai_mass_surveillance"": 0.44}"
user_0652,coding_heavy,Mostly AI coding innovations,100,0.024753430104856172,0.12797895629535905,0.014601895612806835,0.01621541294857205,0.01746738604101768,0.050770801369536565,0.03810689349144581,0.03664884794620184,0.12342489528468953,0.032716322350425445,0.015549244674856553,0.028215032177781,0.09776572718752037,0.014555820026948666,0.10863409079470052,0.02448877009011167,0.09228960258340699,0.0830306072749354,0.04280562611519506,0.009980637629632652,0.0,0.0,0.0,0.0,0.0,0.0,0.09,0.0,0.77,0.0,0.0,0.0,0.0,0.0,0.0,0.0,0.0,0.14,0.0,0.0,soft,"{""ai_coding_innovations"": 0.8, ""ai_copyright_theft"": 0.1, ""ai_mass_surveillance"": 0.1}","{""ai_coding_innovations"": 0.77, ""ai_copyright_theft"": 0.09, ""ai_mass_surveillance"": 0.14}"
user_0653,copyright_heavy,Mostly AI copyright / theft concerns,100,0.03270875033919267,0.05070955699798411,0.04420661452141083,0.015228698162531815,0.033278545291662895,0.025081415911274788,0.10470147548452492,0.03842871807378787,0.06098294363744721,0.09832777238197131,0.046091691455527564,0.07696689868745546,0.04252706093863865,0.01680811322396744,0.052138816073650625,0.06879989446842796,0.04589692347911377,0.08326706727639609,0.030067389407260583,0.033781654187773284,0.0,0.0,0.0,0.0,0.0,0.0,0.69,0.0,0.17,0.0,0.0,0.0,0.0,0.0,0.0,0.0,0.0,0.14,0.0,0.0,soft,"{""ai_coding_innovations"": 0.1, ""ai_copyright_theft"": 0.8, ""ai_mass_surveillance"": 0.1}","{""ai_coding_innovations"": 0.17, ""ai_copyright_theft"": 0.69, ""ai_mass_surveillance"": 0.14}"
user_0654,surveillance_heavy,Mostly AI mass surveillance,100,0.08953920653630455,0.04858826436049074,0.020183309221271376,0.04915665145273837,0.021402301261527052,0.01778101774275497,0.046805805210715444,0.08198737371599113,0.06086626342820194,0.042236672718592244,0.018335741567966194,0.03460342219979664,0.032624153387765656,0.04509109495624225,0.0451876634422852,0.035216919044651934,0.03692645781131235,0.22843497350176886,0.028277333792411628,0.01675537464721154,0.0,0.0,0.0,0.0,0.0,0.0,0.14,0.0,0.06,0.0,0.0,0.0,0.0,0.0,0.0,0.0,0.0,0.8,0.0,0.0,soft,"{""ai_coding_innovations"": 0.1, ""ai_copyright_theft"": 0.1, ""ai_mass_surveillance"": 0.8}","{""ai_coding_innovations"": 0.06, ""ai_copyright_theft"": 0.14, ""ai_mass_surveillance"": 0.8}"
user_0655,balanced,Even across all topics,100,0.043347898759191136,0.08067378951578871,0.02670536603066,0.023842860701519995,0.024162831903168383,0.033444657791079316,0.06439829858148281,0.048286332285208525,0.08558453845363845,0.05884985808244647,0.02731567787889449,0.047467062092439324,0.061914941098213154,0.022776189105088784,0.07273793541409729,0.04318029025485347,0.06202159967098677,0.11836601663348598,0.0346579632323966,0.02026589251536041,0.0,0.0,0.0,0.0,0.0,0.0,0.32,0.0,0.38,0.0,0.0,0.0,0.0,0.0,0.0,0.0,0.0,0.3,0.0,0.0,soft,"{""ai_coding_innovations"": 0.333333, ""ai_copyright_theft"": 0.333333, ""ai_mass_surveillance"": 0.333334}","{""ai_coding_innovations"": 0.38, ""ai_copyright_theft"": 0.32, ""ai_mass_surveillance"": 0.3}"
user_0656,coding_copyright,Split: coding + copyright,100,0.02206277235395868,0.09579372161728014,0.029567356808071956,0.012203121624961047,0.025358890588487056,0.040769816012113685,0.07218007081606811,0.03277554716645308,0.09724634073969299,0.06618573658300551,0.031303917163611694,0.05315682773267644,0.07564648388751377,0.012500821711972086,0.08567470513649583,0.04663665576444734,0.07378186409559027,0.06773319299406917,0.03765249787942673,0.021769659324104247,0.0,0.0,0.0,0.0,0.0,0.0,0.4,0.0,0.53,0.0,0.0,0.0,0.0,0.0,0.0,0.0,0.0,0.07,0.0,0.0,soft,"{""ai_coding_innovations"": 0.45, ""ai_copyright_theft"": 0.45, ""ai_mass_surveillance"": 0.1}","{""ai_coding_innovations"": 0.53, ""ai_copyright_theft"": 0.4, ""ai_mass_surveillance"": 0.07}"
user_0657,coding_surveillance,Split: coding + surveillance,100,0.054297938425021675,0.09095567936378408,0.01749774687615258,0.031176742998513828,0.019447634283681278,0.03546405868514178,0.04286815132739354,0.05727884293401618,0.09423228139056203,0.03783904463936847,0.017186045647853927,0.03170977753942054,0.06748636132400906,0.028462790972955072,0.07911001442577166,0.02990230597100349,0.06656220127361506,0.14912636719624087,0.03604745400837915,0.013348560717115678,0.0,0.0,0.0,0.0,0.0,0.0,0.12,0.0,0.44,0.0,0.0,0.0,0.0,0.0,0.0,0.0,0.0,0.44,0.0,0.0,soft,"{""ai_coding_innovations"": 0.45, ""ai_copyright_theft"": 0.1, ""ai_mass_surveillance"": 0.45}","{""ai_coding_innovations"": 0.44, ""ai_copyright_theft"": 0.12, ""ai_mass_surveillance"": 0.44}"
user_0658,copyright_surveillance,Split: copyright + surveillance,100,0.05920371923619582,0.043306216463736176,0.035753990203125065,0.03056826888045572,0.029197849154912515,0.019622270985880357,0.08393481022312567,0.05837642951269429,0.055726411208095836,0.07829943882548855,0.03602055449593443,0.06177342855371977,0.03342251713719869,0.029851705111116636,0.04427126168112434,0.057227499337631924,0.03795338249263413,0.14927218419714172,0.028192208038486224,0.028025854261302427,0.0,0.0,0.0,0.0,0.0,0.0,0.49,0.0,0.07,0.0,0.0,0.0,0.0,0.0,0.0,0.0,0.0,0.44,0.0,0.0,soft,"{""ai_coding_innovations"": 0.1, ""ai_copyright_theft"": 0.45, ""ai_mass_surveillance"": 0.45}","{""ai_coding_innovations"": 0.07, ""ai_copyright_theft"": 0.49, ""ai_mass_surveillance"": 0.44}"
user_0659,coding_heavy,Mostly AI coding innovations,100,0.017819934895645914,0.13700406790921346,0.013778173390149811,0.01272936951084917,0.016926272321476282,0.05447082158985331,0.036662960419759284,0.031826283098407196,0.13054871495155548,0.031192963232847686,0.01501461221392048,0.027155832260850096,0.1051071058869174,0.011299598673562072,0.11580551832105596,0.023004056096012006,0.09852462628454657,0.06760708099329016,0.044446224123658465,0.009075783826429247,0.0,0.0,0.0,0.0,0.0,0.0,0.08,0.0,0.85,0.0,0.0,0.0,0.0,0.0,0.0,0.0,0.0,0.07,0.0,0.0,soft,"{""ai_coding_innovations"": 0.8, ""ai_copyright_theft"": 0.1, ""ai_mass_surveillance"": 0.1}","{""ai_coding_innovations"": 0.85, ""ai_copyright_theft"": 0.08, ""ai_mass_surveillance"": 0.07}"
user_0660,copyright_heavy,Mostly AI copyright / theft concerns,100,0.035271372463008294,0.03415035023961889,0.05017474548039546,0.015531710731631879,0.03648043348446298,0.01947612970590642,0.11806810950768394,0.03946939214868627,0.04762553609760651,0.11151146738119261,0.0522038367661272,0.08675251039059553,0.030562079937160112,0.01771838373957638,0.039949784041678156,0.07776871866615712,0.035838128746435834,0.08551715717406268,0.0273157000566264,0.03861445324138727,0.0,0.0,0.0,0.0,0.0,0.0,0.81,0.0,0.04,0.0,0.0,0.0,0.0,0.0,0.0,0.0,0.0,0.15,0.0,0.0,soft,"{""ai_coding_innovations"": 0.1, ""ai_copyright_theft"": 0.8, ""ai_mass_surveillance"": 0.1}","{""ai_coding_innovations"": 0.04, ""ai_copyright_theft"": 0.81, ""ai_mass_surveillance"": 0.15}"
user_0661,surveillance_heavy,Mostly AI mass surveillance,100,0.08357726940404255,0.056508049075454946,0.0194067741758782,0.04617096354132361,0.020900843884656697,0.02101362884935568,0.045409589763572,0.07784950891757765,0.06712106588467578,0.04077471859392666,0.017804765061495576,0.03357946068407092,0.03904828433546044,0.04229468547906083,0.05146911388087792,0.033838804372618124,0.042381222600632734,0.21521424511749793,0.029713889791827704,0.015923116585993994,0.0,0.0,0.0,0.0,0.0,0.0,0.13,0.0,0.13,0.0,0.0,0.0,0.0,0.0,0.0,0.0,0.0,0.74,0.0,0.0,soft,"{""ai_coding_innovations"": 0.1, ""ai_copyright_theft"": 0.1, ""ai_mass_surveillance"": 0.8}","{""ai_coding_innovations"": 0.13, ""ai_copyright_theft"": 0.13, ""ai_mass_surveillance"": 0.74}"
user_0662,balanced,Even across all topics,100,0.05222451012229799,0.06943802410415394,0.027623462607844727,0.028329615191859146,0.024783258308051875,0.02880981934333042,0.06593766690225558,0.054478297231765484,0.0767226843659881,0.06049602718584861,0.02785762224876149,0.048596738811780615,0.0527390668954116,0.02695203421088573,0.06378655371221692,0.04487820289308488,0.05422605814620866,0.13819513870988007,0.03260928120583862,0.02131593780253556,0.0,0.0,0.0,0.0,0.0,0.0,0.33,0.0,0.28,0.0,0.0,0.0,0.0,0.0,0.0,0.0,0.0,0.39,0.0,0.0,soft,"{""ai_coding_innovations"": 0.333333, ""ai_copyright_theft"": 0.333333, ""ai_mass_surveillance"": 0.333334}","{""ai_coding_innovations"": 0.28, ""ai_copyright_theft"": 0.33, ""ai_mass_surveillance"": 0.39}"
user_0663,coding_copyright,Split: coding + copyright,100,0.025640389937664924,0.08603862431249495,0.032175978248913856,0.013621961971715415,0.026795456220720635,0.03722680654944372,0.07787277218912074,0.03497796982522878,0.08943579313791296,0.07183757239770426,0.03386008892539734,0.05732519847876491,0.06829151844500028,0.014067948440339206,0.07829683431312073,0.05064904742883796,0.06757503076810811,0.07436129168631415,0.035978852126623606,0.023970864596573573,0.0,0.0,0.0,0.0,0.0,0.0,0.45,0.0,0.45,0.0,0.0,0.0,0.0,0.0,0.0,0.0,0.0,0.1,0.0,0.0,soft,"{""ai_coding_innovations"": 0.45, ""ai_copyright_theft"": 0.45, ""ai_mass_surveillance"": 0.1}","{""ai_coding_innovations"": 0.45, ""ai_copyright_theft"": 0.45, ""ai_mass_surveillance"": 0.1}"
user_0664,coding_surveillance,Split: coding + surveillance,100,0.051515852864749065,0.09298383673883183,0.0178495973261711,0.02965923117315544,0.01959218457651223,0.0364381296019856,0.04383490815364884,0.05525440728799912,0.0957986338276179,0.03874835382782434,0.017684118564135383,0.03241659344429955,0.06931746014163441,0.027120893564289844,0.0808383577770418,0.03032102674444449,0.06812976669066789,0.14252191450414198,0.03644727609038881,0.013527457100460421,0.0,0.0,0.0,0.0,0.0,0.0,0.13,0.0,0.46,0.0,0.0,0.0,0.0,0.0,0.0,0.0,0.0,0.41,0.0,0.0,soft,"{""ai_coding_innovations"": 0.45, ""ai_copyright_theft"": 0.1, ""ai_mass_surveillance"": 0.45}","{""ai_coding_innovations"": 0.46, ""ai_copyright_theft"": 0.13, ""ai_mass_surveillance"": 0.41}"
user_0665,copyright_surveillance,Split: copyright + surveillance,100,0.06467873906911109,0.04844716138773389,0.03115018062587135,0.03423521002895266,0.02684025034516895,0.020631971432911577,0.07316973659608107,0.06287268483709813,0.06005028267655762,0.06779403210394955,0.030955738380414134,0.053894786277210394,0.036208227250096606,0.03269500604504978,0.047457301186961495,0.05058850719570695,0.04022368329394829,0.16465235947851917,0.028886953426477503,0.02456718836218003,0.0,0.0,0.0,0.0,0.0,0.0,0.39,0.0,0.1,0.0,0.0,0.0,0.0,0.0,0.0,0.0,0.0,0.51,0.0,0.0,soft,"{""ai_coding_innovations"": 0.1, ""ai_copyright_theft"": 0.45, ""ai_mass_surveillance"": 0.45}","{""ai_coding_innovations"": 0.1, ""ai_copyright_theft"": 0.39, ""ai_mass_surveillance"": 0.51}"
user_0666,coding_heavy,Mostly AI coding innovations,100,0.015568204017662408,0.1338809319977695,0.01610367176740859,0.011146076699754762,0.01812489989768358,0.053732266809479665,0.04206935604555317,0.029920505460895846,0.1279522706121285,0.03647636909007326,0.01754884824891334,0.03111277259970741,0.10325562695461732,0.010107854144698083,0.11376751002425599,0.026376851828007426,0.09699934642797989,0.061018392301288644,0.04399683042513916,0.01084141464698336,0.0,0.0,0.0,0.0,0.0,0.0,0.13,0.0,0.83,0.0,0.0,0.0,0.0,0.0,0.0,0.0,0.0,0.04,0.0,0.0,soft,"{""ai_coding_innovations"": 0.8, ""ai_copyright_theft"": 0.1, ""ai_mass_surveillance"": 0.1}","{""ai_coding_innovations"": 0.83, ""ai_copyright_theft"": 0.13, ""ai_mass_surveillance"": 0.04}"
user_0667,copyright_heavy,Mostly AI copyright / theft concerns,100,0.03195893222044657,0.041329800901158266,0.048552948003173724,0.014079979892009532,0.0355709064939176,0.022162826319967674,0.11459522753440059,0.03732629849416345,0.05335468531114521,0.1080466799008788,0.05066574656369728,0.08420920186149626,0.03607575650471093,0.01622633345110989,0.04544447904101827,0.0752333644810437,0.04049853943710824,0.07889694048186639,0.028564737919165032,0.03720661518752265,0.0,0.0,0.0,0.0,0.0,0.0,0.78,0.0,0.1,0.0,0.0,0.0,0.0,0.0,0.0,0.0,0.0,0.12,0.0,0.0,soft,"{""ai_coding_innovations"": 0.1, ""ai_copyright_theft"": 0.8, ""ai_mass_surveillance"": 0.1}","{""ai_coding_innovations"": 0.1, ""ai_copyright_theft"": 0.78, ""ai_mass_surveillance"": 0.12}"
user_0668,surveillance_heavy,Mostly AI mass surveillance,100,0.08441623881041854,0.05669054549818763,0.018960549371331972,0.046687764314065745,0.020676980906483657,0.02097437615994399,0.044347397688230476,0.0785045444648324,0.0672927478684043,0.039742599419646404,0.017299380236283208,0.03280216797678151,0.039051681021239584,0.04271695913531571,0.05152072470513289,0.033206884955045375,0.0423741750072184,0.21741310201484804,0.029722151727912673,0.015599028718677532,0.0,0.0,0.0,0.0,0.0,0.0,0.12,0.0,0.13,0.0,0.0,0.0,0.0,0.0,0.0,0.0,0.0,0.75,0.0,0.0,soft,"{""ai_coding_innovations"": 0.1, ""ai_copyright_theft"": 0.1, ""ai_mass_surveillance"": 0.8}","{""ai_coding_innovations"": 0.13, ""ai_copyright_theft"": 0.12, ""ai_mass_surveillance"": 0.75}"
user_0669,balanced,Even across all topics,100,0.048779481209164026,0.07790529808731625,0.0255082531488129,0.02689432959867076,0.0236102119966624,0.03192467238169607,0.061354875229087655,0.05230553907511624,0.08349253277364754,0.05593771553834232,0.025810491266653704,0.04524089917418675,0.059173387900443804,0.025422445702468932,0.07022283662357454,0.041604329968332854,0.059659680155285943,0.13157098101765943,0.03407062301350949,0.01951141613936858,0.0,0.0,0.0,0.0,0.0,0.0,0.29,0.0,0.35,0.0,0.0,0.0,0.0,0.0,0.0,0.0,0.0,0.36,0.0,0.0,soft,"{""ai_coding_innovations"": 0.333333, ""ai_copyright_theft"": 0.333333, ""ai_mass_surveillance"": 0.333334}","{""ai_coding_innovations"": 0.35, ""ai_copyright_theft"": 0.29, ""ai_mass_surveillance"": 0.36}"
user_0670,coding_copyright,Split: coding + copyright,100,0.023740711166710702,0.0961587144627456,0.028674907198979537,0.013236723170445304,0.02491116463214097,0.0406913106332903,0.07005568666538506,0.03408561826096258,0.09758970470714999,0.06412149823444505,0.030293147513186913,0.0516022423180977,0.07565327725907202,0.01334536902448183,0.08577792678500577,0.045372816929301854,0.07376776890876156,0.07213090678876936,0.037669021751596615,0.021121483589471295,0.0,0.0,0.0,0.0,0.0,0.0,0.38,0.0,0.53,0.0,0.0,0.0,0.0,0.0,0.0,0.0,0.0,0.09,0.0,0.0,soft,"{""ai_coding_innovations"": 0.45, ""ai_copyright_theft"": 0.45, ""ai_mass_surveillance"": 0.1}","{""ai_coding_innovations"": 0.53, ""ai_copyright_theft"": 0.38, ""ai_mass_surveillance"": 0.09}"
user_0671,coding_surveillance,Split: coding + surveillance,100,0.059464343533850016,0.09076283457855747,0.01531381003068536,0.03426110238853262,0.01836797573548711,0.034800386124367276,0.03760490857522904,0.06123872071967103,0.09422167409881252,0.03273985376087947,0.01466277747625744,0.027858552404178814,0.06658609700120241,0.03103397113043459,0.07847809145928385,0.026849308205205674,0.06574670439472405,0.16232344958036563,0.0358847216797565,0.011800717122519162,0.0,0.0,0.0,0.0,0.0,0.0,0.07,0.0,0.43,0.0,0.0,0.0,0.0,0.0,0.0,0.0,0.0,0.5,0.0,0.0,soft,"{""ai_coding_innovations"": 0.45, ""ai_copyright_theft"": 0.1, ""ai_mass_surveillance"": 0.45}","{""ai_coding_innovations"": 0.43, ""ai_copyright_theft"": 0.07, ""ai_mass_surveillance"": 0.5}"
user_0672,copyright_surveillance,Split: copyright + surveillance,100,0.06507650508082789,0.04458369142286511,0.03263041657130153,0.034185874289650635,0.027630808307701205,0.019347502159998482,0.07649946569573499,0.0629616783434774,0.05692818509419548,0.07107460460552682,0.032482860719447684,0.056332379602694084,0.033446293937652534,0.0328076207049007,0.044632537450909,0.052804063414622744,0.03790404933873361,0.1646641824785921,0.028250041591080768,0.025757239190087062,0.0,0.0,0.0,0.0,0.0,0.0,0.42,0.0,0.07,0.0,0.0,0.0,0.0,0.0,0.0,0.0,0.0,0.51,0.0,0.0,soft,"{""ai_coding_innovations"": 0.1, ""ai_copyright_theft"": 0.45, ""ai_mass_surveillance"": 0.45}","{""ai_coding_innovations"": 0.07, ""ai_copyright_theft"": 0.42, ""ai_mass_surveillance"": 0.51}"
user_0673,coding_heavy,Mostly AI coding innovations,100,0.01781993489564591,0.13700406790921343,0.013778173390149803,0.012729369510849164,0.016926272321476282,0.05447082158985332,0.03666296041975928,0.031826283098407196,0.13054871495155546,0.031192963232847676,0.015014612213920475,0.027155832260850082,0.1051071058869174,0.011299598673562068,0.11580551832105594,0.023004056096012002,0.09852462628454656,0.06760708099329016,0.04444622412365845,0.009075783826429241,0.0,0.0,0.0,0.0,0.0,0.0,0.08,0.0,0.85,0.0,0.0,0.0,0.0,0.0,0.0,0.0,0.0,0.07,0.0,0.0,soft,"{""ai_coding_innovations"": 0.8, ""ai_copyright_theft"": 0.1, ""ai_mass_surveillance"": 0.1}","{""ai_coding_innovations"": 0.85, ""ai_copyright_theft"": 0.08, ""ai_mass_surveillance"": 0.07}"
user_0674,copyright_heavy,Mostly AI copyright / theft concerns,100,0.032224109561591135,0.03875415425791242,0.04953977196679386,0.014047089399141531,0.03609794513560578,0.021306513471358948,0.11681504693416991,0.03738562749841633,0.051273286922903796,0.11023372823526367,0.05168382812305299,0.08583426407848536,0.03423446762974821,0.01630140989101053,0.04356130321698329,0.07671040196032093,0.03895211680029846,0.07890482248191506,0.028140130028900544,0.03799998240612735,0.0,0.0,0.0,0.0,0.0,0.0,0.8,0.0,0.08,0.0,0.0,0.0,0.0,0.0,0.0,0.0,0.0,0.12,0.0,0.0,soft,"{""ai_coding_innovations"": 0.1, ""ai_copyright_theft"": 0.8, ""ai_mass_surveillance"": 0.1}","{""ai_coding_innovations"": 0.08, ""ai_copyright_theft"": 0.8, ""ai_mass_surveillance"": 0.12}"
user_0675,surveillance_heavy,Mostly AI mass surveillance,100,0.09139317140257124,0.05557487023680349,0.01637757489858238,0.05078928000313475,0.01941311572278749,0.0198040417960417,0.03806968048526754,0.08380415784712314,0.06658480534999107,0.03367269435978934,0.0142743831939398,0.028208888535455584,0.037237565632509816,0.04617022482525531,0.05005043547513753,0.029628567093740673,0.04077137162309374,0.23501183919369736,0.029363639326327653,0.0137996929987504,0.0,0.0,0.0,0.0,0.0,0.0,0.06,0.0,0.11,0.0,0.0,0.0,0.0,0.0,0.0,0.0,0.0,0.83,0.0,0.0,soft,"{""ai_coding_innovations"": 0.1, ""ai_copyright_theft"": 0.1, ""ai_mass_surveillance"": 0.8}","{""ai_coding_innovations"": 0.11, ""ai_copyright_theft"": 0.06, ""ai_mass_surveillance"": 0.83}"
user_0676,balanced,Even across all topics,100,0.04083099054006308,0.08012630024759056,0.028044040444298656,0.022292458383293592,0.024834420837687516,0.033562415859314375,0.06758487480750738,0.046321225643444326,0.08506949250245288,0.06194621560528717,0.028831832354531656,0.04979894021430746,0.061904751040875776,0.02150936813632418,0.0725831029413325,0.04507604850757166,0.0620427424512298,0.1117694459414358,0.03463317742414181,0.021238156117309857,0.0,0.0,0.0,0.0,0.0,0.0,0.35,0.0,0.38,0.0,0.0,0.0,0.0,0.0,0.0,0.0,0.0,0.27,0.0,0.0,soft,"{""ai_coding_innovations"": 0.333333, ""ai_copyright_theft"": 0.333333, ""ai_mass_surveillance"": 0.333334}","{""ai_coding_innovations"": 0.38, ""ai_copyright_theft"": 0.35, ""ai_mass_surveillance"": 0.27}"
user_0677,coding_copyright,Split: coding + copyright,100,0.026568510631670834,0.07702386106113451,0.03562986212158433,0.01350684524667738,0.028640091466629235,0.03422971157931317,0.08564214008831329,0.035185621340113826,0.08215089877906802,0.07949224156805128,0.037423374383142284,0.06301291623822693,0.061847007382630735,0.014330715979991398,0.07170571892899825,0.055818678606308195,0.062162551539273865,0.07438887868648458,0.034492724510697924,0.02674764986168997,0.0,0.0,0.0,0.0,0.0,0.0,0.52,0.0,0.38,0.0,0.0,0.0,0.0,0.0,0.0,0.0,0.0,0.1,0.0,0.0,soft,"{""ai_coding_innovations"": 0.45, ""ai_copyright_theft"": 0.45, ""ai_mass_surveillance"": 0.1}","{""ai_coding_innovations"": 0.38, ""ai_copyright_theft"": 0.52, ""ai_mass_surveillance"": 0.1}"
user_0678,coding_surveillance,Split: coding + surveillance,100,0.060038135599081485,0.09352097764453596,0.013880761262518996,0.03481079365414275,0.017617074115625898,0.03561744628356431,0.03432289710011822,0.061834427262672874,0.09647475447078242,0.02952068625221435,0.01313931109168936,0.025456197479900262,0.06843078256194426,0.031381168346788835,0.08041287810757382,0.024740351308355706,0.06728607943811946,0.164514424477667,0.036317591506105924,0.010683262036597998,0.0,0.0,0.0,0.0,0.0,0.0,0.04,0.0,0.45,0.0,0.0,0.0,0.0,0.0,0.0,0.0,0.0,0.51,0.0,0.0,soft,"{""ai_coding_innovations"": 0.45, ""ai_copyright_theft"": 0.1, ""ai_mass_surveillance"": 0.45}","{""ai_coding_innovations"": 0.45, ""ai_copyright_theft"": 0.04, ""ai_mass_surveillance"": 0.51}"
user_0679,copyright_surveillance,Split: copyright + surveillance,100,0.0632659775975036,0.04550652189902261,0.033029454198583885,0.03316871799060036,0.02781501494320321,0.019854163963126236,0.07751394014653341,0.0616219427468415,0.05762552032085915,0.07204531878689488,0.032984589590194624,0.05707443390877824,0.03436014500357564,0.03192553517244066,0.0454709037144166,0.05332938351012963,0.038691355843967226,0.16026252768386762,0.028445821664043122,0.02600873131541769,0.0,0.0,0.0,0.0,0.0,0.0,0.43,0.0,0.08,0.0,0.0,0.0,0.0,0.0,0.0,0.0,0.0,0.49,0.0,0.0,soft,"{""ai_coding_innovations"": 0.1, ""ai_copyright_theft"": 0.45, ""ai_mass_surveillance"": 0.45}","{""ai_coding_innovations"": 0.08, ""ai_copyright_theft"": 0.43, ""ai_mass_surveillance"": 0.49}"
user_0680,coding_heavy,Mostly AI coding innovations,100,0.015037849335373324,0.13903222528426115,0.014130023840168319,0.011211857685490786,0.01707082261430724,0.055444892506697124,0.03762971724601457,0.029801847452390114,0.1321150673886113,0.03210227242130353,0.015512685130201946,0.027862648165729077,0.10693820470454278,0.009957701264896838,0.11753386167232606,0.023422776869453002,0.10009219170159941,0.06100262830119126,0.04484604620566816,0.009254680209773984,0.0,0.0,0.0,0.0,0.0,0.0,0.09,0.0,0.87,0.0,0.0,0.0,0.0,0.0,0.0,0.0,0.0,0.04,0.0,0.0,soft,"{""ai_coding_innovations"": 0.8, ""ai_copyright_theft"": 0.1, ""ai_mass_surveillance"": 0.1}","{""ai_coding_innovations"": 0.87, ""ai_copyright_theft"": 0.09, ""ai_mass_surveillance"": 0.04}"
user_0681,copyright_heavy,Mostly AI copyright / theft concerns,100,0.039950860272489896,0.04701823509335407,0.04261046401228139,0.019297323358732847,0.03254171874965491,0.023054768698763797,0.10064357768133136,0.0437876604603315,0.05819360273079254,0.09444491565649915,0.04408477597253987,0.0739986814631187,0.03887165667494621,0.020336455353807653,0.04878535101962029,0.0666986140864005,0.04274769745817934,0.10087368645529401,0.0292842691154111,0.032775685686450846,0.0,0.0,0.0,0.0,0.0,0.0,0.65,0.0,0.13,0.0,0.0,0.0,0.0,0.0,0.0,0.0,0.0,0.22,0.0,0.0,soft,"{""ai_coding_innovations"": 0.1, ""ai_copyright_theft"": 0.8, ""ai_mass_surveillance"": 0.1}","{""ai_coding_innovations"": 0.13, ""ai_copyright_theft"": 0.65, ""ai_mass_surveillance"": 0.22}"
user_0682,surveillance_heavy,Mostly AI mass surveillance,100,0.09165834874371574,0.052999223593557646,0.017364398862202524,0.05075638951026673,0.019940154364475653,0.01894772894743297,0.0402894998850368,0.083863486851376,0.06450340696174965,0.03585974269417421,0.015292464753295478,0.02983395075244475,0.03539627675754709,0.04624530126515592,0.04816725965110252,0.03110560457301789,0.03922494898628394,0.235019721193746,0.02893903143606316,0.014593060217355078,0.0,0.0,0.0,0.0,0.0,0.0,0.08,0.0,0.09,0.0,0.0,0.0,0.0,0.0,0.0,0.0,0.0,0.83,0.0,0.0,soft,"{""ai_coding_innovations"": 0.1, ""ai_copyright_theft"": 0.1, ""ai_mass_surveillance"": 0.8}","{""ai_coding_innovations"": 0.09, ""ai_copyright_theft"": 0.08, ""ai_mass_surveillance"": 0.83}"
user_0683,balanced,Even across all topics,100,0.04431945683613942,0.07956846261689854,0.02675255320792385,0.024343216227828122,0.02420248824583944,0.03297724867736326,0.06444601620602598,0.0489710323345897,0.08471552124324627,0.05891126307535866,0.027319333833359955,0.04750230049364451,0.060997693346510944,0.023236000981293973,0.07184795832633478,0.04328688957691933,0.061241340759167484,0.12056881453086041,0.034453921223349296,0.020338488257346285,0.0,0.0,0.0,0.0,0.0,0.0,0.32,0.0,0.37,0.0,0.0,0.0,0.0,0.0,0.0,0.0,0.0,0.31,0.0,0.0,soft,"{""ai_coding_innovations"": 0.333333, ""ai_copyright_theft"": 0.333333, ""ai_mass_surveillance"": 0.333334}","{""ai_coding_innovations"": 0.37, ""ai_copyright_theft"": 0.32, ""ai_mass_surveillance"": 0.31}"
user_0684,coding_copyright,Split: coding + copyright,100,0.02537521259652037,0.08861427095574079,0.031189154285293716,0.013654852464583412,0.02626841757903245,0.038083119398052444,0.07565295278935144,0.03491864082097591,0.09151719152615427,0.06965052406331938,0.03284200736604163,0.05570013626177576,0.07013280731996298,0.01399287200043858,0.0801800101371557,0.049172009949560745,0.06912145340491786,0.07435340968626547,0.03640346001688808,0.023177497377968873,0.0,0.0,0.0,0.0,0.0,0.0,0.43,0.0,0.47,0.0,0.0,0.0,0.0,0.0,0.0,0.0,0.0,0.1,0.0,0.0,soft,"{""ai_coding_innovations"": 0.45, ""ai_copyright_theft"": 0.45, ""ai_mass_surveillance"": 0.1}","{""ai_coding_innovations"": 0.47, ""ai_copyright_theft"": 0.43, ""ai_mass_surveillance"": 0.1}"
user_0685,coding_surveillance,Split: coding + surveillance,100,0.06639783874306032,0.08173772296470308,0.01613753225334237,0.0377471458262555,0.01890908945502851,0.031100365904050478,0.039048841646915584,0.06606128556746561,0.0870978544319465,0.03426321287845722,0.015197409937193518,0.028917752321109717,0.05924471830180535,0.034290192483821175,0.07130666393292863,0.02833402219930533,0.059511680693584396,0.17774697586201096,0.034244123671293134,0.01270557092572257,0.0,0.0,0.0,0.0,0.0,0.0,0.08,0.0,0.35,0.0,0.0,0.0,0.0,0.0,0.0,0.0,0.0,0.57,0.0,0.0,soft,"{""ai_coding_innovations"": 0.45, ""ai_copyright_theft"": 0.1, ""ai_mass_surveillance"": 0.45}","{""ai_coding_innovations"": 0.35, ""ai_copyright_theft"": 0.08, ""ai_mass_surveillance"": 0.57}"
user_0686,copyright_surveillance,Split: copyright + surveillance,100,0.06538511980491482,0.04991748113208951,0.03021054383951505,0.03476845604812878,0.026352868046151817,0.02102087516780425,0.07099763482085486,0.0634980558822264,0.06126266385440684,0.06566838876247685,0.02994131277552389,0.05230496246142642,0.037132268373357084,0.03307974148135433,0.04845049992323393,0.049218069038495585,0.04098984701893882,0.16684727537584484,0.029107519307694663,0.023846416885561206,0.0,0.0,0.0,0.0,0.0,0.0,0.37,0.0,0.11,0.0,0.0,0.0,0.0,0.0,0.0,0.0,0.0,0.52,0.0,0.0,soft,"{""ai_coding_innovations"": 0.1, ""ai_copyright_theft"": 0.45, ""ai_mass_surveillance"": 0.45}","{""ai_coding_innovations"": 0.11, ""ai_copyright_theft"": 0.37, ""ai_mass_surveillance"": 0.52}"
user_0687,coding_heavy,Mostly AI coding innovations,100,0.017952523566218178,0.13571624458759055,0.01427158537195988,0.012712924264415159,0.01718979164232037,0.05404266516554897,0.037772870119643934,0.031855947600533646,0.12950801575743476,0.03228648740004011,0.015523652993598334,0.027968363369344662,0.10418646144943607,0.011337136893512382,0.11486393040903835,0.02374257483565061,0.0977514149661417,0.06761102199331455,0.04423392017852621,0.00947246743573159,0.0,0.0,0.0,0.0,0.0,0.0,0.09,0.0,0.84,0.0,0.0,0.0,0.0,0.0,0.0,0.0,0.0,0.07,0.0,0.0,soft,"{""ai_coding_innovations"": 0.8, ""ai_copyright_theft"": 0.1, ""ai_mass_surveillance"": 0.1}","{""ai_coding_innovations"": 0.84, ""ai_copyright_theft"": 0.09, ""ai_mass_surveillance"": 0.07}"
user_0688,copyright_heavy,Mostly AI copyright / theft concerns,100,0.028029262529711052,0.037841672144248904,0.05177089598952492,0.011463085535430876,0.03721726002647098,0.021502776918417413,0.12212600731087753,0.03411044976214263,0.05041487700426118,0.11539432410666478,0.05421075224911489,0.08972072761493226,0.03421748420085261,0.014190041609736173,0.043303249095708506,0.07986999904818459,0.03898735476737024,0.06791053799516475,0.028098820348475877,0.039620421742709716,0.0,0.0,0.0,0.0,0.0,0.0,0.85,0.0,0.08,0.0,0.0,0.0,0.0,0.0,0.0,0.0,0.0,0.07,0.0,0.0,soft,"{""ai_coding_innovations"": 0.1, ""ai_copyright_theft"": 0.8, ""ai_mass_surveillance"": 0.1}","{""ai_coding_innovations"": 0.08, ""ai_copyright_theft"": 0.85, ""ai_mass_surveillance"": 0.07}"
user_0689,surveillance_heavy,Mostly AI mass surveillance,100,0.08454882748099082,0.05540272217656472,0.019453961353142042,0.046671319067631736,0.020940500227327744,0.020546219735639623,0.04545730738811511,0.07853420896695885,0.06625204867428361,0.040836123586838836,0.017808421015961057,0.03361469908527608,0.038131036583758215,0.04275449735526602,0.0505791367931154,0.033945403694683976,0.04160096368881349,0.21741704301487239,0.02950984778278043,0.015995712327979875,0.0,0.0,0.0,0.0,0.0,0.0,0.13,0.0,0.12,0.0,0.0,0.0,0.0,0.0,0.0,0.0,0.0,0.75,0.0,0.0,soft,"{""ai_coding_innovations"": 0.1, ""ai_copyright_theft"": 0.1, ""ai_mass_surveillance"": 0.8}","{""ai_coding_innovations"": 0.12, ""ai_copyright_theft"": 0.13, ""ai_mass_surveillance"": 0.75}"
user_0690,balanced,Even across all topics,100,0.05200277016409581,0.07992310709986997,0.023229941948817983,0.02897797793607328,0.02245124076312614,0.032195818048353655,0.05599619722783691,0.05489601676200872,0.08521995990268229,0.050715714674028904,0.023279911186126278,0.041319197236534655,0.060107619081041674,0.027074002107538093,0.07137086783261187,0.038338133558403285,0.06040470110003336,0.14036246760703536,0.03431597470298148,0.01781838106080033,0.0,0.0,0.0,0.0,0.0,0.0,0.24,0.0,0.36,0.0,0.0,0.0,0.0,0.0,0.0,0.0,0.0,0.4,0.0,0.0,soft,"{""ai_coding_innovations"": 0.333333, ""ai_copyright_theft"": 0.333333, ""ai_mass_surveillance"": 0.333334}","{""ai_coding_innovations"": 0.36, ""ai_copyright_theft"": 0.24, ""ai_mass_surveillance"": 0.4}"
user_0691,coding_copyright,Split: coding + copyright,100,0.02674453668518547,0.08364547409198182,0.03271657740798777,0.014105872251589527,0.027098631884235762,0.03633124101142328,0.07903039951354848,0.0356923343767364,0.08752607673340004,0.0729925015578089,0.03437278565954065,0.05817296798846465,0.06645362625581666,0.014565298536494702,0.0764652693133407,0.051494165490542435,0.06602156053788398,0.07656803058371298,0.03556250617244408,0.024440143947861773,0.0,0.0,0.0,0.0,0.0,0.0,0.46,0.0,0.43,0.0,0.0,0.0,0.0,0.0,0.0,0.0,0.0,0.11,0.0,0.0,soft,"{""ai_coding_innovations"": 0.45, ""ai_copyright_theft"": 0.45, ""ai_mass_surveillance"": 0.1}","{""ai_coding_innovations"": 0.43, ""ai_copyright_theft"": 0.46, ""ai_mass_surveillance"": 0.11}"
user_0692,coding_surveillance,Split: coding + surveillance,100,0.05248741094169738,0.09187850983994165,0.017896784503434952,0.03015958669946358,0.019631840919183272,0.03597072048826954,0.04388262577819197,0.055939107337380285,0.09492961661722572,0.03880975882073655,0.01768777451860085,0.032451831845504736,0.06840021238993217,0.027580705440495026,0.07994838068927926,0.030427626066510362,0.06734950777884868,0.1447247124015164,0.036243234081341516,0.013600052842446288,0.0,0.0,0.0,0.0,0.0,0.0,0.13,0.0,0.45,0.0,0.0,0.0,0.0,0.0,0.0,0.0,0.0,0.42,0.0,0.0,soft,"{""ai_coding_innovations"": 0.45, ""ai_copyright_theft"": 0.1, ""ai_mass_surveillance"": 0.45}","{""ai_coding_innovations"": 0.45, ""ai_copyright_theft"": 0.13, ""ai_mass_surveillance"": 0.42}"
user_0693,copyright_surveillance,Split: copyright + surveillance,100,0.0646787390691111,0.04844716138773388,0.031150180625871347,0.03423521002895266,0.02684025034516895,0.020631971432911577,0.07316973659608104,0.06287268483709813,0.06005028267655763,0.06779403210394955,0.030955738380414134,0.0538947862772104,0.03620822725009662,0.03269500604504978,0.047457301186961516,0.05058850719570694,0.04022368329394829,0.16465235947851917,0.028886953426477503,0.02456718836218003,0.0,0.0,0.0,0.0,0.0,0.0,0.39,0.0,0.1,0.0,0.0,0.0,0.0,0.0,0.0,0.0,0.0,0.51,0.0,0.0,soft,"{""ai_coding_innovations"": 0.1, ""ai_copyright_theft"": 0.45, ""ai_mass_surveillance"": 0.45}","{""ai_coding_innovations"": 0.1, ""ai_copyright_theft"": 0.39, ""ai_mass_surveillance"": 0.51}"
user_0694,coding_heavy,Mostly AI coding innovations,100,0.019763051049542492,0.13479341411143303,0.013872547744677508,0.013730080563465419,0.017005585006818372,0.05353600336242122,0.03675839566884554,0.03319568319716955,0.1288106805307711,0.031315773218672086,0.015021924122851407,0.027226309063260446,0.10327261038351296,0.012219222425972436,0.11402556414553075,0.023217254740143748,0.09696410846090811,0.07201267678803899,0.04403814010556383,0.009220975310400982,0.0,0.0,0.0,0.0,0.0,0.0,0.08,0.0,0.83,0.0,0.0,0.0,0.0,0.0,0.0,0.0,0.0,0.09,0.0,0.0,soft,"{""ai_coding_innovations"": 0.8, ""ai_copyright_theft"": 0.1, ""ai_mass_surveillance"": 0.1}","{""ai_coding_innovations"": 0.83, ""ai_copyright_theft"": 0.08, ""ai_mass_surveillance"": 0.09}"
user_0695,copyright_heavy,Mostly AI copyright / theft concerns,100,0.030015816066549992,0.043540454698938656,0.04845857364864601,0.01307926883939328,0.03549159380857549,0.02309764454739977,0.11449979228531432,0.0359568983954011,0.05509271973192956,0.10792386991505439,0.05065843465476635,0.08413872505908583,0.037910252008115396,0.01530670969869953,0.047224433216543335,0.07502016583691194,0.04205905726074672,0.07449134468711752,0.028972821937259634,0.03706142370355091,0.0,0.0,0.0,0.0,0.0,0.0,0.78,0.0,0.12,0.0,0.0,0.0,0.0,0.0,0.0,0.0,0.0,0.1,0.0,0.0,soft,"{""ai_coding_innovations"": 0.1, ""ai_copyright_theft"": 0.8, ""ai_mass_surveillance"": 0.1}","{""ai_coding_innovations"": 0.12, ""ai_copyright_theft"": 0.78, ""ai_mass_surveillance"": 0.1}"
user_0696,surveillance_heavy,Mostly AI mass surveillance,100,0.08861108584229864,0.05760302761185119,0.016729425348600904,0.04927176817777638,0.01955766601561844,0.020778112712885516,0.0390364373115228,0.08177972220110608,0.06815115778704693,0.0345820035482452,0.014772456110221252,0.028915704440334603,0.03906866445013517,0.04482832741659006,0.051778778826407655,0.03004728786718169,0.0423389370401466,0.22840738650159845,0.029763461408337327,0.013978589382095142,0.0,0.0,0.0,0.0,0.0,0.0,0.07,0.0,0.13,0.0,0.0,0.0,0.0,0.0,0.0,0.0,0.0,0.8,0.0,0.0,soft,"{""ai_coding_innovations"": 0.1, ""ai_copyright_theft"": 0.1, ""ai_mass_surveillance"": 0.8}","{""ai_coding_innovations"": 0.13, ""ai_copyright_theft"": 0.07, ""ai_mass_surveillance"": 0.8}"
user_0697,balanced,Even across all topics,100,0.04626257299003599,0.07735780881911808,0.026846927562451543,0.02534392728044435,0.024281800931181527,0.03204243044993114,0.06454145145511223,0.05034043243335202,0.08297748682246192,0.05903407306118303,0.02732664574229087,0.04757277729605486,0.059163197843106426,0.024155624733704327,0.0700680041508097,0.04350008822105104,0.05968082293552898,0.12497441032560921,0.034045837205254684,0.020483679741318015,0.0,0.0,0.0,0.0,0.0,0.0,0.32,0.0,0.35,0.0,0.0,0.0,0.0,0.0,0.0,0.0,0.0,0.33,0.0,0.0,soft,"{""ai_coding_innovations"": 0.333333, ""ai_copyright_theft"": 0.333333, ""ai_mass_surveillance"": 0.333334}","{""ai_coding_innovations"": 0.35, ""ai_copyright_theft"": 0.32, ""ai_mass_surveillance"": 0.33}"
user_0698,coding_copyright,Split: coding + copyright,100,0.02285830437739233,0.08806678168754266,0.032527828698932365,0.01210445014635703,0.026940006513551582,0.038200877466287524,0.07883952901537601,0.03295353417921171,0.09100214557496873,0.0727468815861601,0.0343581618416788,0.058032014383643915,0.07012261726262563,0.012726051031673973,0.08002517766439086,0.051067768202278964,0.06914259618516096,0.06775683899421527,0.036378674208633284,0.02414976097991831,0.0,0.0,0.0,0.0,0.0,0.0,0.46,0.0,0.47,0.0,0.0,0.0,0.0,0.0,0.0,0.0,0.0,0.07,0.0,0.0,soft,"{""ai_coding_innovations"": 0.45, ""ai_copyright_theft"": 0.45, ""ai_mass_surveillance"": 0.1}","{""ai_coding_innovations"": 0.47, ""ai_copyright_theft"": 0.46, ""ai_mass_surveillance"": 0.07}"
user_0699,coding_surveillance,Split: coding + surveillance,100,0.05390017241330487,0.09481914932865285,0.01601751093072238,0.031226078737815844,0.01865707632114902,0.03674852795805488,0.0395384222277396,0.057189849427636885,0.09735437897292416,0.03455847213779119,0.01565892330882038,0.029272184213936802,0.07024829463645314,0.028350176313104138,0.08193477816182415,0.027686749752087673,0.06888183522882974,0.14911454419616788,0.03668436584377587,0.01215850988920865,0.0,0.0,0.0,0.0,0.0,0.0,0.09,0.0,0.47,0.0,0.0,0.0,0.0,0.0,0.0,0.0,0.0,0.44,0.0,0.0,soft,"{""ai_coding_innovations"": 0.45, ""ai_copyright_theft"": 0.1, ""ai_mass_surveillance"": 0.45}","{""ai_coding_innovations"": 0.47, ""ai_copyright_theft"": 0.09, ""ai_mass_surveillance"": 0.44}"
user_0700,copyright_surveillance,Split: copyright + surveillance,100,0.062294419520555325,0.04661184879791284,0.03298226702132006,0.03266836246429226,0.027775358600532162,0.020321573076842295,0.07746622252199027,0.06093724269746035,0.05849453753125134,0.0719839137939827,0.032980933635729154,0.0570391955075731,0.0352773927552779,0.03146572329623549,0.04636088080217915,0.053222784188063754,0.03947161475578647,0.15805972978649324,0.028649863673090456,0.025936135573431808,0.0,0.0,0.0,0.0,0.0,0.0,0.43,0.0,0.09,0.0,0.0,0.0,0.0,0.0,0.0,0.0,0.0,0.48,0.0,0.0,soft,"{""ai_coding_innovations"": 0.1, ""ai_copyright_theft"": 0.45, ""ai_mass_surveillance"": 0.45}","{""ai_coding_innovations"": 0.09, ""ai_copyright_theft"": 0.43, ""ai_mass_surveillance"": 0.48}"
user_0701,coding_heavy,Mostly AI coding innovations,100,0.02568155079886209,0.11896419304399863,0.018055779485477305,0.016100296223534025,0.019312021286926277,0.04777370639940602,0.04587626139063837,0.03685649946108687,0.11614000092584459,0.04037099152077246,0.01911253013260149,0.03390274993724305,0.09132121612515082,0.014818587566600854,0.10204297541057801,0.029658401267581885,0.0868771233545728,0.08305819427510581,0.041319498499269365,0.012757422894749057,0.0,0.0,0.0,0.0,0.0,0.0,0.16,0.0,0.7,0.0,0.0,0.0,0.0,0.0,0.0,0.0,0.0,0.14,0.0,0.0,soft,"{""ai_coding_innovations"": 0.8, ""ai_copyright_theft"": 0.1, ""ai_mass_surveillance"": 0.1}","{""ai_coding_innovations"": 0.7, ""ai_copyright_theft"": 0.16, ""ai_mass_surveillance"": 0.14}"
user_0702,copyright_heavy,Mostly AI copyright / theft concerns,100,0.028603054594942515,0.04059981521022743,0.05033784722135859,0.01201277680104103,0.03646635840660977,0.022319837077614448,0.11884399583576674,0.0347061563051445,0.0526679573762311,0.11217515659799976,0.052687285864546844,0.08731837269065373,0.03606216976159445,0.014537238826090428,0.045238035743998456,0.07776104215133466,0.04052672981076568,0.07010151289246605,0.028531690174825295,0.03850296665678857,0.0,0.0,0.0,0.0,0.0,0.0,0.82,0.0,0.1,0.0,0.0,0.0,0.0,0.0,0.0,0.0,0.0,0.08,0.0,0.0,soft,"{""ai_coding_innovations"": 0.1, ""ai_copyright_theft"": 0.8, ""ai_mass_surveillance"": 0.1}","{""ai_coding_innovations"": 0.1, ""ai_copyright_theft"": 0.82, ""ai_mass_surveillance"": 0.08}"
user_0703,surveillance_heavy,Mostly AI mass surveillance,100,0.08485744220507777,0.06073651188578914,0.017034088621355567,0.04725390082610986,0.01966255996577835,0.02221959274344538,0.03995547651323495,0.07907058650570783,0.07058652743449496,0.035429907743788874,0.015266873072037258,0.029587281944008406,0.04181701101946277,0.04302661813171963,0.05439709926544031,0.030359409318556824,0.04468676136901869,0.21960013591212507,0.0303673254993943,0.01408489002345402,0.0,0.0,0.0,0.0,0.0,0.0,0.08,0.0,0.16,0.0,0.0,0.0,0.0,0.0,0.0,0.0,0.0,0.76,0.0,0.0,soft,"{""ai_coding_innovations"": 0.1, ""ai_copyright_theft"": 0.1, ""ai_mass_surveillance"": 0.8}","{""ai_coding_innovations"": 0.16, ""ai_copyright_theft"": 0.08, ""ai_mass_surveillance"": 0.76}"
user_0704,balanced,Even across all topics,100,0.04900122116736624,0.06742021509160016,0.029901773807839666,0.026245966854456602,0.025942229541588143,0.028538673676672857,0.07129634490350635,0.051887819544872975,0.07499525723695331,0.06571802805016205,0.0303882023292889,0.052518440749432724,0.05180483571481382,0.02530047780581657,0.06263852250317967,0.04814439930301444,0.05348103720146116,0.12940365212050411,0.03236392951636666,0.02300897288110382,0.0,0.0,0.0,0.0,0.0,0.0,0.38,0.0,0.27,0.0,0.0,0.0,0.0,0.0,0.0,0.0,0.0,0.35,0.0,0.0,soft,"{""ai_coding_innovations"": 0.333333, ""ai_copyright_theft"": 0.333333, ""ai_mass_surveillance"": 0.333334}","{""ai_coding_innovations"": 0.27, ""ai_copyright_theft"": 0.38, ""ai_mass_surveillance"": 0.35}"
user_0705,coding_copyright,Split: coding + copyright,100,0.024977446584803543,0.09247774092060952,0.029708918339863517,0.013704188203885428,0.025477859616500193,0.039367588670965535,0.0723232236896975,0.034829647314596604,0.09463928910851645,0.0663699515617421,0.031314885027008084,0.053262542936292054,0.07289474063240708,0.013880257340587645,0.0830047738732082,0.04695645373064492,0.07144108736013254,0.07434158668619242,0.03704037185228481,0.021987446550061844,0.0,0.0,0.0,0.0,0.0,0.0,0.4,0.0,0.5,0.0,0.0,0.0,0.0,0.0,0.0,0.0,0.0,0.1,0.0,0.0,soft,"{""ai_coding_innovations"": 0.45, ""ai_copyright_theft"": 0.45, ""ai_mass_surveillance"": 0.1}","{""ai_coding_innovations"": 0.5, ""ai_copyright_theft"": 0.4, ""ai_mass_surveillance"": 0.1}"
user_0706,coding_surveillance,Split: coding + surveillance,100,0.051957056259408274,0.09702980312643326,0.01592313657619468,0.030225367685199588,0.018577763635806925,0.03768334618548698,0.03944298697865334,0.05582044932887454,0.09909241339370853,0.0344356621519668,0.015651611399889454,0.02920170741152641,0.0720827901398576,0.027430552560693766,0.0837147323373492,0.02747355110795594,0.07044235305246822,0.144708948401419,0.037092449861870484,0.012013318405236919,0.0,0.0,0.0,0.0,0.0,0.0,0.09,0.0,0.49,0.0,0.0,0.0,0.0,0.0,0.0,0.0,0.0,0.42,0.0,0.0,soft,"{""ai_coding_innovations"": 0.45, ""ai_copyright_theft"": 0.1, ""ai_mass_surveillance"": 0.45}","{""ai_coding_innovations"": 0.49, ""ai_copyright_theft"": 0.09, ""ai_mass_surveillance"": 0.42}"
user_0707,copyright_surveillance,Split: copyright + surveillance,100,0.0605273294201734,0.05544411562654055,0.029974607953195807,0.03226667841658814,0.026154586332796593,0.023357920736384527,0.0707590466981392,0.06007455563532056,0.06560774990636778,0.06536136379791589,0.029923033003196573,0.052128770455400444,0.041718507131868296,0.030780682100328426,0.052900385362046644,0.048685072428166234,0.04489114157803507,0.15583328588897272,0.03012772935293121,0.023483438175631876,0.0,0.0,0.0,0.0,0.0,0.0,0.37,0.0,0.16,0.0,0.0,0.0,0.0,0.0,0.0,0.0,0.0,0.47,0.0,0.0,soft,"{""ai_coding_innovations"": 0.1, ""ai_copyright_theft"": 0.45, ""ai_mass_surveillance"": 0.45}","{""ai_coding_innovations"": 0.16, ""ai_copyright_theft"": 0.37, ""ai_mass_surveillance"": 0.47}"
user_0708,coding_heavy,Mostly AI coding innovations,100,0.02183875587401133,0.1312949369920297,0.014460334081015271,0.014714346369647672,0.01734841701300455,0.05217302871068473,0.037963740617816454,0.03459474779805834,0.12603194691586606,0.03253210737168887,0.01553827681146017,0.028109316974165424,0.1005174704426271,0.01317638439833312,0.11130402205798824,0.024168972123914074,0.0946303793188647,0.07642221358281218,0.043417752142337,0.009762850403675052,0.0,0.0,0.0,0.0,0.0,0.0,0.09,0.0,0.8,0.0,0.0,0.0,0.0,0.0,0.0,0.0,0.0,0.11,0.0,0.0,soft,"{""ai_coding_innovations"": 0.8, ""ai_copyright_theft"": 0.1, ""ai_mass_surveillance"": 0.1}","{""ai_coding_innovations"": 0.8, ""ai_copyright_theft"": 0.09, ""ai_mass_surveillance"": 0.11}"
user_0709,copyright_heavy,Mostly AI copyright / theft concerns,100,0.031385140155215104,0.03857165783517972,0.049985996771340066,0.013530288626399404,0.03632180811377881,0.021345766160770635,0.11787723900951141,0.03673059195116158,0.05110160493917527,0.11126584740954386,0.052189212948265354,0.08661155678577474,0.03423107094396908,0.01587913623475565,0.04350969239272832,0.07734232137789365,0.0389591643937128,0.07670596558456501,0.028131868092815607,0.03832407027344381,0.0,0.0,0.0,0.0,0.0,0.0,0.81,0.0,0.08,0.0,0.0,0.0,0.0,0.0,0.0,0.0,0.0,0.11,0.0,0.0,soft,"{""ai_coding_innovations"": 0.1, ""ai_copyright_theft"": 0.8, ""ai_mass_surveillance"": 0.1}","{""ai_coding_innovations"": 0.08, ""ai_copyright_theft"": 0.81, ""ai_mass_surveillance"": 0.11}"
user_0710,surveillance_heavy,Mostly AI mass surveillance,100,0.08856764845935625,0.04969359125938096,0.02013612204400752,0.04865629592643021,0.021362644918856005,0.018248426856471024,0.04675808758617226,0.08130267366660994,0.06173528063859414,0.04217526772568004,0.01833208561350073,0.034568183798591445,0.033541401139467866,0.04463128308003707,0.04607764053004773,0.03511031972258606,0.0377067167231316,0.22623217560439438,0.028481375801458948,0.01668277890522567,0.0,0.0,0.0,0.0,0.0,0.0,0.14,0.0,0.07,0.0,0.0,0.0,0.0,0.0,0.0,0.0,0.0,0.79,0.0,0.0,soft,"{""ai_coding_innovations"": 0.1, ""ai_copyright_theft"": 0.1, ""ai_mass_surveillance"": 0.8}","{""ai_coding_innovations"": 0.07, ""ai_copyright_theft"": 0.14, ""ai_mass_surveillance"": 0.79}"
user_0711,balanced,Even across all topics,100,0.04652775033118059,0.07478216217587226,0.027833751526071693,0.025311036787576357,0.024808839572869695,0.031186117601322415,0.06676127085488154,0.05039976143760489,0.08089608843422053,0.061221121395567915,0.02834472730164657,0.04919783951304404,0.05732190896814375,0.02423070117360496,0.06818482832677472,0.044977125700328274,0.0581344002987192,0.12498229232565793,0.03362122931499022,0.021277046959922705,0.0,0.0,0.0,0.0,0.0,0.0,0.34,0.0,0.33,0.0,0.0,0.0,0.0,0.0,0.0,0.0,0.0,0.33,0.0,0.0,soft,"{""ai_coding_innovations"": 0.333333, ""ai_copyright_theft"": 0.333333, ""ai_mass_surveillance"": 0.333334}","{""ai_coding_innovations"": 0.33, ""ai_copyright_theft"": 0.34, ""ai_mass_surveillance"": 0.33}"
user_0712,coding_copyright,Split: coding + copyright,100,0.026701099302243115,0.07573603773951162,0.036123274103394394,0.01349040000024338,0.028903610787473322,0.03380155515500881,0.08675204978819796,0.03521528584224026,0.0811101995849473,0.08058576573524373,0.03793241516282015,0.0638254473467215,0.06092636294514939,0.014368254199941711,0.07076413101698076,0.056557197345946816,0.06138934022086899,0.07439281968650893,0.03428042056556568,0.027144333470992318,0.0,0.0,0.0,0.0,0.0,0.0,0.53,0.0,0.37,0.0,0.0,0.0,0.0,0.0,0.0,0.0,0.0,0.1,0.0,0.0,soft,"{""ai_coding_innovations"": 0.45, ""ai_copyright_theft"": 0.45, ""ai_mass_surveillance"": 0.1}","{""ai_coding_innovations"": 0.37, ""ai_copyright_theft"": 0.53, ""ai_mass_surveillance"": 0.1}"
user_0713,coding_surveillance,Split: coding + surveillance,100,0.056814846644149694,0.09150316863198225,0.01615907246251394,0.032727145316740223,0.01877604534916215,0.03534630061690672,0.03968157510136896,0.059243949575780386,0.09474732734174761,0.03474268711652777,0.015669891172216753,0.02937789941755238,0.06749655138134641,0.029729611941719677,0.0792648468985365,0.028006547718285278,0.066541058493372,0.15572293788829109,0.03607223981663393,0.012376297115166244,0.0,0.0,0.0,0.0,0.0,0.0,0.09,0.0,0.44,0.0,0.0,0.0,0.0,0.0,0.0,0.0,0.0,0.47,0.0,0.0,soft,"{""ai_coding_innovations"": 0.45, ""ai_copyright_theft"": 0.1, ""ai_mass_surveillance"": 0.45}","{""ai_coding_innovations"": 0.44, ""ai_copyright_theft"": 0.09, ""ai_mass_surveillance"": 0.47}"
user_0714,copyright_surveillance,Split: copyright + surveillance,100,0.055626101652489594,0.05306131376852136,0.03314536876228316,0.02914942853370134,0.027761283522678922,0.023165280448550325,0.078242108850073,0.05617400685391857,0.06353695880987591,0.07264760301078976,0.03346438273414877,0.05760505780763129,0.04077748257971221,0.028284578382749524,0.051649132504499436,0.053215107673241266,0.044160215820116304,0.14264408550489666,0.029865853791289344,0.025824648988833073,0.0,0.0,0.0,0.0,0.0,0.0,0.44,0.0,0.15,0.0,0.0,0.0,0.0,0.0,0.0,0.0,0.0,0.41,0.0,0.0,soft,"{""ai_coding_innovations"": 0.1, ""ai_copyright_theft"": 0.45, ""ai_mass_surveillance"": 0.45}","{""ai_coding_innovations"": 0.15, ""ai_copyright_theft"": 0.44, ""ai_mass_surveillance"": 0.41}"
user_0715,coding_heavy,Mostly AI coding innovations,100,0.02475343010485618,0.12797895629535902,0.014601895612806835,0.016215412948572053,0.017467386041017677,0.05077080136953656,0.03810689349144581,0.03664884794620184,0.12342489528468954,0.032716322350425445,0.015549244674856548,0.028215032177781013,0.09776572718752034,0.014555820026948668,0.10863409079470059,0.02448877009011167,0.09228960258340699,0.0830306072749354,0.04280562611519505,0.009980637629632652,0.0,0.0,0.0,0.0,0.0,0.0,0.09,0.0,0.77,0.0,0.0,0.0,0.0,0.0,0.0,0.0,0.0,0.14,0.0,0.0,soft,"{""ai_coding_innovations"": 0.8, ""ai_copyright_theft"": 0.1, ""ai_mass_surveillance"": 0.1}","{""ai_coding_innovations"": 0.77, ""ai_copyright_theft"": 0.09, ""ai_mass_surveillance"": 0.14}"
user_0716,copyright_heavy,Mostly AI copyright / theft concerns,100,0.03421066309843007,0.04445293681260221,0.046227449625914956,0.015663272703103928,0.034372278917710296,0.022901381100341303,0.10918883190860669,0.0392320761316748,0.055951129650572196,0.10276327404365322,0.04813151052870443,0.08025226152263897,0.03792723543701101,0.017418077979973884,0.04748248733781813,0.07186056874904827,0.04202381929367496,0.08548562917386793,0.029014131617684322,0.035440984366968534,0.0,0.0,0.0,0.0,0.0,0.0,0.73,0.0,0.12,0.0,0.0,0.0,0.0,0.0,0.0,0.0,0.0,0.15,0.0,0.0,soft,"{""ai_coding_innovations"": 0.1, ""ai_copyright_theft"": 0.8, ""ai_mass_surveillance"": 0.1}","{""ai_coding_innovations"": 0.12, ""ai_copyright_theft"": 0.73, ""ai_mass_surveillance"": 0.15}"
user_0717,surveillance_heavy,Mostly AI mass surveillance,100,0.08847849717172637,0.05889085093347413,0.01623601336679083,0.04928821342421039,0.01929414669477436,0.021206269137189877,0.03792652761163816,0.08175005769897965,0.06919185698116766,0.033488479381052774,0.014263415330543415,0.028103173331840016,0.039989308887616544,0.04479078919663975,0.05272036673842514,0.02930876912754308,0.0431121483585515,0.22840344550157415,0.029975765353469574,0.013581905772792804,0.0,0.0,0.0,0.0,0.0,0.0,0.06,0.0,0.14,0.0,0.0,0.0,0.0,0.0,0.0,0.0,0.0,0.8,0.0,0.0,soft,"{""ai_coding_innovations"": 0.1, ""ai_copyright_theft"": 0.1, ""ai_mass_surveillance"": 0.8}","{""ai_coding_innovations"": 0.14, ""ai_copyright_theft"": 0.06, ""ai_mass_surveillance"": 0.8}"
user_0718,balanced,Even across all topics,100,0.04692551634289735,0.0709186922110035,0.029313987471501875,0.02526170104827436,0.02559939753540197,0.029901648328409337,0.0700909999545355,0.05048875494398421,0.07777399085185839,0.06450169389714519,0.029871849640680136,0.05163543283852778,0.05455997565569961,0.0243433158334559,0.06536006459072219,0.047192681919244084,0.05581476634350459,0.12499411532573092,0.03298431747959348,0.022467097787829744,0.0,0.0,0.0,0.0,0.0,0.0,0.37,0.0,0.3,0.0,0.0,0.0,0.0,0.0,0.0,0.0,0.0,0.33,0.0,0.0,soft,"{""ai_coding_innovations"": 0.333333, ""ai_copyright_theft"": 0.333333, ""ai_mass_surveillance"": 0.333334}","{""ai_coding_innovations"": 0.3, ""ai_copyright_theft"": 0.37, ""ai_mass_surveillance"": 0.33}"
user_0719,coding_copyright,Split: coding + copyright,100,0.022858304377392346,0.08806678168754269,0.03252782869893237,0.012104450146357026,0.026940006513551593,0.038200877466287524,0.07883952901537601,0.0329535341792117,0.09100214557496875,0.07274688158616013,0.034358161841678815,0.05803201438364392,0.07012261726262561,0.012726051031673971,0.08002517766439088,0.05106776820227898,0.069142596185161,0.06775683899421528,0.0363786742086333,0.024149760979918312,0.0,0.0,0.0,0.0,0.0,0.0,0.46,0.0,0.47,0.0,0.0,0.0,0.0,0.0,0.0,0.0,0.0,0.07,0.0,0.0,soft,"{""ai_coding_innovations"": 0.45, ""ai_copyright_theft"": 0.45, ""ai_mass_surveillance"": 0.1}","{""ai_coding_innovations"": 0.47, ""ai_copyright_theft"": 0.46, ""ai_mass_surveillance"": 0.07}"
user_0720,coding_surveillance,Split: coding + surveillance,100,0.05443052709559394,0.08966785604216117,0.01799115885796265,0.03116029775207983,0.019711153604525355,0.03503590226083742,0.043978061027278206,0.05730850743614261,0.09319158219644134,0.03893256880656092,0.017695086427531766,0.03252230864791512,0.0665657168865277,0.028500329192905377,0.07816842651375414,0.030640824710642094,0.06578898995521017,0.1491303081962652,0.0358351500632469,0.013745244326418018,0.0,0.0,0.0,0.0,0.0,0.0,0.13,0.0,0.43,0.0,0.0,0.0,0.0,0.0,0.0,0.0,0.0,0.44,0.0,0.0,soft,"{""ai_coding_innovations"": 0.45, ""ai_copyright_theft"": 0.1, ""ai_mass_surveillance"": 0.45}","{""ai_coding_innovations"": 0.43, ""ai_copyright_theft"": 0.13, ""ai_mass_surveillance"": 0.44}"
user_0721,copyright_surveillance,Split: copyright + surveillance,100,0.06132286144360705,0.04771717569680304,0.032935079844056206,0.03216800693798413,0.027735702257861112,0.02078898219055835,0.0774185048974471,0.06025254264807917,0.05936355474164353,0.07192250880107048,0.03297727768126369,0.05700395710636789,0.03619464050698011,0.031005911420030303,0.04725085788994169,0.05311618486599787,0.04025187366760571,0.1558569318891188,0.02885390568213776,0.02586353983144594,0.0,0.0,0.0,0.0,0.0,0.0,0.43,0.0,0.1,0.0,0.0,0.0,0.0,0.0,0.0,0.0,0.0,0.47,0.0,0.0,soft,"{""ai_coding_innovations"": 0.1, ""ai_copyright_theft"": 0.45, ""ai_mass_surveillance"": 0.45}","{""ai_coding_innovations"": 0.1, ""ai_copyright_theft"": 0.43, ""ai_mass_surveillance"": 0.47}"
user_0722,coding_heavy,Mostly AI coding innovations,100,0.02046943178534622,0.13626373385578863,0.01293291095832123,0.014263326582641551,0.01651820270780124,0.05392490709731388,0.03458629389361935,0.033821054242297845,0.13002306170862038,0.029190129877199402,0.014007498517961165,0.0256364852474765,0.10419665150677343,0.012603957862276992,0.11501876288180327,0.02184681658293242,0.09773027218589862,0.07420759268536473,0.04425870598678101,0.00850020383378216,0.0,0.0,0.0,0.0,0.0,0.0,0.06,0.0,0.84,0.0,0.0,0.0,0.0,0.0,0.0,0.0,0.0,0.1,0.0,0.0,soft,"{""ai_coding_innovations"": 0.8, ""ai_copyright_theft"": 0.1, ""ai_mass_surveillance"": 0.1}","{""ai_coding_innovations"": 0.84, ""ai_copyright_theft"": 0.06, ""ai_mass_surveillance"": 0.1}"
user_0723,copyright_heavy,Mostly AI copyright / theft concerns,100,0.03195893222044659,0.041329800901158245,0.048552948003173724,0.014079979892009526,0.0355709064939176,0.02216282631996766,0.1145952275344006,0.03732629849416345,0.053354685311145206,0.1080466799008788,0.05066574656369728,0.08420920186149622,0.036075756504710926,0.0162263334511099,0.04544447904101827,0.0752333644810437,0.04049853943710824,0.07889694048186636,0.02856473791916504,0.03720661518752265,0.0,0.0,0.0,0.0,0.0,0.0,0.78,0.0,0.1,0.0,0.0,0.0,0.0,0.0,0.0,0.0,0.0,0.12,0.0,0.0,soft,"{""ai_coding_innovations"": 0.1, ""ai_copyright_theft"": 0.8, ""ai_mass_surveillance"": 0.1}","{""ai_coding_innovations"": 0.1, ""ai_copyright_theft"": 0.78, ""ai_mass_surveillance"": 0.12}"
user_0724,surveillance_heavy,Mostly AI mass surveillance,100,0.08344468073347026,0.057795872397077855,0.018913362194068136,0.046187408787757615,0.020637324563812603,0.021441785273660044,0.04429968006368732,0.07781984441545123,0.0681617650787965,0.039681194426734234,0.01729572428181773,0.03276692957557633,0.03996892877294181,0.04225714725911051,0.052410701792895406,0.033100285632979516,0.04315443391903763,0.21521030411747358,0.029926193736959948,0.015526432976691658,0.0,0.0,0.0,0.0,0.0,0.0,0.12,0.0,0.14,0.0,0.0,0.0,0.0,0.0,0.0,0.0,0.0,0.74,0.0,0.0,soft,"{""ai_coding_innovations"": 0.1, ""ai_copyright_theft"": 0.1, ""ai_mass_surveillance"": 0.8}","{""ai_coding_innovations"": 0.14, ""ai_copyright_theft"": 0.12, ""ai_mass_surveillance"": 0.74}"
user_0725,balanced,Even across all topics,100,0.04127219393472226,0.08417226663519205,0.02611757969432222,0.02285859489533774,0.02381999989698221,0.034807632442815796,0.06319295363251193,0.04688726768431974,0.08836327206854354,0.057633523929429636,0.026799325190285713,0.04658405418153434,0.064670081039099,0.021819027132728108,0.07545947750163988,0.042228572871083114,0.06435532881303009,0.11395647983871281,0.03527835119562345,0.019724017422086335,0.0,0.0,0.0,0.0,0.0,0.0,0.31,0.0,0.41,0.0,0.0,0.0,0.0,0.0,0.0,0.0,0.0,0.28,0.0,0.0,soft,"{""ai_coding_innovations"": 0.333333, ""ai_copyright_theft"": 0.333333, ""ai_mass_surveillance"": 0.333334}","{""ai_coding_innovations"": 0.41, ""ai_copyright_theft"": 0.31, ""ai_mass_surveillance"": 0.28}"
user_0726,coding_copyright,Split: coding + copyright,100,0.022901741760334694,0.09597621804001287,0.029121132003525757,0.012719922397703178,0.025135027610314022,0.040730563322702,0.07111787874072659,0.03343058271370786,0.09741802272342148,0.06515361740872529,0.030798532338399305,0.052379535025387086,0.07564988057329293,0.012923095368226965,0.08572631596075081,0.04600473634687459,0.07377481650217592,0.06993204989141932,0.03766075981551168,0.021445571456787774,0.0,0.0,0.0,0.0,0.0,0.0,0.39,0.0,0.53,0.0,0.0,0.0,0.0,0.0,0.0,0.0,0.0,0.08,0.0,0.0,soft,"{""ai_coding_innovations"": 0.45, ""ai_copyright_theft"": 0.45, ""ai_mass_surveillance"": 0.1}","{""ai_coding_innovations"": 0.53, ""ai_copyright_theft"": 0.39, ""ai_mass_surveillance"": 0.08}"
user_0727,coding_surveillance,Split: coding + surveillance,100,0.054297938425021675,0.09095567936378414,0.017497746876152586,0.03117674299851382,0.019447634283681268,0.035464058685141804,0.042868151327393536,0.05727884293401615,0.09423228139056201,0.03783904463936849,0.01718604564785391,0.03170977753942055,0.06748636132400906,0.028462790972955062,0.0791100144257716,0.029902305971003487,0.06656220127361505,0.14912636719624087,0.03604745400837913,0.013348560717115671,0.0,0.0,0.0,0.0,0.0,0.0,0.12,0.0,0.44,0.0,0.0,0.0,0.0,0.0,0.0,0.0,0.0,0.44,0.0,0.0,soft,"{""ai_coding_innovations"": 0.45, ""ai_copyright_theft"": 0.1, ""ai_mass_surveillance"": 0.45}","{""ai_coding_innovations"": 0.44, ""ai_copyright_theft"": 0.12, ""ai_mass_surveillance"": 0.44}"
user_0728,copyright_surveillance,Split: copyright + surveillance,100,0.06759341329995594,0.04513118069106324,0.03129174215766289,0.03573627660787704,0.026959219373182082,0.019229744091763402,0.07331288946971043,0.06492678498524163,0.057443231045381064,0.06797824708268611,0.030966706243810524,0.05400050148082595,0.0334564839949899,0.03407444167366532,0.04478736992367389,0.050908305161904546,0.037882906558490546,0.1712607531706424,0.02827482739933557,0.024784975588137633,0.0,0.0,0.0,0.0,0.0,0.0,0.39,0.0,0.07,0.0,0.0,0.0,0.0,0.0,0.0,0.0,0.0,0.54,0.0,0.0,soft,"{""ai_coding_innovations"": 0.1, ""ai_copyright_theft"": 0.45, ""ai_mass_surveillance"": 0.45}","{""ai_coding_innovations"": 0.07, ""ai_copyright_theft"": 0.39, ""ai_mass_surveillance"": 0.54}"
user_0729,coding_heavy,Mostly AI coding innovations,100,0.0247099927219138,0.12006951994288892,0.01800859230821346,0.015599940697225907,0.019272364944255247,0.04824111551312209,0.04582854376609527,0.036171799411705716,0.11700901813623682,0.04030958652786028,0.01910887417813604,0.03386751153603787,0.09223846387685308,0.014358775690395682,0.10293295249834063,0.02955180194551601,0.08765738226639205,0.08085539637773144,0.041523540508316685,0.012684827152763195,0.0,0.0,0.0,0.0,0.0,0.0,0.16,0.0,0.71,0.0,0.0,0.0,0.0,0.0,0.0,0.0,0.0,0.13,0.0,0.0,soft,"{""ai_coding_innovations"": 0.8, ""ai_copyright_theft"": 0.1, ""ai_mass_surveillance"": 0.1}","{""ai_coding_innovations"": 0.71, ""ai_copyright_theft"": 0.16, ""ai_mass_surveillance"": 0.13}"
user_0730,copyright_heavy,Mostly AI copyright / theft concerns,100,0.03487360645129145,0.03801382020448764,0.04869450953496528,0.015581046470933916,0.03568987552193074,0.020760598978819503,0.11473838040802997,0.03938039864230696,0.050747633679968644,0.10823089487961537,0.05067671442709367,0.08431491706511182,0.03332401324960421,0.01760576907972545,0.04277454777773065,0.0755531624472413,0.0381577627016505,0.08550533417398963,0.027952611892023107,0.03742440241348025,0.0,0.0,0.0,0.0,0.0,0.0,0.78,0.0,0.07,0.0,0.0,0.0,0.0,0.0,0.0,0.0,0.0,0.15,0.0,0.0,soft,"{""ai_coding_innovations"": 0.1, ""ai_copyright_theft"": 0.8, ""ai_mass_surveillance"": 0.1}","{""ai_coding_innovations"": 0.07, ""ai_copyright_theft"": 0.78, ""ai_mass_surveillance"": 0.15}"
user_0731,surveillance_heavy,Mostly AI mass surveillance,100,0.09081937933733976,0.05281672717082491,0.017810623666748734,0.05023958873752462,0.0201640173426487,0.018986981636844667,0.04135169196037836,0.08320845130412129,0.06433172497802113,0.03689186186845444,0.01579784957850788,0.03061124345973413,0.03539288007176796,0.04582302760890105,0.04811564882684759,0.03173752399059062,0.0392319965796983,0.23282086429639595,0.02893076949997824,0.014917148084671561,0.0,0.0,0.0,0.0,0.0,0.0,0.09,0.0,0.09,0.0,0.0,0.0,0.0,0.0,0.0,0.0,0.0,0.82,0.0,0.0,soft,"{""ai_coding_innovations"": 0.1, ""ai_copyright_theft"": 0.1, ""ai_mass_surveillance"": 0.8}","{""ai_coding_innovations"": 0.09, ""ai_copyright_theft"": 0.09, ""ai_mass_surveillance"": 0.82}"
user_0732,balanced,Even across all topics,100,0.046882078959955,0.06300925585853326,0.03272068416690851,0.024646228796928196,0.02740437643863953,0.027371962471994842,0.07781265022918486,0.050011706409488065,0.0713581137034056,0.07209495807458005,0.03343147914395962,0.05728791219678455,0.04903271234503235,0.0241462714969029,0.059658926294362286,0.05225571377464845,0.05118254602648956,0.12281890442852694,0.031702231872715106,0.025171287310960282,0.0,0.0,0.0,0.0,0.0,0.0,0.44,0.0,0.24,0.0,0.0,0.0,0.0,0.0,0.0,0.0,0.0,0.32,0.0,0.0,soft,"{""ai_coding_innovations"": 0.333333, ""ai_copyright_theft"": 0.333333, ""ai_mass_surveillance"": 0.333334}","{""ai_coding_innovations"": 0.24, ""ai_copyright_theft"": 0.44, ""ai_mass_surveillance"": 0.32}"
user_0733,coding_copyright,Split: coding + copyright,100,0.023697273783768343,0.08824927811027539,0.03208160389438615,0.01262125091909915,0.026716143535378534,0.038161624776875826,0.07777733694003448,0.033608569726466433,0.09117382755869724,0.07171476241187988,0.033852777016466405,0.057254721676354516,0.07012601394840474,0.013148324687928837,0.0800767884886458,0.05043584878470622,0.06913554859174657,0.06995569589156533,0.03638693614471821,0.023825673112601826,0.0,0.0,0.0,0.0,0.0,0.0,0.45,0.0,0.47,0.0,0.0,0.0,0.0,0.0,0.0,0.0,0.0,0.08,0.0,0.0,soft,"{""ai_coding_innovations"": 0.45, ""ai_copyright_theft"": 0.45, ""ai_mass_surveillance"": 0.1}","{""ai_coding_innovations"": 0.47, ""ai_copyright_theft"": 0.45, ""ai_mass_surveillance"": 0.08}"
user_0734,coding_surveillance,Split: coding + surveillance,100,0.05663882059063508,0.08488155560113496,0.019072357176110492,0.03212811831182807,0.020317504931555624,0.03324477118479659,0.04629331567613378,0.058737236539157814,0.08937214938741557,0.04124242712677017,0.018720479895818386,0.03421784766731467,0.06288993250816048,0.02949502938521637,0.07450529651419409,0.032331060834051024,0.06268204949476187,0.15354378599106275,0.035002458154887804,0.014683803028994434,0.0,0.0,0.0,0.0,0.0,0.0,0.15,0.0,0.39,0.0,0.0,0.0,0.0,0.0,0.0,0.0,0.0,0.46,0.0,0.0,soft,"{""ai_coding_innovations"": 0.45, ""ai_copyright_theft"": 0.1, ""ai_mass_surveillance"": 0.45}","{""ai_coding_innovations"": 0.39, ""ai_copyright_theft"": 0.15, ""ai_mass_surveillance"": 0.46}"
user_0735,copyright_surveillance,Split: copyright + surveillance,100,0.06269218553227214,0.04274837883304408,0.034462502966750255,0.03261902672499025,0.02856591656306443,0.019037103803929208,0.08079595162164424,0.061026236203839644,0.055372439948889206,0.07526448629556,0.03450805597476272,0.05947678883305681,0.03251545944283381,0.03157833795608642,0.04353611706612665,0.055438340406979585,0.03715198080057181,0.1580715527865663,0.028012951837693725,0.02712618640133885,0.0,0.0,0.0,0.0,0.0,0.0,0.46,0.0,0.06,0.0,0.0,0.0,0.0,0.0,0.0,0.0,0.0,0.48,0.0,0.0,soft,"{""ai_coding_innovations"": 0.1, ""ai_copyright_theft"": 0.45, ""ai_mass_surveillance"": 0.45}","{""ai_coding_innovations"": 0.06, ""ai_copyright_theft"": 0.46, ""ai_mass_surveillance"": 0.48}"
user_0736,coding_heavy,Mostly AI coding innovations,100,0.019763051049542495,0.13479341411143303,0.013872547744677506,0.013730080563465422,0.017005585006818372,0.05353600336242121,0.03675839566884554,0.03319568319716955,0.1288106805307711,0.03131577321867208,0.015021924122851402,0.027226309063260457,0.10327261038351294,0.01221922242597244,0.11402556414553079,0.02321725474014374,0.09696410846090811,0.07201267678803899,0.04403814010556385,0.009220975310400977,0.0,0.0,0.0,0.0,0.0,0.0,0.08,0.0,0.83,0.0,0.0,0.0,0.0,0.0,0.0,0.0,0.0,0.09,0.0,0.0,soft,"{""ai_coding_innovations"": 0.8, ""ai_copyright_theft"": 0.1, ""ai_mass_surveillance"": 0.1}","{""ai_coding_innovations"": 0.83, ""ai_copyright_theft"": 0.08, ""ai_mass_surveillance"": 0.09}"
user_0737,copyright_heavy,Mostly AI copyright / theft concerns,100,0.02648391238753129,0.036188855977160574,0.053156757580427434,0.010413038743512631,0.03792850530366116,0.021153125872936458,0.12536030116144528,0.0328300431697596,0.04903081384268342,0.11855208662241772,0.055730562679217534,0.0920878441380056,0.033290046391813016,0.01338303251717675,0.04225843953518111,0.08187235662296868,0.03822823863579408,0.06351676520048893,0.02786999253117377,0.040665281086645036,0.0,0.0,0.0,0.0,0.0,0.0,0.88,0.0,0.07,0.0,0.0,0.0,0.0,0.0,0.0,0.0,0.0,0.05,0.0,0.0,soft,"{""ai_coding_innovations"": 0.1, ""ai_copyright_theft"": 0.8, ""ai_mass_surveillance"": 0.1}","{""ai_coding_innovations"": 0.07, ""ai_copyright_theft"": 0.88, ""ai_mass_surveillance"": 0.05}"
user_0738,surveillance_heavy,Mostly AI mass surveillance,100,0.0818993305912905,0.05614305622998953,0.02029922378497063,0.04513736199583935,0.021348569841002783,0.02109213422817907,0.04753397391425504,0.0765394378230682,0.06677770191721874,0.042838956942487134,0.01881553471192036,0.03513404609864967,0.039041490963902206,0.04145013816655109,0.05136589223236802,0.03510264320776359,0.042395317787461445,0.21081653132279776,0.029697365919657846,0.016571292320626957,0.0,0.0,0.0,0.0,0.0,0.0,0.15,0.0,0.13,0.0,0.0,0.0,0.0,0.0,0.0,0.0,0.0,0.72,0.0,0.0,soft,"{""ai_coding_innovations"": 0.1, ""ai_copyright_theft"": 0.1, ""ai_mass_surveillance"": 0.8}","{""ai_coding_innovations"": 0.13, ""ai_copyright_theft"": 0.15, ""ai_mass_surveillance"": 0.72}"
user_0739,balanced,Even across all topics,100,0.047499308408128826,0.07367683527698203,0.027880938703335537,0.025811392313884483,0.024848495915540746,0.030718708487606345,0.06680898847942461,0.05108446148698607,0.08002707122382831,0.06128252638848009,0.028348383256112032,0.04923307791424921,0.056404661216441464,0.02469051304981013,0.06729485123901216,0.045083725022394126,0.05735414138689997,0.12718509022303234,0.033417187305942904,0.02134964270190857,0.0,0.0,0.0,0.0,0.0,0.0,0.34,0.0,0.32,0.0,0.0,0.0,0.0,0.0,0.0,0.0,0.0,0.34,0.0,0.0,soft,"{""ai_coding_innovations"": 0.333333, ""ai_copyright_theft"": 0.333333, ""ai_mass_surveillance"": 0.333334}","{""ai_coding_innovations"": 0.32, ""ai_copyright_theft"": 0.34, ""ai_mass_surveillance"": 0.34}"
user_0740,coding_copyright,Split: coding + copyright,100,0.026038155949381737,0.08217515434762619,0.033656214194344065,0.013572626232413386,0.027586014183252884,0.035942337276530616,0.08120250128877467,0.035066963331608095,0.08631369555555081,0.07511814489928156,0.035387211264430875,0.059762791804248636,0.06552958513255619,0.014180563100190145,0.07547207057706826,0.05286460364775377,0.06525539681289341,0.07437311468638722,0.03534194029122689,0.025160915424480595,0.0,0.0,0.0,0.0,0.0,0.0,0.48,0.0,0.42,0.0,0.0,0.0,0.0,0.0,0.0,0.0,0.0,0.1,0.0,0.0,soft,"{""ai_coding_innovations"": 0.45, ""ai_copyright_theft"": 0.45, ""ai_mass_surveillance"": 0.1}","{""ai_coding_innovations"": 0.42, ""ai_copyright_theft"": 0.48, ""ai_mass_surveillance"": 0.1}"
user_0741,coding_surveillance,Split: coding + surveillance,100,0.04877720468741884,0.10292143046634973,0.014794751080782986,0.028757191599143205,0.017931755966105623,0.03994188637524388,0.03708001470525466,0.05370702017647816,0.10378086341312649,0.03206439883884537,0.014622561977137375,0.027470929990921676,0.07667582226992707,0.0259760404921776,0.08826783942467191,0.02567671566248113,0.07432955242473571,0.13809267270924708,0.03812918377927688,0.011002163960674629,0.0,0.0,0.0,0.0,0.0,0.0,0.07,0.0,0.54,0.0,0.0,0.0,0.0,0.0,0.0,0.0,0.0,0.39,0.0,0.0,soft,"{""ai_coding_innovations"": 0.45, ""ai_copyright_theft"": 0.1, ""ai_mass_surveillance"": 0.45}","{""ai_coding_innovations"": 0.54, ""ai_copyright_theft"": 0.07, ""ai_mass_surveillance"": 0.39}"
user_0742,copyright_surveillance,Split: copyright + surveillance,100,0.07081670225488773,0.047148989703617,0.029013430957667972,0.03781992494527957,0.02580024813964582,0.019500889758420986,0.06795421146845966,0.06751726267213413,0.059170658174415865,0.06275624621837271,0.02843612616328309,0.05007879954317388,0.03439071517558771,0.035725998078734486,0.045935401132711204,0.04764210875197497,0.038627927503238,0.18005223976001838,0.02852017908880757,0.023091940509569364,0.0,0.0,0.0,0.0,0.0,0.0,0.34,0.0,0.08,0.0,0.0,0.0,0.0,0.0,0.0,0.0,0.0,0.58,0.0,0.0,soft,"{""ai_coding_innovations"": 0.1, ""ai_copyright_theft"": 0.45, ""ai_mass_surveillance"": 0.45}","{""ai_coding_innovations"": 0.08, ""ai_copyright_theft"": 0.34, ""ai_mass_surveillance"": 0.58}"
user_0743,coding_heavy,Mostly AI coding innovations,100,0.019056670313738748,0.13332309436707737,0.014812184531033794,0.013196834544289285,0.017492967305835497,0.05314709962752853,0.03893049744407171,0.03257031215204123,0.12759829935292188,0.03344141656014474,0.016036349727741633,0.02881613287904443,0.10234856926025246,0.01183448698966788,0.11303236540925835,0.024587692897355077,0.09619794473591756,0.06981776089071326,0.043817574224346664,0.009941746787019798,0.0,0.0,0.0,0.0,0.0,0.0,0.1,0.0,0.82,0.0,0.0,0.0,0.0,0.0,0.0,0.0,0.0,0.08,0.0,0.0,soft,"{""ai_coding_innovations"": 0.8, ""ai_copyright_theft"": 0.1, ""ai_mass_surveillance"": 0.1}","{""ai_coding_innovations"": 0.82, ""ai_copyright_theft"": 0.1, ""ai_mass_surveillance"": 0.08}"
user_0744,copyright_heavy,Mostly AI copyright / theft concerns,100,0.02692511578219049,0.040234822364762016,0.051230296830451,0.010979175255556759,0.036914084362955846,0.022398342456437813,0.12096837998644976,0.03339608521063502,0.052324593408774066,0.11423939494656019,0.05369805551497159,0.08887295810523248,0.03605537639003621,0.013692691513580678,0.04513481409548855,0.07902488098648011,0.04054082499759438,0.06570379909776596,0.028515166302655427,0.039151142391421506,0.0,0.0,0.0,0.0,0.0,0.0,0.84,0.0,0.1,0.0,0.0,0.0,0.0,0.0,0.0,0.0,0.0,0.06,0.0,0.0,soft,"{""ai_coding_innovations"": 0.1, ""ai_copyright_theft"": 0.8, ""ai_mass_surveillance"": 0.1}","{""ai_coding_innovations"": 0.1, ""ai_copyright_theft"": 0.84, ""ai_mass_surveillance"": 0.06}"
user_0745,surveillance_heavy,Mostly AI mass surveillance,100,0.08609417762317055,0.057055538343653074,0.018068099762239546,0.04772136585955,0.02022925495013756,0.020895870781120585,0.042223013537547364,0.07981461555934188,0.06763611183586135,0.03767836107108592,0.01628861058585842,0.031247582562202742,0.03905847439279784,0.04356150644782544,0.051623946353642786,0.0319430461198999,0.042360079820389675,0.22181081580954817,0.02973867560008252,0.014950852984044574,0.0,0.0,0.0,0.0,0.0,0.0,0.1,0.0,0.13,0.0,0.0,0.0,0.0,0.0,0.0,0.0,0.0,0.77,0.0,0.0,soft,"{""ai_coding_innovations"": 0.1, ""ai_copyright_theft"": 0.1, ""ai_mass_surveillance"": 0.8}","{""ai_coding_innovations"": 0.13, ""ai_copyright_theft"": 0.1, ""ai_mass_surveillance"": 0.77}"
user_0746,balanced,Even across all topics,100,0.04272839278927211,0.09502234247637346,0.020831609426203046,0.02454055918503615,0.02104025639571038,0.03811512576901561,0.05112709980741014,0.048615058309072465,0.09720391157269477,0.04578897306904945,0.021210844477225734,0.03775192719170964,0.07204542659628727,0.02278554234189021,0.08314701327054473,0.03442466470125605,0.07051987658002612,0.12052152253056823,0.037001568564936194,0.01557828494571816,0.0,0.0,0.0,0.0,0.0,0.0,0.2,0.0,0.49,0.0,0.0,0.0,0.0,0.0,0.0,0.0,0.0,0.31,0.0,0.0,soft,"{""ai_coding_innovations"": 0.333333, ""ai_copyright_theft"": 0.333333, ""ai_mass_surveillance"": 0.333334}","{""ai_coding_innovations"": 0.49, ""ai_copyright_theft"": 0.2, ""ai_mass_surveillance"": 0.31}"
user_0747,coding_copyright,Split: coding + copyright,100,0.023342945154993872,0.10002218442761433,0.027194671253549327,0.013286058909747317,0.024120606669608705,0.04197577990620338,0.0667259575657311,0.03399662475458327,0.10071180228951213,0.06084092573286773,0.028766025174153356,0.04916464899261395,0.07841521057151608,0.01323275436463089,0.08860269052105825,0.043157260710386044,0.07608740286397622,0.0721190837886963,0.03830593358699333,0.01993143276156425,0.0,0.0,0.0,0.0,0.0,0.0,0.35,0.0,0.56,0.0,0.0,0.0,0.0,0.0,0.0,0.0,0.0,0.09,0.0,0.0,soft,"{""ai_coding_innovations"": 0.45, ""ai_copyright_theft"": 0.45, ""ai_mass_surveillance"": 0.1}","{""ai_coding_innovations"": 0.56, ""ai_copyright_theft"": 0.35, ""ai_mass_surveillance"": 0.09}"
user_0748,coding_surveillance,Split: coding + surveillance,100,0.051515852864749086,0.09298383673883182,0.0178495973261711,0.029659231173155453,0.019592184576512236,0.03643812960198561,0.04383490815364885,0.055254407287999116,0.0957986338276179,0.038748353827824336,0.017684118564135386,0.03241659344429956,0.06931746014163441,0.027120893564289848,0.0808383577770418,0.030321026744444493,0.0681297666906679,0.14252191450414198,0.036447276090388815,0.013527457100460421,0.0,0.0,0.0,0.0,0.0,0.0,0.13,0.0,0.46,0.0,0.0,0.0,0.0,0.0,0.0,0.0,0.0,0.41,0.0,0.0,soft,"{""ai_coding_innovations"": 0.45, ""ai_copyright_theft"": 0.1, ""ai_mass_surveillance"": 0.45}","{""ai_coding_innovations"": 0.46, ""ai_copyright_theft"": 0.13, ""ai_mass_surveillance"": 0.41}"
user_0749,copyright_surveillance,Split: copyright + surveillance,100,0.061412012731236934,0.038519916022709884,0.03683518852127288,0.03153608944020396,0.02980420048194277,0.01783113990983951,0.08625006487198121,0.05980515861570947,0.05190697839907001,0.08060929714569777,0.037045947964221046,0.06346896757311928,0.029746732758831454,0.03084640530342762,0.04060813168156426,0.05891773546104086,0.03484644203218585,0.15368566199193914,0.02735951613012711,0.02896441296387884,0.0,0.0,0.0,0.0,0.0,0.0,0.51,0.0,0.03,0.0,0.0,0.0,0.0,0.0,0.0,0.0,0.0,0.46,0.0,0.0,soft,"{""ai_coding_innovations"": 0.1, ""ai_copyright_theft"": 0.45, ""ai_mass_surveillance"": 0.45}","{""ai_coding_innovations"": 0.03, ""ai_copyright_theft"": 0.51, ""ai_mass_surveillance"": 0.46}"
user_0750,coding_heavy,Mostly AI coding innovations,100,0.02183875587401132,0.1312949369920297,0.014460334081015281,0.014714346369647672,0.017348417013004547,0.05217302871068473,0.03796374061781644,0.03459474779805832,0.12603194691586606,0.032532107371688865,0.01553827681146017,0.028109316974165438,0.10051747044262709,0.01317638439833312,0.1113040220579882,0.024168972123914067,0.09463037931886474,0.07642221358281216,0.04341775214233699,0.009762850403675053,0.0,0.0,0.0,0.0,0.0,0.0,0.09,0.0,0.8,0.0,0.0,0.0,0.0,0.0,0.0,0.0,0.0,0.11,0.0,0.0,soft,"{""ai_coding_innovations"": 0.8, ""ai_copyright_theft"": 0.1, ""ai_mass_surveillance"": 0.1}","{""ai_coding_innovations"": 0.8, ""ai_copyright_theft"": 0.09, ""ai_mass_surveillance"": 0.11}"
user_0751,copyright_heavy,Mostly AI copyright / theft concerns,100,0.029176846660173974,0.04335795827620597,0.048904798453192254,0.012562468066651164,0.035715456786748555,0.023136897236811473,0.11556198436065586,0.03530186284814636,0.05492103774820104,0.10895598908933467,0.05116381947997876,0.08491601776637522,0.03790685532233627,0.014884436042444665,0.0471728223922884,0.0756520852544847,0.04206610485416109,0.07229248778976742,0.028964560001174703,0.0373855115708674,0.0,0.0,0.0,0.0,0.0,0.0,0.79,0.0,0.12,0.0,0.0,0.0,0.0,0.0,0.0,0.0,0.0,0.09,0.0,0.0,soft,"{""ai_coding_innovations"": 0.1, ""ai_copyright_theft"": 0.8, ""ai_mass_surveillance"": 0.1}","{""ai_coding_innovations"": 0.12, ""ai_copyright_theft"": 0.79, ""ai_mass_surveillance"": 0.09}"
user_0752,surveillance_heavy,Mostly AI mass surveillance,100,0.08203191926186278,0.054855232908366594,0.0207926357667807,0.04512091674940536,0.02161208916184687,0.02066397780387471,0.04864388361413972,0.07656910232519465,0.06573700272309804,0.04393248110967958,0.019324575491598207,0.03594657720714426,0.03812084652642085,0.0414876763865014,0.05042430432035054,0.03584116194740221,0.04162210646905655,0.21082047232282214,0.029485061974525606,0.0169679759299293,0.0,0.0,0.0,0.0,0.0,0.0,0.16,0.0,0.12,0.0,0.0,0.0,0.0,0.0,0.0,0.0,0.0,0.72,0.0,0.0,soft,"{""ai_coding_innovations"": 0.1, ""ai_copyright_theft"": 0.1, ""ai_mass_surveillance"": 0.8}","{""ai_coding_innovations"": 0.12, ""ai_copyright_theft"": 0.16, ""ai_mass_surveillance"": 0.72}"
user_0753,balanced,Even across all topics,100,0.05266571351695719,0.07348399049175534,0.025697001857868308,0.028895751703903263,0.02376883736734657,0.030055035926831817,0.06154574572726013,0.05504433927264088,0.08001646393207874,0.05618333550999106,0.025825115084515526,0.04538185277900751,0.05550439689363484,0.027261693207289654,0.06666292827252436,0.0420307272565963,0.0565386445080089,0.14038217260715705,0.03325445497732026,0.019801799107312036,0.0,0.0,0.0,0.0,0.0,0.0,0.29,0.0,0.31,0.0,0.0,0.0,0.0,0.0,0.0,0.0,0.0,0.4,0.0,0.0,soft,"{""ai_coding_innovations"": 0.333333, ""ai_copyright_theft"": 0.333333, ""ai_mass_surveillance"": 0.333334}","{""ai_coding_innovations"": 0.31, ""ai_copyright_theft"": 0.29, ""ai_mass_surveillance"": 0.4}"
user_0754,coding_copyright,Split: coding + copyright,100,0.021754157629871755,0.09045993190805576,0.03198722953985845,0.011620539866482909,0.026636830850036444,0.03909644300430793,0.07768190169094821,0.03223916962770409,0.09291186197948163,0.07159195242605548,0.03384546510753548,0.05718424487394413,0.07196050945180922,0.012228700935518474,0.08185674266417092,0.05022265014057447,0.07069606641538506,0.0655501000968165,0.03679502016281283,0.0236804816286301,0.0,0.0,0.0,0.0,0.0,0.0,0.45,0.0,0.49,0.0,0.0,0.0,0.0,0.0,0.0,0.0,0.0,0.06,0.0,0.0,soft,"{""ai_coding_innovations"": 0.45, ""ai_copyright_theft"": 0.45, ""ai_mass_surveillance"": 0.1}","{""ai_coding_innovations"": 0.49, ""ai_copyright_theft"": 0.45, ""ai_mass_surveillance"": 0.06}"
user_0755,coding_surveillance,Split: coding + surveillance,100,0.06569145800725656,0.08026740322034749,0.017077169039698664,0.03721389980707936,0.019396471754045637,0.03071146216915783,0.04122094342214177,0.06543591452233731,0.08588547325409727,0.03638885621992992,0.016211835542083747,0.030507576136893717,0.05832067717854489,0.03390545704751662,0.07031346519665617,0.029704460356516672,0.058745516968593876,0.17555205996468523,0.03402355779007595,0.013426342402341385,0.0,0.0,0.0,0.0,0.0,0.0,0.1,0.0,0.34,0.0,0.0,0.0,0.0,0.0,0.0,0.0,0.0,0.56,0.0,0.0,soft,"{""ai_coding_innovations"": 0.45, ""ai_copyright_theft"": 0.1, ""ai_mass_surveillance"": 0.45}","{""ai_coding_innovations"": 0.34, ""ai_copyright_theft"": 0.1, ""ai_mass_surveillance"": 0.56}"
user_0756,copyright_surveillance,Split: copyright + surveillance,100,0.054876283533743485,0.04368155767169556,0.03749170224404606,0.028000710263179067,0.030053644724933624,0.02024669085724319,0.08813586089994863,0.05507158727429417,0.05590870048357391,0.08236651052969726,0.038038437842318515,0.0648473609816721,0.03432617814578445,0.027702798609891978,0.04495479547186703,0.05964857768585698,0.038761831778110795,0.13827395871036696,0.028363202303193794,0.029249609988582448,0.0,0.0,0.0,0.0,0.0,0.0,0.53,0.0,0.08,0.0,0.0,0.0,0.0,0.0,0.0,0.0,0.0,0.39,0.0,0.0,soft,"{""ai_coding_innovations"": 0.1, ""ai_copyright_theft"": 0.45, ""ai_mass_surveillance"": 0.45}","{""ai_coding_innovations"": 0.08, ""ai_copyright_theft"": 0.53, ""ai_mass_surveillance"": 0.39}"
user_0757,coding_heavy,Mostly AI coding innovations,100,0.02086719779706305,0.13240026389091994,0.014413146903751431,0.014213990843339545,0.017308760670333503,0.05264043782440081,0.037916022993273325,0.033910047748677154,0.1269009641262583,0.0324707023787767,0.015534620856994712,0.028074078572960223,0.10143471819432938,0.012716572522127937,0.11219399914575073,0.024062372801848215,0.09541063823068399,0.07421941568543777,0.0436217941513843,0.009690254661689192,0.0,0.0,0.0,0.0,0.0,0.0,0.09,0.0,0.81,0.0,0.0,0.0,0.0,0.0,0.0,0.0,0.0,0.1,0.0,0.0,soft,"{""ai_coding_innovations"": 0.8, ""ai_copyright_theft"": 0.1, ""ai_mass_surveillance"": 0.1}","{""ai_coding_innovations"": 0.81, ""ai_copyright_theft"": 0.09, ""ai_mass_surveillance"": 0.1}"
user_0758,copyright_heavy,Mostly AI copyright / theft concerns,100,0.02944202400131853,0.040782311632960144,0.04989162241681237,0.01252957757378315,0.036242495428436716,0.022280584388202743,0.11778180376042517,0.03536119185239924,0.052839639359959625,0.11114303742371952,0.05218190103933444,0.08654107998336437,0.03606556644737356,0.01495951248234529,0.04528964656825341,0.07712912273376192,0.04051968221735131,0.07230036978981619,0.02853995211091023,0.03817887878947208,0.0,0.0,0.0,0.0,0.0,0.0,0.81,0.0,0.1,0.0,0.0,0.0,0.0,0.0,0.0,0.0,0.0,0.09,0.0,0.0,soft,"{""ai_coding_innovations"": 0.1, ""ai_copyright_theft"": 0.8, ""ai_mass_surveillance"": 0.1}","{""ai_coding_innovations"": 0.1, ""ai_copyright_theft"": 0.81, ""ai_mass_surveillance"": 0.09}"
user_0759,surveillance_heavy,Mostly AI mass surveillance,100,0.08591815156965596,0.050433925312805786,0.020981384475836095,0.04712233885463785,0.02177071453253105,0.018794341349010476,0.048834754112312216,0.07930790252271931,0.06226093388152929,0.04417810108132833,0.01933919930946005,0.03608753081196501,0.03445185551961189,0.04332692389132214,0.046864395969300365,0.036267559235665665,0.03850107082177956,0.21963166391231984,0.028668893938336375,0.017258358897872764,0.0,0.0,0.0,0.0,0.0,0.0,0.16,0.0,0.08,0.0,0.0,0.0,0.0,0.0,0.0,0.0,0.0,0.76,0.0,0.0,soft,"{""ai_coding_innovations"": 0.1, ""ai_copyright_theft"": 0.1, ""ai_mass_surveillance"": 0.8}","{""ai_coding_innovations"": 0.08, ""ai_copyright_theft"": 0.16, ""ai_mass_surveillance"": 0.76}"
user_0760,balanced,Even across all topics,100,0.04710154239641199,0.0775403052418508,0.02640070275790533,0.025860728053186493,0.024057937953008483,0.03200317776051945,0.0634792593797707,0.05099546798060676,0.08314916880619044,0.058001953886902796,0.02682126091707848,0.0467954845887655,0.05916659452888556,0.024577898389959198,0.07011961497506464,0.04286816880347832,0.059673775342114634,0.12717326722295927,0.03405409914133962,0.020159591874001535,0.0,0.0,0.0,0.0,0.0,0.0,0.31,0.0,0.35,0.0,0.0,0.0,0.0,0.0,0.0,0.0,0.0,0.34,0.0,0.0,soft,"{""ai_coding_innovations"": 0.333333, ""ai_copyright_theft"": 0.333333, ""ai_mass_surveillance"": 0.333334}","{""ai_coding_innovations"": 0.35, ""ai_copyright_theft"": 0.31, ""ai_mass_surveillance"": 0.34}"
user_0761,coding_copyright,Split: coding + copyright,100,0.024934009201861167,0.08456830456813932,0.033115615035270135,0.01308871595253927,0.027282838519737757,0.03683790281455103,0.08004487396434687,0.034352598780100475,0.0882234119600637,0.07396321573917694,0.034874514530287566,0.058915022294548855,0.06736747732173975,0.013683213004034644,0.07730363557684827,0.052019485586049304,0.06680886704311757,0.07216637578898845,0.035758286245406425,0.024691636073192386,0.0,0.0,0.0,0.0,0.0,0.0,0.47,0.0,0.44,0.0,0.0,0.0,0.0,0.0,0.0,0.0,0.0,0.09,0.0,0.0,soft,"{""ai_coding_innovations"": 0.45, ""ai_copyright_theft"": 0.45, ""ai_mass_surveillance"": 0.1}","{""ai_coding_innovations"": 0.44, ""ai_copyright_theft"": 0.47, ""ai_mass_surveillance"": 0.09}"
user_0762,coding_surveillance,Split: coding + surveillance,100,0.0537241463597902,0.08819753629780559,0.01893079564431894,0.030627051732903685,0.02019853590354248,0.03464699852594475,0.04615016280250437,0.056683136391014306,0.09197920101859208,0.04105821214803359,0.018709512032422,0.03411213246369908,0.06564167576326721,0.028115593756600825,0.07717522777748172,0.03201126286785343,0.06502282623021963,0.14693539229893948,0.035614584182029715,0.014466015803036839,0.0,0.0,0.0,0.0,0.0,0.0,0.15,0.0,0.42,0.0,0.0,0.0,0.0,0.0,0.0,0.0,0.0,0.43,0.0,0.0,soft,"{""ai_coding_innovations"": 0.45, ""ai_copyright_theft"": 0.1, ""ai_mass_surveillance"": 0.45}","{""ai_coding_innovations"": 0.42, ""ai_copyright_theft"": 0.15, ""ai_mass_surveillance"": 0.43}"
user_0763,copyright_surveillance,Split: copyright + surveillance,100,0.06088165804894784,0.04367120930920158,0.03486154059403262,0.03160187042593998,0.02875012319856642,0.019543765607056958,0.08181042607244261,0.05968650060720373,0.056069775175552866,0.07623520047692803,0.03500978484550964,0.06021884313914099,0.033429310508756915,0.030696252423626374,0.044374483329634236,0.05596366050248643,0.03793928730580541,0.15366989799184175,0.028208731910656093,0.02737767852666945,0.0,0.0,0.0,0.0,0.0,0.0,0.47,0.0,0.07,0.0,0.0,0.0,0.0,0.0,0.0,0.0,0.0,0.46,0.0,0.0,soft,"{""ai_coding_innovations"": 0.1, ""ai_copyright_theft"": 0.45, ""ai_mass_surveillance"": 0.45}","{""ai_coding_innovations"": 0.07, ""ai_copyright_theft"": 0.47, ""ai_mass_surveillance"": 0.46}"
user_0764,coding_heavy,Mostly AI coding innovations,100,0.019100107696681117,0.1412325307195476,0.011405487835627174,0.013812306795635438,0.01568798840259794,0.05567678548394302,0.031208847169422273,0.033047360686537366,0.13401417650137462,0.025848152382709922,0.012476720224462156,0.02316365352078757,0.10787583257091975,0.01203153132622087,0.11873350370561832,0.019524661041950744,0.1008301650529325,0.07199297178791726,0.04509965983122506,0.007237557263889259,0.0,0.0,0.0,0.0,0.0,0.0,0.03,0.0,0.88,0.0,0.0,0.0,0.0,0.0,0.0,0.0,0.0,0.09,0.0,0.0,soft,"{""ai_coding_innovations"": 0.8, ""ai_copyright_theft"": 0.1, ""ai_mass_surveillance"": 0.1}","{""ai_coding_innovations"": 0.88, ""ai_copyright_theft"": 0.03, ""ai_mass_surveillance"": 0.09}"
user_0765,copyright_heavy,Mostly AI copyright / theft concerns,100,0.02935287271368861,0.049979571307053286,0.045991513739595716,0.013161495071563301,0.034173997204355065,0.025238426668921583,0.10895024378589105,0.03580857588476893,0.06029621570253313,0.10245624907909229,0.048113230756377134,0.08007606951661299,0.042513474195522205,0.015119018598947964,0.051932372776630834,0.07132757213871892,0.045925113852771184,0.07447163968699581,0.03003434166292085,0.035078005657039196,0.0,0.0,0.0,0.0,0.0,0.0,0.73,0.0,0.17,0.0,0.0,0.0,0.0,0.0,0.0,0.0,0.0,0.1,0.0,0.0,soft,"{""ai_coding_innovations"": 0.1, ""ai_copyright_theft"": 0.8, ""ai_mass_surveillance"": 0.1}","{""ai_coding_innovations"": 0.17, ""ai_copyright_theft"": 0.73, ""ai_mass_surveillance"": 0.1}"
user_0766,surveillance_heavy,Mostly AI mass surveillance,100,0.09289508416180862,0.049318250051421576,0.018398410003086504,0.051223854543706863,0.020506849348834875,0.01762400698510819,0.04255703690934927,0.08460751590501003,0.06155299136311605,0.03810819602147125,0.016314202267116645,0.0314942513706391,0.032637740130882116,0.04678018958126174,0.045394106739305023,0.03268924137436097,0.036898267437654925,0.23723040109116916,0.02831038153675138,0.015459023177945634,0.0,0.0,0.0,0.0,0.0,0.0,0.1,0.0,0.06,0.0,0.0,0.0,0.0,0.0,0.0,0.0,0.0,0.84,0.0,0.0,soft,"{""ai_coding_innovations"": 0.1, ""ai_copyright_theft"": 0.1, ""ai_mass_surveillance"": 0.8}","{""ai_coding_innovations"": 0.06, ""ai_copyright_theft"": 0.1, ""ai_mass_surveillance"": 0.84}"
user_0767,balanced,Even across all topics,100,0.046527750331180534,0.07478216217587226,0.027833751526071687,0.02531103678757636,0.024808839572869695,0.031186117601322425,0.06676127085488151,0.05039976143760488,0.0808960884342205,0.06122112139556791,0.028344727301646565,0.04919783951304402,0.057321908968143716,0.02423070117360495,0.0681848283267747,0.04497712570032827,0.05813440029871922,0.12498229232565788,0.0336212293149902,0.021277046959922708,0.0,0.0,0.0,0.0,0.0,0.0,0.34,0.0,0.33,0.0,0.0,0.0,0.0,0.0,0.0,0.0,0.0,0.33,0.0,0.0,soft,"{""ai_coding_innovations"": 0.333333, ""ai_copyright_theft"": 0.333333, ""ai_mass_surveillance"": 0.333334}","{""ai_coding_innovations"": 0.33, ""ai_copyright_theft"": 0.34, ""ai_mass_surveillance"": 0.33}"
user_0768,coding_copyright,Split: coding + copyright,100,0.027892120815648402,0.08916176022393887,0.02985047987165506,0.015205254782809811,0.025596828644513323,0.037965361329817364,0.07246637656332688,0.03688374746274012,0.09203223747733995,0.06655416654047866,0.03132585289040446,0.05336825813990761,0.07014299737730034,0.015259692969203187,0.08033484260992058,0.04727625169684253,0.06910031062467481,0.08094998037831568,0.03642824582514289,0.022205233776019448,0.0,0.0,0.0,0.0,0.0,0.0,0.4,0.0,0.47,0.0,0.0,0.0,0.0,0.0,0.0,0.0,0.0,0.13,0.0,0.0,soft,"{""ai_coding_innovations"": 0.45, ""ai_copyright_theft"": 0.45, ""ai_mass_surveillance"": 0.1}","{""ai_coding_innovations"": 0.47, ""ai_copyright_theft"": 0.4, ""ai_mass_surveillance"": 0.13}"
user_0769,coding_surveillance,Split: coding + surveillance,100,0.05637364324949051,0.08745720224438078,0.018085533212490353,0.032161008804696085,0.01979046628986745,0.0341010840334053,0.04407349627636446,0.058677907534904955,0.09145354777565697,0.0390553787923853,0.01770239833646269,0.03259278545032548,0.06473122138312319,0.02941995294531574,0.07638847233822907,0.030854023354773833,0.06422847213157168,0.15353590399101402,0.035427066045152285,0.013890435810389755,0.0,0.0,0.0,0.0,0.0,0.0,0.13,0.0,0.41,0.0,0.0,0.0,0.0,0.0,0.0,0.0,0.0,0.46,0.0,0.0,soft,"{""ai_coding_innovations"": 0.45, ""ai_copyright_theft"": 0.1, ""ai_mass_surveillance"": 0.45}","{""ai_coding_innovations"": 0.41, ""ai_copyright_theft"": 0.13, ""ai_mass_surveillance"": 0.46}"
user_0770,copyright_surveillance,Split: copyright + surveillance,100,0.05726060308229927,0.04551687026151658,0.035659615848597344,0.02956755782783945,0.029118536469570425,0.020557089213312466,0.08383937497403944,0.057007029413931945,0.05746444562888021,0.07817662883966414,0.036013242587003516,0.06170295175130934,0.03525701264060316,0.02893208135870628,0.04605121585664943,0.05701430069350018,0.03951390031627262,0.14486658840239286,0.028600292056580826,0.027880662777330686,0.0,0.0,0.0,0.0,0.0,0.0,0.49,0.0,0.09,0.0,0.0,0.0,0.0,0.0,0.0,0.0,0.0,0.42,0.0,0.0,soft,"{""ai_coding_innovations"": 0.1, ""ai_copyright_theft"": 0.45, ""ai_mass_surveillance"": 0.45}","{""ai_coding_innovations"": 0.09, ""ai_copyright_theft"": 0.49, ""ai_mass_surveillance"": 0.42}"
user_0771,coding_heavy,Mostly AI coding innovations,100,0.015435615347090146,0.13516875531939243,0.01561025978559852,0.011162521946188773,0.0178613805768395,0.05416042323378403,0.040959446345668525,0.02989084095876942,0.1289929698062492,0.03538284492288081,0.01703980746923549,0.03030024149121283,0.10417627139209869,0.010070315924747776,0.11470909793627357,0.025638333088368794,0.09777255774638476,0.06101445130126429,0.044209134370271415,0.010444731037681019,0.0,0.0,0.0,0.0,0.0,0.0,0.12,0.0,0.84,0.0,0.0,0.0,0.0,0.0,0.0,0.0,0.0,0.04,0.0,0.0,soft,"{""ai_coding_innovations"": 0.8, ""ai_copyright_theft"": 0.1, ""ai_mass_surveillance"": 0.1}","{""ai_coding_innovations"": 0.84, ""ai_copyright_theft"": 0.12, ""ai_mass_surveillance"": 0.04}"
user_0772,copyright_heavy,Mostly AI copyright / theft concerns,100,0.026351323716959016,0.03747667929878347,0.05266334559861737,0.010429483989946637,0.03766498598281707,0.021581282297240812,0.12425039146156061,0.03280037866763316,0.05007151303680413,0.11745856245522533,0.0552215218995397,0.09127531302951104,0.03421069082929435,0.01334549429722644,0.043200027447198606,0.08113383788333009,0.03900144995419896,0.06351282420046454,0.028082296476306005,0.04026859747734268,0.0,0.0,0.0,0.0,0.0,0.0,0.87,0.0,0.08,0.0,0.0,0.0,0.0,0.0,0.0,0.0,0.0,0.05,0.0,0.0,soft,"{""ai_coding_innovations"": 0.1, ""ai_copyright_theft"": 0.8, ""ai_mass_surveillance"": 0.1}","{""ai_coding_innovations"": 0.08, ""ai_copyright_theft"": 0.87, ""ai_mass_surveillance"": 0.05}"
user_0773,surveillance_heavy,Mostly AI mass surveillance,100,0.09108455667848434,0.05024108052757909,0.018797447630368874,0.0502066982446566,0.020691055984336883,0.018130668788235944,0.04357151136014771,0.08326778030837417,0.06225032658977972,0.03907891020283931,0.01681593113786358,0.03223630567672328,0.03355159119680523,0.04589810404880169,0.046232473002812614,0.03321456146986783,0.03768557394288853,0.23282874629644468,0.02850616160971377,0.015710515303276253,0.0,0.0,0.0,0.0,0.0,0.0,0.11,0.0,0.07,0.0,0.0,0.0,0.0,0.0,0.0,0.0,0.0,0.82,0.0,0.0,soft,"{""ai_coding_innovations"": 0.1, ""ai_copyright_theft"": 0.1, ""ai_mass_surveillance"": 0.8}","{""ai_coding_innovations"": 0.07, ""ai_copyright_theft"": 0.11, ""ai_mass_surveillance"": 0.82}"
user_0774,balanced,Even across all topics,100,0.04696895372583973,0.07882812856347374,0.02590729077609526,0.0258771732996205,0.0237944186321644,0.03243133418482382,0.062369349679886055,0.05096580347848033,0.08418986800031115,0.056908429719710364,0.02631222013740063,0.04598295348027094,0.060087238966366925,0.024540360170008886,0.07106120288708215,0.042129650063839695,0.060446986660519515,0.12716932622293495,0.03426640308647185,0.019762908264699196,0.0,0.0,0.0,0.0,0.0,0.0,0.3,0.0,0.36,0.0,0.0,0.0,0.0,0.0,0.0,0.0,0.0,0.34,0.0,0.0,soft,"{""ai_coding_innovations"": 0.333333, ""ai_copyright_theft"": 0.333333, ""ai_mass_surveillance"": 0.333334}","{""ai_coding_innovations"": 0.36, ""ai_copyright_theft"": 0.3, ""ai_mass_surveillance"": 0.34}"
user_0775,coding_copyright,Split: coding + copyright,100,0.029615773533087975,0.07242005704284098,0.03626483563518595,0.014991466579167764,0.02902257981548646,0.03239932781386066,0.08689520266182735,0.03726938599038378,0.07850314795377077,0.08076998071398031,0.03794338302621653,0.06393116255033707,0.05817461969004268,0.015747689828557263,0.06809419975369314,0.056876995312144414,0.059048563485411244,0.08100121337863217,0.03366829453842376,0.02736212069694992,0.0,0.0,0.0,0.0,0.0,0.0,0.53,0.0,0.34,0.0,0.0,0.0,0.0,0.0,0.0,0.0,0.0,0.13,0.0,0.0,soft,"{""ai_coding_innovations"": 0.45, ""ai_copyright_theft"": 0.45, ""ai_mass_surveillance"": 0.1}","{""ai_coding_innovations"": 0.34, ""ai_copyright_theft"": 0.53, ""ai_mass_surveillance"": 0.13}"
user_0776,coding_surveillance,Split: coding + surveillance,100,0.05752122737995348,0.09297348837633787,0.015219435676157644,0.03326039133591635,0.01828866305014503,0.03573520435179937,0.0375094733261428,0.05986932062090868,0.09595970851959684,0.032617043775055074,0.014655465567326527,0.027788075601768412,0.0684205925046069,0.03011434737802424,0.080258045634809,0.02663610956107392,0.0673072222183625,0.15791785378561682,0.03629280569785113,0.011655525638547428,0.0,0.0,0.0,0.0,0.0,0.0,0.07,0.0,0.45,0.0,0.0,0.0,0.0,0.0,0.0,0.0,0.0,0.48,0.0,0.0,soft,"{""ai_coding_innovations"": 0.45, ""ai_copyright_theft"": 0.1, ""ai_mass_surveillance"": 0.45}","{""ai_coding_innovations"": 0.45, ""ai_copyright_theft"": 0.07, ""ai_mass_surveillance"": 0.48}"
user_0777,copyright_surveillance,Split: copyright + surveillance,100,0.05001849314900206,0.04920819216614659,0.037255766357726816,0.025498932631638417,0.029855363011578397,0.022583736425823467,0.087897272777233,0.051648087027388316,0.06025378653553484,0.08205948556513631,0.038020158069991206,0.06467116897564612,0.03891241690429565,0.02540373922886607,0.04940468091067975,0.05911558107552765,0.042663126337207036,0.1272599692234949,0.02938341234843032,0.028886631278653114,0.0,0.0,0.0,0.0,0.0,0.0,0.53,0.0,0.13,0.0,0.0,0.0,0.0,0.0,0.0,0.0,0.0,0.34,0.0,0.0,soft,"{""ai_coding_innovations"": 0.1, ""ai_copyright_theft"": 0.45, ""ai_mass_surveillance"": 0.45}","{""ai_coding_innovations"": 0.13, ""ai_copyright_theft"": 0.53, ""ai_mass_surveillance"": 0.34}"
user_0778,coding_heavy,Mostly AI coding innovations,100,0.019497873708397936,0.13736906075467886,0.012885723781057377,0.013762971056333425,0.0164785463651302,0.05439231621102994,0.03453857626907623,0.033136354192916675,0.13089207891901256,0.029128724884287197,0.014003842563495706,0.02560124684627131,0.10511389925847565,0.012144145986071811,0.11590873996956585,0.02174021726086655,0.09851053109771786,0.07200479478799031,0.04446274799582832,0.008427608091796287,0.0,0.0,0.0,0.0,0.0,0.0,0.06,0.0,0.85,0.0,0.0,0.0,0.0,0.0,0.0,0.0,0.0,0.09,0.0,0.0,soft,"{""ai_coding_innovations"": 0.8, ""ai_copyright_theft"": 0.1, ""ai_mass_surveillance"": 0.1}","{""ai_coding_innovations"": 0.85, ""ai_copyright_theft"": 0.06, ""ai_mass_surveillance"": 0.09}"
user_0779,copyright_heavy,Mostly AI copyright / theft concerns,100,0.026218735046386756,0.03876450262040639,0.052169933616807294,0.010445929236380639,0.037401466661972985,0.022009438721545167,0.12314048176167597,0.032770714165506726,0.05111221223092484,0.11636503828803287,0.05471248111986184,0.09046278192101648,0.03513133526677574,0.01330795607727613,0.0441416153592161,0.08039531914369148,0.03977466127260385,0.06350888320044025,0.02829460042143826,0.039871913868040336,0.0,0.0,0.0,0.0,0.0,0.0,0.86,0.0,0.09,0.0,0.0,0.0,0.0,0.0,0.0,0.0,0.0,0.05,0.0,0.0,soft,"{""ai_coding_innovations"": 0.1, ""ai_copyright_theft"": 0.8, ""ai_mass_surveillance"": 0.1}","{""ai_coding_innovations"": 0.09, ""ai_copyright_theft"": 0.86, ""ai_mass_surveillance"": 0.05}"
user_0780,surveillance_heavy,Mostly AI mass surveillance,100,0.0897152325898192,0.05520987739133805,0.017270024507674824,0.0497556784576505,0.01986084167913357,0.019882547174865088,0.040194064635950565,0.08249408675261367,0.06624144138253403,0.035736932708349836,0.015285152844364562,0.029763473950034383,0.03723077226095157,0.045325677512745556,0.04994721382662764,0.030892405928886167,0.04078546680992245,0.23061412539899723,0.029347115454157788,0.014447868733383346,0.0,0.0,0.0,0.0,0.0,0.0,0.08,0.0,0.11,0.0,0.0,0.0,0.0,0.0,0.0,0.0,0.0,0.81,0.0,0.0,soft,"{""ai_coding_innovations"": 0.1, ""ai_copyright_theft"": 0.1, ""ai_mass_surveillance"": 0.8}","{""ai_coding_innovations"": 0.11, ""ai_copyright_theft"": 0.08, ""ai_mass_surveillance"": 0.81}"
user_0781,balanced,Even across all topics,100,0.04961845061554006,0.07808779451004894,0.02506202834426668,0.02741113037141288,0.023386349018489364,0.03188541969228438,0.06029268315374615,0.05296057462237096,0.08366421475737605,0.05490559636406207,0.02530510644144132,0.04446360646689737,0.05917678458622294,0.025844719358723806,0.07027444744782953,0.040972410550760105,0.05965263256187156,0.13376983791500952,0.03407888494959442,0.01918732827205211,0.0,0.0,0.0,0.0,0.0,0.0,0.28,0.0,0.35,0.0,0.0,0.0,0.0,0.0,0.0,0.0,0.0,0.37,0.0,0.0,soft,"{""ai_coding_innovations"": 0.333333, ""ai_copyright_theft"": 0.333333, ""ai_mass_surveillance"": 0.333334}","{""ai_coding_innovations"": 0.35, ""ai_copyright_theft"": 0.28, ""ai_mass_surveillance"": 0.37}"
user_0782,coding_copyright,Split: coding + copyright,100,0.024536243190144358,0.0884317745330081,0.03163537908983994,0.013138051691841289,0.026492280557205504,0.03812237208746413,0.07671514486469296,0.03426360527372118,0.09134550954242582,0.07068264323759964,0.03334739219125402,0.056477428969065144,0.07012941063418386,0.013570598344183709,0.08012839931290076,0.04980392936713349,0.06912850099833223,0.0721545527889154,0.03639519808080316,0.023501585245285356,0.0,0.0,0.0,0.0,0.0,0.0,0.44,0.0,0.47,0.0,0.0,0.0,0.0,0.0,0.0,0.0,0.0,0.09,0.0,0.0,soft,"{""ai_coding_innovations"": 0.45, ""ai_copyright_theft"": 0.45, ""ai_mass_surveillance"": 0.1}","{""ai_coding_innovations"": 0.47, ""ai_copyright_theft"": 0.44, ""ai_mass_surveillance"": 0.09}"
user_0783,coding_surveillance,Split: coding + surveillance,100,0.05350240640158803,0.09868261929352158,0.014537274985292172,0.03127541447711786,0.01786651835861676,0.038032997230967994,0.03620869312808563,0.05710085592125757,0.10047647655528634,0.031277899636213885,0.014131800969786834,0.026834590888453077,0.07301022794889725,0.028237561653253192,0.08475954189787661,0.025471193533171864,0.07120146918404441,0.1491027211960948,0.03732127767917258,0.010968459061301618,0.0,0.0,0.0,0.0,0.0,0.0,0.06,0.0,0.5,0.0,0.0,0.0,0.0,0.0,0.0,0.0,0.0,0.44,0.0,0.0,soft,"{""ai_coding_innovations"": 0.45, ""ai_copyright_theft"": 0.1, ""ai_mass_surveillance"": 0.45}","{""ai_coding_innovations"": 0.5, ""ai_copyright_theft"": 0.06, ""ai_mass_surveillance"": 0.44}"
user_0784,copyright_surveillance,Split: copyright + surveillance,100,0.057393191752871525,0.04422904693989368,0.03615302783040741,0.02955111258140545,0.0293820557904145,0.0201289327890081,0.08494928467392404,0.05703669391605837,0.056423746434759475,0.07927015300685657,0.03652228336668135,0.06251548285980393,0.0343363682031218,0.02896961957865658,0.04510962794463189,0.05775281943313878,0.03874068899786772,0.14487052940241715,0.028387988111448586,0.028277346386633023,0.0,0.0,0.0,0.0,0.0,0.0,0.5,0.0,0.08,0.0,0.0,0.0,0.0,0.0,0.0,0.0,0.0,0.42,0.0,0.0,soft,"{""ai_coding_innovations"": 0.1, ""ai_copyright_theft"": 0.45, ""ai_mass_surveillance"": 0.45}","{""ai_coding_innovations"": 0.08, ""ai_copyright_theft"": 0.5, ""ai_mass_surveillance"": 0.42}"
user_0785,coding_heavy,Mostly AI coding innovations,100,0.025946728140006627,0.11638854640075283,0.019042603449097438,0.016067405730666017,0.019839059928614452,0.046917393550797284,0.04809608079040768,0.036915828465339744,0.11405860253760315,0.04255803985515731,0.020130611691957193,0.0355278121542322,0.08947992725018808,0.01489366400650148,0.10015979958654302,0.03113543874685908,0.08533070071776303,0.08306607627515451,0.040894890609004884,0.013550790113353745,0.0,0.0,0.0,0.0,0.0,0.0,0.18,0.0,0.68,0.0,0.0,0.0,0.0,0.0,0.0,0.0,0.0,0.14,0.0,0.0,soft,"{""ai_coding_innovations"": 0.8, ""ai_copyright_theft"": 0.1, ""ai_mass_surveillance"": 0.1}","{""ai_coding_innovations"": 0.68, ""ai_copyright_theft"": 0.18, ""ai_mass_surveillance"": 0.14}"
user_0786,copyright_heavy,Mostly AI copyright / theft concerns,100,0.032267546944533494,0.04666359061038263,0.04613307527138725,0.014662561650487672,0.0342929662323682,0.02383619932777339,0.10909339665952043,0.03786267603291244,0.057689164071356575,0.10264046405782881,0.048124198619773496,0.08018178472022858,0.03976173094041549,0.016498454227563512,0.04926244151334321,0.07164737010491654,0.04358433711731346,0.08108003337911908,0.029422215635778935,0.03529579288299679,0.0,0.0,0.0,0.0,0.0,0.0,0.73,0.0,0.14,0.0,0.0,0.0,0.0,0.0,0.0,0.0,0.0,0.13,0.0,0.0,soft,"{""ai_coding_innovations"": 0.1, ""ai_copyright_theft"": 0.8, ""ai_mass_surveillance"": 0.1}","{""ai_coding_innovations"": 0.14, ""ai_copyright_theft"": 0.73, ""ai_mass_surveillance"": 0.13}"
user_0787,surveillance_heavy,Mostly AI mass surveillance,100,0.0840184727987017,0.060554015463056415,0.01748031342590178,0.046737100053367744,0.019886422943951387,0.022258845432857086,0.04101766858857647,0.0784155509584531,0.07041484545076643,0.036462026918069115,0.015772257897249647,0.030364574651297795,0.04181361433368367,0.04260434447546476,0.05434548844118535,0.030991328736129566,0.044693808962433065,0.21740127901477496,0.03035906356330937,0.014408977890770494,0.0,0.0,0.0,0.0,0.0,0.0,0.09,0.0,0.16,0.0,0.0,0.0,0.0,0.0,0.0,0.0,0.0,0.75,0.0,0.0,soft,"{""ai_coding_innovations"": 0.1, ""ai_copyright_theft"": 0.1, ""ai_mass_surveillance"": 0.8}","{""ai_coding_innovations"": 0.16, ""ai_copyright_theft"": 0.09, ""ai_mass_surveillance"": 0.75}"
user_0788,balanced,Even across all topics,100,0.05041398263897372,0.0703608545803114,0.028022500235127104,0.027312458892808863,0.02496746494355387,0.02931648114645817,0.06695214135305398,0.05313856163512956,0.07742001959265177,0.06146674136721667,0.028359351119508405,0.049338793117864814,0.05365291796133474,0.02606994867842568,0.06462491997572456,0.04540352298859173,0.055013364651442194,0.13379348391515555,0.03280506127880099,0.02156742992786617,0.0,0.0,0.0,0.0,0.0,0.0,0.34,0.0,0.29,0.0,0.0,0.0,0.0,0.0,0.0,0.0,0.0,0.37,0.0,0.0,soft,"{""ai_coding_innovations"": 0.333333, ""ai_copyright_theft"": 0.333333, ""ai_mass_surveillance"": 0.333334}","{""ai_coding_innovations"": 0.29, ""ai_copyright_theft"": 0.34, ""ai_mass_surveillance"": 0.37}"
user_0789,coding_copyright,Split: coding + copyright,100,0.026214182002896363,0.0887967673784735,0.030742929480747506,0.014171653237325547,0.026044554600859412,0.03804386670864075,0.07459076071400993,0.03557367636823066,0.09168887350988286,0.06861840488903916,0.03233662254082924,0.054922843554486366,0.07013620400574211,0.014415145656693454,0.08023162096141068,0.04854009053198801,0.06911440581150352,0.07655226658361554,0.03641172195297302,0.0228534095106524,0.0,0.0,0.0,0.0,0.0,0.0,0.42,0.0,0.47,0.0,0.0,0.0,0.0,0.0,0.0,0.0,0.0,0.11,0.0,0.0,soft,"{""ai_coding_innovations"": 0.45, ""ai_copyright_theft"": 0.45, ""ai_mass_surveillance"": 0.1}","{""ai_coding_innovations"": 0.47, ""ai_copyright_theft"": 0.42, ""ai_mass_surveillance"": 0.11}"
user_0790,coding_surveillance,Split: coding + surveillance,100,0.04762962055695589,0.09740514433439258,0.01766084861711569,0.027657809067922947,0.019433559205828045,0.03830776605684982,0.0436440376554763,0.05251560709047444,0.09927470266918666,0.038502733856175565,0.017669494746273537,0.03227563983947875,0.07298645114844336,0.025281646059469108,0.08439826612809197,0.029894629456181026,0.07125080233794487,0.13371072291464428,0.03726344412657803,0.013237074132516949,0.0,0.0,0.0,0.0,0.0,0.0,0.13,0.0,0.5,0.0,0.0,0.0,0.0,0.0,0.0,0.0,0.0,0.37,0.0,0.0,soft,"{""ai_coding_innovations"": 0.45, ""ai_copyright_theft"": 0.1, ""ai_mass_surveillance"": 0.45}","{""ai_coding_innovations"": 0.5, ""ai_copyright_theft"": 0.13, ""ai_mass_surveillance"": 0.37}"
user_0791,copyright_surveillance,Split: copyright + surveillance,100,0.062161830849983064,0.04789967211953578,0.032488855039509996,0.03268480771072626,0.027511839279688075,0.020749729501146657,0.07635631282210562,0.06090757819533391,0.05953523672537205,0.07089038962679027,0.0324718928560513,0.05622666439907854,0.03619803719275924,0.03142818507628518,0.04730246871419663,0.052484265448425146,0.04024482607419136,0.1580557887864689,0.0288621676182227,0.02553945196412946,0.0,0.0,0.0,0.0,0.0,0.0,0.42,0.0,0.1,0.0,0.0,0.0,0.0,0.0,0.0,0.0,0.0,0.48,0.0,0.0,soft,"{""ai_coding_innovations"": 0.1, ""ai_copyright_theft"": 0.45, ""ai_mass_surveillance"": 0.45}","{""ai_coding_innovations"": 0.1, ""ai_copyright_theft"": 0.42, ""ai_mass_surveillance"": 0.48}"
user_0792,coding_heavy,Mostly AI coding innovations,100,0.021971344544583597,0.1300071136704068,0.014953746062825346,0.014697901123213668,0.017611936333848638,0.05174487228638037,0.03907365031770109,0.034624412300184766,0.12499124772174536,0.03362563153888129,0.016047317591138022,0.028921848082660025,0.09959682600514572,0.01321392261828343,0.11036243414597074,0.024907490863552664,0.09385716800045983,0.07642615458283651,0.04320544819720475,0.0101595340129774,0.0,0.0,0.0,0.0,0.0,0.0,0.1,0.0,0.79,0.0,0.0,0.0,0.0,0.0,0.0,0.0,0.0,0.11,0.0,0.0,soft,"{""ai_coding_innovations"": 0.8, ""ai_copyright_theft"": 0.1, ""ai_mass_surveillance"": 0.1}","{""ai_coding_innovations"": 0.79, ""ai_copyright_theft"": 0.1, ""ai_mass_surveillance"": 0.11}"
user_0793,copyright_heavy,Mostly AI copyright / theft concerns,100,0.03138514015521512,0.038571657835179726,0.04998599677134008,0.013530288626399403,0.03632180811377882,0.02134576616077064,0.11787723900951144,0.03673059195116159,0.051101604939175274,0.11126584740954391,0.05218921294826538,0.08661155678577477,0.034231070943969086,0.015879136234755654,0.04350969239272834,0.07734232137789365,0.038959164393712824,0.076705965584565,0.028131868092815614,0.038324070273443825,0.0,0.0,0.0,0.0,0.0,0.0,0.81,0.0,0.08,0.0,0.0,0.0,0.0,0.0,0.0,0.0,0.0,0.11,0.0,0.0,soft,"{""ai_coding_innovations"": 0.1, ""ai_copyright_theft"": 0.8, ""ai_mass_surveillance"": 0.1}","{""ai_coding_innovations"": 0.08, ""ai_copyright_theft"": 0.81, ""ai_mass_surveillance"": 0.11}"
user_0794,surveillance_heavy,Mostly AI mass surveillance,100,0.08578556289908366,0.05172174863442866,0.020487972494026035,0.04713878410107185,0.021507195211686963,0.019222497773314834,0.04772484441242756,0.07927823802059288,0.06330163307565,0.04308457691413591,0.018830158529782193,0.03527499970347046,0.03537249995709324,0.04328938567137182,0.047805983881317876,0.03552904049602707,0.03927428214018445,0.2196277229122955,0.028881197883468625,0.016861675288570417,0.0,0.0,0.0,0.0,0.0,0.0,0.15,0.0,0.09,0.0,0.0,0.0,0.0,0.0,0.0,0.0,0.0,0.76,0.0,0.0,soft,"{""ai_coding_innovations"": 0.1, ""ai_copyright_theft"": 0.1, ""ai_mass_surveillance"": 0.8}","{""ai_coding_innovations"": 0.09, ""ai_copyright_theft"": 0.15, ""ai_mass_surveillance"": 0.76}"
user_0795,balanced,Even across all topics,100,0.05213535883466808,0.07863528377824705,0.023723353930628046,0.028961532689639295,0.022714760083970227,0.03176766162404929,0.057106106927721514,0.054925681264135176,0.08417926070856159,0.05180923884122136,0.023788951965804137,0.04213172834502924,0.05918697464356029,0.027111540327488408,0.07042927992059436,0.0390766522980419,0.05963148978162852,0.1403664086070597,0.034103670757849244,0.018215064670102674,0.0,0.0,0.0,0.0,0.0,0.0,0.25,0.0,0.35,0.0,0.0,0.0,0.0,0.0,0.0,0.0,0.0,0.4,0.0,0.0,soft,"{""ai_coding_innovations"": 0.333333, ""ai_copyright_theft"": 0.333333, ""ai_mass_surveillance"": 0.333334}","{""ai_coding_innovations"": 0.35, ""ai_copyright_theft"": 0.25, ""ai_mass_surveillance"": 0.4}"
user_0796,coding_copyright,Split: coding + copyright,100,0.02374071116671071,0.09615871446274557,0.028674907198979534,0.013236723170445304,0.02491116463214097,0.04069131063329032,0.07005568666538507,0.03408561826096257,0.09758970470715002,0.06412149823444505,0.030293147513186916,0.0516022423180977,0.07565327725907202,0.013345369024481829,0.08577792678500575,0.04537281692930187,0.07376776890876158,0.07213090678876935,0.0376690217515966,0.02112148358947129,0.0,0.0,0.0,0.0,0.0,0.0,0.38,0.0,0.53,0.0,0.0,0.0,0.0,0.0,0.0,0.0,0.0,0.09,0.0,0.0,soft,"{""ai_coding_innovations"": 0.45, ""ai_copyright_theft"": 0.45, ""ai_mass_surveillance"": 0.1}","{""ai_coding_innovations"": 0.53, ""ai_copyright_theft"": 0.38, ""ai_mass_surveillance"": 0.09}"
user_0797,coding_surveillance,Split: coding + surveillance,100,0.05363499507216032,0.09739479597189872,0.015030686967102242,0.031258969230683845,0.01813003767946085,0.037604840806663604,0.0373186028279703,0.057130520423384006,0.09943577736116556,0.03237142380340632,0.014640841749464681,0.02764712199694765,0.07208958351141588,0.02827509987320351,0.08381795398585916,0.02620971227281045,0.0704282578656395,0.14910666219611915,0.03710897373404035,0.011365142670603966,0.0,0.0,0.0,0.0,0.0,0.0,0.07,0.0,0.49,0.0,0.0,0.0,0.0,0.0,0.0,0.0,0.0,0.44,0.0,0.0,soft,"{""ai_coding_innovations"": 0.45, ""ai_copyright_theft"": 0.1, ""ai_mass_surveillance"": 0.45}","{""ai_coding_innovations"": 0.49, ""ai_copyright_theft"": 0.07, ""ai_mass_surveillance"": 0.44}"
user_0798,copyright_surveillance,Split: copyright + surveillance,100,0.057525780423443806,0.04294122361827075,0.03664643981221748,0.029534667334971447,0.029645575111258586,0.01970077636470374,0.0860591943738087,0.057066358418184804,0.05538304724063878,0.08036367717404896,0.03703132414635919,0.0633280139682985,0.03341572376564042,0.029007157798606895,0.04416804003261441,0.058491338172777366,0.03796747767946283,0.1448744704024415,0.028175684166316346,0.028674029995935362,0.0,0.0,0.0,0.0,0.0,0.0,0.51,0.0,0.07,0.0,0.0,0.0,0.0,0.0,0.0,0.0,0.0,0.42,0.0,0.0,soft,"{""ai_coding_innovations"": 0.1, ""ai_copyright_theft"": 0.45, ""ai_mass_surveillance"": 0.45}","{""ai_coding_innovations"": 0.07, ""ai_copyright_theft"": 0.51, ""ai_mass_surveillance"": 0.42}"
user_0799,coding_heavy,Mostly AI coding innovations,100,0.02762466695275867,0.11675353924621824,0.018150153840005012,0.017101007276150285,0.019391333972268374,0.04683888817197392,0.045971696639724655,0.03822589955984922,0.11440196650506032,0.04049380150659685,0.019119842041532414,0.03397322673965346,0.08948672062174635,0.015738211319011226,0.10026302123505301,0.029871599911713616,0.08531660553093433,0.08746379006985465,0.040911414481174746,0.012902614378720785,0.0,0.0,0.0,0.0,0.0,0.0,0.16,0.0,0.68,0.0,0.0,0.0,0.0,0.0,0.0,0.0,0.0,0.16,0.0,0.0,soft,"{""ai_coding_innovations"": 0.8, ""ai_copyright_theft"": 0.1, ""ai_mass_surveillance"": 0.1}","{""ai_coding_innovations"": 0.68, ""ai_copyright_theft"": 0.16, ""ai_mass_surveillance"": 0.16}"
user_0800,copyright_heavy,Mostly AI copyright / theft concerns,100,0.03063304551472381,0.05420803411738745,0.043618828185073094,0.014244432356349571,0.03293571328547672,0.026444390563011268,0.10349613053555401,0.037029653472899104,0.0637616772523523,0.09711143822895453,0.0455753387669188,0.07608389077655049,0.0452822008795245,0.015850951251606765,0.05486035816119322,0.06784817708465764,0.04823065262115716,0.07885753048162294,0.03068777737048744,0.03323977909449921,0.0,0.0,0.0,0.0,0.0,0.0,0.68,0.0,0.2,0.0,0.0,0.0,0.0,0.0,0.0,0.0,0.0,0.12,0.0,0.0,soft,"{""ai_coding_innovations"": 0.1, ""ai_copyright_theft"": 0.8, ""ai_mass_surveillance"": 0.1}","{""ai_coding_innovations"": 0.2, ""ai_copyright_theft"": 0.68, ""ai_mass_surveillance"": 0.12}"
user_0801,surveillance_heavy,Mostly AI mass surveillance,100,0.08900885185401544,0.05373955764698244,0.018209661294031107,0.04922243243847436,0.020348223978150705,0.01949364343997242,0.04236616641117675,0.08186871570748538,0.0650290602046848,0.0378625760498225,0.016299578449254806,0.03135329776581833,0.03630673113769109,0.044940942076441004,0.0489540150903552,0.0322628440860975,0.04001930308493191,0.2284192095016715,0.029126549572940617,0.015168640210002172,0.0,0.0,0.0,0.0,0.0,0.0,0.1,0.0,0.1,0.0,0.0,0.0,0.0,0.0,0.0,0.0,0.0,0.8,0.0,0.0,soft,"{""ai_coding_innovations"": 0.1, ""ai_copyright_theft"": 0.1, ""ai_mass_surveillance"": 0.8}","{""ai_coding_innovations"": 0.1, ""ai_copyright_theft"": 0.1, ""ai_mass_surveillance"": 0.8}"
user_0802,balanced,Even across all topics,100,0.05138554071592199,0.06925552768142121,0.028069687412390944,0.027812814419116996,0.025007121286224922,0.02884907203274213,0.06699985897759714,0.05382326168451074,0.07655100238225959,0.06152814636012886,0.028363007073973875,0.04937403151907,0.052735670209632525,0.026529760554630865,0.063734942887962,0.045510122310657604,0.054233105739622964,0.13599628181252998,0.03260101926975368,0.02164002566985204,0.0,0.0,0.0,0.0,0.0,0.0,0.34,0.0,0.28,0.0,0.0,0.0,0.0,0.0,0.0,0.0,0.0,0.38,0.0,0.0,soft,"{""ai_coding_innovations"": 0.333333, ""ai_copyright_theft"": 0.333333, ""ai_mass_surveillance"": 0.333334}","{""ai_coding_innovations"": 0.28, ""ai_copyright_theft"": 0.34, ""ai_mass_surveillance"": 0.38}"
user_0803,coding_copyright,Split: coding + copyright,100,0.02537521259652037,0.08861427095574077,0.03118915428529372,0.013654852464583412,0.02626841757903245,0.03808311939805244,0.07565295278935143,0.034918640820975906,0.09151719152615433,0.06965052406331938,0.03284200736604163,0.05570013626177575,0.07013280731996298,0.01399287200043858,0.08018001013715573,0.04917200994956075,0.06912145340491788,0.07435340968626547,0.03640346001688809,0.023177497377968873,0.0,0.0,0.0,0.0,0.0,0.0,0.43,0.0,0.47,0.0,0.0,0.0,0.0,0.0,0.0,0.0,0.0,0.1,0.0,0.0,soft,"{""ai_coding_innovations"": 0.45, ""ai_copyright_theft"": 0.45, ""ai_mass_surveillance"": 0.1}","{""ai_coding_innovations"": 0.47, ""ai_copyright_theft"": 0.43, ""ai_mass_surveillance"": 0.1}"
user_0804,coding_surveillance,Split: coding + surveillance,100,0.05959693220442233,0.08947501125693452,0.01580722201249542,0.03424465714209859,0.01863149505633121,0.0343722297000629,0.0387148182751137,0.06126838522179743,0.0931809749046918,0.03383337792807189,0.01517181825593529,0.02867108351267341,0.06566545256372107,0.031071509350384913,0.07753650354726642,0.02758782694484426,0.06497349307631911,0.16232739058039,0.03567241773462427,0.012197400731821498,0.0,0.0,0.0,0.0,0.0,0.0,0.08,0.0,0.42,0.0,0.0,0.0,0.0,0.0,0.0,0.0,0.0,0.5,0.0,0.0,soft,"{""ai_coding_innovations"": 0.45, ""ai_copyright_theft"": 0.1, ""ai_mass_surveillance"": 0.45}","{""ai_coding_innovations"": 0.42, ""ai_copyright_theft"": 0.08, ""ai_mass_surveillance"": 0.5}"
user_0805,copyright_surveillance,Split: copyright + surveillance,100,0.05306575605041919,0.04460438814785302,0.037890739871328426,0.02698355396412881,0.03023785136043561,0.020753352660370934,0.08915033535074703,0.05373185167765825,0.05660603571023757,0.08333722471106532,0.038540166713065434,0.06558941528775628,0.03524002921170756,0.026820713077431925,0.04579316173537464,0.06017389778136385,0.03954913828334439,0.13387230391564245,0.02855898237615617,0.02950110211391305,0.0,0.0,0.0,0.0,0.0,0.0,0.54,0.0,0.09,0.0,0.0,0.0,0.0,0.0,0.0,0.0,0.0,0.37,0.0,0.0,soft,"{""ai_coding_innovations"": 0.1, ""ai_copyright_theft"": 0.45, ""ai_mass_surveillance"": 0.45}","{""ai_coding_innovations"": 0.09, ""ai_copyright_theft"": 0.54, ""ai_mass_surveillance"": 0.37}"
user_0806,coding_heavy,Mostly AI coding innovations,100,0.02404704936905245,0.12650863655100344,0.015541532399163118,0.015682166929395912,0.01795476834003481,0.05038189763464391,0.040278995266672,0.03602347690107354,0.12221251410684031,0.03484196569189812,0.01656367027974679,0.029804855993564968,0.09684168606425991,0.01417108459064411,0.10764089205842813,0.025859208247323018,0.09152343885841646,0.0808356913776097,0.04258506023397788,0.010701409106251473,0.0,0.0,0.0,0.0,0.0,0.0,0.11,0.0,0.76,0.0,0.0,0.0,0.0,0.0,0.0,0.0,0.0,0.13,0.0,0.0,soft,"{""ai_coding_innovations"": 0.8, ""ai_copyright_theft"": 0.1, ""ai_mass_surveillance"": 0.1}","{""ai_coding_innovations"": 0.76, ""ai_copyright_theft"": 0.11, ""ai_mass_surveillance"": 0.13}"
user_0807,copyright_heavy,Mostly AI copyright / theft concerns,100,0.02882479455314472,0.030114732214511393,0.054731367880385316,0.011364414056826868,0.03879837595153551,0.01893383837259126,0.12878546551018552,0.03428843677490125,0.044170681839536916,0.12195546910981939,0.057264996927182,0.0945959142658997,0.028693617575964437,0.014415270929438057,0.03765372162360354,0.08430111148601621,0.034348086856940935,0.06793418399531082,0.026824996677682435,0.04200052339852382,0.0,0.0,0.0,0.0,0.0,0.0,0.91,0.0,0.02,0.0,0.0,0.0,0.0,0.0,0.0,0.0,0.0,0.07,0.0,0.0,soft,"{""ai_coding_innovations"": 0.1, ""ai_copyright_theft"": 0.8, ""ai_mass_surveillance"": 0.1}","{""ai_coding_innovations"": 0.02, ""ai_copyright_theft"": 0.91, ""ai_mass_surveillance"": 0.07}"
user_0808,surveillance_heavy,Mostly AI mass surveillance,100,0.08887626318344317,0.055027380968605356,0.01771624931222103,0.049238877684908366,0.020084704657306617,0.019921799864276783,0.041256256711292114,0.08183905120535895,0.06606975939880551,0.03676905188263006,0.01579053766957696,0.030540766657323744,0.03722737557517246,0.04490340385649069,0.04989560300237268,0.031524325346458895,0.04079251440333681,0.22841526850164715,0.029338853518072857,0.014771956600699831,0.0,0.0,0.0,0.0,0.0,0.0,0.09,0.0,0.11,0.0,0.0,0.0,0.0,0.0,0.0,0.0,0.0,0.8,0.0,0.0,soft,"{""ai_coding_innovations"": 0.1, ""ai_copyright_theft"": 0.1, ""ai_mass_surveillance"": 0.8}","{""ai_coding_innovations"": 0.11, ""ai_copyright_theft"": 0.09, ""ai_mass_surveillance"": 0.8}"
user_0809,balanced,Even across all topics,100,0.05226794750524035,0.07734746045662412,0.024216765912438105,0.028945087443205276,0.022978279404814315,0.03133950519974493,0.0582160166276062,0.054955345766261585,0.08313856151444088,0.05290276300841378,0.024297992745481993,0.04294425945352381,0.05826633020607895,0.02714907854743872,0.06948769200857687,0.03981517103768051,0.058858278463223605,0.14037034960708403,0.03389136681271699,0.018611748279405014,0.0,0.0,0.0,0.0,0.0,0.0,0.26,0.0,0.34,0.0,0.0,0.0,0.0,0.0,0.0,0.0,0.0,0.4,0.0,0.0,soft,"{""ai_coding_innovations"": 0.333333, ""ai_copyright_theft"": 0.333333, ""ai_mass_surveillance"": 0.333334}","{""ai_coding_innovations"": 0.34, ""ai_copyright_theft"": 0.26, ""ai_mass_surveillance"": 0.4}"
user_0810,coding_copyright,Split: coding + copyright,100,0.023962451124912895,0.08567363146702953,0.03306842785800629,0.012588360426231147,0.027243182177066717,0.0373053119282671,0.07999715633980378,0.03366789873071931,0.08909242917045587,0.07390181074626474,0.0348708585758221,0.058879783893343696,0.068284725073442,0.01322340112782947,0.07819361266461083,0.051912886263983424,0.06758912595493681,0.06996357789161403,0.03596232825445374,0.024619040331206522,0.0,0.0,0.0,0.0,0.0,0.0,0.47,0.0,0.45,0.0,0.0,0.0,0.0,0.0,0.0,0.0,0.0,0.08,0.0,0.0,soft,"{""ai_coding_innovations"": 0.45, ""ai_copyright_theft"": 0.45, ""ai_mass_surveillance"": 0.1}","{""ai_coding_innovations"": 0.45, ""ai_copyright_theft"": 0.47, ""ai_mass_surveillance"": 0.08}"
user_0811,coding_surveillance,Split: coding + surveillance,100,0.05222223360055283,0.09445415648318745,0.016909960539814816,0.030192477192331584,0.019104802277495104,0.036827033336878263,0.04166280637842266,0.05587977833312741,0.09701101500546708,0.03662271048635166,0.016669692959245152,0.03082676962851557,0.07024150126489491,0.027505629000594393,0.08183155651331425,0.028950588587233154,0.06889593041565843,0.1447168304014677,0.036667841971606004,0.0128066856238416,0.0,0.0,0.0,0.0,0.0,0.0,0.11,0.0,0.47,0.0,0.0,0.0,0.0,0.0,0.0,0.0,0.0,0.42,0.0,0.0,soft,"{""ai_coding_innovations"": 0.45, ""ai_copyright_theft"": 0.1, ""ai_mass_surveillance"": 0.45}","{""ai_coding_innovations"": 0.47, ""ai_copyright_theft"": 0.11, ""ai_mass_surveillance"": 0.42}"
user_0812,copyright_surveillance,Split: copyright + surveillance,100,0.06410494700387961,0.04568901832175533,0.03258322939403768,0.03368551876334251,0.02759115196503016,0.01981491127371454,0.07645174807119186,0.062276978294096244,0.05779720230458767,0.07101319961261464,0.03247920476498223,0.05629714120148889,0.03436354168935478,0.032347808828695535,0.045522514538671545,0.052697464092556885,0.03868430825055287,0.16246138458121773,0.028454083600128077,0.025684643448101195,0.0,0.0,0.0,0.0,0.0,0.0,0.42,0.0,0.08,0.0,0.0,0.0,0.0,0.0,0.0,0.0,0.0,0.5,0.0,0.0,soft,"{""ai_coding_innovations"": 0.1, ""ai_copyright_theft"": 0.45, ""ai_mass_surveillance"": 0.45}","{""ai_coding_innovations"": 0.08, ""ai_copyright_theft"": 0.42, ""ai_mass_surveillance"": 0.5}"
user_0813,coding_heavy,Mostly AI coding innovations,100,0.023075491292104174,0.12761396344989365,0.015494345221899275,0.015181811403087792,0.017915111997363765,0.05084930674835996,0.04023127764212887,0.03533877685169236,0.12308153131723254,0.03478056069898595,0.01656001432528133,0.029769617592359788,0.09775893381596215,0.013711272714438925,0.10853086914619066,0.02575260892525717,0.09230369777023573,0.07863289348023528,0.04278910224302518,0.010628813364265613,0.0,0.0,0.0,0.0,0.0,0.0,0.11,0.0,0.77,0.0,0.0,0.0,0.0,0.0,0.0,0.0,0.0,0.12,0.0,0.0,soft,"{""ai_coding_innovations"": 0.8, ""ai_copyright_theft"": 0.1, ""ai_mass_surveillance"": 0.1}","{""ai_coding_innovations"": 0.77, ""ai_copyright_theft"": 0.11, ""ai_mass_surveillance"": 0.12}"
user_0814,copyright_heavy,Mostly AI copyright / theft concerns,100,0.029707201342463085,0.038206664989714305,0.050878446380432485,0.012496687080915139,0.03676953407012489,0.02142427153959402,0.12000162316019448,0.0354205208566521,0.0507582409717182,0.11333008575810433,0.05319998259869013,0.08816614220035347,0.03422427757241084,0.015034588922245913,0.043406470744218405,0.07860616021303911,0.03897325958054153,0.07230825178986483,0.02811534422064575,0.038972246008076764,0.0,0.0,0.0,0.0,0.0,0.0,0.83,0.0,0.08,0.0,0.0,0.0,0.0,0.0,0.0,0.0,0.0,0.09,0.0,0.0,soft,"{""ai_coding_innovations"": 0.1, ""ai_copyright_theft"": 0.8, ""ai_mass_surveillance"": 0.1}","{""ai_coding_innovations"": 0.08, ""ai_copyright_theft"": 0.83, ""ai_mass_surveillance"": 0.09}"
user_0815,surveillance_heavy,Mostly AI mass surveillance,100,0.09678131646960178,0.04489694245586072,0.01858715871214191,0.053225276648939356,0.02066547471951906,0.015754370530243957,0.04274790740752177,0.08734631610253471,0.058076922521547295,0.03835381599312002,0.016328826084978484,0.03163520497545987,0.02896874912407315,0.04861943708608246,0.041834198388254876,0.033115638662624444,0.03377723179037794,0.24604159268066686,0.02749421350056215,0.015749406145889093,0.0,0.0,0.0,0.0,0.0,0.0,0.1,0.0,0.02,0.0,0.0,0.0,0.0,0.0,0.0,0.0,0.0,0.88,0.0,0.0,soft,"{""ai_coding_innovations"": 0.1, ""ai_copyright_theft"": 0.1, ""ai_mass_surveillance"": 0.8}","{""ai_coding_innovations"": 0.02, ""ai_copyright_theft"": 0.1, ""ai_mass_surveillance"": 0.88}"
user_0816,balanced,Even across all topics,100,0.04206772595815593,0.07644532670545455,0.02907805158518262,0.02275992341673371,0.025401115822046735,0.0322386938969896,0.06985241183181981,0.04706525469707836,0.08211907690381928,0.06419466893258423,0.029853569868352824,0.051459240832501786,0.059146214414210814,0.022044256452429984,0.06980995002953491,0.046659685308914726,0.05971606090260079,0.11398012583885887,0.03400452752483002,0.022104119077900403,0.0,0.0,0.0,0.0,0.0,0.0,0.37,0.0,0.35,0.0,0.0,0.0,0.0,0.0,0.0,0.0,0.0,0.28,0.0,0.0,soft,"{""ai_coding_innovations"": 0.333333, ""ai_copyright_theft"": 0.333333, ""ai_mass_surveillance"": 0.333334}","{""ai_coding_innovations"": 0.35, ""ai_copyright_theft"": 0.37, ""ai_mass_surveillance"": 0.28}"
user_0817,coding_copyright,Split: coding + copyright,100,0.018265691333795436,0.09101776953874789,0.033278716776233244,0.00956978202194839,0.02726876344188453,0.03968161018625908,0.08082076029242967,0.029589362936558703,0.09326583323868826,0.07462690495598404,0.035357963628707204,0.05948088459460709,0.0728675671461741,0.010502068090548683,0.0825918872791686,0.05201180907122683,0.0714974681074474,0.05675073150739184,0.03697427636360534,0.02458014948859367,0.0,0.0,0.0,0.0,0.0,0.0,0.48,0.0,0.5,0.0,0.0,0.0,0.0,0.0,0.0,0.0,0.0,0.02,0.0,0.0,soft,"{""ai_coding_innovations"": 0.45, ""ai_copyright_theft"": 0.45, ""ai_mass_surveillance"": 0.1}","{""ai_coding_innovations"": 0.5, ""ai_copyright_theft"": 0.48, ""ai_mass_surveillance"": 0.02}"
user_0818,coding_surveillance,Split: coding + surveillance,100,0.05072032084131546,0.10071077666856931,0.014889125435310688,0.02975790265175945,0.018011068651447717,0.03900706814781176,0.037175449954340925,0.05507642027524048,0.1020428289923421,0.03218720882466973,0.014629873886068297,0.02754140679333207,0.0748413267665226,0.026895664244587968,0.08648788524914679,0.025889914306612853,0.07276903460109721,0.14249826850399588,0.03772109976118228,0.011147355444646363,0.0,0.0,0.0,0.0,0.0,0.0,0.07,0.0,0.52,0.0,0.0,0.0,0.0,0.0,0.0,0.0,0.0,0.41,0.0,0.0,soft,"{""ai_coding_innovations"": 0.45, ""ai_copyright_theft"": 0.1, ""ai_mass_surveillance"": 0.45}","{""ai_coding_innovations"": 0.52, ""ai_copyright_theft"": 0.07, ""ai_mass_surveillance"": 0.41}"
user_0819,copyright_surveillance,Split: copyright + surveillance,100,0.05823216115924753,0.04441154336262637,0.0357068030258612,0.030067913354147612,0.029158192812241458,0.02008968009959641,0.08388709259858257,0.05769172946331311,0.056595428418488,0.07823803383257634,0.03601689854146896,0.061738190152514597,0.03433976488890093,0.029391893234911457,0.04516123876888686,0.05712090001556606,0.03873364140445337,0.14706938629976718,0.02839625004753355,0.02795325851931653,0.0,0.0,0.0,0.0,0.0,0.0,0.49,0.0,0.08,0.0,0.0,0.0,0.0,0.0,0.0,0.0,0.0,0.43,0.0,0.0,soft,"{""ai_coding_innovations"": 0.1, ""ai_copyright_theft"": 0.45, ""ai_mass_surveillance"": 0.45}","{""ai_coding_innovations"": 0.08, ""ai_copyright_theft"": 0.49, ""ai_mass_surveillance"": 0.43}"
user_0820,coding_heavy,Mostly AI coding innovations,100,0.020160817061259308,0.13092994414656428,0.015352783690107714,0.01368074482416341,0.01779614296935063,0.05225153408950812,0.04008812476849948,0.03328467670354884,0.12568858294840904,0.034596345720249375,0.016549046461884945,0.02966390238874421,0.10051067707106885,0.012331837085823376,0.1112008004094783,0.025432810959059547,0.09464447450569344,0.07202449978811203,0.04340122827016711,0.010411026138308008,0.0,0.0,0.0,0.0,0.0,0.0,0.11,0.0,0.8,0.0,0.0,0.0,0.0,0.0,0.0,0.0,0.0,0.09,0.0,0.0,soft,"{""ai_coding_innovations"": 0.8, ""ai_copyright_theft"": 0.1, ""ai_mass_surveillance"": 0.1}","{""ai_coding_innovations"": 0.8, ""ai_copyright_theft"": 0.11, ""ai_mass_surveillance"": 0.09}"
user_0821,copyright_heavy,Mostly AI copyright / theft concerns,100,0.031826343549874306,0.04261762422278118,0.04805953602136367,0.01409642513844353,0.03530738717307351,0.022590982744272025,0.11348531783451594,0.03729663399203702,0.05439538450526592,0.1069531557336864,0.050156705784019436,0.08339667075300168,0.03699640094219229,0.016188795231159587,0.04638606695303578,0.0744948457414051,0.04127175075551313,0.07889299948184203,0.028777041864297286,0.03680993157822031,0.0,0.0,0.0,0.0,0.0,0.0,0.77,0.0,0.11,0.0,0.0,0.0,0.0,0.0,0.0,0.0,0.0,0.12,0.0,0.0,soft,"{""ai_coding_innovations"": 0.1, ""ai_copyright_theft"": 0.8, ""ai_mass_surveillance"": 0.1}","{""ai_coding_innovations"": 0.11, ""ai_copyright_theft"": 0.77, ""ai_mass_surveillance"": 0.12}"
user_0822,surveillance_heavy,Mostly AI mass surveillance,100,0.09262990682066406,0.051893896694667443,0.01741158603946637,0.051256745036574874,0.01997981070714671,0.018480319833716917,0.040337217509579984,0.0845481869007572,0.06363438975135748,0.035921147687086395,0.015296120707760959,0.02986918915364994,0.034479029005844854,0.04670511314136113,0.04727728256334002,0.031212203895083765,0.03844469007446471,0.23722251909112052,0.028734989427015876,0.014665655959340954,0.0,0.0,0.0,0.0,0.0,0.0,0.08,0.0,0.08,0.0,0.0,0.0,0.0,0.0,0.0,0.0,0.0,0.84,0.0,0.0,soft,"{""ai_coding_innovations"": 0.1, ""ai_copyright_theft"": 0.1, ""ai_mass_surveillance"": 0.8}","{""ai_coding_innovations"": 0.08, ""ai_copyright_theft"": 0.08, ""ai_mass_surveillance"": 0.84}"
user_0823,balanced,Even across all topics,100,0.051694155440008896,0.0745893173906456,0.025649814680604455,0.02839539617759514,0.02372918102467553,0.03052244504054789,0.061498028102717005,0.05435963922325973,0.08088548114247095,0.056121930517078894,0.025821459130050083,0.04534661437780232,0.05642164464533706,0.026801881331084472,0.06755290536028691,0.04192412793453046,0.05731890341982822,0.13817937470978267,0.03345849698636757,0.01972920336532618,0.0,0.0,0.0,0.0,0.0,0.0,0.29,0.0,0.32,0.0,0.0,0.0,0.0,0.0,0.0,0.0,0.0,0.39,0.0,0.0,soft,"{""ai_coding_innovations"": 0.333333, ""ai_copyright_theft"": 0.333333, ""ai_mass_surveillance"": 0.333334}","{""ai_coding_innovations"": 0.32, ""ai_copyright_theft"": 0.29, ""ai_mass_surveillance"": 0.39}"
user_0824,coding_copyright,Split: coding + copyright,100,0.022417100982733126,0.0840208152999412,0.03445428944890878,0.011538313634312892,0.027954427454256883,0.03695566088278612,0.08323145019037148,0.032387492138336256,0.08770836600887813,0.07705957326201765,0.03639066900592474,0.061246900416417,0.0673572872644024,0.012416392035270039,0.07714880310408341,0.053915243838767495,0.06683000982336064,0.0655698050969382,0.03573350043715162,0.025663899675141818,0.0,0.0,0.0,0.0,0.0,0.0,0.5,0.0,0.44,0.0,0.0,0.0,0.0,0.0,0.0,0.0,0.0,0.06,0.0,0.0,soft,"{""ai_coding_innovations"": 0.45, ""ai_copyright_theft"": 0.45, ""ai_mass_surveillance"": 0.1}","{""ai_coding_innovations"": 0.44, ""ai_copyright_theft"": 0.5, ""ai_mass_surveillance"": 0.06}"
user_0825,coding_surveillance,Split: coding + surveillance,100,0.06264419510583942,0.084871207238641,0.016442195526097048,0.03572927847458899,0.019013983405188416,0.03254184593461038,0.039967880848627714,0.0633521498720674,0.08953322407939454,0.035111117074000914,0.015691826899009515,0.02958932982478356,0.06199306487113298,0.03248848319895076,0.07392498437196124,0.02864614365068049,0.061859505022456525,0.16893972527253762,0.034847987762350104,0.012811871567081438,0.0,0.0,0.0,0.0,0.0,0.0,0.09,0.0,0.38,0.0,0.0,0.0,0.0,0.0,0.0,0.0,0.0,0.53,0.0,0.0,soft,"{""ai_coding_innovations"": 0.45, ""ai_copyright_theft"": 0.1, ""ai_mass_surveillance"": 0.45}","{""ai_coding_innovations"": 0.38, ""ai_copyright_theft"": 0.09, ""ai_mass_surveillance"": 0.53}"
user_0826,copyright_surveillance,Split: copyright + surveillance,100,0.063928920950365,0.03906740529090804,0.03549651410763424,0.03308649175843037,0.029132611547423633,0.017713381841604425,0.08306348864595661,0.0617702652574737,0.052422024350255614,0.077512939622857,0.03552979348858386,0.06113708945125115,0.02975692281616881,0.03211322627219223,0.04076296415432913,0.057021977208322625,0.034825299251942776,0.16028223268398936,0.027384301938381938,0.02799214936192939,0.0,0.0,0.0,0.0,0.0,0.0,0.48,0.0,0.03,0.0,0.0,0.0,0.0,0.0,0.0,0.0,0.0,0.49,0.0,0.0,soft,"{""ai_coding_innovations"": 0.1, ""ai_copyright_theft"": 0.45, ""ai_mass_surveillance"": 0.45}","{""ai_coding_innovations"": 0.03, ""ai_copyright_theft"": 0.48, ""ai_mass_surveillance"": 0.49}"
user_0827,coding_heavy,Mostly AI coding innovations,100,0.01755475755450136,0.13957971455245927,0.012791349426529678,0.012762260003717168,0.016399233679788107,0.05532713443846204,0.03444314101998997,0.03176695409415433,0.13263011333979688,0.029005914898462822,0.013996530654564783,0.025530770043860916,0.10694839476188014,0.011224522233661438,0.1176886941450909,0.021527018616734818,0.10007104892135633,0.06759919899324146,0.04487083201392293,0.008282416607824557,0.0,0.0,0.0,0.0,0.0,0.0,0.06,0.0,0.87,0.0,0.0,0.0,0.0,0.0,0.0,0.0,0.0,0.07,0.0,0.0,soft,"{""ai_coding_innovations"": 0.8, ""ai_copyright_theft"": 0.1, ""ai_mass_surveillance"": 0.1}","{""ai_coding_innovations"": 0.87, ""ai_copyright_theft"": 0.06, ""ai_mass_surveillance"": 0.07}"
user_0828,copyright_heavy,Mostly AI copyright / theft concerns,100,0.029442024001318547,0.04078231163296015,0.049891622416812366,0.012529577573783148,0.03624249542843672,0.022280584388202743,0.11778180376042519,0.03536119185239924,0.05283963935995964,0.1111430374237195,0.052181901039334434,0.08654107998336438,0.03606556644737358,0.01495951248234529,0.045289646568253406,0.07712912273376192,0.04051968221735132,0.07230036978981617,0.028539952110910236,0.03817887878947208,0.0,0.0,0.0,0.0,0.0,0.0,0.81,0.0,0.1,0.0,0.0,0.0,0.0,0.0,0.0,0.0,0.0,0.09,0.0,0.0,soft,"{""ai_coding_innovations"": 0.1, ""ai_copyright_theft"": 0.8, ""ai_mass_surveillance"": 0.1}","{""ai_coding_innovations"": 0.1, ""ai_copyright_theft"": 0.81, ""ai_mass_surveillance"": 0.09}"
user_0829,surveillance_heavy,Mostly AI mass surveillance,100,0.09134973401962883,0.04766543388433324,0.019784271593989006,0.050173807751788604,0.021218094626025055,0.017274355939627214,0.04579133075991698,0.08332710931262702,0.06016892820153829,0.04126595853722418,0.017834012697219265,0.03386136789371244,0.03171030232184251,0.0459731804887023,0.044349297178777614,0.034691598949145065,0.03613915130607875,0.23283662829649332,0.02808155371944927,0.016503882521880925,0.0,0.0,0.0,0.0,0.0,0.0,0.13,0.0,0.05,0.0,0.0,0.0,0.0,0.0,0.0,0.0,0.0,0.82,0.0,0.0,soft,"{""ai_coding_innovations"": 0.1, ""ai_copyright_theft"": 0.1, ""ai_mass_surveillance"": 0.8}","{""ai_coding_innovations"": 0.05, ""ai_copyright_theft"": 0.13, ""ai_mass_surveillance"": 0.82}"
user_0830,balanced,Even across all topics,100,0.04250892935281511,0.08049129309305599,0.02715159083520621,0.02332605992877786,0.024386694881341434,0.03348391048049099,0.06546049065682433,0.04763129673795381,0.08541285646990994,0.05988197725672671,0.027821062704106878,0.04824435479972869,0.061911544412434016,0.022353915448833913,0.07268632458984237,0.04381220967242619,0.062028647264401104,0.11616715973613591,0.03464970129631168,0.02058998038267689,0.0,0.0,0.0,0.0,0.0,0.0,0.33,0.0,0.38,0.0,0.0,0.0,0.0,0.0,0.0,0.0,0.0,0.29,0.0,0.0,soft,"{""ai_coding_innovations"": 0.333333, ""ai_copyright_theft"": 0.333333, ""ai_mass_surveillance"": 0.333334}","{""ai_coding_innovations"": 0.38, ""ai_copyright_theft"": 0.33, ""ai_mass_surveillance"": 0.29}"
user_0831,coding_copyright,Split: coding + copyright,100,0.025905567278809476,0.08346297766924914,0.03316280221253398,0.013589071478847404,0.0273224948624088,0.03637049370083499,0.08009259158889005,0.035037298829481645,0.08735439474967152,0.07402462073208912,0.034878170484753036,0.05895026069575403,0.06645022957003754,0.014143024880239833,0.07641365848908573,0.052126084908115176,0.06602860813129832,0.07436917368636284,0.03555424423635912,0.024764231815178256,0.0,0.0,0.0,0.0,0.0,0.0,0.47,0.0,0.43,0.0,0.0,0.0,0.0,0.0,0.0,0.0,0.0,0.1,0.0,0.0,soft,"{""ai_coding_innovations"": 0.45, ""ai_copyright_theft"": 0.45, ""ai_mass_surveillance"": 0.1}","{""ai_coding_innovations"": 0.43, ""ai_copyright_theft"": 0.47, ""ai_mass_surveillance"": 0.1}"
user_0832,coding_surveillance,Split: coding + surveillance,100,0.06445472258916368,0.08394837676248348,0.01604315789881468,0.03674643477363924,0.018829776769686418,0.032035184131482625,0.038953406397829314,0.0646918854687033,0.08883588885273092,0.03414040289263286,0.015190098028262586,0.02884727551869935,0.06107921380520984,0.03337056873141081,0.07308661810845368,0.028120823555173625,0.061072198517222925,0.1733413800672621,0.034652207689387725,0.012560379441750827,0.0,0.0,0.0,0.0,0.0,0.0,0.08,0.0,0.37,0.0,0.0,0.0,0.0,0.0,0.0,0.0,0.0,0.55,0.0,0.0,soft,"{""ai_coding_innovations"": 0.45, ""ai_copyright_theft"": 0.1, ""ai_mass_surveillance"": 0.45}","{""ai_coding_innovations"": 0.37, ""ai_copyright_theft"": 0.08, ""ai_mass_surveillance"": 0.55}"
user_0833,copyright_surveillance,Split: copyright + surveillance,100,0.06229441952055534,0.04661184879791285,0.03298226702132005,0.03266836246429226,0.027775358600532166,0.020321573076842292,0.07746622252199027,0.06093724269746035,0.05849453753125134,0.0719839137939827,0.03298093363572916,0.057039195507573075,0.0352773927552779,0.03146572329623549,0.046360880802179136,0.053222784188063754,0.03947161475578647,0.15805972978649324,0.028649863673090446,0.02593613557343182,0.0,0.0,0.0,0.0,0.0,0.0,0.43,0.0,0.09,0.0,0.0,0.0,0.0,0.0,0.0,0.0,0.0,0.48,0.0,0.0,soft,"{""ai_coding_innovations"": 0.1, ""ai_copyright_theft"": 0.45, ""ai_mass_surveillance"": 0.45}","{""ai_coding_innovations"": 0.09, ""ai_copyright_theft"": 0.43, ""ai_mass_surveillance"": 0.48}"
user_0834,coding_heavy,Mostly AI coding innovations,100,0.02320807996267643,0.1263261401282707,0.015987757203709332,0.015165366156653783,0.018178631318207846,0.05042115032405559,0.04134118734201352,0.035368441353818794,0.12204083212311179,0.035874084866178345,0.017069055104959173,0.03058214870085436,0.09683828937848075,0.013748810934389236,0.10758928123417312,0.026491127664895763,0.09153048645183082,0.0786368344802596,0.04257679829789294,0.01102549697356795,0.0,0.0,0.0,0.0,0.0,0.0,0.12,0.0,0.76,0.0,0.0,0.0,0.0,0.0,0.0,0.0,0.0,0.12,0.0,0.0,soft,"{""ai_coding_innovations"": 0.8, ""ai_copyright_theft"": 0.1, ""ai_mass_surveillance"": 0.1}","{""ai_coding_innovations"": 0.76, ""ai_copyright_theft"": 0.12, ""ai_mass_surveillance"": 0.12}"
user_0835,copyright_heavy,Mostly AI copyright / theft concerns,100,0.03390204837434315,0.03911914710337783,0.04864732235770143,0.015080690944625797,0.035650219179259694,0.021228008092535552,0.11469066278348686,0.03869569859292579,0.05161665089036083,0.1081694898867032,0.05067305847262822,0.08427967866390662,0.03424126100130645,0.017145957203520266,0.043664524865493194,0.07544656312517545,0.03893802161346975,0.08330253627661519,0.02815665390107041,0.037351806671494396,0.0,0.0,0.0,0.0,0.0,0.0,0.78,0.0,0.08,0.0,0.0,0.0,0.0,0.0,0.0,0.0,0.0,0.14,0.0,0.0,soft,"{""ai_coding_innovations"": 0.1, ""ai_copyright_theft"": 0.8, ""ai_mass_surveillance"": 0.1}","{""ai_coding_innovations"": 0.08, ""ai_copyright_theft"": 0.78, ""ai_mass_surveillance"": 0.14}"
user_0836,surveillance_heavy,Mostly AI mass surveillance,100,0.08552038555793914,0.05429739527767452,0.019501148530405903,0.04717167459393988,0.020980156569998794,0.020078810621923567,0.045505025012658275,0.07921890901634003,0.06538303146389142,0.04089752857975103,0.017812076970426513,0.0336499374864813,0.037213788832055984,0.0432143092314712,0.04968915970535284,0.03405200301674986,0.040820704776994246,0.21961984091224684,0.029305805773733113,0.016068308069965738,0.0,0.0,0.0,0.0,0.0,0.0,0.13,0.0,0.11,0.0,0.0,0.0,0.0,0.0,0.0,0.0,0.0,0.76,0.0,0.0,soft,"{""ai_coding_innovations"": 0.1, ""ai_copyright_theft"": 0.1, ""ai_mass_surveillance"": 0.8}","{""ai_coding_innovations"": 0.11, ""ai_copyright_theft"": 0.13, ""ai_mass_surveillance"": 0.76}"
user_0837,balanced,Even across all topics,100,0.0494424245620254,0.07146618147920164,0.02797531305786324,0.026812103366500747,0.02492780860088284,0.029783890260174244,0.06690442372851088,0.05245386158574841,0.07828903680304396,0.06140533637430449,0.028355695165042962,0.049303554716659606,0.054570165713037,0.025610136802220494,0.06551489706348708,0.045296923666525886,0.0557936235632615,0.13159068601778118,0.03300910328784829,0.021494834185880312,0.0,0.0,0.0,0.0,0.0,0.0,0.34,0.0,0.3,0.0,0.0,0.0,0.0,0.0,0.0,0.0,0.0,0.36,0.0,0.0,soft,"{""ai_coding_innovations"": 0.333333, ""ai_copyright_theft"": 0.333333, ""ai_mass_surveillance"": 0.333334}","{""ai_coding_innovations"": 0.3, ""ai_copyright_theft"": 0.34, ""ai_mass_surveillance"": 0.36}"
user_0838,coding_copyright,Split: coding + copyright,100,0.024138477178427528,0.09229524449787685,0.030155143144409743,0.013187387431143295,0.025701722594673237,0.03940684136037722,0.07338541576503901,0.03417461176734188,0.09446760712478788,0.06740207073602235,0.031820269852220466,0.05403983564358144,0.07289134394662795,0.01345798368433277,0.08295316304895325,0.04758837314821768,0.07144813495354689,0.07214272978884238,0.03703210991619988,0.022311534417378327,0.0,0.0,0.0,0.0,0.0,0.0,0.41,0.0,0.5,0.0,0.0,0.0,0.0,0.0,0.0,0.0,0.0,0.09,0.0,0.0,soft,"{""ai_coding_innovations"": 0.45, ""ai_copyright_theft"": 0.45, ""ai_mass_surveillance"": 0.1}","{""ai_coding_innovations"": 0.5, ""ai_copyright_theft"": 0.41, ""ai_mass_surveillance"": 0.09}"
user_0839,coding_surveillance,Split: coding + surveillance,100,0.046525473809435364,0.09979829455490576,0.01712024945804177,0.027173898788048812,0.019130383542312918,0.03920333159487023,0.04248641033104856,0.051801242538966834,0.10118441907369947,0.03734780469607095,0.017156798012130235,0.03142787032977898,0.07482434333762696,0.024784295963313618,0.08622983112787205,0.029049511394476545,0.072804272568169,0.13150398401724556,0.03767979008075759,0.012767794781228746,0.0,0.0,0.0,0.0,0.0,0.0,0.12,0.0,0.52,0.0,0.0,0.0,0.0,0.0,0.0,0.0,0.0,0.36,0.0,0.0,soft,"{""ai_coding_innovations"": 0.45, ""ai_copyright_theft"": 0.1, ""ai_mass_surveillance"": 0.45}","{""ai_coding_innovations"": 0.52, ""ai_copyright_theft"": 0.12, ""ai_mass_surveillance"": 0.36}"
user_0840,copyright_surveillance,Split: copyright + surveillance,100,0.05522833564077275,0.05692478373339014,0.03166513281685296,0.02919876427300335,0.02697072556014666,0.0244497497214634,0.07491237975041905,0.05608501334753928,0.06665905639223803,0.06936703050921245,0.03193726039511521,0.05516746448214758,0.04353941589215628,0.028171963722898583,0.0544738962405519,0.05099955145432544,0.046479849775330984,0.1426322625048236,0.030502765626686072,0.024634598160926034,0.0,0.0,0.0,0.0,0.0,0.0,0.41,0.0,0.18,0.0,0.0,0.0,0.0,0.0,0.0,0.0,0.0,0.41,0.0,0.0,soft,"{""ai_coding_innovations"": 0.1, ""ai_copyright_theft"": 0.45, ""ai_mass_surveillance"": 0.45}","{""ai_coding_innovations"": 0.18, ""ai_copyright_theft"": 0.41, ""ai_mass_surveillance"": 0.41}"
user_0841,coding_heavy,Mostly AI coding innovations,100,0.020602020455918486,0.13497591053416577,0.013426322940131302,0.014246881336207549,0.01678172202864533,0.053496750673009526,0.035696203593504006,0.0338507187444243,0.12898236251449968,0.03028365404439183,0.014516539297639018,0.026449016355971078,0.10327600706929208,0.012641496082227309,0.11407717496978573,0.02258533532257101,0.09695706086749376,0.0742115336853891,0.044046402041648794,0.008896887443084504,0.0,0.0,0.0,0.0,0.0,0.0,0.07,0.0,0.83,0.0,0.0,0.0,0.0,0.0,0.0,0.0,0.0,0.1,0.0,0.0,soft,"{""ai_coding_innovations"": 0.8, ""ai_copyright_theft"": 0.1, ""ai_mass_surveillance"": 0.1}","{""ai_coding_innovations"": 0.83, ""ai_copyright_theft"": 0.07, ""ai_mass_surveillance"": 0.1}"
user_0842,copyright_heavy,Mostly AI copyright / theft concerns,100,0.02816185120028334,0.03655384882262599,0.052264307971334995,0.011446640288996886,0.03748077934731508,0.021074620494113062,0.12323591701076221,0.03414011426426907,0.049374177810140474,0.11648784827385723,0.054719793028792756,0.09053325872342684,0.03329683976337125,0.01422757982968649,0.042361661183691016,0.0806085177878232,0.038214143448965364,0.06791447899518908,0.027886516403343643,0.040017105352012076,0.0,0.0,0.0,0.0,0.0,0.0,0.86,0.0,0.07,0.0,0.0,0.0,0.0,0.0,0.0,0.0,0.0,0.07,0.0,0.0,soft,"{""ai_coding_innovations"": 0.1, ""ai_copyright_theft"": 0.8, ""ai_mass_surveillance"": 0.1}","{""ai_coding_innovations"": 0.07, ""ai_copyright_theft"": 0.86, ""ai_mass_surveillance"": 0.07}"
user_0843,surveillance_heavy,Mostly AI mass surveillance,100,0.09139317140257125,0.0555748702368035,0.01637757489858238,0.05078928000313475,0.01941311572278749,0.0198040417960417,0.03806968048526753,0.08380415784712314,0.06658480534999107,0.03367269435978934,0.014274383193939795,0.028208888535455598,0.037237565632509816,0.046170224825255304,0.050050435475137524,0.029628567093740673,0.04077137162309374,0.23501183919369736,0.02936363932632765,0.013799692998750397,0.0,0.0,0.0,0.0,0.0,0.0,0.06,0.0,0.11,0.0,0.0,0.0,0.0,0.0,0.0,0.0,0.0,0.83,0.0,0.0,soft,"{""ai_coding_innovations"": 0.1, ""ai_copyright_theft"": 0.1, ""ai_mass_surveillance"": 0.8}","{""ai_coding_innovations"": 0.11, ""ai_copyright_theft"": 0.06, ""ai_mass_surveillance"": 0.83}"
user_0844,balanced,Even across all topics,100,0.05028139396840141,0.07164867790193433,0.027529088253317013,0.02732890413924287,0.02470394562270979,0.02974463757076256,0.06584223165316938,0.05310889713300313,0.07846071878677247,0.06037321720002424,0.02785031033983057,0.048526262009370214,0.05457356239881613,0.026032410458475364,0.06556650788774201,0.04466500424895313,0.055786575969847124,0.1337895429151312,0.03301736522393321,0.02117074631856383,0.0,0.0,0.0,0.0,0.0,0.0,0.33,0.0,0.3,0.0,0.0,0.0,0.0,0.0,0.0,0.0,0.0,0.37,0.0,0.0,soft,"{""ai_coding_innovations"": 0.333333, ""ai_copyright_theft"": 0.333333, ""ai_mass_surveillance"": 0.333334}","{""ai_coding_innovations"": 0.3, ""ai_copyright_theft"": 0.33, ""ai_mass_surveillance"": 0.37}"
user_0845,coding_copyright,Split: coding + copyright,100,0.02475798314834654,0.07794669153729206,0.03602889974886669,0.012489688947627125,0.02882429810213124,0.03473637338244092,0.08665661453911172,0.03384588574347792,0.08284823400573167,0.08046295574941935,0.037925103253889224,0.06375497054431112,0.06276085844855384,0.013448630447531345,0.07254408519250584,0.056343998701815085,0.06294985804450752,0.06998722389176008,0.034688504583660296,0.02699914198702059,0.0,0.0,0.0,0.0,0.0,0.0,0.53,0.0,0.39,0.0,0.0,0.0,0.0,0.0,0.0,0.0,0.0,0.08,0.0,0.0,soft,"{""ai_coding_innovations"": 0.45, ""ai_copyright_theft"": 0.45, ""ai_mass_surveillance"": 0.1}","{""ai_coding_innovations"": 0.39, ""ai_copyright_theft"": 0.53, ""ai_mass_surveillance"": 0.08}"
user_0846,coding_surveillance,Split: coding + surveillance,100,0.0563736432494905,0.08745720224438076,0.018085533212490356,0.032161008804696085,0.019790466289867446,0.03410108403340531,0.04407349627636446,0.05867790753490496,0.09145354777565697,0.039055378792385305,0.01770239833646269,0.03259278545032549,0.06473122138312319,0.029419952945315738,0.07638847233822905,0.030854023354773844,0.0642284721315717,0.15353590399101402,0.035427066045152285,0.01389043581038975,0.0,0.0,0.0,0.0,0.0,0.0,0.13,0.0,0.41,0.0,0.0,0.0,0.0,0.0,0.0,0.0,0.0,0.46,0.0,0.0,soft,"{""ai_coding_innovations"": 0.45, ""ai_copyright_theft"": 0.1, ""ai_mass_surveillance"": 0.45}","{""ai_coding_innovations"": 0.41, ""ai_copyright_theft"": 0.13, ""ai_mass_surveillance"": 0.46}"
user_0847,copyright_surveillance,Split: copyright + surveillance,100,0.05381557416916529,0.053984144244678886,0.03354440638956553,0.028132272234651076,0.027945490158180937,0.02367194225167809,0.07925658330087142,0.054834271257282685,0.06423429403653957,0.07361831719215782,0.0339661116048957,0.058347112113715474,0.041691333645635306,0.02740249285028948,0.052487498768007,0.05374042776874813,0.04494752232534994,0.13824243071017217,0.03006163386425171,0.026076141114163703,0.0,0.0,0.0,0.0,0.0,0.0,0.45,0.0,0.16,0.0,0.0,0.0,0.0,0.0,0.0,0.0,0.0,0.39,0.0,0.0,soft,"{""ai_coding_innovations"": 0.1, ""ai_copyright_theft"": 0.45, ""ai_mass_surveillance"": 0.45}","{""ai_coding_innovations"": 0.16, ""ai_copyright_theft"": 0.45, ""ai_mass_surveillance"": 0.39}"
user_0848,coding_heavy,Mostly AI coding innovations,100,0.020867197797063048,0.1324002638909199,0.014413146903751431,0.014213990843339547,0.017308760670333503,0.052640437824400796,0.03791602299327331,0.033910047748677154,0.12690096412625826,0.03247070237877667,0.01553462085699471,0.028074078572960244,0.10143471819432937,0.012716572522127934,0.11219399914575075,0.024062372801848204,0.09541063823068396,0.07421941568543775,0.04362179415138429,0.009690254661689181,0.0,0.0,0.0,0.0,0.0,0.0,0.09,0.0,0.81,0.0,0.0,0.0,0.0,0.0,0.0,0.0,0.0,0.1,0.0,0.0,soft,"{""ai_coding_innovations"": 0.8, ""ai_copyright_theft"": 0.1, ""ai_mass_surveillance"": 0.1}","{""ai_coding_innovations"": 0.81, ""ai_copyright_theft"": 0.09, ""ai_mass_surveillance"": 0.1}"
user_0849,copyright_heavy,Mostly AI copyright / theft concerns,100,0.027896673859138774,0.03912949546587183,0.05127748400771486,0.011479530781864885,0.036953740705626896,0.021930933342721767,0.12101609761099288,0.0340807852600162,0.05145557619838189,0.11430079993947238,0.05370171146943706,0.08890819650643769,0.03513812863833398,0.014152503389785862,0.04424483700772601,0.079131480308546,0.039760566085775134,0.0679065969951404,0.02831112429360812,0.039223738133407376,0.0,0.0,0.0,0.0,0.0,0.0,0.84,0.0,0.09,0.0,0.0,0.0,0.0,0.0,0.0,0.0,0.0,0.07,0.0,0.0,soft,"{""ai_coding_innovations"": 0.1, ""ai_copyright_theft"": 0.8, ""ai_mass_surveillance"": 0.1}","{""ai_coding_innovations"": 0.09, ""ai_copyright_theft"": 0.84, ""ai_mass_surveillance"": 0.07}"
user_0850,surveillance_heavy,Mostly AI mass surveillance,100,0.0915257600731435,0.05428704691518056,0.016870986880392454,0.05077283475670075,0.019676635043631572,0.019375885371737334,0.03917959018515217,0.0838338223492496,0.06554410615587036,0.03476621852698178,0.01478342397361764,0.029021419643950178,0.036316921195028475,0.046207763045205616,0.049108847563120034,0.03036708583337929,0.039998160304688835,0.2350157801937217,0.02915133538119541,0.01419637660805274,0.0,0.0,0.0,0.0,0.0,0.0,0.07,0.0,0.1,0.0,0.0,0.0,0.0,0.0,0.0,0.0,0.0,0.83,0.0,0.0,soft,"{""ai_coding_innovations"": 0.1, ""ai_copyright_theft"": 0.1, ""ai_mass_surveillance"": 0.8}","{""ai_coding_innovations"": 0.1, ""ai_copyright_theft"": 0.07, ""ai_mass_surveillance"": 0.83}"
user_0851,balanced,Even across all topics,100,0.048205689143932584,0.07514715502133765,0.02694130191697925,0.026344638333060603,0.02436111361652361,0.031107612222499026,0.06463688670419845,0.05170983253211436,0.08123945240167754,0.059156883047007405,0.027333957651221787,0.047643254098465274,0.05732870233970196,0.025075248486114688,0.06828804997528463,0.04371328686518278,0.058120305111890466,0.12938000612035805,0.03363775318716007,0.02062887122528975,0.0,0.0,0.0,0.0,0.0,0.0,0.32,0.0,0.33,0.0,0.0,0.0,0.0,0.0,0.0,0.0,0.0,0.35,0.0,0.0,soft,"{""ai_coding_innovations"": 0.333333, ""ai_copyright_theft"": 0.333333, ""ai_mass_surveillance"": 0.333334}","{""ai_coding_innovations"": 0.33, ""ai_copyright_theft"": 0.32, ""ai_mass_surveillance"": 0.35}"
user_0852,coding_copyright,Split: coding + copyright,100,0.02824644944442287,0.07738885390659994,0.03473741251249187,0.01454044679216163,0.02819236551028314,0.03415120620048977,0.08351775593763022,0.03649569243462328,0.08249426274652502,0.0774280032194908,0.0364126047327175,0.06145833082364814,0.06185380075418893,0.015175263292501125,0.07180894057750811,0.05455483977116272,0.06214845635244519,0.0787865924811847,0.03450924838286778,0.02609947412705701,0.0,0.0,0.0,0.0,0.0,0.0,0.5,0.0,0.38,0.0,0.0,0.0,0.0,0.0,0.0,0.0,0.0,0.12,0.0,0.0,soft,"{""ai_coding_innovations"": 0.45, ""ai_copyright_theft"": 0.45, ""ai_mass_surveillance"": 0.1}","{""ai_coding_innovations"": 0.38, ""ai_copyright_theft"": 0.5, ""ai_mass_surveillance"": 0.12}"
user_0853,coding_surveillance,Split: coding + surveillance,100,0.04970532538142479,0.09390666721498932,0.018248634953453465,0.028642074874105174,0.019776391212014223,0.036944791405113336,0.04484938260444723,0.053914671691363186,0.09649596905428157,0.03971906800919239,0.018185847434882312,0.033158647750383734,0.07023131120755753,0.026238808031829788,0.08167672404054939,0.03084634683995136,0.0689170731959015,0.1381202597094175,0.03664305616335118,0.013778949225791029,0.0,0.0,0.0,0.0,0.0,0.0,0.14,0.0,0.47,0.0,0.0,0.0,0.0,0.0,0.0,0.0,0.0,0.39,0.0,0.0,soft,"{""ai_coding_innovations"": 0.45, ""ai_copyright_theft"": 0.1, ""ai_mass_surveillance"": 0.45}","{""ai_coding_innovations"": 0.47, ""ai_copyright_theft"": 0.14, ""ai_mass_surveillance"": 0.39}"
user_0854,copyright_surveillance,Split: copyright + surveillance,100,0.05977751130142729,0.046064359529714695,0.0343209414349587,0.03111796014606586,0.028446947535051278,0.02043933114507738,0.08065279874801477,0.05897213605569613,0.05797949158006575,0.0750802713168234,0.034497088111366314,0.059371073629441225,0.03526720269794052,0.030198902327470876,0.04620604832941428,0.05511854244078196,0.03949275753602953,0.151463159094443,0.028625077864835646,0.02690839917538124,0.0,0.0,0.0,0.0,0.0,0.0,0.46,0.0,0.09,0.0,0.0,0.0,0.0,0.0,0.0,0.0,0.0,0.45,0.0,0.0,soft,"{""ai_coding_innovations"": 0.1, ""ai_copyright_theft"": 0.45, ""ai_mass_surveillance"": 0.45}","{""ai_coding_innovations"": 0.09, ""ai_copyright_theft"": 0.46, ""ai_mass_surveillance"": 0.45}"
user_0855,coding_heavy,Mostly AI coding innovations,100,0.02727033832398421,0.1285264455635572,0.013263221199168188,0.017765815266798442,0.016795797106498554,0.050653043301301486,0.03492031726542124,0.03861395458796606,0.1239399412358751,0.029619964827584732,0.014033090199219389,0.025883154055912853,0.09777591724485772,0.015822640995713278,0.10878892326746542,0.022593011837393477,0.09226845980316394,0.08962717796698562,0.04283041192344986,0.009008374027683225,0.0,0.0,0.0,0.0,0.0,0.0,0.06,0.0,0.77,0.0,0.0,0.0,0.0,0.0,0.0,0.0,0.0,0.17,0.0,0.0,soft,"{""ai_coding_innovations"": 0.8, ""ai_copyright_theft"": 0.1, ""ai_mass_surveillance"": 0.1}","{""ai_coding_innovations"": 0.77, ""ai_copyright_theft"": 0.06, ""ai_mass_surveillance"": 0.17}"
user_0856,copyright_heavy,Mostly AI copyright / theft concerns,100,0.02930943533074627,0.04207013495458306,0.04939821043500231,0.012546022820217138,0.03597897610759264,0.022708740812507105,0.11667189406054052,0.03533152735027281,0.05388033855408035,0.11004951325652707,0.0516728602596566,0.0857285488748698,0.036986210884854924,0.014921974262394973,0.04623123448027091,0.07639060399412331,0.04129289353575621,0.07229642878979185,0.028752256056042473,0.03778219518016973,0.0,0.0,0.0,0.0,0.0,0.0,0.8,0.0,0.11,0.0,0.0,0.0,0.0,0.0,0.0,0.0,0.0,0.09,0.0,0.0,soft,"{""ai_coding_innovations"": 0.1, ""ai_copyright_theft"": 0.8, ""ai_mass_surveillance"": 0.1}","{""ai_coding_innovations"": 0.11, ""ai_copyright_theft"": 0.8, ""ai_mass_surveillance"": 0.09}"
user_0857,surveillance_heavy,Mostly AI mass surveillance,100,0.084151061469274,0.059266192141433485,0.017973725407711853,0.046720654806933756,0.02014994226479548,0.02183068900855273,0.04212757828846114,0.07844521546057955,0.06937414625664574,0.03755555108526156,0.016281298676927507,0.031177105759792368,0.04089296989620231,0.042641882695415086,0.05340390052916787,0.031729847475768166,0.043920597644028204,0.21740522001479937,0.030146759618177147,0.014805661500072844,0.0,0.0,0.0,0.0,0.0,0.0,0.1,0.0,0.15,0.0,0.0,0.0,0.0,0.0,0.0,0.0,0.0,0.75,0.0,0.0,soft,"{""ai_coding_innovations"": 0.1, ""ai_copyright_theft"": 0.1, ""ai_mass_surveillance"": 0.8}","{""ai_coding_innovations"": 0.15, ""ai_copyright_theft"": 0.1, ""ai_mass_surveillance"": 0.75}"
user_0858,balanced,Even across all topics,100,0.05615417981303348,0.0729261528610633,0.02440551462149351,0.030946509548437792,0.0231369047754985,0.029469868744880702,0.058406887125778705,0.057694145963786275,0.07966249267287213,0.053148382980062546,0.02431261656334384,0.043085213058344576,0.05459733919926995,0.02898832605225944,0.0659277836575267,0.04024156832594398,0.055737242815946636,0.1491815411965817,0.033075198776527766,0.018902131247348478,0.0,0.0,0.0,0.0,0.0,0.0,0.26,0.0,0.3,0.0,0.0,0.0,0.0,0.0,0.0,0.0,0.0,0.44,0.0,0.0,soft,"{""ai_coding_innovations"": 0.333333, ""ai_copyright_theft"": 0.333333, ""ai_mass_surveillance"": 0.333334}","{""ai_coding_innovations"": 0.3, ""ai_copyright_theft"": 0.26, ""ai_mass_surveillance"": 0.44}"
user_0859,coding_copyright,Split: coding + copyright,100,0.028379038114995148,0.07610103058497704,0.035230824494301954,0.014524001545727626,0.028455884831127227,0.033723049776185406,0.08462766563751489,0.036525356936749714,0.08145356355240435,0.07852152738668322,0.03692164551239535,0.06227086193214273,0.06093315631670757,0.015212801512451444,0.07086735266549064,0.055293358510801326,0.061375245034040286,0.07879053348120905,0.034296944437735545,0.02649615773635935,0.0,0.0,0.0,0.0,0.0,0.0,0.51,0.0,0.37,0.0,0.0,0.0,0.0,0.0,0.0,0.0,0.0,0.12,0.0,0.0,soft,"{""ai_coding_innovations"": 0.45, ""ai_copyright_theft"": 0.45, ""ai_mass_surveillance"": 0.1}","{""ai_coding_innovations"": 0.37, ""ai_copyright_theft"": 0.51, ""ai_mass_surveillance"": 0.12}"
user_0860,coding_surveillance,Split: coding + surveillance,100,0.054341375807964026,0.0988651157162543,0.014091050180745957,0.03179221524985997,0.01764265538044372,0.03799374454155628,0.03514650105274411,0.05775589146851229,0.10064815853901483,0.030245780461933637,0.013626416144574443,0.02605729818116368,0.07301362463467637,0.028659835309508063,0.08481115272213163,0.02483927411559912,0.07119442159063002,0.15130157809344488,0.03732953961525752,0.010644371193985142,0.0,0.0,0.0,0.0,0.0,0.0,0.05,0.0,0.5,0.0,0.0,0.0,0.0,0.0,0.0,0.0,0.0,0.45,0.0,0.0,soft,"{""ai_coding_innovations"": 0.45, ""ai_copyright_theft"": 0.1, ""ai_mass_surveillance"": 0.45}","{""ai_coding_innovations"": 0.5, ""ai_copyright_theft"": 0.05, ""ai_mass_surveillance"": 0.45}"
user_0861,copyright_surveillance,Split: copyright + surveillance,100,0.05001849314900205,0.04920819216614659,0.0372557663577268,0.02549893263163843,0.029855363011578397,0.02258373642582346,0.08789727277723301,0.051648087027388316,0.060253786535534835,0.08205948556513631,0.03802015806999121,0.0646711689756461,0.03891241690429564,0.02540373922886607,0.04940468091067974,0.059115581075527654,0.04266312633720705,0.12725996922349486,0.02938341234843032,0.028886631278653114,0.0,0.0,0.0,0.0,0.0,0.0,0.53,0.0,0.13,0.0,0.0,0.0,0.0,0.0,0.0,0.0,0.0,0.34,0.0,0.0,soft,"{""ai_coding_innovations"": 0.1, ""ai_copyright_theft"": 0.45, ""ai_mass_surveillance"": 0.45}","{""ai_coding_innovations"": 0.13, ""ai_copyright_theft"": 0.53, ""ai_mass_surveillance"": 0.34}"
user_0862,coding_heavy,Mostly AI coding innovations,100,0.0197630510495425,0.13479341411143303,0.013872547744677504,0.013730080563465426,0.017005585006818376,0.05353600336242121,0.03675839566884555,0.03319568319716955,0.1288106805307711,0.03131577321867208,0.015021924122851398,0.02722630906326046,0.10327261038351294,0.012219222425972443,0.11402556414553079,0.02321725474014374,0.0969641084609081,0.07201267678803898,0.044038140105563846,0.009220975310400975,0.0,0.0,0.0,0.0,0.0,0.0,0.08,0.0,0.83,0.0,0.0,0.0,0.0,0.0,0.0,0.0,0.0,0.09,0.0,0.0,soft,"{""ai_coding_innovations"": 0.8, ""ai_copyright_theft"": 0.1, ""ai_mass_surveillance"": 0.1}","{""ai_coding_innovations"": 0.83, ""ai_copyright_theft"": 0.08, ""ai_mass_surveillance"": 0.09}"
user_0863,copyright_heavy,Mostly AI copyright / theft concerns,100,0.029442024001318536,0.040782311632960144,0.049891622416812366,0.012529577573783141,0.03624249542843672,0.02228058438820274,0.11778180376042517,0.03536119185239924,0.05283963935995964,0.11114303742371949,0.052181901039334434,0.08654107998336437,0.03606556644737357,0.014959512482345288,0.04528964656825341,0.0771291227337619,0.04051968221735132,0.0723003697898162,0.028539952110910236,0.03817887878947208,0.0,0.0,0.0,0.0,0.0,0.0,0.81,0.0,0.1,0.0,0.0,0.0,0.0,0.0,0.0,0.0,0.0,0.09,0.0,0.0,soft,"{""ai_coding_innovations"": 0.1, ""ai_copyright_theft"": 0.8, ""ai_mass_surveillance"": 0.1}","{""ai_coding_innovations"": 0.1, ""ai_copyright_theft"": 0.81, ""ai_mass_surveillance"": 0.09}"
user_0864,surveillance_heavy,Mostly AI mass surveillance,100,0.08565297422851137,0.053009571956051604,0.019994560512215976,0.04715522934750586,0.021243675890842872,0.019650654197619195,0.04661493471254288,0.07924857351846644,0.0643423322697707,0.04199105274694348,0.01832111775010434,0.034462468594975884,0.03629314439457463,0.04325184745142151,0.048747571793335345,0.034790521756388484,0.040047493458589344,0.21962378191227114,0.029093501828600862,0.016464991679268074,0.0,0.0,0.0,0.0,0.0,0.0,0.14,0.0,0.1,0.0,0.0,0.0,0.0,0.0,0.0,0.0,0.0,0.76,0.0,0.0,soft,"{""ai_coding_innovations"": 0.1, ""ai_copyright_theft"": 0.1, ""ai_mass_surveillance"": 0.8}","{""ai_coding_innovations"": 0.1, ""ai_copyright_theft"": 0.14, ""ai_mass_surveillance"": 0.76}"
user_0865,balanced,Even across all topics,100,0.04211116334109828,0.08435476305792469,0.025671354889776003,0.023375395668079866,0.02359613691880917,0.03476837975340409,0.062130761557170414,0.0475423032315745,0.08853495405227207,0.056601404755149395,0.026293940365073324,0.04580676147424496,0.06467347772487812,0.022241300788982975,0.07551108832589484,0.04159665345351038,0.06434828121961575,0.11615533673606289,0.03528661313170839,0.019399929554769862,0.0,0.0,0.0,0.0,0.0,0.0,0.3,0.0,0.41,0.0,0.0,0.0,0.0,0.0,0.0,0.0,0.0,0.29,0.0,0.0,soft,"{""ai_coding_innovations"": 0.333333, ""ai_copyright_theft"": 0.333333, ""ai_mass_surveillance"": 0.333334}","{""ai_coding_innovations"": 0.41, ""ai_copyright_theft"": 0.3, ""ai_mass_surveillance"": 0.29}"
user_0866,coding_copyright,Split: coding + copyright,100,0.025905567278809463,0.08346297766924908,0.03316280221253399,0.013589071478847402,0.027322494862408796,0.036370493700835,0.08009259158889001,0.03503729882948166,0.08735439474967151,0.07402462073208912,0.03487817048475302,0.05895026069575403,0.06645022957003754,0.014143024880239835,0.07641365848908574,0.05212608490811516,0.0660286081312983,0.07436917368636285,0.03555424423635912,0.024764231815178256,0.0,0.0,0.0,0.0,0.0,0.0,0.47,0.0,0.43,0.0,0.0,0.0,0.0,0.0,0.0,0.0,0.0,0.1,0.0,0.0,soft,"{""ai_coding_innovations"": 0.45, ""ai_copyright_theft"": 0.45, ""ai_mass_surveillance"": 0.1}","{""ai_coding_innovations"": 0.43, ""ai_copyright_theft"": 0.47, ""ai_mass_surveillance"": 0.1}"
user_0867,coding_surveillance,Split: coding + surveillance,100,0.050720320841315454,0.10071077666856933,0.014889125435310685,0.02975790265175945,0.018011068651447713,0.03900706814781178,0.03717544995434091,0.05507642027524048,0.10204282899234211,0.032187208824669744,0.014629873886068298,0.027541406793332068,0.0748413267665226,0.026895664244587968,0.08648788524914681,0.025889914306612853,0.07276903460109724,0.1424982685039959,0.03772109976118226,0.011147355444646363,0.0,0.0,0.0,0.0,0.0,0.0,0.07,0.0,0.52,0.0,0.0,0.0,0.0,0.0,0.0,0.0,0.0,0.41,0.0,0.0,soft,"{""ai_coding_innovations"": 0.45, ""ai_copyright_theft"": 0.1, ""ai_mass_surveillance"": 0.45}","{""ai_coding_innovations"": 0.52, ""ai_copyright_theft"": 0.07, ""ai_mass_surveillance"": 0.41}"
user_0868,copyright_surveillance,Split: copyright + surveillance,100,0.060351303366658754,0.04882250259569324,0.03288789266679235,0.03166765141167599,0.02769604591519007,0.02125639130427441,0.07737078727290403,0.059567842598698,0.060232571952035706,0.07186110380815831,0.032973621726798234,0.056968718705162694,0.03711188825868236,0.030546099543825124,0.048140834977704224,0.05300958554393202,0.04103213257942497,0.15365413399174443,0.029057947691185065,0.025790944089460078,0.0,0.0,0.0,0.0,0.0,0.0,0.43,0.0,0.11,0.0,0.0,0.0,0.0,0.0,0.0,0.0,0.0,0.46,0.0,0.0,soft,"{""ai_coding_innovations"": 0.1, ""ai_copyright_theft"": 0.45, ""ai_mass_surveillance"": 0.45}","{""ai_coding_innovations"": 0.11, ""ai_copyright_theft"": 0.43, ""ai_mass_surveillance"": 0.46}"
user_0869,coding_heavy,Mostly AI coding innovations,100,0.018085112236790463,0.13442842126596763,0.014764997353769937,0.01269647901798116,0.017453310963164458,0.0536145087412446,0.0388827798195286,0.03188561210266006,0.12846731656331406,0.033380011567232554,0.016032693773276173,0.02878089447783923,0.10326581701195471,0.011374675113462697,0.11392234249702089,0.024481093575289218,0.09697820364773681,0.06761496299333884,0.04402161623339398,0.009869151045033933,0.0,0.0,0.0,0.0,0.0,0.0,0.1,0.0,0.83,0.0,0.0,0.0,0.0,0.0,0.0,0.0,0.0,0.07,0.0,0.0,soft,"{""ai_coding_innovations"": 0.8, ""ai_copyright_theft"": 0.1, ""ai_mass_surveillance"": 0.1}","{""ai_coding_innovations"": 0.83, ""ai_copyright_theft"": 0.1, ""ai_mass_surveillance"": 0.07}"
user_0870,copyright_heavy,Mostly AI copyright / theft concerns,100,0.029176846660173984,0.043357958276205956,0.048904798453192254,0.01256246806665116,0.035715456786748555,0.023136897236811473,0.11556198436065589,0.03530186284814637,0.054921037748201056,0.10895598908933468,0.05116381947997877,0.08491601776637524,0.03790685532233628,0.014884436042444668,0.0471728223922884,0.0756520852544847,0.04206610485416111,0.07229248778976745,0.02896456000117471,0.037385511570867405,0.0,0.0,0.0,0.0,0.0,0.0,0.79,0.0,0.12,0.0,0.0,0.0,0.0,0.0,0.0,0.0,0.0,0.09,0.0,0.0,soft,"{""ai_coding_innovations"": 0.1, ""ai_copyright_theft"": 0.8, ""ai_mass_surveillance"": 0.1}","{""ai_coding_innovations"": 0.12, ""ai_copyright_theft"": 0.79, ""ai_mass_surveillance"": 0.09}"
user_0871,surveillance_heavy,Mostly AI mass surveillance,100,0.09541199238093667,0.049865739319619705,0.017059735589447858,0.05277425686193324,0.01983526041431575,0.017506248916873107,0.039370460683324664,0.08657262254677424,0.06206803731430162,0.035011838498630536,0.014798047791479483,0.029162373248770943,0.032647930188219466,0.04804701055002635,0.04554893921206988,0.030793483121642748,0.03687712465741185,0.2438269717832194,0.028335167345006188,0.014486759575996202,0.0,0.0,0.0,0.0,0.0,0.0,0.07,0.0,0.06,0.0,0.0,0.0,0.0,0.0,0.0,0.0,0.0,0.87,0.0,0.0,soft,"{""ai_coding_innovations"": 0.1, ""ai_copyright_theft"": 0.1, ""ai_mass_surveillance"": 0.8}","{""ai_coding_innovations"": 0.06, ""ai_copyright_theft"": 0.07, ""ai_mass_surveillance"": 0.87}"
user_0872,balanced,Even across all topics,100,0.04564534354186215,0.06669022940066932,0.03168667302602451,0.02417876376348806,0.0268376814542803,0.02869568443431961,0.07554511320487244,0.04926767735585402,0.07430852930203918,0.06984650474728296,0.03240974163013846,0.05562761157859021,0.051791248971697304,0.02361138318079708,0.0624320792061598,0.05067207697330537,0.0535092275751186,0.12060822453110383,0.03233088177202688,0.02430532435036973,0.0,0.0,0.0,0.0,0.0,0.0,0.42,0.0,0.27,0.0,0.0,0.0,0.0,0.0,0.0,0.0,0.0,0.31,0.0,0.0,soft,"{""ai_coding_innovations"": 0.333333, ""ai_copyright_theft"": 0.333333, ""ai_mass_surveillance"": 0.333334}","{""ai_coding_innovations"": 0.27, ""ai_copyright_theft"": 0.42, ""ai_mass_surveillance"": 0.31}"
user_0873,coding_copyright,Split: coding + copyright,100,0.024977446584803532,0.09247774092060952,0.02970891833986351,0.01370418820388542,0.025477859616500183,0.039367588670965514,0.07232322368969747,0.034829647314596604,0.09463928910851645,0.0663699515617421,0.03131488502700807,0.05326254293629201,0.07289474063240703,0.013880257340587634,0.08300477387320818,0.046956453730644956,0.07144108736013255,0.07434158668619245,0.03704037185228481,0.021987446550061848,0.0,0.0,0.0,0.0,0.0,0.0,0.4,0.0,0.5,0.0,0.0,0.0,0.0,0.0,0.0,0.0,0.0,0.1,0.0,0.0,soft,"{""ai_coding_innovations"": 0.45, ""ai_copyright_theft"": 0.45, ""ai_mass_surveillance"": 0.1}","{""ai_coding_innovations"": 0.5, ""ai_copyright_theft"": 0.4, ""ai_mass_surveillance"": 0.1}"
user_0874,coding_surveillance,Split: coding + surveillance,100,0.04988135143493943,0.10052828024583663,0.015335350239856911,0.029241101879017312,0.01823493162962075,0.03904632083722347,0.03823764202968243,0.054421384727985744,0.10187114700861358,0.03321932799894998,0.015135258711280679,0.02831869950062147,0.07483793008074346,0.02647339058833309,0.08643627442489182,0.026521833724185588,0.07277608219451157,0.14029941160664583,0.03771283782509732,0.011471443311962842,0.0,0.0,0.0,0.0,0.0,0.0,0.08,0.0,0.52,0.0,0.0,0.0,0.0,0.0,0.0,0.0,0.0,0.4,0.0,0.0,soft,"{""ai_coding_innovations"": 0.45, ""ai_copyright_theft"": 0.1, ""ai_mass_surveillance"": 0.45}","{""ai_coding_innovations"": 0.52, ""ai_copyright_theft"": 0.08, ""ai_mass_surveillance"": 0.4}"
user_0875,copyright_surveillance,Split: copyright + surveillance,100,0.06048389203723103,0.047534679274070346,0.033381304648602415,0.03165120616524198,0.027959565236034167,0.02082823487997005,0.07848069697278866,0.05959750710082443,0.05919187275791501,0.07295462797535074,0.033482662506476094,0.057781249813657246,0.03619124382120101,0.030583637763775436,0.04719924706568673,0.05374810428357061,0.04025892126102007,0.15365807499176878,0.0288456437460528,0.02618762769876244,0.0,0.0,0.0,0.0,0.0,0.0,0.44,0.0,0.1,0.0,0.0,0.0,0.0,0.0,0.0,0.0,0.0,0.46,0.0,0.0,soft,"{""ai_coding_innovations"": 0.1, ""ai_copyright_theft"": 0.45, ""ai_mass_surveillance"": 0.45}","{""ai_coding_innovations"": 0.1, ""ai_copyright_theft"": 0.44, ""ai_mass_surveillance"": 0.46}"
user_0876,coding_heavy,Mostly AI coding innovations,100,0.022942902621531886,0.1289017867715166,0.015000933240089203,0.015198256649521798,0.01765159267651968,0.05127746317266433,0.03912136794224423,0.035309112349565935,0.12412223051135321,0.033687036531793516,0.016050973545603486,0.028957086483865208,0.0986795782534435,0.013673734494488615,0.10947245705820814,0.025014090185618554,0.09307690908864062,0.07862895248021093,0.04300140618815744,0.010232129754963267,0.0,0.0,0.0,0.0,0.0,0.0,0.1,0.0,0.78,0.0,0.0,0.0,0.0,0.0,0.0,0.0,0.0,0.12,0.0,0.0,soft,"{""ai_coding_innovations"": 0.8, ""ai_copyright_theft"": 0.1, ""ai_mass_surveillance"": 0.1}","{""ai_coding_innovations"": 0.78, ""ai_copyright_theft"": 0.1, ""ai_mass_surveillance"": 0.12}"
user_0877,copyright_heavy,Mostly AI copyright / theft concerns,100,0.03226754694453348,0.046663590610382624,0.04613307527138726,0.014662561650487679,0.0342929662323682,0.023836199327773405,0.10909339665952042,0.03786267603291245,0.05768916407135656,0.10264046405782885,0.048124198619773496,0.08018178472022858,0.03976173094041547,0.016498454227563516,0.04926244151334321,0.07164737010491652,0.04358433711731343,0.08108003337911905,0.02942221563577892,0.03529579288299679,0.0,0.0,0.0,0.0,0.0,0.0,0.73,0.0,0.14,0.0,0.0,0.0,0.0,0.0,0.0,0.0,0.0,0.13,0.0,0.0,soft,"{""ai_coding_innovations"": 0.1, ""ai_copyright_theft"": 0.8, ""ai_mass_surveillance"": 0.1}","{""ai_coding_innovations"": 0.14, ""ai_copyright_theft"": 0.73, ""ai_mass_surveillance"": 0.13}"
user_0878,surveillance_heavy,Mostly AI mass surveillance,100,0.08900885185401548,0.05373955764698244,0.0182096612940311,0.04922243243847436,0.0203482239781507,0.019493643439972418,0.042366166411176784,0.08186871570748537,0.06502906020468478,0.037862576049822495,0.016299578449254802,0.03135329776581833,0.03630673113769108,0.044940942076441,0.048954015090355185,0.032262844086097496,0.04001930308493191,0.22841920950167144,0.029126549572940596,0.015168640210002167,0.0,0.0,0.0,0.0,0.0,0.0,0.1,0.0,0.1,0.0,0.0,0.0,0.0,0.0,0.0,0.0,0.0,0.8,0.0,0.0,soft,"{""ai_coding_innovations"": 0.1, ""ai_copyright_theft"": 0.1, ""ai_mass_surveillance"": 0.8}","{""ai_coding_innovations"": 0.1, ""ai_copyright_theft"": 0.1, ""ai_mass_surveillance"": 0.8}"
user_0879,balanced,Even across all topics,100,0.04295013274747428,0.08453725948065743,0.025225130085229797,0.02389219644082199,0.023372273940636127,0.03472912706399239,0.061068569481828865,0.04819733877882922,0.0887066360360006,0.05556928558086917,0.02578855553986093,0.0450294687669556,0.06467687441065724,0.022663574445237845,0.0755626991501498,0.04096473403593763,0.0643412336262014,0.11835419363341297,0.03529487506779333,0.019075841687453386,0.0,0.0,0.0,0.0,0.0,0.0,0.29,0.0,0.41,0.0,0.0,0.0,0.0,0.0,0.0,0.0,0.0,0.3,0.0,0.0,soft,"{""ai_coding_innovations"": 0.333333, ""ai_copyright_theft"": 0.333333, ""ai_mass_surveillance"": 0.333334}","{""ai_coding_innovations"": 0.41, ""ai_copyright_theft"": 0.29, ""ai_mass_surveillance"": 0.3}"
user_0880,coding_copyright,Split: coding + copyright,100,0.027583506091561488,0.08382797051471454,0.032270352603441556,0.014622673024331654,0.02687476890606271,0.03629198832201159,0.07796820743820697,0.036347369923991124,0.08769775871712857,0.07196038238352864,0.03386740083432826,0.05739567528117527,0.06645702294159575,0.014987572192749566,0.07651688013759564,0.050862246072969707,0.06601451294446962,0.07876688748106302,0.035570768108528994,0.024116056080545303,0.0,0.0,0.0,0.0,0.0,0.0,0.45,0.0,0.43,0.0,0.0,0.0,0.0,0.0,0.0,0.0,0.0,0.12,0.0,0.0,soft,"{""ai_coding_innovations"": 0.45, ""ai_copyright_theft"": 0.45, ""ai_mass_surveillance"": 0.1}","{""ai_coding_innovations"": 0.43, ""ai_copyright_theft"": 0.45, ""ai_mass_surveillance"": 0.12}"
user_0881,coding_surveillance,Split: coding + surveillance,100,0.05738863870938116,0.09426131169796076,0.014726023694347588,0.03327683658235036,0.01802514372930094,0.03616336077610375,0.03639956362625814,0.059839656118782246,0.09700040771371762,0.03152351960786266,0.01414642478764867,0.02697554449327386,0.06934123694208828,0.03007680915807392,0.08119963354682648,0.02589759082143534,0.06808043353676742,0.15791391278559247,0.03650510964298336,0.011258842029245084,0.0,0.0,0.0,0.0,0.0,0.0,0.06,0.0,0.46,0.0,0.0,0.0,0.0,0.0,0.0,0.0,0.0,0.48,0.0,0.0,soft,"{""ai_coding_innovations"": 0.45, ""ai_copyright_theft"": 0.1, ""ai_mass_surveillance"": 0.45}","{""ai_coding_innovations"": 0.46, ""ai_copyright_theft"": 0.06, ""ai_mass_surveillance"": 0.48}"
user_0882,copyright_surveillance,Split: copyright + surveillance,100,0.0646787390691111,0.04844716138773391,0.03115018062587134,0.03423521002895266,0.026840250345168952,0.020631971432911577,0.07316973659608104,0.06287268483709813,0.06005028267655763,0.06779403210394953,0.030955738380414145,0.053894786277210366,0.036208227250096606,0.03269500604504978,0.04745730118696151,0.050588507195706935,0.04022368329394828,0.16465235947851917,0.028886953426477496,0.02456718836218004,0.0,0.0,0.0,0.0,0.0,0.0,0.39,0.0,0.1,0.0,0.0,0.0,0.0,0.0,0.0,0.0,0.0,0.51,0.0,0.0,soft,"{""ai_coding_innovations"": 0.1, ""ai_copyright_theft"": 0.45, ""ai_mass_surveillance"": 0.45}","{""ai_coding_innovations"": 0.1, ""ai_copyright_theft"": 0.39, ""ai_mass_surveillance"": 0.51}"
user_0883,coding_heavy,Mostly AI coding innovations,100,0.02153014114992441,0.12596114728280536,0.01688020681280177,0.014131764611169526,0.018626357274553938,0.05049965570287899,0.04346557149269658,0.03405837025930933,0.12169746815565473,0.03793832321473883,0.018079824755383958,0.032136734115433135,0.09683149600692256,0.012904263621879504,0.10748605958566321,0.027754966500041216,0.09154458163865954,0.07423912068555949,0.04256027442572309,0.011673672708200904,0.0,0.0,0.0,0.0,0.0,0.0,0.14,0.0,0.76,0.0,0.0,0.0,0.0,0.0,0.0,0.0,0.0,0.1,0.0,0.0,soft,"{""ai_coding_innovations"": 0.8, ""ai_copyright_theft"": 0.1, ""ai_mass_surveillance"": 0.1}","{""ai_coding_innovations"": 0.76, ""ai_copyright_theft"": 0.14, ""ai_mass_surveillance"": 0.1}"
user_0884,copyright_heavy,Mostly AI copyright / theft concerns,100,0.029133409277231622,0.03544852192373575,0.05231149514859884,0.011946995815305011,0.037520435689986115,0.020607211380397006,0.12328363463530534,0.03482481431365024,0.048505160599748263,0.11654925326676946,0.05472344898325823,0.09056849712463202,0.032379592011668984,0.014687391705891678,0.04147168409592847,0.08071511710988907,0.03743388453714612,0.07011727689256346,0.027682474394296323,0.04008970109399793,0.0,0.0,0.0,0.0,0.0,0.0,0.86,0.0,0.06,0.0,0.0,0.0,0.0,0.0,0.0,0.0,0.0,0.08,0.0,0.0,soft,"{""ai_coding_innovations"": 0.1, ""ai_copyright_theft"": 0.8, ""ai_mass_surveillance"": 0.1}","{""ai_coding_innovations"": 0.06, ""ai_copyright_theft"": 0.86, ""ai_mass_surveillance"": 0.08}"
user_0885,surveillance_heavy,Mostly AI mass surveillance,100,0.0938666422387569,0.04821292315253138,0.018445597180350364,0.051724210070014986,0.020546505691505925,0.017156597871392135,0.0426047545338924,0.08529221595439122,0.06068397415272387,0.038169601014383464,0.0163178582215821,0.031529489771844305,0.031720492379179885,0.04724000145746693,0.04450412965154249,0.032795840696426846,0.03611800852583568,0.23943319898854362,0.02810633952770408,0.0155316189199315,0.0,0.0,0.0,0.0,0.0,0.0,0.1,0.0,0.05,0.0,0.0,0.0,0.0,0.0,0.0,0.0,0.0,0.85,0.0,0.0,soft,"{""ai_coding_innovations"": 0.1, ""ai_copyright_theft"": 0.1, ""ai_mass_surveillance"": 0.8}","{""ai_coding_innovations"": 0.05, ""ai_copyright_theft"": 0.1, ""ai_mass_surveillance"": 0.85}"
user_0886,balanced,Even across all topics,100,0.03999202113368707,0.07994380382485787,0.028490265248844873,0.021775657610551474,0.025058283815860567,0.03360166854872608,0.06864706688284893,0.0456661900961896,0.0848978105187244,0.06297833477956744,0.029337217179744052,0.050576232921596846,0.06190135435509669,0.02108709448006931,0.07253149211707755,0.045707967925144415,0.06204979004464415,0.10957058904408574,0.034624915488056886,0.021562243984626334,0.0,0.0,0.0,0.0,0.0,0.0,0.36,0.0,0.38,0.0,0.0,0.0,0.0,0.0,0.0,0.0,0.0,0.26,0.0,0.0,soft,"{""ai_coding_innovations"": 0.333333, ""ai_copyright_theft"": 0.333333, ""ai_mass_surveillance"": 0.333334}","{""ai_coding_innovations"": 0.38, ""ai_copyright_theft"": 0.36, ""ai_mass_surveillance"": 0.26}"
user_0887,coding_copyright,Split: coding + copyright,100,0.023299507772051524,0.09211274807514412,0.03060136794895595,0.012670586658401164,0.02592558557284628,0.0394460940497889,0.07444760784038053,0.033519576220087145,0.09429592514105936,0.06843418991030259,0.032325654677432855,0.05481712835087081,0.07288794726084882,0.013035710028077898,0.08290155222469829,0.04822029256579041,0.07145518254696126,0.06994387289149231,0.037023847980114946,0.022635622284694804,0.0,0.0,0.0,0.0,0.0,0.0,0.42,0.0,0.5,0.0,0.0,0.0,0.0,0.0,0.0,0.0,0.0,0.08,0.0,0.0,soft,"{""ai_coding_innovations"": 0.45, ""ai_copyright_theft"": 0.45, ""ai_mass_surveillance"": 0.1}","{""ai_coding_innovations"": 0.5, ""ai_copyright_theft"": 0.42, ""ai_mass_surveillance"": 0.08}"
user_0888,coding_surveillance,Split: coding + surveillance,100,0.051824467588835986,0.09831762644805617,0.015429724594384606,0.030241812931633603,0.01831424431496284,0.038111502609791355,0.038333077278768696,0.05579078482674811,0.10013311258782925,0.03334213798477438,0.015142570620211609,0.028389176303031824,0.07300343457733899,0.027393014340743455,0.08465632024936674,0.02673503236831734,0.07121556437087312,0.14470500740139466,0.03730475380700272,0.011616634795934572,0.0,0.0,0.0,0.0,0.0,0.0,0.08,0.0,0.5,0.0,0.0,0.0,0.0,0.0,0.0,0.0,0.0,0.42,0.0,0.0,soft,"{""ai_coding_innovations"": 0.45, ""ai_copyright_theft"": 0.1, ""ai_mass_surveillance"": 0.45}","{""ai_coding_innovations"": 0.5, ""ai_copyright_theft"": 0.08, ""ai_mass_surveillance"": 0.42}"
user_0889,copyright_surveillance,Split: copyright + surveillance,100,0.04723640758872944,0.051236349541194305,0.03760761680774532,0.02398142080628003,0.02999991330440935,0.02355780734266728,0.08886402960348828,0.049623651381371245,0.061820138972590685,0.08296879475359216,0.038518230986272675,0.0653779848805251,0.04074351572192099,0.02406184182020084,0.051133024261949864,0.059534301848968636,0.04423069175425992,0.120655516531396,0.029783234430439988,0.029065527661997867,0.0,0.0,0.0,0.0,0.0,0.0,0.54,0.0,0.15,0.0,0.0,0.0,0.0,0.0,0.0,0.0,0.0,0.31,0.0,0.0,soft,"{""ai_coding_innovations"": 0.1, ""ai_copyright_theft"": 0.45, ""ai_mass_surveillance"": 0.45}","{""ai_coding_innovations"": 0.15, ""ai_copyright_theft"": 0.54, ""ai_mass_surveillance"": 0.31}"
user_0890,coding_heavy,Mostly AI coding innovations,100,0.014596645940714123,0.13498625889665972,0.01605648459014474,0.010645721173446638,0.018085243555012533,0.05419967592319573,0.04202163842101003,0.029235805411514684,0.12882128782252067,0.03641496409716106,0.01754519229444788,0.03107753419850222,0.10417287470631957,0.009648042268492902,0.11465748711201858,0.026270252505941543,0.09777960533979914,0.05881559440391424,0.04420087243418646,0.010768818904997497,0.0,0.0,0.0,0.0,0.0,0.0,0.13,0.0,0.84,0.0,0.0,0.0,0.0,0.0,0.0,0.0,0.0,0.03,0.0,0.0,soft,"{""ai_coding_innovations"": 0.8, ""ai_copyright_theft"": 0.1, ""ai_mass_surveillance"": 0.1}","{""ai_coding_innovations"": 0.84, ""ai_copyright_theft"": 0.13, ""ai_mass_surveillance"": 0.03}"
user_0891,copyright_heavy,Mostly AI copyright / theft concerns,100,0.030854785472926013,0.04372295112167139,0.048012348844099786,0.013596069612135404,0.03526773083040245,0.02305839185798806,0.11343760020997279,0.036611933942655835,0.05526440171565809,0.10689175074077414,0.050153049829553965,0.08336143235179645,0.037913648693894526,0.015728983354954398,0.047276044040798305,0.0743882464193392,0.042052009667332364,0.0766902015844676,0.028981083873344582,0.03673733583623443,0.0,0.0,0.0,0.0,0.0,0.0,0.77,0.0,0.12,0.0,0.0,0.0,0.0,0.0,0.0,0.0,0.0,0.11,0.0,0.0,soft,"{""ai_coding_innovations"": 0.1, ""ai_copyright_theft"": 0.8, ""ai_mass_surveillance"": 0.1}","{""ai_coding_innovations"": 0.12, ""ai_copyright_theft"": 0.77, ""ai_mass_surveillance"": 0.11}"
user_0892,surveillance_heavy,Mostly AI mass surveillance,100,0.08984782126039148,0.05392205406971515,0.017763436489484884,0.0497392332112165,0.02012436099997766,0.019454390750560727,0.04130397433583527,0.08252375125474014,0.06520074218841333,0.036830456875542254,0.015794193624042413,0.030576005058528935,0.03631012782347021,0.045363215732695875,0.049005625914610135,0.031630924668524754,0.04001225549151756,0.23061806639902155,0.029134811509025544,0.014844552342685698,0.0,0.0,0.0,0.0,0.0,0.0,0.09,0.0,0.1,0.0,0.0,0.0,0.0,0.0,0.0,0.0,0.0,0.81,0.0,0.0,soft,"{""ai_coding_innovations"": 0.1, ""ai_copyright_theft"": 0.1, ""ai_mass_surveillance"": 0.8}","{""ai_coding_innovations"": 0.1, ""ai_copyright_theft"": 0.09, ""ai_mass_surveillance"": 0.81}"
user_0893,balanced,Even across all topics,100,0.040698401869490794,0.08141412356921347,0.027550628462488583,0.022308903629727612,0.024570901516843432,0.03399057228361874,0.06647496510762274,0.0462915611413179,0.08611019169657358,0.06085269143809474,0.0283227915748538,0.048986409105812895,0.06282539547835714,0.021471829916373867,0.07352469085334995,0.044337529767933044,0.06281595376963468,0.11176550494141144,0.034845481369274046,0.020841472508007504,0.0,0.0,0.0,0.0,0.0,0.0,0.34,0.0,0.39,0.0,0.0,0.0,0.0,0.0,0.0,0.0,0.0,0.27,0.0,0.0,soft,"{""ai_coding_innovations"": 0.333333, ""ai_copyright_theft"": 0.333333, ""ai_mass_surveillance"": 0.333334}","{""ai_coding_innovations"": 0.39, ""ai_copyright_theft"": 0.34, ""ai_mass_surveillance"": 0.27}"
user_0894,coding_copyright,Split: coding + copyright,100,0.030189565598319455,0.07517820010881954,0.03483178686701959,0.015541157844777881,0.028271678195625236,0.03321638797305765,0.08361319118671648,0.03786509253338564,0.08075622832574067,0.07755081320531516,0.03641991664164842,0.06152880762605853,0.06001930525078447,0.016094887044911497,0.07002898640198306,0.05476803841529445,0.06058793852880667,0.08319218827593358,0.03410116436477318,0.026244665611028745,0.0,0.0,0.0,0.0,0.0,0.0,0.5,0.0,0.36,0.0,0.0,0.0,0.0,0.0,0.0,0.0,0.0,0.14,0.0,0.0,soft,"{""ai_coding_innovations"": 0.45, ""ai_copyright_theft"": 0.45, ""ai_mass_surveillance"": 0.1}","{""ai_coding_innovations"": 0.36, ""ai_copyright_theft"": 0.5, ""ai_mass_surveillance"": 0.14}"
user_0895,coding_surveillance,Split: coding + surveillance,100,0.05818417073281481,0.08653437176822333,0.017686495585207993,0.03317816510374636,0.019606259654365448,0.03359442223027759,0.04305902182556605,0.06001764313154086,0.09075621254899334,0.03808466461101727,0.017200669465715763,0.031850731144241314,0.06381737031720008,0.030302038477775795,0.07555010607472144,0.03032870325926697,0.06344116562633814,0.1579375587857385,0.03523128597218991,0.013638943685059144,0.0,0.0,0.0,0.0,0.0,0.0,0.12,0.0,0.4,0.0,0.0,0.0,0.0,0.0,0.0,0.0,0.0,0.48,0.0,0.0,soft,"{""ai_coding_innovations"": 0.45, ""ai_copyright_theft"": 0.1, ""ai_mass_surveillance"": 0.45}","{""ai_coding_innovations"": 0.4, ""ai_copyright_theft"": 0.12, ""ai_mass_surveillance"": 0.48}"
user_0896,copyright_surveillance,Split: copyright + surveillance,100,0.06534168242197247,0.04200804477961927,0.033617240534921676,0.03415298379678263,0.028157846949389383,0.01849118931138976,0.0787192850955043,0.06302100734773029,0.054846786705954075,0.07326165293991167,0.03350094227880339,0.05795744181968323,0.031605005062689796,0.03288269714480134,0.04274936162687404,0.05428110089389995,0.036357626701923836,0.16467206447864086,0.02782543370081628,0.026550606408691748,0.0,0.0,0.0,0.0,0.0,0.0,0.44,0.0,0.05,0.0,0.0,0.0,0.0,0.0,0.0,0.0,0.0,0.51,0.0,0.0,soft,"{""ai_coding_innovations"": 0.1, ""ai_copyright_theft"": 0.45, ""ai_mass_surveillance"": 0.45}","{""ai_coding_innovations"": 0.05, ""ai_copyright_theft"": 0.44, ""ai_mass_surveillance"": 0.51}"
user_0897,coding_heavy,Mostly AI coding innovations,100,0.017422168883929088,0.1408675378740822,0.012297937444719607,0.012778705250151177,0.016135714358944023,0.055755290862766406,0.03333323132010532,0.0317372895920279,0.1336708125339176,0.027912390731270394,0.013487489874886936,0.024718238935366347,0.10786903919936151,0.011186984013711132,0.1186302820571084,0.020788499877096214,0.10084426023976123,0.06759525799321714,0.04508313595905519,0.007885732998522214,0.0,0.0,0.0,0.0,0.0,0.0,0.05,0.0,0.88,0.0,0.0,0.0,0.0,0.0,0.0,0.0,0.0,0.07,0.0,0.0,soft,"{""ai_coding_innovations"": 0.8, ""ai_copyright_theft"": 0.1, ""ai_mass_surveillance"": 0.1}","{""ai_coding_innovations"": 0.88, ""ai_copyright_theft"": 0.05, ""ai_mass_surveillance"": 0.07}"
user_0898,copyright_heavy,Mostly AI copyright / theft concerns,100,0.029265997947803896,0.034160698602112856,0.0528049071304089,0.011930550568870999,0.03778395501083021,0.020179054956092648,0.12439354433519,0.03485447881577668,0.04746446140562758,0.11764277743396186,0.05523248976293606,0.09138102823312662,0.03145894757418766,0.014724929925841988,0.04053009618391099,0.08145363584952768,0.03666067321874123,0.07012121789258784,0.02747017044916409,0.040486384703300286,0.0,0.0,0.0,0.0,0.0,0.0,0.87,0.0,0.05,0.0,0.0,0.0,0.0,0.0,0.0,0.0,0.0,0.08,0.0,0.0,soft,"{""ai_coding_innovations"": 0.1, ""ai_copyright_theft"": 0.8, ""ai_mass_surveillance"": 0.1}","{""ai_coding_innovations"": 0.05, ""ai_copyright_theft"": 0.87, ""ai_mass_surveillance"": 0.08}"
user_0899,surveillance_heavy,Mostly AI mass surveillance,100,0.09289508416180864,0.04931825005142158,0.01839841000308651,0.051223854543706863,0.020506849348834878,0.01762400698510819,0.04255703690934927,0.08460751590501006,0.06155299136311606,0.038108196021471266,0.01631420226711665,0.03149425137063909,0.03263774013088213,0.04678018958126175,0.045394106739305023,0.032689241374360974,0.036898267437654925,0.23723040109116922,0.02831038153675139,0.01545902317794564,0.0,0.0,0.0,0.0,0.0,0.0,0.1,0.0,0.06,0.0,0.0,0.0,0.0,0.0,0.0,0.0,0.0,0.84,0.0,0.0,soft,"{""ai_coding_innovations"": 0.1, ""ai_copyright_theft"": 0.1, ""ai_mass_surveillance"": 0.8}","{""ai_coding_innovations"": 0.06, ""ai_copyright_theft"": 0.1, ""ai_mass_surveillance"": 0.84}"
user_0900,balanced,Even across all topics,100,0.05138554071592198,0.06925552768142121,0.028069687412390933,0.027812814419116982,0.025007121286224933,0.02884907203274215,0.06699985897759717,0.05382326168451073,0.07655100238225959,0.06152814636012886,0.02836300707397388,0.04937403151906996,0.05273567020963253,0.026529760554630858,0.06373494288796198,0.045510122310657604,0.05423310573962297,0.13599628181252998,0.032601019269753666,0.021640025669852042,0.0,0.0,0.0,0.0,0.0,0.0,0.34,0.0,0.28,0.0,0.0,0.0,0.0,0.0,0.0,0.0,0.0,0.38,0.0,0.0,soft,"{""ai_coding_innovations"": 0.333333, ""ai_copyright_theft"": 0.333333, ""ai_mass_surveillance"": 0.333334}","{""ai_coding_innovations"": 0.28, ""ai_copyright_theft"": 0.34, ""ai_mass_surveillance"": 0.38}"
user_0901,coding_copyright,Split: coding + copyright,100,0.02564038993766492,0.08603862431249494,0.03217597824891385,0.013621961971715404,0.026795456220720625,0.03722680654944371,0.07787277218912073,0.034977969825228786,0.08943579313791289,0.07183757239770426,0.03386008892539733,0.0573251984787649,0.06829151844500025,0.014067948440339205,0.07829683431312073,0.05064904742883796,0.0675750307681081,0.0743612916863142,0.03597885212662361,0.023970864596573563,0.0,0.0,0.0,0.0,0.0,0.0,0.45,0.0,0.45,0.0,0.0,0.0,0.0,0.0,0.0,0.0,0.0,0.1,0.0,0.0,soft,"{""ai_coding_innovations"": 0.45, ""ai_copyright_theft"": 0.45, ""ai_mass_surveillance"": 0.1}","{""ai_coding_innovations"": 0.45, ""ai_copyright_theft"": 0.45, ""ai_mass_surveillance"": 0.1}"
user_0902,coding_surveillance,Split: coding + surveillance,100,0.050809472128945335,0.0915135169944762,0.018789234112527378,0.02912598515397933,0.020079566875529354,0.03604922586709292,0.04600700992887503,0.054629036242870826,0.09458625264976868,0.04087399716929704,0.018698544169025624,0.034006417260083494,0.06839341901837392,0.026736158127985285,0.07984515904076933,0.03169146490165585,0.0673636029656774,0.14032699860681624,0.03622671020917165,0.014248228577079242,0.0,0.0,0.0,0.0,0.0,0.0,0.15,0.0,0.45,0.0,0.0,0.0,0.0,0.0,0.0,0.0,0.0,0.4,0.0,0.0,soft,"{""ai_coding_innovations"": 0.45, ""ai_copyright_theft"": 0.1, ""ai_mass_surveillance"": 0.45}","{""ai_coding_innovations"": 0.45, ""ai_copyright_theft"": 0.15, ""ai_mass_surveillance"": 0.4}"
user_0903,copyright_surveillance,Split: copyright + surveillance,100,0.0569954257411547,0.04809251690476244,0.03467279188497722,0.029600448320707472,0.028591497827882246,0.021413402061921195,0.08161955557427013,0.056947700409679065,0.05954584401712161,0.07598958050527928,0.0349951610276478,0.06007788953432023,0.03709830151556589,0.02885700491880565,0.0479343916806844,0.05553726321422297,0.0410603229530824,0.14485870640234413,0.02902489994684532,0.027087295558725993,0.0,0.0,0.0,0.0,0.0,0.0,0.47,0.0,0.11,0.0,0.0,0.0,0.0,0.0,0.0,0.0,0.0,0.42,0.0,0.0,soft,"{""ai_coding_innovations"": 0.1, ""ai_copyright_theft"": 0.45, ""ai_mass_surveillance"": 0.45}","{""ai_coding_innovations"": 0.11, ""ai_copyright_theft"": 0.47, ""ai_mass_surveillance"": 0.42}"
user_0904,coding_heavy,Mostly AI coding innovations,100,0.02214737059809824,0.136628726701254,0.01204046134922879,0.015296928128125815,0.016070476751455155,0.05384640171849048,0.03246190974293629,0.03513112533680731,0.1303664256760774,0.027125891528638937,0.012996728867536382,0.024081899832897716,0.10420344487833164,0.013448505174786735,0.11512198453031314,0.02058297774778694,0.09771617699906987,0.07860530648006482,0.044275229858950875,0.007852028099149207,0.0,0.0,0.0,0.0,0.0,0.0,0.04,0.0,0.84,0.0,0.0,0.0,0.0,0.0,0.0,0.0,0.0,0.12,0.0,0.0,soft,"{""ai_coding_innovations"": 0.8, ""ai_copyright_theft"": 0.1, ""ai_mass_surveillance"": 0.1}","{""ai_coding_innovations"": 0.84, ""ai_copyright_theft"": 0.04, ""ai_mass_surveillance"": 0.12}"
user_0905,copyright_heavy,Mostly AI copyright / theft concerns,100,0.0272337305062774,0.04556861207398639,0.04881042409866453,0.011561757014034904,0.03563614410140646,0.024071715464243575,0.11546654911156962,0.033932462749384024,0.05665907216898543,0.10883317910351027,0.051156507571047824,0.08484554096396484,0.03974135082574078,0.013964812290034299,0.04895277656781348,0.07543888661035296,0.043626622677799626,0.06788689199501861,0.029372644019269322,0.037240320086895665,0.0,0.0,0.0,0.0,0.0,0.0,0.79,0.0,0.14,0.0,0.0,0.0,0.0,0.0,0.0,0.0,0.0,0.07,0.0,0.0,soft,"{""ai_coding_innovations"": 0.1, ""ai_copyright_theft"": 0.8, ""ai_mass_surveillance"": 0.1}","{""ai_coding_innovations"": 0.14, ""ai_copyright_theft"": 0.79, ""ai_mass_surveillance"": 0.07}"
user_0906,surveillance_heavy,Mostly AI mass surveillance,100,0.08953920653630455,0.04858826436049075,0.020183309221271376,0.049156651452738356,0.021402301261527056,0.01778101774275497,0.04680580521071541,0.08198737371599113,0.06086626342820194,0.042236672718592244,0.018335741567966194,0.03460342219979664,0.03262415338776564,0.04509109495624224,0.0451876634422852,0.035216919044651934,0.03692645781131235,0.22843497350176886,0.02827733379241163,0.01675537464721154,0.0,0.0,0.0,0.0,0.0,0.0,0.14,0.0,0.06,0.0,0.0,0.0,0.0,0.0,0.0,0.0,0.0,0.8,0.0,0.0,soft,"{""ai_coding_innovations"": 0.1, ""ai_copyright_theft"": 0.1, ""ai_mass_surveillance"": 0.8}","{""ai_coding_innovations"": 0.06, ""ai_copyright_theft"": 0.14, ""ai_mass_surveillance"": 0.8}"
user_0907,balanced,Even across all topics,100,0.04030063585777397,0.08527759353408222,0.026070392517058383,0.022358239369029607,0.023780343554311162,0.03527504155653183,0.06314523600796879,0.04620256763493858,0.08923228927893571,0.057572118936517445,0.026795669235820246,0.04654881578032915,0.06558732879080124,0.02135921525652293,0.07634945458940244,0.04212197354901724,0.06513558772484936,0.1117536819413384,0.035482393204670774,0.019651421680100475,0.0,0.0,0.0,0.0,0.0,0.0,0.31,0.0,0.42,0.0,0.0,0.0,0.0,0.0,0.0,0.0,0.0,0.27,0.0,0.0,soft,"{""ai_coding_innovations"": 0.333333, ""ai_copyright_theft"": 0.333333, ""ai_mass_surveillance"": 0.333334}","{""ai_coding_innovations"": 0.42, ""ai_copyright_theft"": 0.31, ""ai_mass_surveillance"": 0.27}"
user_0908,coding_copyright,Split: coding + copyright,100,0.022593127036247787,0.09064242833078849,0.031541004735312225,0.012137340639225036,0.02641296787186341,0.03905719031489625,0.07661970961560671,0.032894205174958835,0.09308354396321016,0.07055983325177524,0.0333400802823231,0.05640695216665475,0.07196390613758835,0.012650974591773343,0.08190835348842586,0.04959073072300175,0.07068901882197072,0.06774895699416657,0.03680328209889777,0.023356393761313623,0.0,0.0,0.0,0.0,0.0,0.0,0.44,0.0,0.49,0.0,0.0,0.0,0.0,0.0,0.0,0.0,0.0,0.07,0.0,0.0,soft,"{""ai_coding_innovations"": 0.45, ""ai_copyright_theft"": 0.45, ""ai_mass_surveillance"": 0.1}","{""ai_coding_innovations"": 0.49, ""ai_copyright_theft"": 0.44, ""ai_mass_surveillance"": 0.07}"
user_0909,coding_surveillance,Split: coding + surveillance,100,0.05831675940338709,0.08524654844660035,0.01817990756701806,0.033161719857312325,0.01986977897520954,0.0331662658059732,0.044168931525450726,0.06004730763366729,0.08971551335487264,0.03917818877820967,0.01770971024539361,0.0326632622527359,0.06289672587971873,0.030339576697726106,0.074608518162704,0.03106722199890556,0.06266795430793319,0.15794149978576288,0.03501898202705767,0.014035627294361482,0.0,0.0,0.0,0.0,0.0,0.0,0.13,0.0,0.39,0.0,0.0,0.0,0.0,0.0,0.0,0.0,0.0,0.48,0.0,0.0,soft,"{""ai_coding_innovations"": 0.45, ""ai_copyright_theft"": 0.1, ""ai_mass_surveillance"": 0.45}","{""ai_coding_innovations"": 0.39, ""ai_copyright_theft"": 0.13, ""ai_mass_surveillance"": 0.48}"
user_0910,copyright_surveillance,Split: copyright + surveillance,100,0.05893854189505127,0.045881863106981995,0.03476716623950491,0.030601159373323715,0.028670810513224333,0.020478583834489077,0.08171499082335636,0.0583171005084414,0.057807809596337245,0.07611239049110366,0.035002472936578724,0.06014836633673057,0.0352638060121614,0.02977662867121601,0.04615443750515933,0.0557504618583547,0.03949980512944389,0.14926430219709294,0.02861681592875069,0.02723248704269773,0.0,0.0,0.0,0.0,0.0,0.0,0.47,0.0,0.09,0.0,0.0,0.0,0.0,0.0,0.0,0.0,0.0,0.44,0.0,0.0,soft,"{""ai_coding_innovations"": 0.1, ""ai_copyright_theft"": 0.45, ""ai_mass_surveillance"": 0.45}","{""ai_coding_innovations"": 0.09, ""ai_copyright_theft"": 0.47, ""ai_mass_surveillance"": 0.44}"
user_0911,coding_heavy,Mostly AI coding innovations,100,0.02139755247935214,0.12724897060442827,0.016386794830991706,0.014148209857603528,0.01836283795370985,0.05092781212718336,0.04235566179281194,0.0340287057571829,0.12273816734977545,0.03684479904754644,0.017570783975706113,0.03132420300693854,0.0977521404444039,0.012866725401929189,0.10842764749768069,0.027016447760402632,0.09231779295706448,0.07423517968553515,0.042772578370855345,0.011276989098898571,0.0,0.0,0.0,0.0,0.0,0.0,0.13,0.0,0.77,0.0,0.0,0.0,0.0,0.0,0.0,0.0,0.0,0.1,0.0,0.0,soft,"{""ai_coding_innovations"": 0.8, ""ai_copyright_theft"": 0.1, ""ai_mass_surveillance"": 0.1}","{""ai_coding_innovations"": 0.77, ""ai_copyright_theft"": 0.13, ""ai_mass_surveillance"": 0.1}"
user_0912,copyright_heavy,Mostly AI copyright / theft concerns,100,0.031385140155215124,0.03857165783517972,0.04998599677134006,0.01353028862639938,0.0363218081137788,0.021345766160770642,0.11787723900951141,0.03673059195116158,0.05110160493917527,0.11126584740954384,0.052189212948265354,0.08661155678577474,0.034231070943969086,0.01587913623475565,0.043509692392728325,0.07734232137789364,0.03895916439371281,0.07670596558456501,0.028131868092815624,0.038324070273443804,0.0,0.0,0.0,0.0,0.0,0.0,0.81,0.0,0.08,0.0,0.0,0.0,0.0,0.0,0.0,0.0,0.0,0.11,0.0,0.0,soft,"{""ai_coding_innovations"": 0.1, ""ai_copyright_theft"": 0.8, ""ai_mass_surveillance"": 0.1}","{""ai_coding_innovations"": 0.08, ""ai_copyright_theft"": 0.81, ""ai_mass_surveillance"": 0.11}"
user_0913,surveillance_heavy,Mostly AI mass surveillance,100,0.09329285017352541,0.045454780086552814,0.019878645948516717,0.051174518804404844,0.021297407311367138,0.016339537712195103,0.04588676600900324,0.08469650941138936,0.058430893780753924,0.04138876852304857,0.017841324606150184,0.03393184469612283,0.02987580681843804,0.04689280424111268,0.04256934300325255,0.0349047975932768,0.03457863348244026,0.2372422240912422,0.027673469701354664,0.016649074005852662,0.0,0.0,0.0,0.0,0.0,0.0,0.13,0.0,0.03,0.0,0.0,0.0,0.0,0.0,0.0,0.0,0.0,0.84,0.0,0.0,soft,"{""ai_coding_innovations"": 0.1, ""ai_copyright_theft"": 0.1, ""ai_mass_surveillance"": 0.8}","{""ai_coding_innovations"": 0.03, ""ai_copyright_theft"": 0.13, ""ai_mass_surveillance"": 0.84}"
user_0914,balanced,Even across all topics,100,0.04595395826594908,0.07202401910989371,0.029266800294238032,0.024761345521966224,0.025559741192730915,0.030369057442125386,0.07004328232999234,0.049804054894603024,0.07864300806225057,0.06444028890423302,0.029868193686214663,0.051600194437322534,0.0554772234074019,0.02388350395725071,0.06625004167848475,0.04708608259717822,0.05659502525532378,0.1227913174283565,0.03318835948864079,0.022394502045843867,0.0,0.0,0.0,0.0,0.0,0.0,0.37,0.0,0.31,0.0,0.0,0.0,0.0,0.0,0.0,0.0,0.0,0.32,0.0,0.0,soft,"{""ai_coding_innovations"": 0.333333, ""ai_copyright_theft"": 0.333333, ""ai_mass_surveillance"": 0.333334}","{""ai_coding_innovations"": 0.31, ""ai_copyright_theft"": 0.37, ""ai_mass_surveillance"": 0.32}"
user_0915,coding_copyright,Split: coding + copyright,100,0.025375212596520376,0.08861427095574079,0.03118915428529372,0.013654852464583407,0.026268417579032453,0.03808311939805244,0.07565295278935143,0.03491864082097591,0.09151719152615428,0.0696505240633194,0.03284200736604163,0.05570013626177578,0.07013280731996298,0.013992872000438576,0.08018001013715573,0.04917200994956075,0.06912145340491788,0.07435340968626547,0.03640346001688808,0.023177497377968873,0.0,0.0,0.0,0.0,0.0,0.0,0.43,0.0,0.47,0.0,0.0,0.0,0.0,0.0,0.0,0.0,0.0,0.1,0.0,0.0,soft,"{""ai_coding_innovations"": 0.45, ""ai_copyright_theft"": 0.45, ""ai_mass_surveillance"": 0.1}","{""ai_coding_innovations"": 0.47, ""ai_copyright_theft"": 0.43, ""ai_mass_surveillance"": 0.1}"
user_0916,coding_surveillance,Split: coding + surveillance,100,0.05363499507216029,0.09739479597189872,0.015030686967102242,0.03125896923068385,0.018130037679460847,0.03760484080666362,0.03731860282797029,0.057130520423384,0.09943577736116559,0.032371423803406324,0.014640841749464678,0.02764712199694765,0.07208958351141587,0.028275099873203507,0.08381795398585912,0.026209712272810465,0.0704282578656395,0.14910666219611912,0.03710897373404034,0.011365142670603961,0.0,0.0,0.0,0.0,0.0,0.0,0.07,0.0,0.49,0.0,0.0,0.0,0.0,0.0,0.0,0.0,0.0,0.44,0.0,0.0,soft,"{""ai_coding_innovations"": 0.45, ""ai_copyright_theft"": 0.1, ""ai_mass_surveillance"": 0.45}","{""ai_coding_innovations"": 0.49, ""ai_copyright_theft"": 0.07, ""ai_mass_surveillance"": 0.44}"
user_0917,copyright_surveillance,Split: copyright + surveillance,100,0.06198580479646841,0.041278059088688444,0.03540213975310653,0.0320857807058141,0.029053298862081547,0.01864820006903654,0.08296805339687037,0.060400865158711355,0.05416005877103998,0.07739012963703264,0.03552248157965295,0.061066612648840765,0.031591418319573315,0.03119360251978186,0.04254291832985421,0.05680877856419089,0.036385817075581264,0.15587663688924053,0.027792385956476547,0.027846957877957657,0.0,0.0,0.0,0.0,0.0,0.0,0.48,0.0,0.05,0.0,0.0,0.0,0.0,0.0,0.0,0.0,0.0,0.47,0.0,0.0,soft,"{""ai_coding_innovations"": 0.1, ""ai_copyright_theft"": 0.45, ""ai_mass_surveillance"": 0.45}","{""ai_coding_innovations"": 0.05, ""ai_copyright_theft"": 0.48, ""ai_mass_surveillance"": 0.47}"
user_0918,coding_heavy,Mostly AI coding innovations,100,0.018526315631449658,0.13847438765356912,0.012838536603793527,0.013262615530025302,0.016438890022459157,0.054859725324746,0.03449085864453311,0.03245165414353551,0.13176109612940473,0.029067319891375024,0.014000186609030248,0.025566008445066114,0.10603114701017792,0.011684334109866627,0.11679871705732837,0.02163361793880068,0.09929079000953712,0.06980199689061589,0.04466679000487564,0.008355012349810426,0.0,0.0,0.0,0.0,0.0,0.0,0.06,0.0,0.86,0.0,0.0,0.0,0.0,0.0,0.0,0.0,0.0,0.08,0.0,0.0,soft,"{""ai_coding_innovations"": 0.8, ""ai_copyright_theft"": 0.1, ""ai_mass_surveillance"": 0.1}","{""ai_coding_innovations"": 0.86, ""ai_copyright_theft"": 0.06, ""ai_mass_surveillance"": 0.08}"
user_0919,copyright_heavy,Mostly AI copyright / theft concerns,100,0.036594982646985845,0.046288249402423244,0.04439536323046625,0.017230120267764316,0.03343717066234708,0.023211779456410574,0.10489234598269745,0.041167518271312556,0.05750687479587846,0.0985733923536201,0.04610631527338941,0.07710785229227625,0.03885806993182974,0.018647360728788177,0.04857890772260048,0.06922629175669145,0.042775887831836765,0.09207825886589377,0.02925122137107137,0.03407203715571676,0.0,0.0,0.0,0.0,0.0,0.0,0.69,0.0,0.13,0.0,0.0,0.0,0.0,0.0,0.0,0.0,0.0,0.18,0.0,0.0,soft,"{""ai_coding_innovations"": 0.1, ""ai_copyright_theft"": 0.8, ""ai_mass_surveillance"": 0.1}","{""ai_coding_innovations"": 0.13, ""ai_copyright_theft"": 0.69, ""ai_mass_surveillance"": 0.18}"
user_0920,surveillance_heavy,Mostly AI mass surveillance,100,0.08759609038240798,0.0507989181582712,0.02008893486674368,0.04815594040012212,0.021322988576184965,0.018715835970187087,0.04671036996162917,0.0806179736172288,0.06260429784898633,0.04211386273276786,0.018328429659035278,0.03453294539738627,0.034458648891170125,0.04417147120383189,0.046967617617810285,0.0350037204005202,0.038486975634950855,0.22402937770702003,0.02868541781050626,0.01661018316323981,0.0,0.0,0.0,0.0,0.0,0.0,0.14,0.0,0.08,0.0,0.0,0.0,0.0,0.0,0.0,0.0,0.0,0.78,0.0,0.0,soft,"{""ai_coding_innovations"": 0.1, ""ai_copyright_theft"": 0.1, ""ai_mass_surveillance"": 0.8}","{""ai_coding_innovations"": 0.08, ""ai_copyright_theft"": 0.14, ""ai_mass_surveillance"": 0.78}"
user_0921,balanced,Even across all topics,100,0.04127219393472227,0.08417226663519203,0.026117579694322234,0.022858594895337737,0.02381999989698221,0.03480763244281578,0.06319295363251193,0.04688726768431975,0.08836327206854351,0.05763352392942966,0.02679932519028571,0.04658405418153436,0.06467008103909902,0.021819027132728108,0.07545947750163988,0.04222857287108312,0.06435532881303009,0.11395647983871282,0.035278351195623454,0.01972401742208634,0.0,0.0,0.0,0.0,0.0,0.0,0.31,0.0,0.41,0.0,0.0,0.0,0.0,0.0,0.0,0.0,0.0,0.28,0.0,0.0,soft,"{""ai_coding_innovations"": 0.333333, ""ai_copyright_theft"": 0.333333, ""ai_mass_surveillance"": 0.333334}","{""ai_coding_innovations"": 0.41, ""ai_copyright_theft"": 0.31, ""ai_mass_surveillance"": 0.28}"
user_0922,coding_copyright,Split: coding + copyright,100,0.026170744619954032,0.0808873310260033,0.03414962617615413,0.013556180985979384,0.027849533504096975,0.035514180852226254,0.08231241098865934,0.03509662783373453,0.0852729963614301,0.07621166906647402,0.03589625204410874,0.06057532291274323,0.0646089406950748,0.014218101320140454,0.07453048266505076,0.0536031223873924,0.06448218549448857,0.07437705568641158,0.03512963634609465,0.025557599033782942,0.0,0.0,0.0,0.0,0.0,0.0,0.49,0.0,0.41,0.0,0.0,0.0,0.0,0.0,0.0,0.0,0.0,0.1,0.0,0.0,soft,"{""ai_coding_innovations"": 0.45, ""ai_copyright_theft"": 0.45, ""ai_mass_surveillance"": 0.1}","{""ai_coding_innovations"": 0.41, ""ai_copyright_theft"": 0.49, ""ai_mass_surveillance"": 0.1}"
user_0923,coding_surveillance,Split: coding + surveillance,100,0.06070107895194284,0.0870818610364214,0.016347821171569337,0.03472856742197273,0.018934670719846333,0.03347666416204248,0.03987244559954148,0.06198274977330504,0.0912712585001789,0.03498830708817652,0.0156845149900786,0.029518853022373163,0.06382756037453746,0.0315688594465404,0.07570493854748635,0.028432945006548752,0.063420022846095,0.16453412947778873,0.03525607178044472,0.01266668008310971,0.0,0.0,0.0,0.0,0.0,0.0,0.09,0.0,0.4,0.0,0.0,0.0,0.0,0.0,0.0,0.0,0.0,0.51,0.0,0.0,soft,"{""ai_coding_innovations"": 0.45, ""ai_copyright_theft"": 0.1, ""ai_mass_surveillance"": 0.45}","{""ai_coding_innovations"": 0.4, ""ai_copyright_theft"": 0.09, ""ai_mass_surveillance"": 0.51}"
user_0924,copyright_surveillance,Split: copyright + surveillance,100,0.061720627455323855,0.04385370573193429,0.0344153157894864,0.032118671198682114,0.02852626022039338,0.019504512917645267,0.08074823399710108,0.06034153615445847,0.056241457159281395,0.0752030813026478,0.03450440002029725,0.059441550431851606,0.03343270719453603,0.03111852607988124,0.04442609415388919,0.0553317410849137,0.03793223971239105,0.15586875488919186,0.028216993846741027,0.027053590659352977,0.0,0.0,0.0,0.0,0.0,0.0,0.46,0.0,0.07,0.0,0.0,0.0,0.0,0.0,0.0,0.0,0.0,0.47,0.0,0.0,soft,"{""ai_coding_innovations"": 0.1, ""ai_copyright_theft"": 0.45, ""ai_mass_surveillance"": 0.45}","{""ai_coding_innovations"": 0.07, ""ai_copyright_theft"": 0.46, ""ai_mass_surveillance"": 0.47}"
user_0925,coding_heavy,Mostly AI coding innovations,100,0.024312226710196994,0.12393298990775761,0.01652835636278326,0.015649276436527904,0.018481806981722977,0.04952558478603518,0.0424988146664413,0.0360828059053264,0.12013111571859895,0.03702901402628299,0.01758175183910249,0.031429918210554145,0.09500039718929713,0.014246161030544734,0.10575771623439309,0.027336245726600233,0.0899770162216067,0.0808435733776584,0.0421604523437134,0.011494776324856161,0.0,0.0,0.0,0.0,0.0,0.0,0.13,0.0,0.74,0.0,0.0,0.0,0.0,0.0,0.0,0.0,0.0,0.13,0.0,0.0,soft,"{""ai_coding_innovations"": 0.8, ""ai_copyright_theft"": 0.1, ""ai_mass_surveillance"": 0.1}","{""ai_coding_innovations"": 0.74, ""ai_copyright_theft"": 0.13, ""ai_mass_surveillance"": 0.13}"
user_0926,copyright_heavy,Mostly AI copyright / theft concerns,100,0.03209152089101885,0.04004197757953533,0.0490463599849838,0.014063534645575542,0.03583442581476169,0.021734669895663306,0.11570513723428526,0.03735596299628989,0.052313986117024494,0.10914020406807128,0.05117478734337515,0.08502173296999081,0.03515511206722956,0.016263871671060214,0.044502891129000785,0.07597188322068231,0.03972532811870334,0.0789008814818907,0.028352433974032785,0.037603298796825,0.0,0.0,0.0,0.0,0.0,0.0,0.79,0.0,0.09,0.0,0.0,0.0,0.0,0.0,0.0,0.0,0.0,0.12,0.0,0.0,soft,"{""ai_coding_innovations"": 0.1, ""ai_copyright_theft"": 0.8, ""ai_mass_surveillance"": 0.1}","{""ai_coding_innovations"": 0.09, ""ai_copyright_theft"": 0.79, ""ai_mass_surveillance"": 0.12}"
user_0927,surveillance_heavy,Mostly AI mass surveillance,100,0.09276249549123634,0.050606073373044506,0.017904998021276434,0.05124029979014086,0.020243330027990794,0.018052163409412552,0.04144712720946462,0.08457785140288361,0.06259369055723676,0.03701467185427881,0.015805161487438803,0.0306817202621445,0.03355838456836347,0.04674265136131142,0.046335694651322513,0.031950722634722345,0.037671478756059806,0.23722646009114481,0.02852268548188363,0.015062339568643295,0.0,0.0,0.0,0.0,0.0,0.0,0.09,0.0,0.07,0.0,0.0,0.0,0.0,0.0,0.0,0.0,0.0,0.84,0.0,0.0,soft,"{""ai_coding_innovations"": 0.1, ""ai_copyright_theft"": 0.1, ""ai_mass_surveillance"": 0.8}","{""ai_coding_innovations"": 0.07, ""ai_copyright_theft"": 0.09, ""ai_mass_surveillance"": 0.84}"
user_0928,balanced,Even across all topics,100,0.055182621736085236,0.07403147975995353,0.024358327444229673,0.030446154022129655,0.02309724843282745,0.029937277858596744,0.058359169501235576,0.057009445914405106,0.08053150988326434,0.05308697798715035,0.02430896060887836,0.04304997465713939,0.05551458695097222,0.028528514176054266,0.06681776074528925,0.04013496900387808,0.05651750172776584,0.1469787432992073,0.03327924078557506,0.018829535505362614,0.0,0.0,0.0,0.0,0.0,0.0,0.26,0.0,0.31,0.0,0.0,0.0,0.0,0.0,0.0,0.0,0.0,0.43,0.0,0.0,soft,"{""ai_coding_innovations"": 0.333333, ""ai_copyright_theft"": 0.333333, ""ai_mass_surveillance"": 0.333334}","{""ai_coding_innovations"": 0.31, ""ai_copyright_theft"": 0.26, ""ai_mass_surveillance"": 0.43}"
user_0929,coding_copyright,Split: coding + copyright,100,0.026170744619954025,0.08088733102600333,0.03414962617615413,0.013556180985979398,0.027849533504096982,0.035514180852226275,0.08231241098865937,0.03509662783373452,0.08527299636143011,0.07621166906647402,0.03589625204410875,0.060575322912743194,0.06460894069507483,0.01421810132014046,0.07453048266505076,0.053603122387392406,0.06448218549448856,0.07437705568641154,0.035129636346094645,0.02555759903378295,0.0,0.0,0.0,0.0,0.0,0.0,0.49,0.0,0.41,0.0,0.0,0.0,0.0,0.0,0.0,0.0,0.0,0.1,0.0,0.0,soft,"{""ai_coding_innovations"": 0.45, ""ai_copyright_theft"": 0.45, ""ai_mass_surveillance"": 0.1}","{""ai_coding_innovations"": 0.41, ""ai_copyright_theft"": 0.49, ""ai_mass_surveillance"": 0.1}"
user_0930,coding_surveillance,Split: coding + surveillance,100,0.05195705625940825,0.09702980312643326,0.01592313657619468,0.030225367685199598,0.01857776363580693,0.03768334618548701,0.03944298697865333,0.05582044932887454,0.09909241339370857,0.034435662151966806,0.015651611399889454,0.02920170741152642,0.07208279013985763,0.027430552560693773,0.08371473233734922,0.02747355110795595,0.07044235305246822,0.14470894840141899,0.03709244986187047,0.012013318405236915,0.0,0.0,0.0,0.0,0.0,0.0,0.09,0.0,0.49,0.0,0.0,0.0,0.0,0.0,0.0,0.0,0.0,0.42,0.0,0.0,soft,"{""ai_coding_innovations"": 0.45, ""ai_copyright_theft"": 0.1, ""ai_mass_surveillance"": 0.45}","{""ai_coding_innovations"": 0.49, ""ai_copyright_theft"": 0.09, ""ai_mass_surveillance"": 0.42}"
user_0931,copyright_surveillance,Split: copyright + surveillance,100,0.06339856626807588,0.04421869857739972,0.03352286618039397,0.03315227274416638,0.028078534264047297,0.019426007538821875,0.07862384984641803,0.06165160724896794,0.05658482112673844,0.0731388429540873,0.03349363036987247,0.057886965017272834,0.03343950056609428,0.031963073392390975,0.04452931580239909,0.054067902249768214,0.03791814452556233,0.16026646868389197,0.028233517718910892,0.02640541492472003,0.0,0.0,0.0,0.0,0.0,0.0,0.44,0.0,0.07,0.0,0.0,0.0,0.0,0.0,0.0,0.0,0.0,0.49,0.0,0.0,soft,"{""ai_coding_innovations"": 0.1, ""ai_copyright_theft"": 0.45, ""ai_mass_surveillance"": 0.45}","{""ai_coding_innovations"": 0.07, ""ai_copyright_theft"": 0.44, ""ai_mass_surveillance"": 0.49}"
user_0932,coding_heavy,Mostly AI coding innovations,100,0.02435566409313935,0.13184242626022782,0.01312165966737663,0.016264748687874066,0.016676828078485424,0.05205527064244965,0.03477716439179187,0.03655985443982254,0.12654699286705162,0.02943574984884815,0.014022122335823006,0.025777438852297274,0.10052766049996445,0.01444320536709773,0.11145885453075309,0.022273213871195862,0.09460923653862166,0.08301878427486237,0.04344253795059179,0.008790586801725621,0.0,0.0,0.0,0.0,0.0,0.0,0.06,0.0,0.8,0.0,0.0,0.0,0.0,0.0,0.0,0.0,0.0,0.14,0.0,0.0,soft,"{""ai_coding_innovations"": 0.8, ""ai_copyright_theft"": 0.1, ""ai_mass_surveillance"": 0.1}","{""ai_coding_innovations"": 0.8, ""ai_copyright_theft"": 0.06, ""ai_mass_surveillance"": 0.14}"
user_0933,copyright_heavy,Mostly AI copyright / theft concerns,100,0.032930490297394865,0.04022447400226804,0.04860013518043757,0.01458033541831766,0.035610562836588644,0.021695417206251604,0.11464294515894372,0.038010998543544616,0.052485668100753016,0.10810808489379098,0.05066940251816274,0.08424444026270142,0.03515850875300869,0.016686145327315084,0.04455450195325573,0.07533996380310956,0.03971828052528899,0.08109973837924078,0.02836069591011772,0.03727921092950852,0.0,0.0,0.0,0.0,0.0,0.0,0.78,0.0,0.09,0.0,0.0,0.0,0.0,0.0,0.0,0.0,0.0,0.13,0.0,0.0,soft,"{""ai_coding_innovations"": 0.1, ""ai_copyright_theft"": 0.8, ""ai_mass_surveillance"": 0.1}","{""ai_coding_innovations"": 0.09, ""ai_copyright_theft"": 0.78, ""ai_mass_surveillance"": 0.13}"
user_0934,surveillance_heavy,Mostly AI mass surveillance,100,0.09011299860153602,0.05134640742646933,0.01875026045310502,0.049706342718348485,0.020651399641665836,0.018598077901952,0.04352379373560455,0.08258308025899297,0.0631193438001719,0.039017505209927125,0.01681227518339811,0.03220106727551811,0.03446883894850748,0.04543829217259649,0.04712245009057513,0.03310796214780198,0.038465832854707775,0.23062594839907025,0.02871020361876105,0.015637919561290375,0.0,0.0,0.0,0.0,0.0,0.0,0.11,0.0,0.08,0.0,0.0,0.0,0.0,0.0,0.0,0.0,0.0,0.81,0.0,0.0,soft,"{""ai_coding_innovations"": 0.1, ""ai_copyright_theft"": 0.1, ""ai_mass_surveillance"": 0.8}","{""ai_coding_innovations"": 0.08, ""ai_copyright_theft"": 0.11, ""ai_mass_surveillance"": 0.81}"
user_0935,balanced,Even across all topics,100,0.04741015712049891,0.08287409495107514,0.023980830026118845,0.026443309811664626,0.022779997691459084,0.03367655076832519,0.05797742850489055,0.051531845519355746,0.08748364756640177,0.0525957380438528,0.02427971297315468,0.04276806744749785,0.0628525689645901,0.024850019166412808,0.07393757744738959,0.03928217442735114,0.06275957302231981,0.12935636012021196,0.03491157685795352,0.018248769569475683,0.0,0.0,0.0,0.0,0.0,0.0,0.26,0.0,0.39,0.0,0.0,0.0,0.0,0.0,0.0,0.0,0.0,0.35,0.0,0.0,soft,"{""ai_coding_innovations"": 0.333333, ""ai_copyright_theft"": 0.333333, ""ai_mass_surveillance"": 0.333334}","{""ai_coding_innovations"": 0.39, ""ai_copyright_theft"": 0.26, ""ai_mass_surveillance"": 0.35}"
user_0936,coding_copyright,Split: coding + copyright,100,0.023166919101479236,0.09340057139676702,0.03010795596714588,0.012687031904835167,0.02566206625200219,0.039874250474093265,0.07333769814049587,0.0334899117179607,0.09533662433518007,0.06734066574311014,0.031816613897755,0.054004597242376245,0.07380859169833016,0.012998171808127583,0.08384314013671579,0.04748177382615182,0.07222839386536616,0.06993993189146797,0.037236151925247186,0.022238938675392454,0.0,0.0,0.0,0.0,0.0,0.0,0.41,0.0,0.51,0.0,0.0,0.0,0.0,0.0,0.0,0.0,0.0,0.08,0.0,0.0,soft,"{""ai_coding_innovations"": 0.45, ""ai_copyright_theft"": 0.45, ""ai_mass_surveillance"": 0.1}","{""ai_coding_innovations"": 0.51, ""ai_copyright_theft"": 0.41, ""ai_mass_surveillance"": 0.08}"
user_0937,coding_surveillance,Split: coding + surveillance,100,0.04807082395161508,0.10145111072199405,0.01573438786713927,0.028223945579967075,0.01841913826512275,0.03955298264035121,0.03925211648048084,0.05308164913134989,0.10256848223527726,0.034190042180318035,0.01563698758202761,0.029060753806705635,0.0757517811466666,0.025591305055873037,0.08727464068839945,0.02704715381969248,0.07356338869974517,0.13589775681192134,0.0379086178980597,0.011722935437293448,0.0,0.0,0.0,0.0,0.0,0.0,0.09,0.0,0.53,0.0,0.0,0.0,0.0,0.0,0.0,0.0,0.0,0.38,0.0,0.0,soft,"{""ai_coding_innovations"": 0.45, ""ai_copyright_theft"": 0.1, ""ai_mass_surveillance"": 0.45}","{""ai_coding_innovations"": 0.53, ""ai_copyright_theft"": 0.09, ""ai_mass_surveillance"": 0.38}"
user_0938,copyright_surveillance,Split: copyright + surveillance,100,0.05854077588333445,0.04974533307185076,0.03328693029407471,0.03065049511262573,0.027880252550692066,0.02176305310740216,0.07838526172370239,0.0582281070020621,0.06092990717869937,0.07283181798952636,0.03347535059754516,0.05771077301124689,0.0380257393246055,0.02966401401136507,0.04897920124121181,0.05353490563943887,0.04181943908465858,0.14925247919701992,0.029253727764147426,0.026042436214790687,0.0,0.0,0.0,0.0,0.0,0.0,0.44,0.0,0.12,0.0,0.0,0.0,0.0,0.0,0.0,0.0,0.0,0.44,0.0,0.0,soft,"{""ai_coding_innovations"": 0.1, ""ai_copyright_theft"": 0.45, ""ai_mass_surveillance"": 0.45}","{""ai_coding_innovations"": 0.12, ""ai_copyright_theft"": 0.44, ""ai_mass_surveillance"": 0.44}"
user_0939,coding_heavy,Mostly AI coding innovations,100,0.023914460698480168,0.12779645987262636,0.01504812041735305,0.015698612175829917,0.01769124901919072,0.050810054058948256,0.039169085566787346,0.035993812398947105,0.12325321330096099,0.0337484415247057,0.016054629500068945,0.028992324885070395,0.09776233050174124,0.014133546370693794,0.10858247997044558,0.025120689507684403,0.09229665017682137,0.08083175037758536,0.04279736417911013,0.010304725496949134,0.0,0.0,0.0,0.0,0.0,0.0,0.1,0.0,0.77,0.0,0.0,0.0,0.0,0.0,0.0,0.0,0.0,0.13,0.0,0.0,soft,"{""ai_coding_innovations"": 0.8, ""ai_copyright_theft"": 0.1, ""ai_mass_surveillance"": 0.1}","{""ai_coding_innovations"": 0.77, ""ai_copyright_theft"": 0.1, ""ai_mass_surveillance"": 0.13}"
user_0940,copyright_heavy,Mostly AI copyright / theft concerns,100,0.03054617074883909,0.038389161412447005,0.05043222157588629,0.013013487853657265,0.03654567109195186,0.02138501885018234,0.11893943108485296,0.03607555640390684,0.05092992295544675,0.11229796658382411,0.05269459777347775,0.08738884949306415,0.03422767425818997,0.01545686257850078,0.043458081568473375,0.07797424079546639,0.03896621198712717,0.07450710868721491,0.028123606156730676,0.038648158140760294,0.0,0.0,0.0,0.0,0.0,0.0,0.82,0.0,0.08,0.0,0.0,0.0,0.0,0.0,0.0,0.0,0.0,0.1,0.0,0.0,soft,"{""ai_coding_innovations"": 0.1, ""ai_copyright_theft"": 0.8, ""ai_mass_surveillance"": 0.1}","{""ai_coding_innovations"": 0.08, ""ai_copyright_theft"": 0.82, ""ai_mass_surveillance"": 0.1}"
user_0941,surveillance_heavy,Mostly AI mass surveillance,100,0.08216450793243506,0.053567409586743685,0.021286047748590768,0.04510447150297135,0.02187560848269096,0.02023582137957035,0.04975379331402435,0.0765987668273211,0.06469630352897733,0.04502600527687204,0.019833616271276056,0.03675910831563885,0.037200202088939496,0.04152521460645173,0.049482716408333044,0.03657968068704082,0.040848895150651675,0.21082441332284652,0.029272758029393383,0.017364659539231646,0.0,0.0,0.0,0.0,0.0,0.0,0.17,0.0,0.11,0.0,0.0,0.0,0.0,0.0,0.0,0.0,0.0,0.72,0.0,0.0,soft,"{""ai_coding_innovations"": 0.1, ""ai_copyright_theft"": 0.1, ""ai_mass_surveillance"": 0.8}","{""ai_coding_innovations"": 0.11, ""ai_copyright_theft"": 0.17, ""ai_mass_surveillance"": 0.72}"
user_0942,balanced,Even across all topics,100,0.0481622517609902,0.06723771866886745,0.030347998612385862,0.025729166081714466,0.02616609251976118,0.028577926366084545,0.07235853697884788,0.05123278399761822,0.07482357525322475,0.06675014722444225,0.030893587154501297,0.053295733456722075,0.05180143902903466,0.024878204149561694,0.06258691167892466,0.048776318720587165,0.05348808479487554,0.12720479522315403,0.03235566758028169,0.023333060748420294,0.0,0.0,0.0,0.0,0.0,0.0,0.39,0.0,0.27,0.0,0.0,0.0,0.0,0.0,0.0,0.0,0.0,0.34,0.0,0.0,soft,"{""ai_coding_innovations"": 0.333333, ""ai_copyright_theft"": 0.333333, ""ai_mass_surveillance"": 0.333334}","{""ai_coding_innovations"": 0.27, ""ai_copyright_theft"": 0.39, ""ai_mass_surveillance"": 0.34}"
user_0943,coding_copyright,Split: coding + copyright,100,0.02590556727880945,0.08346297766924912,0.03316280221253399,0.013589071478847402,0.027322494862408796,0.036370493700834984,0.08009259158889002,0.03503729882948165,0.08735439474967151,0.07402462073208912,0.034878170484753036,0.05895026069575403,0.06645022957003754,0.01414302488023983,0.07641365848908574,0.05212608490811516,0.06602860813129832,0.07436917368636287,0.035554244236359125,0.024764231815178256,0.0,0.0,0.0,0.0,0.0,0.0,0.47,0.0,0.43,0.0,0.0,0.0,0.0,0.0,0.0,0.0,0.0,0.1,0.0,0.0,soft,"{""ai_coding_innovations"": 0.45, ""ai_copyright_theft"": 0.45, ""ai_mass_surveillance"": 0.1}","{""ai_coding_innovations"": 0.43, ""ai_copyright_theft"": 0.47, ""ai_mass_surveillance"": 0.1}"
user_0944,coding_surveillance,Split: coding + surveillance,100,0.05460655314910853,0.09628946907300842,0.015077874144366099,0.03175932475699199,0.018169694022131887,0.037137431692947566,0.0373663204525134,0.057815220472765196,0.0985667601507735,0.03243282879631852,0.014644497703930132,0.027682360398152847,0.07117233575971363,0.028734911749408686,0.08292797689809657,0.02631631159487634,0.06964799895382028,0.15130946009349355,0.03690493172499302,0.011437738412589826,0.0,0.0,0.0,0.0,0.0,0.0,0.07,0.0,0.48,0.0,0.0,0.0,0.0,0.0,0.0,0.0,0.0,0.45,0.0,0.0,soft,"{""ai_coding_innovations"": 0.45, ""ai_copyright_theft"": 0.1, ""ai_mass_surveillance"": 0.45}","{""ai_coding_innovations"": 0.48, ""ai_copyright_theft"": 0.07, ""ai_mass_surveillance"": 0.45}"
user_0945,copyright_surveillance,Split: copyright + surveillance,100,0.05929059400208057,0.059125089168676606,0.028940596812311824,0.03179921338314802,0.02558789134843737,0.02468164269870931,0.0684915096738268,0.05933052658168651,0.06855816550500138,0.06311291047061884,0.028901295489375412,0.05046846983720614,0.04447704375853324,0.030245793784222624,0.05567353827384418,0.047101435626823174,0.047217823126664116,0.15362260599154962,0.030756379252242994,0.022617475215041313,0.0,0.0,0.0,0.0,0.0,0.0,0.35,0.0,0.19,0.0,0.0,0.0,0.0,0.0,0.0,0.0,0.0,0.46,0.0,0.0,soft,"{""ai_coding_innovations"": 0.1, ""ai_copyright_theft"": 0.45, ""ai_mass_surveillance"": 0.45}","{""ai_coding_innovations"": 0.19, ""ai_copyright_theft"": 0.35, ""ai_mass_surveillance"": 0.46}"
user_0946,coding_heavy,Mostly AI coding innovations,100,0.016715788148125337,0.13939721812972655,0.013237574231075896,0.012245459230975036,0.016623096657961148,0.05536638712787375,0.0355053330953315,0.03111191854689959,0.13245843135606836,0.030038034072743077,0.014501915479777172,0.026308062751150312,0.10694499807610103,0.010802248577406571,0.11763708332083585,0.02215893803430756,0.10007809651477069,0.06540034209589143,0.044862570077838004,0.00860650447514104,0.0,0.0,0.0,0.0,0.0,0.0,0.07,0.0,0.87,0.0,0.0,0.0,0.0,0.0,0.0,0.0,0.0,0.06,0.0,0.0,soft,"{""ai_coding_innovations"": 0.8, ""ai_copyright_theft"": 0.1, ""ai_mass_surveillance"": 0.1}","{""ai_coding_innovations"": 0.87, ""ai_copyright_theft"": 0.07, ""ai_mass_surveillance"": 0.06}"
user_0947,copyright_heavy,Mostly AI copyright / theft concerns,100,0.029618050054833173,0.04740392466380743,0.04697833770321583,0.01312860457869529,0.03470103584604325,0.02438211382031285,0.11117006318566038,0.0358679048890218,0.05821481731429171,0.10464329741347714,0.04913131231573282,0.08170113173360213,0.040672185320559495,0.015194095038848594,0.05004919695259585,0.07280460961799616,0.04437869121596143,0.07447952168704448,0.029609733772656376,0.03587137287564389,0.0,0.0,0.0,0.0,0.0,0.0,0.75,0.0,0.15,0.0,0.0,0.0,0.0,0.0,0.0,0.0,0.0,0.1,0.0,0.0,soft,"{""ai_coding_innovations"": 0.1, ""ai_copyright_theft"": 0.8, ""ai_mass_surveillance"": 0.1}","{""ai_coding_innovations"": 0.15, ""ai_copyright_theft"": 0.75, ""ai_mass_surveillance"": 0.1}"
user_0948,surveillance_heavy,Mostly AI mass surveillance,100,0.08900885185401546,0.05373955764698243,0.018209661294031104,0.049222432438474364,0.0203482239781507,0.019493643439972418,0.04236616641117677,0.08186871570748537,0.06502906020468478,0.0378625760498225,0.0162995784492548,0.03135329776581834,0.03630673113769107,0.044940942076441,0.04895401509035515,0.0322628440860975,0.04001930308493191,0.22841920950167144,0.029126549572940596,0.015168640210002162,0.0,0.0,0.0,0.0,0.0,0.0,0.1,0.0,0.1,0.0,0.0,0.0,0.0,0.0,0.0,0.0,0.0,0.8,0.0,0.0,soft,"{""ai_coding_innovations"": 0.1, ""ai_copyright_theft"": 0.1, ""ai_mass_surveillance"": 0.8}","{""ai_coding_innovations"": 0.1, ""ai_copyright_theft"": 0.1, ""ai_mass_surveillance"": 0.8}"
user_0949,balanced,Even across all topics,100,0.04930983589145314,0.07275400480082454,0.02748190107605317,0.02682854861293475,0.024664289280038745,0.0302120466844786,0.06579451402862622,0.05242419708362197,0.07932973599716465,0.060311812207112056,0.027846654385365106,0.048491023608165026,0.05549081015051838,0.02557259858227018,0.06645648497550453,0.04455840492688728,0.05656683488166638,0.1315867450177568,0.033221407232980525,0.021098150576577955,0.0,0.0,0.0,0.0,0.0,0.0,0.33,0.0,0.31,0.0,0.0,0.0,0.0,0.0,0.0,0.0,0.0,0.36,0.0,0.0,soft,"{""ai_coding_innovations"": 0.333333, ""ai_copyright_theft"": 0.333333, ""ai_mass_surveillance"": 0.333334}","{""ai_coding_innovations"": 0.31, ""ai_copyright_theft"": 0.33, ""ai_mass_surveillance"": 0.36}"
user_0950,coding_copyright,Split: coding + copyright,100,0.03146973839935465,0.07940666291915371,0.03245910131249695,0.01662409512956417,0.0270333942767469,0.03442235186714738,0.0781590779363795,0.0390861701215158,0.08422168987555984,0.0722060023551774,0.0338820246521901,0.05753662888599605,0.0627880319347868,0.0168268196975703,0.07295697178654546,0.05128864336123317,0.06289347729719265,0.08757807907056064,0.03475460007233976,0.02440643904848877,0.0,0.0,0.0,0.0,0.0,0.0,0.45,0.0,0.39,0.0,0.0,0.0,0.0,0.0,0.0,0.0,0.0,0.16,0.0,0.0,soft,"{""ai_coding_innovations"": 0.45, ""ai_copyright_theft"": 0.45, ""ai_mass_surveillance"": 0.1}","{""ai_coding_innovations"": 0.39, ""ai_copyright_theft"": 0.45, ""ai_mass_surveillance"": 0.16}"
user_0951,coding_surveillance,Split: coding + surveillance,100,0.06167263702889117,0.08597653413753122,0.016395008348833194,0.035228922948280846,0.01897432706251738,0.03300925504832642,0.03992016322408461,0.06266744982268622,0.09040224128978673,0.035049712081088716,0.01568817094454406,0.029554091423578358,0.06291031262283521,0.03202867132274559,0.07481496145972383,0.028539544328614608,0.06263976393427574,0.1667369273751632,0.035052029771397424,0.012739275825095582,0.0,0.0,0.0,0.0,0.0,0.0,0.09,0.0,0.39,0.0,0.0,0.0,0.0,0.0,0.0,0.0,0.0,0.52,0.0,0.0,soft,"{""ai_coding_innovations"": 0.45, ""ai_copyright_theft"": 0.1, ""ai_mass_surveillance"": 0.45}","{""ai_coding_innovations"": 0.39, ""ai_copyright_theft"": 0.09, ""ai_mass_surveillance"": 0.52}"
user_0952,copyright_surveillance,Split: copyright + surveillance,100,0.06330941498044595,0.05341595825149283,0.029622757503177284,0.03378419024194653,0.02601003603996563,0.022383849819540707,0.06979228987188393,0.062098991281337626,0.06404139746931191,0.06445205460946003,0.029424960086915104,0.051421954550521475,0.039887408314242936,0.03212257950899365,0.05117204201077651,0.04826635165472524,0.0433235761609822,0.1624377385810716,0.029727907270921523,0.023304541792287112,0.0,0.0,0.0,0.0,0.0,0.0,0.36,0.0,0.14,0.0,0.0,0.0,0.0,0.0,0.0,0.0,0.0,0.5,0.0,0.0,soft,"{""ai_coding_innovations"": 0.1, ""ai_copyright_theft"": 0.45, ""ai_mass_surveillance"": 0.45}","{""ai_coding_innovations"": 0.14, ""ai_copyright_theft"": 0.36, ""ai_mass_surveillance"": 0.5}"
user_0953,coding_heavy,Mostly AI coding innovations,100,0.017378731500986715,0.13295810152161197,0.01570463414012623,0.012163232998805019,0.01794069326218158,0.05322560500635191,0.04105488159475476,0.03126024105753176,0.1272549353854648,0.03550565490870521,0.017047119378166414,0.030370718293623193,0.10234177588869418,0.010989939677158138,0.11292914376074845,0.02585153173250055,0.09621203992274628,0.06542004709601314,0.04380105035217679,0.010589922521652752,0.0,0.0,0.0,0.0,0.0,0.0,0.12,0.0,0.82,0.0,0.0,0.0,0.0,0.0,0.0,0.0,0.0,0.06,0.0,0.0,soft,"{""ai_coding_innovations"": 0.8, ""ai_copyright_theft"": 0.1, ""ai_mass_surveillance"": 0.1}","{""ai_coding_innovations"": 0.82, ""ai_copyright_theft"": 0.12, ""ai_mass_surveillance"": 0.06}"
user_0954,copyright_heavy,Mostly AI copyright / theft concerns,100,0.028603054594942532,0.04059981521022744,0.05033784722135859,0.012012776801041007,0.03646635840660977,0.02231983707761444,0.11884399583576674,0.0347061563051445,0.052667957376231124,0.11217515659799973,0.05268728586454682,0.08731837269065378,0.03606216976159446,0.014537238826090423,0.04523803574399847,0.07776104215133467,0.040526729810765674,0.0701015128924661,0.028531690174825312,0.03850296665678857,0.0,0.0,0.0,0.0,0.0,0.0,0.82,0.0,0.1,0.0,0.0,0.0,0.0,0.0,0.0,0.0,0.0,0.08,0.0,0.0,soft,"{""ai_coding_innovations"": 0.1, ""ai_copyright_theft"": 0.8, ""ai_mass_surveillance"": 0.1}","{""ai_coding_innovations"": 0.1, ""ai_copyright_theft"": 0.82, ""ai_mass_surveillance"": 0.08}"
user_0955,surveillance_heavy,Mostly AI mass surveillance,100,0.08680055835897434,0.058525858088008705,0.01712846297588326,0.04825461187872612,0.019741872651120443,0.021284774516013266,0.040050911762321215,0.08043998660447016,0.06884849301371058,0.03555271772961324,0.015274184980968187,0.02965775874641879,0.03998251551605829,0.04394624188413,0.052617145089915225,0.030572607962688556,0.04312624354538021,0.22400573170687393,0.029959241481299692,0.01423008150742575,0.0,0.0,0.0,0.0,0.0,0.0,0.08,0.0,0.14,0.0,0.0,0.0,0.0,0.0,0.0,0.0,0.0,0.78,0.0,0.0,soft,"{""ai_coding_innovations"": 0.1, ""ai_copyright_theft"": 0.1, ""ai_mass_surveillance"": 0.8}","{""ai_coding_innovations"": 0.14, ""ai_copyright_theft"": 0.08, ""ai_mass_surveillance"": 0.78}"
user_0956,balanced,Even across all topics,100,0.04211116334109829,0.08435476305792473,0.02567135488977601,0.023375395668079862,0.023596136918809164,0.034768379753404084,0.062130761557170386,0.04754230323157448,0.08853495405227205,0.056601404755149416,0.026293940365073324,0.04580676147424498,0.06467347772487811,0.02224130078898297,0.07551108832589483,0.041596653453510386,0.06434828121961579,0.11615533673606289,0.035286613131708396,0.019399929554769862,0.0,0.0,0.0,0.0,0.0,0.0,0.3,0.0,0.41,0.0,0.0,0.0,0.0,0.0,0.0,0.0,0.0,0.29,0.0,0.0,soft,"{""ai_coding_innovations"": 0.333333, ""ai_copyright_theft"": 0.333333, ""ai_mass_surveillance"": 0.333334}","{""ai_coding_innovations"": 0.41, ""ai_copyright_theft"": 0.3, ""ai_mass_surveillance"": 0.29}"
user_0957,coding_copyright,Split: coding + copyright,100,0.026611948014613213,0.08493329741360474,0.03222316542617771,0.01412231749802353,0.026835112563391675,0.036759397435727655,0.07792048981366385,0.03566266987460997,0.08856677592752076,0.07189897739061646,0.033863744879862795,0.05736043687997012,0.06737427069329803,0.014527760316544389,0.0774068572253582,0.05075564675090383,0.06679477185628886,0.07656408958368863,0.03577481011757631,0.024043460338559437,0.0,0.0,0.0,0.0,0.0,0.0,0.45,0.0,0.44,0.0,0.0,0.0,0.0,0.0,0.0,0.0,0.0,0.11,0.0,0.0,soft,"{""ai_coding_innovations"": 0.45, ""ai_copyright_theft"": 0.45, ""ai_mass_surveillance"": 0.1}","{""ai_coding_innovations"": 0.44, ""ai_copyright_theft"": 0.45, ""ai_mass_surveillance"": 0.11}"
user_0958,coding_surveillance,Split: coding + surveillance,100,0.0508529095118877,0.0994229533469464,0.015382537417120751,0.02974145740532546,0.018274587972291798,0.03857891172350742,0.03828535965422556,0.055106084777366934,0.1010021297982214,0.03328073299186219,0.015138914665746144,0.028353937901826637,0.07392068232904121,0.026933202464538276,0.08554629733712929,0.026628433046251468,0.07199582328269234,0.14250220950402023,0.03750879581605002,0.011544039053948702,0.0,0.0,0.0,0.0,0.0,0.0,0.08,0.0,0.51,0.0,0.0,0.0,0.0,0.0,0.0,0.0,0.0,0.41,0.0,0.0,soft,"{""ai_coding_innovations"": 0.45, ""ai_copyright_theft"": 0.1, ""ai_mass_surveillance"": 0.45}","{""ai_coding_innovations"": 0.51, ""ai_copyright_theft"": 0.08, ""ai_mass_surveillance"": 0.41}"
user_0959,copyright_surveillance,Split: copyright + surveillance,100,0.05518489825783039,0.04901534738091991,0.035071829512259574,0.0285832920216572,0.02877570446338424,0.021920063865048942,0.08263403002506853,0.055607964813043136,0.06024317924378526,0.07696029468664732,0.03549688989839472,0.06081994384040438,0.038012152581489,0.0279749193863456,0.04877275794419198,0.05606258330972984,0.041847629458315994,0.14045705160761962,0.029220680019807682,0.027338787684056606,0.0,0.0,0.0,0.0,0.0,0.0,0.48,0.0,0.12,0.0,0.0,0.0,0.0,0.0,0.0,0.0,0.0,0.4,0.0,0.0,soft,"{""ai_coding_innovations"": 0.1, ""ai_copyright_theft"": 0.45, ""ai_mass_surveillance"": 0.45}","{""ai_coding_innovations"": 0.12, ""ai_copyright_theft"": 0.48, ""ai_mass_surveillance"": 0.4}"
user_0960,coding_heavy,Mostly AI coding innovations,100,0.01570079268823469,0.13259310867614657,0.016597083749218654,0.011129631453320762,0.018388419218527668,0.053304110385175324,0.04317926574543783,0.029950169963022286,0.12691157141800777,0.0375698932572657,0.01805788902859119,0.03192530370820197,0.10233498251713598,0.010145392364648398,0.1128259221122385,0.02711537056764602,0.09622613510957499,0.06102233330131299,0.04378452648000692,0.011238098256285703,0.0,0.0,0.0,0.0,0.0,0.0,0.14,0.0,0.82,0.0,0.0,0.0,0.0,0.0,0.0,0.0,0.0,0.04,0.0,0.0,soft,"{""ai_coding_innovations"": 0.8, ""ai_copyright_theft"": 0.1, ""ai_mass_surveillance"": 0.1}","{""ai_coding_innovations"": 0.82, ""ai_copyright_theft"": 0.14, ""ai_mass_surveillance"": 0.04}"
user_0961,copyright_heavy,Mostly AI copyright / theft concerns,100,0.032887052914452514,0.032315037649797845,0.05200683187584417,0.013964863166971498,0.03741554173982621,0.019165731349837144,0.12236459543359322,0.037533950009048495,0.04606979095230025,0.11570134907122577,0.05422903202144221,0.08989691962095822,0.0296312454423414,0.01648910099076209,0.038853363656895804,0.08040299565851394,0.03508606020827403,0.07892452748203681,0.027078610303239357,0.03998340045263907,0.0,0.0,0.0,0.0,0.0,0.0,0.85,0.0,0.03,0.0,0.0,0.0,0.0,0.0,0.0,0.0,0.0,0.12,0.0,0.0,soft,"{""ai_coding_innovations"": 0.1, ""ai_copyright_theft"": 0.8, ""ai_mass_surveillance"": 0.1}","{""ai_coding_innovations"": 0.03, ""ai_copyright_theft"": 0.85, ""ai_mass_surveillance"": 0.12}"
user_0962,surveillance_heavy,Mostly AI mass surveillance,100,0.08287088866823877,0.05503772933109928,0.020346410962234465,0.04563771752214748,0.021388226183673822,0.020624725114463012,0.04758169153879815,0.07722413787244936,0.06590868470682654,0.04290036193539931,0.018819190666385828,0.03516928449985485,0.03812424321219998,0.04190995004275626,0.05047591514460548,0.035209242529829446,0.0416150588756422,0.21301932922017217,0.02949332391061055,0.016643888062612827,0.0,0.0,0.0,0.0,0.0,0.0,0.15,0.0,0.12,0.0,0.0,0.0,0.0,0.0,0.0,0.0,0.0,0.73,0.0,0.0,soft,"{""ai_coding_innovations"": 0.1, ""ai_copyright_theft"": 0.1, ""ai_mass_surveillance"": 0.8}","{""ai_coding_innovations"": 0.12, ""ai_copyright_theft"": 0.15, ""ai_mass_surveillance"": 0.73}"
user_0963,balanced,Even across all topics,100,0.045910520883006734,0.06411458275742349,0.03267349698964466,0.024145873270620077,0.02736472009596848,0.027839371585710888,0.07776493260464175,0.04932700636010691,0.0722271309137978,0.07203355308166787,0.033427823189494166,0.057252673795579405,0.049949960096734566,0.023686459620697722,0.060548903382124854,0.052149114452582586,0.05196280493830882,0.12061610653115258,0.03190627388176242,0.025098691568974416,0.0,0.0,0.0,0.0,0.0,0.0,0.44,0.0,0.25,0.0,0.0,0.0,0.0,0.0,0.0,0.0,0.0,0.31,0.0,0.0,soft,"{""ai_coding_innovations"": 0.333333, ""ai_copyright_theft"": 0.333333, ""ai_mass_surveillance"": 0.333334}","{""ai_coding_innovations"": 0.25, ""ai_copyright_theft"": 0.44, ""ai_mass_surveillance"": 0.31}"
user_0964,coding_copyright,Split: coding + copyright,100,0.02091518822349575,0.09027743548532309,0.032433454344404665,0.011103739093740779,0.026860693828209492,0.03913569569371963,0.07874409376628975,0.03158413408044936,0.09274017999575312,0.07262407160033574,0.03435084993274788,0.05796153758123352,0.0719571127660301,0.011806427279263603,0.08180513183991596,0.05085456955814723,0.07070311400879944,0.06335124319946643,0.036786758226727896,0.024004569495946582,0.0,0.0,0.0,0.0,0.0,0.0,0.46,0.0,0.49,0.0,0.0,0.0,0.0,0.0,0.0,0.0,0.0,0.05,0.0,0.0,soft,"{""ai_coding_innovations"": 0.45, ""ai_copyright_theft"": 0.45, ""ai_mass_surveillance"": 0.1}","{""ai_coding_innovations"": 0.49, ""ai_copyright_theft"": 0.46, ""ai_mass_surveillance"": 0.05}"
user_0965,coding_surveillance,Split: coding + surveillance,100,0.05345896901864567,0.09077318294105137,0.0179439716806988,0.030659942225771692,0.019671497261854312,0.03550331137455349,0.043930343402735085,0.05662380738676141,0.09406059940683353,0.038871163813648725,0.0176914304730663,0.03248707024670994,0.06748296463822993,0.0280405173167002,0.07905840360151668,0.030534225388576225,0.06656924886702939,0.14692751029889076,0.03603919207229419,0.013672648584432148,0.0,0.0,0.0,0.0,0.0,0.0,0.13,0.0,0.44,0.0,0.0,0.0,0.0,0.0,0.0,0.0,0.0,0.43,0.0,0.0,soft,"{""ai_coding_innovations"": 0.45, ""ai_copyright_theft"": 0.1, ""ai_mass_surveillance"": 0.45}","{""ai_coding_innovations"": 0.44, ""ai_copyright_theft"": 0.13, ""ai_mass_surveillance"": 0.43}"
user_0966,copyright_surveillance,Split: copyright + surveillance,100,0.06273562291521449,0.0506578151855143,0.031055806271343633,0.033234498976336395,0.026760937659826862,0.02156678966034369,0.07307430134699482,0.06150328473833578,0.061788317097341984,0.06767122211812515,0.030948426471483215,0.05382430947479999,0.038042722753501096,0.03177538229263942,0.049237255362486576,0.050375308551575196,0.04178420111758679,0.16024676368377028,0.0292950374445721,0.024421996878208303,0.0,0.0,0.0,0.0,0.0,0.0,0.39,0.0,0.12,0.0,0.0,0.0,0.0,0.0,0.0,0.0,0.0,0.49,0.0,0.0,soft,"{""ai_coding_innovations"": 0.1, ""ai_copyright_theft"": 0.45, ""ai_mass_surveillance"": 0.45}","{""ai_coding_innovations"": 0.12, ""ai_copyright_theft"": 0.39, ""ai_mass_surveillance"": 0.49}"
user_0967,coding_heavy,Mostly AI coding innovations,100,0.021308401191722212,0.13644623027852135,0.012486686153775014,0.01478012735538368,0.016294339729628203,0.05388565440790219,0.033524101818277835,0.03447608978955259,0.13019474369234887,0.028158010702919165,0.01350211369274878,0.024859192540187123,0.10420004819255255,0.013026231518531863,0.11507037370605823,0.021214897165359674,0.09772322459248428,0.0764064495827148,0.044266967922865955,0.00817611596646568,0.0,0.0,0.0,0.0,0.0,0.0,0.05,0.0,0.84,0.0,0.0,0.0,0.0,0.0,0.0,0.0,0.0,0.11,0.0,0.0,soft,"{""ai_coding_innovations"": 0.8, ""ai_copyright_theft"": 0.1, ""ai_mass_surveillance"": 0.1}","{""ai_coding_innovations"": 0.84, ""ai_copyright_theft"": 0.05, ""ai_mass_surveillance"": 0.11}"
user_0968,copyright_heavy,Mostly AI copyright / theft concerns,100,0.024892848340663992,0.05164273583663556,0.047235813798706644,0.010610381700720668,0.0347662734535321,0.026291002964588757,0.11204138476282939,0.032474069144242376,0.06151920417213193,0.1054297966161086,0.049622073323083354,0.08233747083607075,0.0443377796415893,0.012932573877772996,0.05355749447939105,0.0730101317473054,0.04750677445665277,0.06346947320019676,0.030417639872760666,0.035905077775016885,0.0,0.0,0.0,0.0,0.0,0.0,0.76,0.0,0.19,0.0,0.0,0.0,0.0,0.0,0.0,0.0,0.0,0.05,0.0,0.0,soft,"{""ai_coding_innovations"": 0.1, ""ai_copyright_theft"": 0.8, ""ai_mass_surveillance"": 0.1}","{""ai_coding_innovations"": 0.19, ""ai_copyright_theft"": 0.76, ""ai_mass_surveillance"": 0.05}"
user_0969,surveillance_heavy,Mostly AI mass surveillance,100,0.09611837311674044,0.05133605906397538,0.016120098803091575,0.05330750288110939,0.019347878115298627,0.017895152651765774,0.0371983589080985,0.08719799359190257,0.06328041849215087,0.03288619515715787,0.013783622186589243,0.027572549432986995,0.03357197131147998,0.04843174598633092,0.046542137948342326,0.029423044964431423,0.03764328838240239,0.24602188768054525,0.02855573322622336,0.013765988099377385,0.0,0.0,0.0,0.0,0.0,0.0,0.05,0.0,0.07,0.0,0.0,0.0,0.0,0.0,0.0,0.0,0.0,0.88,0.0,0.0,soft,"{""ai_coding_innovations"": 0.1, ""ai_copyright_theft"": 0.1, ""ai_mass_surveillance"": 0.8}","{""ai_coding_innovations"": 0.07, ""ai_copyright_theft"": 0.05, ""ai_mass_surveillance"": 0.88}"
user_0970,balanced,Even across all topics,100,0.04290669536453191,0.07662782312818725,0.028631826780636416,0.023276724189475857,0.025177252843873687,0.0321994412075779,0.06879021975647828,0.047720290244333094,0.08229075888754782,0.06316254975830399,0.029348185043140424,0.050681948125212414,0.05914961109998993,0.022466530108684848,0.06986156085378988,0.046027765891342005,0.059709013309186425,0.11617898273620894,0.03401278946091495,0.021780031210583924,0.0,0.0,0.0,0.0,0.0,0.0,0.36,0.0,0.35,0.0,0.0,0.0,0.0,0.0,0.0,0.0,0.0,0.29,0.0,0.0,soft,"{""ai_coding_innovations"": 0.333333, ""ai_copyright_theft"": 0.333333, ""ai_mass_surveillance"": 0.333334}","{""ai_coding_innovations"": 0.35, ""ai_copyright_theft"": 0.36, ""ai_mass_surveillance"": 0.29}"
user_0971,coding_copyright,Split: coding + copyright,100,0.02617074461995402,0.08088733102600329,0.034149626176154135,0.013556180985979382,0.027849533504096975,0.035514180852226254,0.08231241098865934,0.03509662783373453,0.08527299636143013,0.076211669066474,0.035896252044108734,0.060575322912743215,0.0646089406950748,0.01421810132014046,0.07453048266505077,0.053603122387392385,0.06448218549448854,0.07437705568641158,0.03512963634609466,0.025557599033782942,0.0,0.0,0.0,0.0,0.0,0.0,0.49,0.0,0.41,0.0,0.0,0.0,0.0,0.0,0.0,0.0,0.0,0.1,0.0,0.0,soft,"{""ai_coding_innovations"": 0.45, ""ai_copyright_theft"": 0.45, ""ai_mass_surveillance"": 0.1}","{""ai_coding_innovations"": 0.41, ""ai_copyright_theft"": 0.49, ""ai_mass_surveillance"": 0.1}"
user_0972,coding_surveillance,Split: coding + surveillance,100,0.05460655314910859,0.09628946907300846,0.015077874144366095,0.031759324756991975,0.01816969402213189,0.03713743169294756,0.03736632045251342,0.05781522047276517,0.09856676015077338,0.03243282879631851,0.01464449770393014,0.02768236039815284,0.07117233575971363,0.02873491174940869,0.08292797689809663,0.026316311594876324,0.06964799895382026,0.15130946009349355,0.03690493172499304,0.011437738412589828,0.0,0.0,0.0,0.0,0.0,0.0,0.07,0.0,0.48,0.0,0.0,0.0,0.0,0.0,0.0,0.0,0.0,0.45,0.0,0.0,soft,"{""ai_coding_innovations"": 0.45, ""ai_copyright_theft"": 0.1, ""ai_mass_surveillance"": 0.45}","{""ai_coding_innovations"": 0.48, ""ai_copyright_theft"": 0.07, ""ai_mass_surveillance"": 0.45}"
user_0973,copyright_surveillance,Split: copyright + surveillance,100,0.062161830849983064,0.04789967211953577,0.03248885503950999,0.03268480771072626,0.027511839279688075,0.020749729501146657,0.07635631282210562,0.06090757819533391,0.05953523672537206,0.07089038962679026,0.03247189285605131,0.05622666439907852,0.036198037192759255,0.03142818507628517,0.04730246871419664,0.05248426544842514,0.04024482607419136,0.15805578878646892,0.02886216761822269,0.025539451964129458,0.0,0.0,0.0,0.0,0.0,0.0,0.42,0.0,0.1,0.0,0.0,0.0,0.0,0.0,0.0,0.0,0.0,0.48,0.0,0.0,soft,"{""ai_coding_innovations"": 0.1, ""ai_copyright_theft"": 0.45, ""ai_mass_surveillance"": 0.45}","{""ai_coding_innovations"": 0.1, ""ai_copyright_theft"": 0.42, ""ai_mass_surveillance"": 0.48}"
user_0974,coding_heavy,Mostly AI coding innovations,100,0.025724988181804475,0.12687362939646882,0.014649082790070685,0.016715768474880176,0.017507042383688717,0.05030339225582051,0.03815461111598893,0.03733354799558299,0.12255587807429738,0.032777727343337656,0.01555290062932201,0.02825027057898619,0.09684847943581812,0.015015631903153845,0.10774411370693801,0.02459536941217754,0.09150934367158774,0.0852334051723098,0.04260158410614773,0.010053233371618524,0.0,0.0,0.0,0.0,0.0,0.0,0.09,0.0,0.76,0.0,0.0,0.0,0.0,0.0,0.0,0.0,0.0,0.15,0.0,0.0,soft,"{""ai_coding_innovations"": 0.8, ""ai_copyright_theft"": 0.1, ""ai_mass_surveillance"": 0.1}","{""ai_coding_innovations"": 0.76, ""ai_copyright_theft"": 0.09, ""ai_mass_surveillance"": 0.15}"
user_0975,copyright_heavy,Mostly AI copyright / theft concerns,100,0.02820528858322569,0.0444632851750962,0.0488576112759284,0.01206211254034304,0.035675800444077505,0.02360430635052753,0.11551426673611276,0.03461716279876521,0.055790054958593245,0.10889458409642247,0.05116016352551329,0.08488077936517004,0.03882410307403852,0.014424624166239484,0.048062799480050954,0.07554548593241885,0.042846363765980354,0.07008968989239307,0.029168602010222023,0.03731291582888153,0.0,0.0,0.0,0.0,0.0,0.0,0.79,0.0,0.13,0.0,0.0,0.0,0.0,0.0,0.0,0.0,0.0,0.08,0.0,0.0,soft,"{""ai_coding_innovations"": 0.1, ""ai_copyright_theft"": 0.8, ""ai_mass_surveillance"": 0.1}","{""ai_coding_innovations"": 0.13, ""ai_copyright_theft"": 0.79, ""ai_mass_surveillance"": 0.08}"
user_0976,surveillance_heavy,Mostly AI mass surveillance,100,0.09081937933733979,0.05281672717082495,0.017810623666748734,0.050239588737524626,0.020164017342648707,0.01898698163684467,0.04135169196037836,0.0832084513041213,0.06433172497802114,0.036891861868454445,0.015797849578507887,0.030611243459734126,0.03539288007176798,0.045823027608901064,0.04811564882684759,0.03173752399059063,0.03923199657969831,0.232820864296396,0.028930769499978252,0.01491714808467157,0.0,0.0,0.0,0.0,0.0,0.0,0.09,0.0,0.09,0.0,0.0,0.0,0.0,0.0,0.0,0.0,0.0,0.82,0.0,0.0,soft,"{""ai_coding_innovations"": 0.1, ""ai_copyright_theft"": 0.1, ""ai_mass_surveillance"": 0.8}","{""ai_coding_innovations"": 0.09, ""ai_copyright_theft"": 0.09, ""ai_mass_surveillance"": 0.82}"
user_0977,balanced,Even across all topics,100,0.05337209425276095,0.07495431023611099,0.024757365071512032,0.029428997723079383,0.023281455068329435,0.030443939661724494,0.05937364395203396,0.05566971031776917,0.08122884510992796,0.05405769216851841,0.024810689479625288,0.043792028963223574,0.056428438016895344,0.027646428643594213,0.06765612700879683,0.04066028909938497,0.05730480823299944,0.1425770885044828,0.033475020858537444,0.019081027630693224,0.0,0.0,0.0,0.0,0.0,0.0,0.27,0.0,0.32,0.0,0.0,0.0,0.0,0.0,0.0,0.0,0.0,0.41,0.0,0.0,soft,"{""ai_coding_innovations"": 0.333333, ""ai_copyright_theft"": 0.333333, ""ai_mass_surveillance"": 0.333334}","{""ai_coding_innovations"": 0.32, ""ai_copyright_theft"": 0.27, ""ai_mass_surveillance"": 0.41}"
user_0978,coding_copyright,Split: coding + copyright,100,0.026611948014613206,0.08493329741360477,0.032223165426177716,0.014122317498023533,0.026835112563391675,0.03675939743572766,0.07792048981366387,0.03566266987460997,0.08856677592752074,0.07189897739061647,0.033863744879862795,0.05736043687997009,0.06737427069329803,0.014527760316544387,0.0774068572253582,0.05075564675090385,0.06679477185628888,0.07656408958368863,0.035774810117576314,0.024043460338559437,0.0,0.0,0.0,0.0,0.0,0.0,0.45,0.0,0.44,0.0,0.0,0.0,0.0,0.0,0.0,0.0,0.0,0.11,0.0,0.0,soft,"{""ai_coding_innovations"": 0.45, ""ai_copyright_theft"": 0.45, ""ai_mass_surveillance"": 0.1}","{""ai_coding_innovations"": 0.44, ""ai_copyright_theft"": 0.45, ""ai_mass_surveillance"": 0.11}"
user_0979,coding_surveillance,Split: coding + surveillance,100,0.059862109545566825,0.08689936461368866,0.016794045976115557,0.034211766649230604,0.019158533698019373,0.033515916851454185,0.040934637674883013,0.061327714226050316,0.09109957651645038,0.036020426262456766,0.01618989981529098,0.030296145729662563,0.06382416368875835,0.03114658579028553,0.07565332772323138,0.029064864424121487,0.06342707043950938,0.16233527258043867,0.035247809844359775,0.012990767950426182,0.0,0.0,0.0,0.0,0.0,0.0,0.1,0.0,0.4,0.0,0.0,0.0,0.0,0.0,0.0,0.0,0.0,0.5,0.0,0.0,soft,"{""ai_coding_innovations"": 0.45, ""ai_copyright_theft"": 0.1, ""ai_mass_surveillance"": 0.45}","{""ai_coding_innovations"": 0.4, ""ai_copyright_theft"": 0.1, ""ai_mass_surveillance"": 0.5}"
user_0980,copyright_surveillance,Split: copyright + surveillance,100,0.057525780423443806,0.04294122361827075,0.03664643981221748,0.02953466733497144,0.029645575111258593,0.019700776364703736,0.0860591943738087,0.057066358418184804,0.05538304724063878,0.08036367717404899,0.0370313241463592,0.0633280139682985,0.03341572376564044,0.029007157798606895,0.044168040032614424,0.05849133817277738,0.03796747767946283,0.1448744704024415,0.028175684166316342,0.028674029995935366,0.0,0.0,0.0,0.0,0.0,0.0,0.51,0.0,0.07,0.0,0.0,0.0,0.0,0.0,0.0,0.0,0.0,0.42,0.0,0.0,soft,"{""ai_coding_innovations"": 0.1, ""ai_copyright_theft"": 0.45, ""ai_mass_surveillance"": 0.45}","{""ai_coding_innovations"": 0.07, ""ai_copyright_theft"": 0.51, ""ai_mass_surveillance"": 0.42}"
user_0981,coding_heavy,Mostly AI coding innovations,100,0.021308401191722236,0.13644623027852135,0.012486686153775014,0.014780127355383683,0.016294339729628203,0.05388565440790219,0.03352410181827782,0.03447608978955259,0.1301947436923489,0.028158010702919158,0.01350211369274878,0.024859192540187116,0.10420004819255255,0.013026231518531863,0.11507037370605823,0.02121489716535968,0.09772322459248428,0.0764064495827148,0.044266967922865955,0.008176115966465681,0.0,0.0,0.0,0.0,0.0,0.0,0.05,0.0,0.84,0.0,0.0,0.0,0.0,0.0,0.0,0.0,0.0,0.11,0.0,0.0,soft,"{""ai_coding_innovations"": 0.8, ""ai_copyright_theft"": 0.1, ""ai_mass_surveillance"": 0.1}","{""ai_coding_innovations"": 0.84, ""ai_copyright_theft"": 0.05, ""ai_mass_surveillance"": 0.11}"
user_0982,copyright_heavy,Mostly AI copyright / theft concerns,100,0.028072699912653418,0.045751108496719116,0.048364199294118324,0.01207855778677704,0.03541228112323342,0.02403246277483188,0.11440435703622809,0.03458749829663877,0.05683075415271395,0.10780105992923002,0.05065112274583544,0.08406824825667548,0.03974474751151991,0.01438708594628917,0.04900438739206843,0.07480696719278022,0.04361957508438527,0.07008574889236874,0.029380905955354267,0.03691623221957918,0.0,0.0,0.0,0.0,0.0,0.0,0.78,0.0,0.14,0.0,0.0,0.0,0.0,0.0,0.0,0.0,0.0,0.08,0.0,0.0,soft,"{""ai_coding_innovations"": 0.1, ""ai_copyright_theft"": 0.8, ""ai_mass_surveillance"": 0.1}","{""ai_coding_innovations"": 0.14, ""ai_copyright_theft"": 0.78, ""ai_mass_surveillance"": 0.08}"
user_0983,surveillance_heavy,Mostly AI mass surveillance,100,0.09165834874371577,0.05299922359355761,0.017364398862202517,0.05075638951026673,0.019940154364475653,0.018947728947432966,0.040289499885036814,0.08386348685137601,0.06450340696174964,0.0358597426941742,0.015292464753295482,0.029833950752444757,0.03539627675754708,0.046245301265155914,0.04816725965110255,0.03110560457301789,0.03922494898628394,0.235019721193746,0.028939031436063165,0.014593060217355075,0.0,0.0,0.0,0.0,0.0,0.0,0.08,0.0,0.09,0.0,0.0,0.0,0.0,0.0,0.0,0.0,0.0,0.83,0.0,0.0,soft,"{""ai_coding_innovations"": 0.1, ""ai_copyright_theft"": 0.1, ""ai_mass_surveillance"": 0.8}","{""ai_coding_innovations"": 0.09, ""ai_copyright_theft"": 0.08, ""ai_mass_surveillance"": 0.83}"
user_0984,balanced,Even across all topics,100,0.04387825344148022,0.07552249622929703,0.028679013957900255,0.023777079715783963,0.025216909186544734,0.03173203209386186,0.06883793738102144,0.04840499029371425,0.08142174167715564,0.0632239547512162,0.029351840997605898,0.05071718652641757,0.05823236334828774,0.022926341984890033,0.06897158376602734,0.04613436521340788,0.058928754397367146,0.11838178063358334,0.033808747451867634,0.021852626952569797,0.0,0.0,0.0,0.0,0.0,0.0,0.36,0.0,0.34,0.0,0.0,0.0,0.0,0.0,0.0,0.0,0.0,0.3,0.0,0.0,soft,"{""ai_coding_innovations"": 0.333333, ""ai_copyright_theft"": 0.333333, ""ai_mass_surveillance"": 0.333334}","{""ai_coding_innovations"": 0.34, ""ai_copyright_theft"": 0.36, ""ai_mass_surveillance"": 0.3}"
user_0985,coding_copyright,Split: coding + copyright,100,0.023697273783768347,0.08824927811027537,0.03208160389438616,0.012621250919099155,0.02671614353537854,0.038161624776875826,0.07777733694003448,0.03360856972646645,0.09117382755869725,0.07171476241187988,0.03385277701646641,0.05725472167635453,0.07012601394840474,0.013148324687928842,0.08007678848864583,0.050435848784706236,0.06913554859174657,0.06995569589156536,0.036386936144718225,0.02382567311260183,0.0,0.0,0.0,0.0,0.0,0.0,0.45,0.0,0.47,0.0,0.0,0.0,0.0,0.0,0.0,0.0,0.0,0.08,0.0,0.0,soft,"{""ai_coding_innovations"": 0.45, ""ai_copyright_theft"": 0.45, ""ai_mass_surveillance"": 0.1}","{""ai_coding_innovations"": 0.47, ""ai_copyright_theft"": 0.45, ""ai_mass_surveillance"": 0.08}"
user_0986,coding_surveillance,Split: coding + surveillance,100,0.05416534975444936,0.09224350268540697,0.017004334894342513,0.031193188244947847,0.019184114962837184,0.03589221510944616,0.04175824162750891,0.05724917843188976,0.0952729805846828,0.036745520472176066,0.016677004868176068,0.03089724643092595,0.06840700576149039,0.02842525275300475,0.08005160233778912,0.029163787231364896,0.06733541259201996,0.14912242619621652,0.03625975795351137,0.012951877107813327,0.0,0.0,0.0,0.0,0.0,0.0,0.11,0.0,0.45,0.0,0.0,0.0,0.0,0.0,0.0,0.0,0.0,0.44,0.0,0.0,soft,"{""ai_coding_innovations"": 0.45, ""ai_copyright_theft"": 0.1, ""ai_mass_surveillance"": 0.45}","{""ai_coding_innovations"": 0.45, ""ai_copyright_theft"": 0.11, ""ai_mass_surveillance"": 0.44}"
user_0987,copyright_surveillance,Split: copyright + surveillance,100,0.06300080025635907,0.048082168542268454,0.03204263023496378,0.03320160848346839,0.027287976301515027,0.020710476811734966,0.07529412074676411,0.06156261374258864,0.05970691870910055,0.06985827045251003,0.03196650803083891,0.05544937169178915,0.036201433878538365,0.03185045873254004,0.04735407953845159,0.051852346030852425,0.040237778480776996,0.1602546456838189,0.02887042955430764,0.025215364096812985,0.0,0.0,0.0,0.0,0.0,0.0,0.41,0.0,0.1,0.0,0.0,0.0,0.0,0.0,0.0,0.0,0.0,0.49,0.0,0.0,soft,"{""ai_coding_innovations"": 0.1, ""ai_copyright_theft"": 0.45, ""ai_mass_surveillance"": 0.45}","{""ai_coding_innovations"": 0.1, ""ai_copyright_theft"": 0.41, ""ai_mass_surveillance"": 0.49}"
user_0988,coding_heavy,Mostly AI coding innovations,100,0.020867197797063055,0.1324002638909199,0.014413146903751426,0.014213990843339547,0.017308760670333503,0.052640437824400796,0.037916022993273325,0.03391004774867715,0.1269009641262583,0.03247070237877669,0.015534620856994707,0.028074078572960244,0.10143471819432932,0.012716572522127934,0.11219399914575079,0.024062372801848204,0.09541063823068396,0.07421941568543773,0.04362179415138429,0.009690254661689188,0.0,0.0,0.0,0.0,0.0,0.0,0.09,0.0,0.81,0.0,0.0,0.0,0.0,0.0,0.0,0.0,0.0,0.1,0.0,0.0,soft,"{""ai_coding_innovations"": 0.8, ""ai_copyright_theft"": 0.1, ""ai_mass_surveillance"": 0.1}","{""ai_coding_innovations"": 0.81, ""ai_copyright_theft"": 0.09, ""ai_mass_surveillance"": 0.1}"
user_0989,copyright_heavy,Mostly AI copyright / theft concerns,100,0.03169375487930202,0.0439054475444041,0.047566124039553605,0.014112870384877546,0.03504386785222942,0.023019139168576386,0.11237540813463127,0.03726696948991058,0.05543608369938662,0.10585963156649394,0.0496476650043416,0.08258413964450709,0.03791704537967362,0.01615125701120927,0.04732765486505326,0.07375632700176649,0.04204496207391803,0.07888905848181771,0.02898934580942951,0.03641324796891796,0.0,0.0,0.0,0.0,0.0,0.0,0.76,0.0,0.12,0.0,0.0,0.0,0.0,0.0,0.0,0.0,0.0,0.12,0.0,0.0,soft,"{""ai_coding_innovations"": 0.1, ""ai_copyright_theft"": 0.8, ""ai_mass_surveillance"": 0.1}","{""ai_coding_innovations"": 0.12, ""ai_copyright_theft"": 0.76, ""ai_mass_surveillance"": 0.12}"
user_0990,surveillance_heavy,Mostly AI mass surveillance,100,0.09121714534905657,0.048953257205956176,0.019290859612178933,0.05019025299822261,0.020954575305180967,0.01770251236393158,0.04468142106003233,0.0832974448105006,0.06120962739565901,0.040172434370031734,0.017324971917541426,0.033048836785217854,0.03263094675932387,0.04593564226875199,0.04529088509079511,0.03395308020950644,0.036912362624483636,0.232832687296469,0.028293857664581513,0.016107198912578592,0.0,0.0,0.0,0.0,0.0,0.0,0.12,0.0,0.06,0.0,0.0,0.0,0.0,0.0,0.0,0.0,0.0,0.82,0.0,0.0,soft,"{""ai_coding_innovations"": 0.1, ""ai_copyright_theft"": 0.1, ""ai_mass_surveillance"": 0.8}","{""ai_coding_innovations"": 0.06, ""ai_copyright_theft"": 0.12, ""ai_mass_surveillance"": 0.82}"
user_0991,balanced,Even across all topics,100,0.04476066023079858,0.08361442900449992,0.024826092457947427,0.02490935273987226,0.023188067305134136,0.03422246526086465,0.060054095031030486,0.04953707437546512,0.08800930080933697,0.054598571399501125,0.02528682666911401,0.0442874144608714,0.06376302334473412,0.023545659977697888,0.0747243328866422,0.04043941394043076,0.0635539271209678,0.12275584842813742,0.03509909499483096,0.01882434956212277,0.0,0.0,0.0,0.0,0.0,0.0,0.28,0.0,0.4,0.0,0.0,0.0,0.0,0.0,0.0,0.0,0.0,0.32,0.0,0.0,soft,"{""ai_coding_innovations"": 0.333333, ""ai_copyright_theft"": 0.333333, ""ai_mass_surveillance"": 0.333334}","{""ai_coding_innovations"": 0.4, ""ai_copyright_theft"": 0.28, ""ai_mass_surveillance"": 0.32}"
user_0992,coding_copyright,Split: coding + copyright,100,0.023697273783768336,0.08824927811027537,0.03208160389438615,0.012621250919099157,0.026716143535378538,0.03816162477687582,0.07777733694003447,0.033608569726466433,0.09117382755869728,0.07171476241187988,0.03385277701646641,0.0572547216763545,0.07012601394840473,0.013148324687928837,0.0800767884886458,0.050435848784706236,0.0691355485917466,0.06995569589156533,0.03638693614471822,0.023825673112601836,0.0,0.0,0.0,0.0,0.0,0.0,0.45,0.0,0.47,0.0,0.0,0.0,0.0,0.0,0.0,0.0,0.0,0.08,0.0,0.0,soft,"{""ai_coding_innovations"": 0.45, ""ai_copyright_theft"": 0.45, ""ai_mass_surveillance"": 0.1}","{""ai_coding_innovations"": 0.47, ""ai_copyright_theft"": 0.45, ""ai_mass_surveillance"": 0.08}"
user_0993,coding_surveillance,Split: coding + surveillance,100,0.053591557689217896,0.08948535961942847,0.01843738366250887,0.030643496979337694,0.019935016582698396,0.03507515495024912,0.045040253102619734,0.05665347188888788,0.09301990021271281,0.03996468798084115,0.01820047125274415,0.03329960135520451,0.06656232020074856,0.02807805553665051,0.07811681568949917,0.03127274412821483,0.06579603754862452,0.1469314512989151,0.03582688812716195,0.01406933219373449,0.0,0.0,0.0,0.0,0.0,0.0,0.14,0.0,0.43,0.0,0.0,0.0,0.0,0.0,0.0,0.0,0.0,0.43,0.0,0.0,soft,"{""ai_coding_innovations"": 0.45, ""ai_copyright_theft"": 0.1, ""ai_mass_surveillance"": 0.45}","{""ai_coding_innovations"": 0.43, ""ai_copyright_theft"": 0.14, ""ai_mass_surveillance"": 0.43}"
user_0994,copyright_surveillance,Split: copyright + surveillance,100,0.057834395147530714,0.04827501332749512,0.034226567080430995,0.030117249093449608,0.028367634849709188,0.021374149372509487,0.08055736349892852,0.0576027359569338,0.059717526000850125,0.07495746133099901,0.034489776202435395,0.05930059682703084,0.03710169820134501,0.029279278575060505,0.047986002504939354,0.05490534379665021,0.041053275359668025,0.14705756329969416,0.02903316188293026,0.0267632076914095,0.0,0.0,0.0,0.0,0.0,0.0,0.46,0.0,0.11,0.0,0.0,0.0,0.0,0.0,0.0,0.0,0.0,0.43,0.0,0.0,soft,"{""ai_coding_innovations"": 0.1, ""ai_copyright_theft"": 0.45, ""ai_mass_surveillance"": 0.45}","{""ai_coding_innovations"": 0.11, ""ai_copyright_theft"": 0.46, ""ai_mass_surveillance"": 0.43}"
user_0995,coding_heavy,Mostly AI coding innovations,100,0.021397552479352145,0.12724897060442827,0.0163867948309917,0.014148209857603533,0.01836283795370985,0.05092781212718336,0.042355661792811944,0.034028705757182906,0.12273816734977544,0.036844799047546443,0.01757078397570611,0.031324203006938535,0.0977521404444039,0.012866725401929194,0.10842764749768069,0.027016447760402632,0.09231779295706445,0.07423517968553515,0.04277257837085534,0.011276989098898566,0.0,0.0,0.0,0.0,0.0,0.0,0.13,0.0,0.77,0.0,0.0,0.0,0.0,0.0,0.0,0.0,0.0,0.1,0.0,0.0,soft,"{""ai_coding_innovations"": 0.8, ""ai_copyright_theft"": 0.1, ""ai_mass_surveillance"": 0.1}","{""ai_coding_innovations"": 0.77, ""ai_copyright_theft"": 0.13, ""ai_mass_surveillance"": 0.1}"
user_0996,copyright_heavy,Mostly AI copyright / theft concerns,100,0.03129598886758521,0.047768917509272854,0.0460858880941234,0.01416220612417955,0.034253309889697166,0.024303608441489453,0.10904567903497732,0.03717797598353128,0.05855818128174876,0.10257905906491666,0.04812054266530805,0.08014654631902338,0.04067897869211774,0.016038642351358337,0.05015241860110577,0.07154077078285068,0.0443645960291327,0.07887723548174465,0.029626257644826244,0.03522319714101093,0.0,0.0,0.0,0.0,0.0,0.0,0.73,0.0,0.15,0.0,0.0,0.0,0.0,0.0,0.0,0.0,0.0,0.12,0.0,0.0,soft,"{""ai_coding_innovations"": 0.1, ""ai_copyright_theft"": 0.8, ""ai_mass_surveillance"": 0.1}","{""ai_coding_innovations"": 0.15, ""ai_copyright_theft"": 0.73, ""ai_mass_surveillance"": 0.12}"
user_0997,surveillance_heavy,Mostly AI mass surveillance,100,0.08900885185401546,0.05373955764698244,0.0182096612940311,0.04922243243847436,0.0203482239781507,0.019493643439972418,0.04236616641117677,0.08186871570748537,0.06502906020468478,0.0378625760498225,0.016299578449254802,0.03135329776581833,0.03630673113769107,0.04494094207644099,0.048954015090355164,0.032262844086097496,0.04001930308493191,0.22841920950167147,0.029126549572940603,0.015168640210002167,0.0,0.0,0.0,0.0,0.0,0.0,0.1,0.0,0.1,0.0,0.0,0.0,0.0,0.0,0.0,0.0,0.0,0.8,0.0,0.0,soft,"{""ai_coding_innovations"": 0.1, ""ai_copyright_theft"": 0.1, ""ai_mass_surveillance"": 0.8}","{""ai_coding_innovations"": 0.1, ""ai_copyright_theft"": 0.1, ""ai_mass_surveillance"": 0.8}"
user_0998,balanced,Even across all topics,100,0.042730669311017294,0.07000621009733998,0.03154511149423295,0.022677697184563705,0.02671871242626718,0.030097911775467806,0.07540196033124309,0.04721357720771052,0.07691558093321577,0.06966228976854642,0.03239877376674209,0.05552189637497462,0.05454299222680404,0.022231947552181545,0.06510201046944741,0.05035227900710779,0.05585000431057638,0.11399983083898058,0.03294300779916879,0.024087537124412136,0.0,0.0,0.0,0.0,0.0,0.0,0.42,0.0,0.3,0.0,0.0,0.0,0.0,0.0,0.0,0.0,0.0,0.28,0.0,0.0,soft,"{""ai_coding_innovations"": 0.333333, ""ai_copyright_theft"": 0.333333, ""ai_mass_surveillance"": 0.333334}","{""ai_coding_innovations"": 0.3, ""ai_copyright_theft"": 0.42, ""ai_mass_surveillance"": 0.28}"
user_0999,coding_copyright,Split: coding + copyright,100,0.024095039795485173,0.08438580814540664,0.033561839839816365,0.012571915179797149,0.027506701497910804,0.03687715550396274,0.08110706603968844,0.03369756323284575,0.08805172997633517,0.07499533491345718,0.03537989935549997,0.059692315001838255,0.06736408063596067,0.013260939347779782,0.07725202475259335,0.052651405003622045,0.06681591463653193,0.0699675188916384,0.035750024309321504,0.025015723940508872,0.0,0.0,0.0,0.0,0.0,0.0,0.48,0.0,0.44,0.0,0.0,0.0,0.0,0.0,0.0,0.0,0.0,0.08,0.0,0.0,soft,"{""ai_coding_innovations"": 0.45, ""ai_copyright_theft"": 0.45, ""ai_mass_surveillance"": 0.1}","{""ai_coding_innovations"": 0.44, ""ai_copyright_theft"": 0.48, ""ai_mass_surveillance"": 0.08}"
user_1000,coding_surveillance,Split: coding + surveillance,100,0.04749703188638365,0.09869296765601555,0.017167436635305625,0.02767425431435695,0.019170039884983964,0.038735922481154185,0.042534127955591666,0.05248594258834802,0.10031540186330734,0.037409209688983154,0.0171604539665957,0.03146310873098417,0.07390709558592473,0.025244107839518803,0.08533985404010945,0.02915611071654243,0.07202401365634978,0.13370678191462,0.03747574807171029,0.012840390523214616,0.0,0.0,0.0,0.0,0.0,0.0,0.12,0.0,0.51,0.0,0.0,0.0,0.0,0.0,0.0,0.0,0.0,0.37,0.0,0.0,soft,"{""ai_coding_innovations"": 0.45, ""ai_copyright_theft"": 0.1, ""ai_mass_surveillance"": 0.45}","{""ai_coding_innovations"": 0.51, ""ai_copyright_theft"": 0.12, ""ai_mass_surveillance"": 0.37}"
