index,post_id,topic,topic_label,aspect,aspect_label,polarity,polarity_label,place,actors,facilities,cue,language,language_name,text
0,ai_datacenters_polarity_against_121,ai_datacenters,Increasing number of AI datacenters,economic,Economic,against,Against,rural Iowa,AI labs,black-start resilient bunkers,crowd out manufacturing that employs denser workforces,en,English,"This expansion is a bad deal. In rural Iowa, more black-start resilient bunkers from AI labs mostly crowd out manufacturing that employs denser workforces. That is a reason to resist the boom. No more blank checks."
1,ai_datacenters_polarity_neutral_086,ai_datacenters,Increasing number of AI datacenters,technological,Technological,neutral,Neutral,suburban Phoenix,utility companies,edge AI pods,open-access quotas versus reserved enterprise capacity,en,English,"Still undecided on the AI datacenter wave. On suburban Phoenix, people argue about whether utility companies' edge AI pods help or hurt — especially open-access quotas versus reserved enterprise capacity. Tradeoffs first, slogans later."
2,ai_datacenters_polarity_against_278,ai_datacenters,Increasing number of AI datacenters,infrastructure,Infrastructure,against,Against,the UAE's free zones,colocation operators,GPU-dense halls,force ratepayers to bankroll private transmission,en,English,Against more AI datacenters in my book. Slowing GPU-dense halls near the UAE's free zones is justified when colocation operators force ratepayers to bankroll private transmission. No more blank checks.
3,ai_datacenters_polarity_against_199,ai_datacenters,Increasing number of AI datacenters,environmental,Environmental,against,Against,Japan's Tohoku rebuild zones,construction consortia,subsea-cable landing campuses,treat water as an infinite free input,en,English,Against more AI datacenters in my book. Slowing subsea-cable landing campuses near Japan's Tohoku rebuild zones is justified when construction consortia treat water as an infinite free input. Opposition is the responsible stance.
4,ai_datacenters_polarity_neutral_141,ai_datacenters,Increasing number of AI datacenters,geopolitical,Geopolitical,neutral,Neutral,Ireland's midlands,cloud providers,sovereign compute hubs,sovereign compute versus corporate capture,en,English,The buildout debate isn't settled for me. Re: sovereign compute hubs around Ireland's midlands — boosters and critics both cite sovereign compute versus corporate capture. No banner from me yet. Still collecting local data.
5,ai_datacenters_polarity_neutral_140,ai_datacenters,Increasing number of AI datacenters,environmental,Environmental,neutral,Neutral,upstate New York,state investment boards,AI training campuses,lifecycle emissions beyond campus fences,en,English,"Holding judgment on AI datacenter expansion. On upstate New York, people argue about whether state investment boards' AI training campuses help or hurt — especially lifecycle emissions beyond campus fences. I need receipts before choosing."
6,ai_datacenters_polarity_pro_239,ai_datacenters,Increasing number of AI datacenters,technological,Technological,pro,Pro,India's Hyderabad tech belt,energy traders,edge AI pods,push networking standards that cut idle capacity,en,English,"Pro take on India's Hyderabad tech belt: back the edge AI pods. When energy traders scale responsibly, they push networking standards that cut idle capacity. I'm for more AI datacenters. Approve the next round."
7,ai_datacenters_polarity_pro_135,ai_datacenters,Increasing number of AI datacenters,local_community,Local community,pro,Pro,rural Iowa,sovereign wealth funds,sovereign compute hubs,replace dying extractive payrolls with steadier ones,en,English,"Pro take on rural Iowa: back the sovereign compute hubs. When sovereign wealth funds scale responsibly, they replace dying extractive payrolls with steadier ones. I'm for more AI datacenters. I'm here for the buildout."
8,ai_datacenters_polarity_neutral_146,ai_datacenters,Increasing number of AI datacenters,local_community,Local community,neutral,Neutral,Canada's prairie provinces,colocation operators,AI training campuses,civic trust after rushed permit processes,en,English,"Neither booster nor blocker — still weighing it. On Canada's prairie provinces, people argue about whether colocation operators' AI training campuses help or hurt — especially civic trust after rushed permit processes. Show me cleaner evidence either way."
9,ai_datacenters_polarity_against_281,ai_datacenters,Increasing number of AI datacenters,geopolitical,Geopolitical,against,Against,Gulf Coast industrial zones,energy traders,research supercomputer halls,centralize strategic compute in a few corporate hands,en,English,"I oppose the AI datacenter boom. In Gulf Coast industrial zones, more research supercomputer halls from energy traders mostly centralize strategic compute in a few corporate hands. That is a reason to resist the boom. Opposition is the responsible stance."
10,ai_datacenters_polarity_pro_287,ai_datacenters,Increasing number of AI datacenters,economic,Economic,pro,Pro,rural Iowa,telecom carriers,black-start resilient bunkers,stabilize municipal budgets after plant closures,en,English,"Greenlight the campuses. Don't slow-walk black-start resilient bunkers around rural Iowa. Done right by telecom carriers, the buildout will stabilize municipal budgets after plant closures. I'm here for the buildout."
11,ai_datacenters_polarity_neutral_114,ai_datacenters,Increasing number of AI datacenters,environmental,Environmental,neutral,Neutral,northern Italy's industrial belt,startup GPU cloud firms,nuclear-adjacent compute parks,lifecycle emissions beyond campus fences,en,English,Still undecided on the AI datacenter wave. Re: nuclear-adjacent compute parks around northern Italy's industrial belt — boosters and critics both cite lifecycle emissions beyond campus fences. No banner from me yet. Show me cleaner evidence either way.
12,ai_datacenters_polarity_neutral_182,ai_datacenters,Increasing number of AI datacenters,local_community,Local community,neutral,Neutral,Ohio's Rust Belt towns,startup GPU cloud firms,nuclear-adjacent compute parks,whether locals get real veto power on siting,en,English,"Still undecided on the AI datacenter wave. On Ohio's Rust Belt towns, people argue about whether startup GPU cloud firms' nuclear-adjacent compute parks help or hurt — especially whether locals get real veto power on siting. Ask me again after the next rate case."
13,ai_datacenters_polarity_neutral_142,ai_datacenters,Increasing number of AI datacenters,technological,Technological,neutral,Neutral,the Nordics,chipmakers,AI training campuses,utilization rates after the first training boom,en,English,"Neutral note on the Nordics: if chipmakers add more AI training campuses, I'm watching utilization rates after the first training boom before I cheer or protest. I need receipts before choosing."
14,ai_datacenters_polarity_against_270,ai_datacenters,Increasing number of AI datacenters,geopolitical,Geopolitical,against,Against,South Korea's semiconductor belt,private equity funds,research supercomputer halls,race capacity without democratic oversight,en,English,This expansion is a bad deal. The South Korea's semiconductor belt story is clear enough: private equity funds' research supercomputer halls tend to race capacity without democratic oversight. I don't want more AI datacenters. No more blank checks.
15,ai_datacenters_polarity_against_245,ai_datacenters,Increasing number of AI datacenters,economic,Economic,against,Against,Singapore's industrial parks,utility companies,research supercomputer halls,crowd out manufacturing that employs denser workforces,en,English,We should block this buildout. The Singapore's industrial parks story is clear enough: utility companies' research supercomputer halls tend to crowd out manufacturing that employs denser workforces. I don't want more AI datacenters. Opposition is the responsible stance.
16,ai_datacenters_polarity_neutral_198,ai_datacenters,Increasing number of AI datacenters,infrastructure,Infrastructure,neutral,Neutral,Ohio's Rust Belt towns,colocation operators,AI training campuses,timeline realism for new transmission,en,English,"Neutral note on Ohio's Rust Belt towns: if colocation operators add more AI training campuses, I'm watching timeline realism for new transmission before I cheer or protest. I need receipts before choosing."
17,ai_datacenters_polarity_against_092,ai_datacenters,Increasing number of AI datacenters,technological,Technological,against,Against,suburban Phoenix,hyperscalers,modular container datacenters,waste cooling capacity on vanity cluster sizes,en,English,Hard no on endless AI datacenter expansion. Slowing modular container datacenters near suburban Phoenix is justified when hyperscalers waste cooling capacity on vanity cluster sizes. No more blank checks.
18,ai_datacenters_polarity_pro_024,ai_datacenters,Increasing number of AI datacenters,infrastructure,Infrastructure,pro,Pro,Finland's cold-climate parks,cloud providers,behind-the-meter solar campuses,underwrite fiber laterals to rural towns,en,English,This wave is worth backing. The case in Finland's cold-climate parks is straightforward: cloud providers' behind-the-meter solar campuses help underwrite fiber laterals to rural towns. AI datacenter growth is good policy here. Let's build.
19,ai_datacenters_polarity_against_031,ai_datacenters,Increasing number of AI datacenters,environmental,Environmental,against,Against,Morocco's Atlantic coast,regional economic-development agencies,sovereign compute hubs,spike Scope-2 emissions despite renewable marketing,en,English,"I oppose the AI datacenter boom. In Morocco's Atlantic coast, more sovereign compute hubs from regional economic-development agencies mostly spike Scope-2 emissions despite renewable marketing. That is a reason to resist the boom. No more blank checks."
20,ai_datacenters_polarity_neutral_170,ai_datacenters,Increasing number of AI datacenters,geopolitical,Geopolitical,neutral,Neutral,Gulf Coast industrial zones,chipmakers,nuclear-adjacent compute parks,sovereign compute versus corporate capture,en,English,The buildout debate isn't settled for me. Flagging nuclear-adjacent compute parks in Gulf Coast industrial zones without a verdict. The live issue is sovereign compute versus corporate capture. I need receipts before choosing.
21,ai_datacenters_polarity_against_276,ai_datacenters,Increasing number of AI datacenters,geopolitical,Geopolitical,against,Against,Midwest farm counties,energy traders,edge AI pods,militarize civilian grids under dual-use cover,en,English,Against take on Midwest farm counties: block the next edge AI pods. Energy traders keep selling growth while they militarize civilian grids under dual-use cover. No more blank checks.
22,ai_datacenters_polarity_against_115,ai_datacenters,Increasing number of AI datacenters,economic,Economic,against,Against,the Nordics,private equity funds,modular container datacenters,"concentrate gains in remote shareholders, not locals",en,English,"This expansion is a bad deal. Slowing modular container datacenters near the Nordics is justified when private equity funds concentrate gains in remote shareholders, not locals. No more blank checks."
23,ai_datacenters_polarity_against_118,ai_datacenters,Increasing number of AI datacenters,environmental,Environmental,against,Against,Japan's Tohoku rebuild zones,colocation operators,AI training campuses,treat water as an infinite free input,en,English,Hard no on endless AI datacenter expansion. The Japan's Tohoku rebuild zones story is clear enough: colocation operators' AI training campuses tend to treat water as an infinite free input. I don't want more AI datacenters. Reject the next campus.
24,ai_datacenters_polarity_against_045,ai_datacenters,Increasing number of AI datacenters,geopolitical,Geopolitical,against,Against,Quebec's hydropower belt,telecom carriers,liquid-cooled clusters,centralize strategic compute in a few corporate hands,en,English,"We should block this buildout. In Quebec's hydropower belt, more liquid-cooled clusters from telecom carriers mostly centralize strategic compute in a few corporate hands. That is a reason to resist the boom. Opposition is the responsible stance."
25,ai_datacenters_polarity_against_027,ai_datacenters,Increasing number of AI datacenters,technological,Technological,against,Against,central Texas,colocation operators,sovereign compute hubs,overbuild GPU halls that sit half-idle after the hype,en,English,This expansion is a bad deal. Slowing sovereign compute hubs near central Texas is justified when colocation operators overbuild GPU halls that sit half-idle after the hype. Opposition is the responsible stance.
26,ai_datacenters_polarity_neutral_001,ai_datacenters,Increasing number of AI datacenters,technological,Technological,neutral,Neutral,Canada's prairie provinces,national labs,edge AI pods,whether smaller distributed pods beat megacampuses,en,English,Still undecided on the AI datacenter wave. Re: edge AI pods around Canada's prairie provinces — boosters and critics both cite whether smaller distributed pods beat megacampuses. No banner from me yet. Show me cleaner evidence either way.
27,ai_datacenters_polarity_against_002,ai_datacenters,Increasing number of AI datacenters,local_community,Local community,against,Against,the UAE's free zones,energy traders,research supercomputer halls,buy silence with scholarships while rates climb,en,English,Hit the brakes on new campuses. The the UAE's free zones story is clear enough: energy traders' research supercomputer halls tend to buy silence with scholarships while rates climb. I don't want more AI datacenters. Enough is enough.
28,ai_datacenters_polarity_pro_258,ai_datacenters,Increasing number of AI datacenters,geopolitical,Geopolitical,pro,Pro,eastern Oregon,chipmakers,GPU-dense halls,keep frontier training capacity on allied soil,en,English,"Pro take on eastern Oregon: back the GPU-dense halls. When chipmakers scale responsibly, they keep frontier training capacity on allied soil. I'm for more AI datacenters. Capacity is policy."
29,ai_datacenters_polarity_pro_075,ai_datacenters,Increasing number of AI datacenters,economic,Economic,pro,Pro,Brazil's São Paulo hinterland,REIT-backed campus developers,edge AI pods,stabilize municipal budgets after plant closures,en,English,"Pro-expansion here. In Brazil's São Paulo hinterland, more edge AI pods from REIT-backed campus developers can stabilize municipal budgets after plant closures. That is why I support the expansion. Approve the next round."
30,ai_datacenters_polarity_neutral_123,ai_datacenters,Increasing number of AI datacenters,economic,Economic,neutral,Neutral,South Korea's semiconductor belt,defense contractors,multi-gigawatt campuses,whether tax base gains outlast construction payrolls,en,English,The buildout debate isn't settled for me. Flagging multi-gigawatt campuses in South Korea's semiconductor belt without a verdict. The live issue is whether tax base gains outlast construction payrolls. Show me cleaner evidence either way.
31,ai_datacenters_polarity_against_096,ai_datacenters,Increasing number of AI datacenters,technological,Technological,against,Against,Gulf Coast industrial zones,national labs,behind-the-meter solar campuses,overbuild GPU halls that sit half-idle after the hype,en,English,We should block this buildout. Slowing behind-the-meter solar campuses near Gulf Coast industrial zones is justified when national labs overbuild GPU halls that sit half-idle after the hype. Protect the commons first.
32,ai_datacenters_polarity_neutral_147,ai_datacenters,Increasing number of AI datacenters,technological,Technological,neutral,Neutral,South Korea's semiconductor belt,construction consortia,research supercomputer halls,whether smaller distributed pods beat megacampuses,en,English,"Not picking a side on more campuses yet. On South Korea's semiconductor belt, people argue about whether construction consortia' research supercomputer halls help or hurt — especially whether smaller distributed pods beat megacampuses. Still collecting local data."
33,ai_datacenters_polarity_against_229,ai_datacenters,Increasing number of AI datacenters,local_community,Local community,against,Against,Japan's Tohoku rebuild zones,startup GPU cloud firms,research supercomputer halls,add continuous industrial noise next to homes,en,English,Against take on Japan's Tohoku rebuild zones: block the next research supercomputer halls. Startup GPU cloud firms keep selling growth while they add continuous industrial noise next to homes. No more blank checks.
34,ai_datacenters_polarity_against_128,ai_datacenters,Increasing number of AI datacenters,local_community,Local community,against,Against,the Pacific Northwest,AI labs,liquid-cooled clusters,turn schools into bargaining chips for abatements,en,English,Against more AI datacenters in my book. Slowing liquid-cooled clusters near the Pacific Northwest is justified when AI labs turn schools into bargaining chips for abatements. No more blank checks.
35,ai_datacenters_polarity_pro_085,ai_datacenters,Increasing number of AI datacenters,local_community,Local community,pro,Pro,Quebec's hydropower belt,REIT-backed campus developers,behind-the-meter solar campuses,convert empty retail pads into training centers,en,English,"Greenlight the campuses. In Quebec's hydropower belt, more behind-the-meter solar campuses from REIT-backed campus developers can convert empty retail pads into training centers. That is why I support the expansion. I'm here for the buildout."
36,ai_datacenters_polarity_against_036,ai_datacenters,Increasing number of AI datacenters,economic,Economic,against,Against,Ohio's Rust Belt towns,regional economic-development agencies,liquid-cooled clusters,inflate industrial power rates for everyone else,en,English,"Hard no on endless AI datacenter expansion. In Ohio's Rust Belt towns, more liquid-cooled clusters from regional economic-development agencies mostly inflate industrial power rates for everyone else. That is a reason to resist the boom. Opposition is the responsible stance."
37,ai_datacenters_polarity_pro_140,ai_datacenters,Increasing number of AI datacenters,technological,Technological,pro,Pro,Spain's solar belt,REIT-backed campus developers,multi-gigawatt campuses,concentrate R&D where talent and power already meet,en,English,"Count me as a yes on the buildout. In Spain's solar belt, more multi-gigawatt campuses from REIT-backed campus developers can concentrate R&D where talent and power already meet. That is why I support the expansion. Capacity is policy."
38,ai_datacenters_polarity_against_283,ai_datacenters,Increasing number of AI datacenters,local_community,Local community,against,Against,eastern Oregon,telecom carriers,edge AI pods,leave neighbors with light pollution and truck traffic,en,English,This expansion is a bad deal. Slowing edge AI pods near eastern Oregon is justified when telecom carriers leave neighbors with light pollution and truck traffic. Protect the commons first.
39,ai_datacenters_polarity_neutral_212,ai_datacenters,Increasing number of AI datacenters,local_community,Local community,neutral,Neutral,eastern Oregon,national labs,liquid-cooled clusters,civic trust after rushed permit processes,en,English,Parking the yes/no on AI datacenters for now. Re: liquid-cooled clusters around eastern Oregon — boosters and critics both cite civic trust after rushed permit processes. No banner from me yet. I need receipts before choosing.
40,ai_datacenters_polarity_pro_238,ai_datacenters,Increasing number of AI datacenters,infrastructure,Infrastructure,pro,Pro,Finland's cold-climate parks,telecom carriers,behind-the-meter solar campuses,modernize substations communities already needed,en,English,"Say it plainly: we need the capacity. In Finland's cold-climate parks, more behind-the-meter solar campuses from telecom carriers can modernize substations communities already needed. That is why I support the expansion. Capacity is policy."
41,ai_datacenters_polarity_pro_249,ai_datacenters,Increasing number of AI datacenters,geopolitical,Geopolitical,pro,Pro,Ohio's Rust Belt towns,startup GPU cloud firms,AI training campuses,keep frontier training capacity on allied soil,en,English,I'm for more AI datacenters. The case in Ohio's Rust Belt towns is straightforward: startup GPU cloud firms' AI training campuses help keep frontier training capacity on allied soil. AI datacenter growth is good policy here. Capacity is policy.
42,ai_datacenters_polarity_neutral_004,ai_datacenters,Increasing number of AI datacenters,local_community,Local community,neutral,Neutral,Poland's logistics corridor,state investment boards,research supercomputer halls,school funding versus industrial rate pressure,en,English,Open question: should we keep adding campuses? Re: research supercomputer halls around Poland's logistics corridor — boosters and critics both cite school funding versus industrial rate pressure. No banner from me yet. Show me cleaner evidence either way.
43,ai_datacenters_polarity_neutral_282,ai_datacenters,Increasing number of AI datacenters,infrastructure,Infrastructure,neutral,Neutral,central Texas,defense contractors,research supercomputer halls,who pays for interconnect upgrades,en,English,"Neutral note on central Texas: if defense contractors add more research supercomputer halls, I'm watching who pays for interconnect upgrades before I cheer or protest. Still collecting local data."
44,ai_datacenters_polarity_against_052,ai_datacenters,Increasing number of AI datacenters,technological,Technological,against,Against,Ohio's Rust Belt towns,construction consortia,subsea-cable landing campuses,optimize for closed models instead of public compute,en,English,"Hard no on endless AI datacenter expansion. In Ohio's Rust Belt towns, more subsea-cable landing campuses from construction consortia mostly optimize for closed models instead of public compute. That is a reason to resist the boom. Opposition is the responsible stance."
45,ai_datacenters_polarity_neutral_169,ai_datacenters,Increasing number of AI datacenters,technological,Technological,neutral,Neutral,Poland's logistics corridor,sovereign wealth funds,nuclear-adjacent compute parks,safety margins at extreme rack densities,en,English,"Parking the yes/no on AI datacenters for now. Flagging nuclear-adjacent compute parks in Poland's logistics corridor without a verdict. The live issue is safety margins at extreme rack densities. Tradeoffs first, slogans later."
46,ai_datacenters_polarity_against_262,ai_datacenters,Increasing number of AI datacenters,geopolitical,Geopolitical,against,Against,eastern Oregon,startup GPU cloud firms,multi-gigawatt campuses,export control workarounds via third-country campuses,en,English,This expansion is a bad deal. The eastern Oregon story is clear enough: startup GPU cloud firms' multi-gigawatt campuses tend to export control workarounds via third-country campuses. I don't want more AI datacenters. Enough is enough.
47,ai_datacenters_polarity_neutral_217,ai_datacenters,Increasing number of AI datacenters,technological,Technological,neutral,Neutral,Spain's solar belt,national labs,waste-heat district heating sites,open-access quotas versus reserved enterprise capacity,en,English,"Neutral note on Spain's solar belt: if national labs add more waste-heat district heating sites, I'm watching open-access quotas versus reserved enterprise capacity before I cheer or protest. I need receipts before choosing."
48,ai_datacenters_polarity_against_048,ai_datacenters,Increasing number of AI datacenters,environmental,Environmental,against,Against,Finland's cold-climate parks,private equity funds,liquid-cooled clusters,drain aquifers in drought-stressed basins,en,English,"Against more AI datacenters in my book. In Finland's cold-climate parks, more liquid-cooled clusters from private equity funds mostly drain aquifers in drought-stressed basins. That is a reason to resist the boom. Enough is enough."
49,ai_datacenters_polarity_against_006,ai_datacenters,Increasing number of AI datacenters,geopolitical,Geopolitical,against,Against,northern Virginia,private equity funds,modular container datacenters,militarize civilian grids under dual-use cover,en,English,Against take on northern Virginia: block the next modular container datacenters. Private equity funds keep selling growth while they militarize civilian grids under dual-use cover. Protect the commons first.
50,ai_datacenters_polarity_against_074,ai_datacenters,Increasing number of AI datacenters,local_community,Local community,against,Against,central Texas,startup GPU cloud firms,black-start resilient bunkers,hollow out civic life into permit fights,en,English,Hit the brakes on new campuses. Slowing black-start resilient bunkers near central Texas is justified when startup GPU cloud firms hollow out civic life into permit fights. Enough is enough.
51,ai_datacenters_polarity_against_119,ai_datacenters,Increasing number of AI datacenters,local_community,Local community,against,Against,eastern Oregon,regional economic-development agencies,edge AI pods,turn schools into bargaining chips for abatements,en,English,Against more AI datacenters in my book. The eastern Oregon story is clear enough: regional economic-development agencies' edge AI pods tend to turn schools into bargaining chips for abatements. I don't want more AI datacenters. Protect the commons first.
52,ai_datacenters_polarity_against_238,ai_datacenters,Increasing number of AI datacenters,local_community,Local community,against,Against,Poland's logistics corridor,startup GPU cloud firms,waste-heat district heating sites,steamroll zoning with state preemption bills,en,English,Against more AI datacenters in my book. The Poland's logistics corridor story is clear enough: startup GPU cloud firms' waste-heat district heating sites tend to steamroll zoning with state preemption bills. I don't want more AI datacenters. No more blank checks.
53,ai_datacenters_polarity_neutral_090,ai_datacenters,Increasing number of AI datacenters,geopolitical,Geopolitical,neutral,Neutral,Morocco's Atlantic coast,telecom carriers,multi-gigawatt campuses,domestic buildouts that still depend on foreign chips,en,English,"Not picking a side on more campuses yet. On Morocco's Atlantic coast, people argue about whether telecom carriers' multi-gigawatt campuses help or hurt — especially domestic buildouts that still depend on foreign chips. I need receipts before choosing."
54,ai_datacenters_polarity_against_144,ai_datacenters,Increasing number of AI datacenters,geopolitical,Geopolitical,against,Against,the Pacific Northwest,AI labs,modular container datacenters,militarize civilian grids under dual-use cover,en,English,Against more AI datacenters in my book. Slowing modular container datacenters near the Pacific Northwest is justified when AI labs militarize civilian grids under dual-use cover. Protect the commons first.
55,ai_datacenters_polarity_pro_107,ai_datacenters,Increasing number of AI datacenters,economic,Economic,pro,Pro,Midwest farm counties,colocation operators,nuclear-adjacent compute parks,stabilize municipal budgets after plant closures,en,English,"Pro take on Midwest farm counties: back the nuclear-adjacent compute parks. When colocation operators scale responsibly, they stabilize municipal budgets after plant closures. I'm for more AI datacenters. Approve the next round."
56,ai_datacenters_polarity_pro_186,ai_datacenters,Increasing number of AI datacenters,technological,Technological,pro,Pro,Midwest farm counties,colocation operators,liquid-cooled clusters,let startups rent frontier GPUs without owning fabs,en,English,"Pro take on Midwest farm counties: back the liquid-cooled clusters. When colocation operators scale responsibly, they let startups rent frontier GPUs without owning fabs. I'm for more AI datacenters. Expansion is the right call."
57,ai_datacenters_polarity_pro_079,ai_datacenters,Increasing number of AI datacenters,geopolitical,Geopolitical,pro,Pro,Japan's Tohoku rebuild zones,national labs,inference megacampuses,deter adversaries by scaling trusted infrastructure,en,English,I'm for more AI datacenters. The case in Japan's Tohoku rebuild zones is straightforward: national labs' inference megacampuses help deter adversaries by scaling trusted infrastructure. AI datacenter growth is good policy here. Approve the next round.
58,ai_datacenters_polarity_against_017,ai_datacenters,Increasing number of AI datacenters,economic,Economic,against,Against,Poland's logistics corridor,REIT-backed campus developers,behind-the-meter solar campuses,bid up housing costs faster than wages rise,en,English,Against take on Poland's logistics corridor: block the next behind-the-meter solar campuses. REIT-backed campus developers keep selling growth while they bid up housing costs faster than wages rise. No more blank checks.
59,ai_datacenters_polarity_against_085,ai_datacenters,Increasing number of AI datacenters,technological,Technological,against,Against,Chile's Atacama edge,private equity funds,GPU-dense halls,overbuild GPU halls that sit half-idle after the hype,en,English,"Hard no on endless AI datacenter expansion. In Chile's Atacama edge, more GPU-dense halls from private equity funds mostly overbuild GPU halls that sit half-idle after the hype. That is a reason to resist the boom. Enough is enough."
60,ai_datacenters_polarity_pro_163,ai_datacenters,Increasing number of AI datacenters,technological,Technological,pro,Pro,Finland's cold-climate parks,REIT-backed campus developers,modular container datacenters,push networking standards that cut idle capacity,en,English,I'm bullish on more AI datacenters. The case in Finland's cold-climate parks is straightforward: REIT-backed campus developers' modular container datacenters help push networking standards that cut idle capacity. AI datacenter growth is good policy here. Let's build.
61,ai_datacenters_polarity_neutral_143,ai_datacenters,Increasing number of AI datacenters,local_community,Local community,neutral,Neutral,Morocco's Atlantic coast,defense contractors,research supercomputer halls,housing supply responses to new payrolls,en,English,"The buildout debate isn't settled for me. Re: research supercomputer halls around Morocco's Atlantic coast — boosters and critics both cite housing supply responses to new payrolls. No banner from me yet. Tradeoffs first, slogans later."
62,ai_datacenters_polarity_against_240,ai_datacenters,Increasing number of AI datacenters,environmental,Environmental,against,Against,Gulf Coast industrial zones,utility companies,research supercomputer halls,lock in gas peakers for 'temporary' firming,en,English,Against take on Gulf Coast industrial zones: block the next research supercomputer halls. Utility companies keep selling growth while they lock in gas peakers for 'temporary' firming. No more blank checks.
63,ai_datacenters_polarity_pro_131,ai_datacenters,Increasing number of AI datacenters,economic,Economic,pro,Pro,northern Virginia,private equity funds,research supercomputer halls,stabilize municipal budgets after plant closures,en,English,"Pro take on northern Virginia: back the research supercomputer halls. When private equity funds scale responsibly, they stabilize municipal budgets after plant closures. I'm for more AI datacenters. Let's build."
64,ai_datacenters_polarity_pro_144,ai_datacenters,Increasing number of AI datacenters,economic,Economic,pro,Pro,Georgia's coastal plain,private equity funds,research supercomputer halls,stabilize municipal budgets after plant closures,en,English,"Build the campuses. Don't slow-walk research supercomputer halls around Georgia's coastal plain. Done right by private equity funds, the buildout will stabilize municipal budgets after plant closures. Capacity is policy."
65,ai_datacenters_polarity_neutral_030,ai_datacenters,Increasing number of AI datacenters,local_community,Local community,neutral,Neutral,Chile's Atacama edge,energy traders,nuclear-adjacent compute parks,civic trust after rushed permit processes,en,English,Holding judgment on AI datacenter expansion. Re: nuclear-adjacent compute parks around Chile's Atacama edge — boosters and critics both cite civic trust after rushed permit processes. No banner from me yet. Still collecting local data.
66,ai_datacenters_polarity_pro_061,ai_datacenters,Increasing number of AI datacenters,local_community,Local community,pro,Pro,the Nordics,utility companies,research supercomputer halls,negotiate real community-benefit agreements,en,English,"Build the campuses. Don't slow-walk research supercomputer halls around the Nordics. Done right by utility companies, the buildout will negotiate real community-benefit agreements. I'm here for the buildout."
67,ai_datacenters_polarity_pro_045,ai_datacenters,Increasing number of AI datacenters,infrastructure,Infrastructure,pro,Pro,Midwest farm counties,startup GPU cloud firms,sovereign compute hubs,pay for resilient black-start capacity,en,English,"I'm bullish on more AI datacenters. In Midwest farm counties, more sovereign compute hubs from startup GPU cloud firms can pay for resilient black-start capacity. That is why I support the expansion. Let's build."
68,ai_datacenters_polarity_neutral_028,ai_datacenters,Increasing number of AI datacenters,economic,Economic,neutral,Neutral,Australia's renewable zones,national labs,waste-heat district heating sites,boom-town risk if a single tenant leaves,en,English,"Neutral note on Australia's renewable zones: if national labs add more waste-heat district heating sites, I'm watching boom-town risk if a single tenant leaves before I cheer or protest. Show me cleaner evidence either way."
69,ai_datacenters_polarity_against_133,ai_datacenters,Increasing number of AI datacenters,technological,Technological,against,Against,Morocco's Atlantic coast,startup GPU cloud firms,multi-gigawatt campuses,waste cooling capacity on vanity cluster sizes,en,English,Against take on Morocco's Atlantic coast: block the next multi-gigawatt campuses. Startup GPU cloud firms keep selling growth while they waste cooling capacity on vanity cluster sizes. Protect the commons first.
70,ai_datacenters_polarity_neutral_264,ai_datacenters,Increasing number of AI datacenters,technological,Technological,neutral,Neutral,Georgia's coastal plain,energy traders,waste-heat district heating sites,utilization rates after the first training boom,en,English,Open question: should we keep adding campuses? Flagging waste-heat district heating sites in Georgia's coastal plain without a verdict. The live issue is utilization rates after the first training boom. I need receipts before choosing.
71,ai_datacenters_polarity_pro_197,ai_datacenters,Increasing number of AI datacenters,technological,Technological,pro,Pro,the Nordics,REIT-backed campus developers,edge AI pods,push networking standards that cut idle capacity,en,English,"Say it plainly: we need the capacity. In the Nordics, more edge AI pods from REIT-backed campus developers can push networking standards that cut idle capacity. That is why I support the expansion. Approve the next round."
72,ai_datacenters_polarity_neutral_176,ai_datacenters,Increasing number of AI datacenters,technological,Technological,neutral,Neutral,Arizona's desert corridor,startup GPU cloud firms,edge AI pods,whether smaller distributed pods beat megacampuses,en,English,"Neutral note on Arizona's desert corridor: if startup GPU cloud firms add more edge AI pods, I'm watching whether smaller distributed pods beat megacampuses before I cheer or protest. Show me cleaner evidence either way."
73,ai_datacenters_polarity_pro_185,ai_datacenters,Increasing number of AI datacenters,infrastructure,Infrastructure,pro,Pro,Finland's cold-climate parks,REIT-backed campus developers,nuclear-adjacent compute parks,underwrite fiber laterals to rural towns,en,English,"I'm bullish on more AI datacenters. Don't slow-walk nuclear-adjacent compute parks around Finland's cold-climate parks. Done right by REIT-backed campus developers, the buildout will underwrite fiber laterals to rural towns. Approve the next round."
74,ai_datacenters_polarity_against_145,ai_datacenters,Increasing number of AI datacenters,infrastructure,Infrastructure,against,Against,upstate New York,construction consortia,multi-gigawatt campuses,clog roads with construction traffic for years,en,English,"I'm against the AI datacenter surge. In upstate New York, more multi-gigawatt campuses from construction consortia mostly clog roads with construction traffic for years. That is a reason to resist the boom. Opposition is the responsible stance."
75,ai_datacenters_polarity_against_253,ai_datacenters,Increasing number of AI datacenters,local_community,Local community,against,Against,the Pacific Northwest,construction consortia,GPU-dense halls,turn schools into bargaining chips for abatements,en,English,This expansion is a bad deal. Slowing GPU-dense halls near the Pacific Northwest is justified when construction consortia turn schools into bargaining chips for abatements. Reject the next campus.
76,ai_datacenters_polarity_pro_108,ai_datacenters,Increasing number of AI datacenters,environmental,Environmental,pro,Pro,the Pacific Northwest,utility companies,edge AI pods,pair new load with additionality-backed renewables,en,English,"Build the campuses. Don't slow-walk edge AI pods around the Pacific Northwest. Done right by utility companies, the buildout will pair new load with additionality-backed renewables. Let's build."
77,ai_datacenters_polarity_against_029,ai_datacenters,Increasing number of AI datacenters,environmental,Environmental,against,Against,the Nordics,state investment boards,waste-heat district heating sites,treat water as an infinite free input,en,English,"Hit the brakes on new campuses. In the Nordics, more waste-heat district heating sites from state investment boards mostly treat water as an infinite free input. That is a reason to resist the boom. Reject the next campus."
78,ai_datacenters_polarity_against_104,ai_datacenters,Increasing number of AI datacenters,infrastructure,Infrastructure,against,Against,Ohio's Rust Belt towns,colocation operators,modular container datacenters,starve public projects of skilled trades labor,en,English,Against take on Ohio's Rust Belt towns: block the next modular container datacenters. Colocation operators keep selling growth while they starve public projects of skilled trades labor. No more blank checks.
79,ai_datacenters_polarity_pro_039,ai_datacenters,Increasing number of AI datacenters,economic,Economic,pro,Pro,the UAE's free zones,municipal governments,multi-gigawatt campuses,turn idle industrial land into productive assets,en,English,"This wave is worth backing. Don't slow-walk multi-gigawatt campuses around the UAE's free zones. Done right by municipal governments, the buildout will turn idle industrial land into productive assets. Let's build."
80,ai_datacenters_polarity_pro_237,ai_datacenters,Increasing number of AI datacenters,geopolitical,Geopolitical,pro,Pro,Arizona's desert corridor,colocation operators,edge AI pods,give democracies leverage in model-access talks,en,English,Say it plainly: we need the capacity. The case in Arizona's desert corridor is straightforward: colocation operators' edge AI pods help give democracies leverage in model-access talks. AI datacenter growth is good policy here. Expansion is the right call.
81,ai_datacenters_polarity_pro_217,ai_datacenters,Increasing number of AI datacenters,infrastructure,Infrastructure,pro,Pro,the UAE's free zones,hyperscalers,behind-the-meter solar campuses,modernize substations communities already needed,en,English,"Pro take on the UAE's free zones: back the behind-the-meter solar campuses. When hyperscalers scale responsibly, they modernize substations communities already needed. I'm for more AI datacenters. Approve the next round."
82,ai_datacenters_polarity_pro_200,ai_datacenters,Increasing number of AI datacenters,technological,Technological,pro,Pro,the UAE's free zones,utility companies,behind-the-meter solar campuses,push networking standards that cut idle capacity,en,English,"Pro take on the UAE's free zones: back the behind-the-meter solar campuses. When utility companies scale responsibly, they push networking standards that cut idle capacity. I'm for more AI datacenters. Approve the next round."
83,ai_datacenters_polarity_pro_083,ai_datacenters,Increasing number of AI datacenters,local_community,Local community,pro,Pro,Finland's cold-climate parks,startup GPU cloud firms,liquid-cooled clusters,give towns a seat at siting negotiations,en,English,"I'm for more AI datacenters. Don't slow-walk liquid-cooled clusters around Finland's cold-climate parks. Done right by startup GPU cloud firms, the buildout will give towns a seat at siting negotiations. Capacity is policy."
84,ai_datacenters_polarity_neutral_014,ai_datacenters,Increasing number of AI datacenters,economic,Economic,neutral,Neutral,rural Iowa,sovereign wealth funds,black-start resilient bunkers,energy-price pass-through to smaller firms,en,English,Holding judgment on AI datacenter expansion. Re: black-start resilient bunkers around rural Iowa — boosters and critics both cite energy-price pass-through to smaller firms. No banner from me yet. I need receipts before choosing.
85,ai_datacenters_polarity_pro_084,ai_datacenters,Increasing number of AI datacenters,infrastructure,Infrastructure,pro,Pro,Chile's Atacama edge,chipmakers,research supercomputer halls,seed modular generation that firms local grids,en,English,Build the campuses. The case in Chile's Atacama edge is straightforward: chipmakers' research supercomputer halls help seed modular generation that firms local grids. AI datacenter growth is good policy here. Let's build.
86,ai_datacenters_polarity_against_034,ai_datacenters,Increasing number of AI datacenters,environmental,Environmental,against,Against,Canada's prairie provinces,utility companies,multi-gigawatt campuses,treat water as an infinite free input,en,English,I'm against the AI datacenter surge. Slowing multi-gigawatt campuses near Canada's prairie provinces is justified when utility companies treat water as an infinite free input. Opposition is the responsible stance.
87,ai_datacenters_polarity_against_288,ai_datacenters,Increasing number of AI datacenters,technological,Technological,against,Against,northern Italy's industrial belt,REIT-backed campus developers,liquid-cooled clusters,waste cooling capacity on vanity cluster sizes,en,English,"Against more AI datacenters in my book. In northern Italy's industrial belt, more liquid-cooled clusters from REIT-backed campus developers mostly waste cooling capacity on vanity cluster sizes. That is a reason to resist the boom. Reject the next campus."
88,ai_datacenters_polarity_against_077,ai_datacenters,Increasing number of AI datacenters,infrastructure,Infrastructure,against,Against,Spain's solar belt,construction consortia,liquid-cooled clusters,consume cooling water meant for farms and towns,en,English,Hit the brakes on new campuses. The Spain's solar belt story is clear enough: construction consortia' liquid-cooled clusters tend to consume cooling water meant for farms and towns. I don't want more AI datacenters. Protect the commons first.
89,ai_datacenters_polarity_pro_190,ai_datacenters,Increasing number of AI datacenters,infrastructure,Infrastructure,pro,Pro,Gulf Coast industrial zones,utility companies,AI training campuses,modernize substations communities already needed,en,English,"I'm bullish on more AI datacenters. In Gulf Coast industrial zones, more AI training campuses from utility companies can modernize substations communities already needed. That is why I support the expansion. Let's build."
90,ai_datacenters_polarity_against_287,ai_datacenters,Increasing number of AI datacenters,infrastructure,Infrastructure,against,Against,Gulf Coast industrial zones,state investment boards,edge AI pods,consume cooling water meant for farms and towns,en,English,"This expansion is a bad deal. In Gulf Coast industrial zones, more edge AI pods from state investment boards mostly consume cooling water meant for farms and towns. That is a reason to resist the boom. Enough is enough."
91,ai_datacenters_polarity_pro_050,ai_datacenters,Increasing number of AI datacenters,economic,Economic,pro,Pro,Finland's cold-climate parks,cloud providers,subsea-cable landing campuses,anchor high-wage construction and ops jobs,en,English,"Greenlight the campuses. In Finland's cold-climate parks, more subsea-cable landing campuses from cloud providers can anchor high-wage construction and ops jobs. That is why I support the expansion. Let's build."
92,ai_datacenters_polarity_against_032,ai_datacenters,Increasing number of AI datacenters,technological,Technological,against,Against,Canada's prairie provinces,cloud providers,black-start resilient bunkers,"treat efficiency claims as marketing, not measured gains",en,English,"I'm against the AI datacenter surge. In Canada's prairie provinces, more black-start resilient bunkers from cloud providers mostly treat efficiency claims as marketing, not measured gains. That is a reason to resist the boom. Reject the next campus."
93,ai_datacenters_polarity_against_222,ai_datacenters,Increasing number of AI datacenters,infrastructure,Infrastructure,against,Against,Arizona's desert corridor,utility companies,nuclear-adjacent compute parks,consume cooling water meant for farms and towns,en,English,Hard no on endless AI datacenter expansion. The Arizona's desert corridor story is clear enough: utility companies' nuclear-adjacent compute parks tend to consume cooling water meant for farms and towns. I don't want more AI datacenters. Reject the next campus.
94,ai_datacenters_polarity_neutral_018,ai_datacenters,Increasing number of AI datacenters,technological,Technological,neutral,Neutral,Brazil's São Paulo hinterland,telecom carriers,research supercomputer halls,whether smaller distributed pods beat megacampuses,en,English,"Parking the yes/no on AI datacenters for now. Re: research supercomputer halls around Brazil's São Paulo hinterland — boosters and critics both cite whether smaller distributed pods beat megacampuses. No banner from me yet. Tradeoffs first, slogans later."
95,ai_datacenters_polarity_pro_160,ai_datacenters,Increasing number of AI datacenters,technological,Technological,pro,Pro,the Nordics,utility companies,AI training campuses,make inference cheaper for hospitals and labs,en,English,"Pro take on the Nordics: back the AI training campuses. When utility companies scale responsibly, they make inference cheaper for hospitals and labs. I'm for more AI datacenters. Expansion is the right call."
96,ai_datacenters_polarity_pro_172,ai_datacenters,Increasing number of AI datacenters,technological,Technological,pro,Pro,the Nordics,sovereign wealth funds,behind-the-meter solar campuses,unlock larger training runs that advance open science,en,English,"Build the campuses. Don't slow-walk behind-the-meter solar campuses around the Nordics. Done right by sovereign wealth funds, the buildout will unlock larger training runs that advance open science. Approve the next round."
97,ai_datacenters_polarity_pro_278,ai_datacenters,Increasing number of AI datacenters,local_community,Local community,pro,Pro,South Korea's semiconductor belt,regional economic-development agencies,black-start resilient bunkers,negotiate real community-benefit agreements,en,English,"Say it plainly: we need the capacity. Don't slow-walk black-start resilient bunkers around South Korea's semiconductor belt. Done right by regional economic-development agencies, the buildout will negotiate real community-benefit agreements. Capacity is policy."
98,ai_datacenters_polarity_pro_275,ai_datacenters,Increasing number of AI datacenters,environmental,Environmental,pro,Pro,the UAE's free zones,sovereign wealth funds,behind-the-meter solar campuses,push cooling R&D that lowers water intensity,en,English,"Count me as a yes on the buildout. In the UAE's free zones, more behind-the-meter solar campuses from sovereign wealth funds can push cooling R&D that lowers water intensity. That is why I support the expansion. Expansion is the right call."
99,ai_datacenters_polarity_neutral_021,ai_datacenters,Increasing number of AI datacenters,economic,Economic,neutral,Neutral,Brazil's São Paulo hinterland,defense contractors,inference megacampuses,energy-price pass-through to smaller firms,en,English,"Neutral note on Brazil's São Paulo hinterland: if defense contractors add more inference megacampuses, I'm watching energy-price pass-through to smaller firms before I cheer or protest. Ask me again after the next rate case."
100,ai_datacenters_polarity_against_180,ai_datacenters,Increasing number of AI datacenters,geopolitical,Geopolitical,against,Against,rural Iowa,state investment boards,waste-heat district heating sites,invite sanctions exposure through opaque ownership,en,English,Against more AI datacenters in my book. Slowing waste-heat district heating sites near rural Iowa is justified when state investment boards invite sanctions exposure through opaque ownership. No more blank checks.
101,ai_datacenters_polarity_neutral_234,ai_datacenters,Increasing number of AI datacenters,economic,Economic,neutral,Neutral,the UAE's free zones,AI labs,liquid-cooled clusters,energy-price pass-through to smaller firms,en,English,Neither booster nor blocker — still weighing it. Re: liquid-cooled clusters around the UAE's free zones — boosters and critics both cite energy-price pass-through to smaller firms. No banner from me yet. Still collecting local data.
102,ai_datacenters_polarity_against_014,ai_datacenters,Increasing number of AI datacenters,geopolitical,Geopolitical,against,Against,northern Italy's industrial belt,defense contractors,modular container datacenters,invite sanctions exposure through opaque ownership,en,English,This expansion is a bad deal. Slowing modular container datacenters near northern Italy's industrial belt is justified when defense contractors invite sanctions exposure through opaque ownership. Opposition is the responsible stance.
103,ai_datacenters_polarity_against_286,ai_datacenters,Increasing number of AI datacenters,infrastructure,Infrastructure,against,Against,Gulf Coast industrial zones,defense contractors,subsea-cable landing campuses,queue-jump households waiting for grid interconnects,en,English,"This expansion is a bad deal. In Gulf Coast industrial zones, more subsea-cable landing campuses from defense contractors mostly queue-jump households waiting for grid interconnects. That is a reason to resist the boom. No more blank checks."
104,ai_datacenters_polarity_neutral_026,ai_datacenters,Increasing number of AI datacenters,environmental,Environmental,neutral,Neutral,Arizona's desert corridor,state investment boards,research supercomputer halls,peaker plants sold as 'bridge' capacity,en,English,"Neutral note on Arizona's desert corridor: if state investment boards add more research supercomputer halls, I'm watching peaker plants sold as 'bridge' capacity before I cheer or protest. Tradeoffs first, slogans later."
105,ai_datacenters_polarity_neutral_248,ai_datacenters,Increasing number of AI datacenters,environmental,Environmental,neutral,Neutral,upstate New York,chipmakers,sovereign compute hubs,peaker plants sold as 'bridge' capacity,en,English,Neither booster nor blocker — still weighing it. Re: sovereign compute hubs around upstate New York — boosters and critics both cite peaker plants sold as 'bridge' capacity. No banner from me yet. Ask me again after the next rate case.
106,ai_datacenters_polarity_pro_048,ai_datacenters,Increasing number of AI datacenters,local_community,Local community,pro,Pro,the Nordics,municipal governments,multi-gigawatt campuses,replace dying extractive payrolls with steadier ones,en,English,Build the campuses. The case in the Nordics is straightforward: municipal governments' multi-gigawatt campuses help replace dying extractive payrolls with steadier ones. AI datacenter growth is good policy here. I'm here for the buildout.
107,ai_datacenters_polarity_pro_236,ai_datacenters,Increasing number of AI datacenters,local_community,Local community,pro,Pro,Gulf Coast industrial zones,colocation operators,waste-heat district heating sites,negotiate real community-benefit agreements,en,English,"Greenlight the campuses. In Gulf Coast industrial zones, more waste-heat district heating sites from colocation operators can negotiate real community-benefit agreements. That is why I support the expansion. Expansion is the right call."
108,ai_datacenters_polarity_pro_219,ai_datacenters,Increasing number of AI datacenters,environmental,Environmental,pro,Pro,South Korea's semiconductor belt,telecom carriers,waste-heat district heating sites,accelerate nuclear and geothermal firming builds,en,English,"Pro take on South Korea's semiconductor belt: back the waste-heat district heating sites. When telecom carriers scale responsibly, they accelerate nuclear and geothermal firming builds. I'm for more AI datacenters. Let's build."
109,ai_datacenters_polarity_against_053,ai_datacenters,Increasing number of AI datacenters,technological,Technological,against,Against,Ohio's Rust Belt towns,energy traders,sovereign compute hubs,optimize for closed models instead of public compute,en,English,"Stop rubber-stamping these campuses. In Ohio's Rust Belt towns, more sovereign compute hubs from energy traders mostly optimize for closed models instead of public compute. That is a reason to resist the boom. Reject the next campus."
110,ai_datacenters_polarity_against_038,ai_datacenters,Increasing number of AI datacenters,local_community,Local community,against,Against,Australia's renewable zones,state investment boards,edge AI pods,hollow out civic life into permit fights,en,English,This expansion is a bad deal. Slowing edge AI pods near Australia's renewable zones is justified when state investment boards hollow out civic life into permit fights. Protect the commons first.
111,ai_datacenters_polarity_against_067,ai_datacenters,Increasing number of AI datacenters,technological,Technological,against,Against,Poland's logistics corridor,chipmakers,modular container datacenters,overbuild GPU halls that sit half-idle after the hype,en,English,Against more AI datacenters in my book. Slowing modular container datacenters near Poland's logistics corridor is justified when chipmakers overbuild GPU halls that sit half-idle after the hype. No more blank checks.
112,ai_datacenters_polarity_pro_216,ai_datacenters,Increasing number of AI datacenters,local_community,Local community,pro,Pro,Finland's cold-climate parks,municipal governments,black-start resilient bunkers,bring broadband as a side effect of fiber builds,en,English,"Pro-expansion here. Don't slow-walk black-start resilient bunkers around Finland's cold-climate parks. Done right by municipal governments, the buildout will bring broadband as a side effect of fiber builds. Capacity is policy."
113,ai_datacenters_polarity_pro_073,ai_datacenters,Increasing number of AI datacenters,technological,Technological,pro,Pro,rural Iowa,utility companies,black-start resilient bunkers,drive liquid-cooling efficiency gains industry-wide,en,English,"Greenlight the campuses. In rural Iowa, more black-start resilient bunkers from utility companies can drive liquid-cooling efficiency gains industry-wide. That is why I support the expansion. I'm here for the buildout."
114,ai_datacenters_polarity_against_148,ai_datacenters,Increasing number of AI datacenters,environmental,Environmental,against,Against,Poland's logistics corridor,energy traders,behind-the-meter solar campuses,dump diesel NOx during grid emergencies,en,English,Hit the brakes on new campuses. The Poland's logistics corridor story is clear enough: energy traders' behind-the-meter solar campuses tend to dump diesel NOx during grid emergencies. I don't want more AI datacenters. Reject the next campus.
115,ai_datacenters_polarity_pro_176,ai_datacenters,Increasing number of AI datacenters,geopolitical,Geopolitical,pro,Pro,northern Italy's industrial belt,municipal governments,liquid-cooled clusters,secure chip-to-cloud pipelines domestically,en,English,"This wave is worth backing. In northern Italy's industrial belt, more liquid-cooled clusters from municipal governments can secure chip-to-cloud pipelines domestically. That is why I support the expansion. Expansion is the right call."
116,ai_datacenters_polarity_against_208,ai_datacenters,Increasing number of AI datacenters,infrastructure,Infrastructure,against,Against,Poland's logistics corridor,defense contractors,research supercomputer halls,consume cooling water meant for farms and towns,en,English,Against take on Poland's logistics corridor: block the next research supercomputer halls. Defense contractors keep selling growth while they consume cooling water meant for farms and towns. No more blank checks.
117,ai_datacenters_polarity_against_252,ai_datacenters,Increasing number of AI datacenters,local_community,Local community,against,Against,Ireland's midlands,national labs,waste-heat district heating sites,turn schools into bargaining chips for abatements,en,English,Against more AI datacenters in my book. Slowing waste-heat district heating sites near Ireland's midlands is justified when national labs turn schools into bargaining chips for abatements. Enough is enough.
118,ai_datacenters_polarity_neutral_256,ai_datacenters,Increasing number of AI datacenters,economic,Economic,neutral,Neutral,the Pacific Northwest,state investment boards,sovereign compute hubs,how permanent the ops headcount really is,en,English,"Holding judgment on AI datacenter expansion. On the Pacific Northwest, people argue about whether state investment boards' sovereign compute hubs help or hurt — especially how permanent the ops headcount really is. Ask me again after the next rate case."
119,ai_datacenters_polarity_neutral_284,ai_datacenters,Increasing number of AI datacenters,environmental,Environmental,neutral,Neutral,northern Italy's industrial belt,energy traders,AI training campuses,land-use tradeoffs against habitat corridors,en,English,"Neutral note on northern Italy's industrial belt: if energy traders add more AI training campuses, I'm watching land-use tradeoffs against habitat corridors before I cheer or protest. Still collecting local data."
120,ai_datacenters_polarity_pro_119,ai_datacenters,Increasing number of AI datacenters,technological,Technological,pro,Pro,rural Iowa,chipmakers,waste-heat district heating sites,push networking standards that cut idle capacity,en,English,"Pro take on rural Iowa: back the waste-heat district heating sites. When chipmakers scale responsibly, they push networking standards that cut idle capacity. I'm for more AI datacenters. Let's build."
121,ai_datacenters_polarity_neutral_126,ai_datacenters,Increasing number of AI datacenters,infrastructure,Infrastructure,neutral,Neutral,rural Iowa,defense contractors,inference megacampuses,timeline realism for new transmission,en,English,The buildout debate isn't settled for me. Flagging inference megacampuses in rural Iowa without a verdict. The live issue is timeline realism for new transmission. I need receipts before choosing.
122,ai_datacenters_polarity_neutral_266,ai_datacenters,Increasing number of AI datacenters,infrastructure,Infrastructure,neutral,Neutral,Singapore's industrial parks,state investment boards,inference megacampuses,who pays for interconnect upgrades,en,English,"Still undecided on the AI datacenter wave. On Singapore's industrial parks, people argue about whether state investment boards' inference megacampuses help or hurt — especially who pays for interconnect upgrades. Still collecting local data."
123,ai_datacenters_polarity_against_087,ai_datacenters,Increasing number of AI datacenters,geopolitical,Geopolitical,against,Against,rural Iowa,energy traders,multi-gigawatt campuses,invite sanctions exposure through opaque ownership,en,English,"We should block this buildout. In rural Iowa, more multi-gigawatt campuses from energy traders mostly invite sanctions exposure through opaque ownership. That is a reason to resist the boom. Protect the commons first."
124,ai_datacenters_polarity_against_050,ai_datacenters,Increasing number of AI datacenters,environmental,Environmental,against,Against,Ohio's Rust Belt towns,AI labs,GPU-dense halls,dump diesel NOx during grid emergencies,en,English,Against take on Ohio's Rust Belt towns: block the next GPU-dense halls. AI labs keep selling growth while they dump diesel NOx during grid emergencies. Enough is enough.
125,ai_datacenters_polarity_against_273,ai_datacenters,Increasing number of AI datacenters,environmental,Environmental,against,Against,Malaysia's Johor corridor,construction consortia,multi-gigawatt campuses,spike Scope-2 emissions despite renewable marketing,en,English,"We should block this buildout. In Malaysia's Johor corridor, more multi-gigawatt campuses from construction consortia mostly spike Scope-2 emissions despite renewable marketing. That is a reason to resist the boom. Reject the next campus."
126,ai_datacenters_polarity_against_227,ai_datacenters,Increasing number of AI datacenters,environmental,Environmental,against,Against,Quebec's hydropower belt,state investment boards,edge AI pods,lock in gas peakers for 'temporary' firming,en,English,Stop rubber-stamping these campuses. Slowing edge AI pods near Quebec's hydropower belt is justified when state investment boards lock in gas peakers for 'temporary' firming. No more blank checks.
127,ai_datacenters_polarity_neutral_296,ai_datacenters,Increasing number of AI datacenters,local_community,Local community,neutral,Neutral,the Nordics,startup GPU cloud firms,research supercomputer halls,housing supply responses to new payrolls,en,English,The buildout debate isn't settled for me. Re: research supercomputer halls around the Nordics — boosters and critics both cite housing supply responses to new payrolls. No banner from me yet. I need receipts before choosing.
128,ai_datacenters_polarity_against_236,ai_datacenters,Increasing number of AI datacenters,local_community,Local community,against,Against,Malaysia's Johor corridor,state investment boards,GPU-dense halls,buy silence with scholarships while rates climb,en,English,Against take on Malaysia's Johor corridor: block the next GPU-dense halls. State investment boards keep selling growth while they buy silence with scholarships while rates climb. Opposition is the responsible stance.
129,ai_datacenters_polarity_pro_111,ai_datacenters,Increasing number of AI datacenters,infrastructure,Infrastructure,pro,Pro,Brazil's São Paulo hinterland,energy traders,GPU-dense halls,modernize substations communities already needed,en,English,Say it plainly: we need the capacity. The case in Brazil's São Paulo hinterland is straightforward: energy traders' GPU-dense halls help modernize substations communities already needed. AI datacenter growth is good policy here. Capacity is policy.
130,ai_datacenters_polarity_neutral_186,ai_datacenters,Increasing number of AI datacenters,local_community,Local community,neutral,Neutral,Singapore's industrial parks,sovereign wealth funds,edge AI pods,community benefits that survive the press release,en,English,Still undecided on the AI datacenter wave. Re: edge AI pods around Singapore's industrial parks — boosters and critics both cite community benefits that survive the press release. No banner from me yet. Show me cleaner evidence either way.
131,ai_datacenters_polarity_pro_007,ai_datacenters,Increasing number of AI datacenters,infrastructure,Infrastructure,pro,Pro,the Nordics,regional economic-development agencies,modular container datacenters,pay for resilient black-start capacity,en,English,"Pro take on the Nordics: back the modular container datacenters. When regional economic-development agencies scale responsibly, they pay for resilient black-start capacity. I'm for more AI datacenters. Let's build."
132,ai_datacenters_polarity_against_263,ai_datacenters,Increasing number of AI datacenters,infrastructure,Infrastructure,against,Against,northern Italy's industrial belt,state investment boards,black-start resilient bunkers,clog roads with construction traffic for years,en,English,Hard no on endless AI datacenter expansion. Slowing black-start resilient bunkers near northern Italy's industrial belt is justified when state investment boards clog roads with construction traffic for years. Reject the next campus.
133,ai_datacenters_polarity_pro_067,ai_datacenters,Increasing number of AI datacenters,infrastructure,Infrastructure,pro,Pro,the Nordics,hyperscalers,black-start resilient bunkers,pay for resilient black-start capacity,en,English,"Pro take on the Nordics: back the black-start resilient bunkers. When hyperscalers scale responsibly, they pay for resilient black-start capacity. I'm for more AI datacenters. Capacity is policy."
134,ai_datacenters_polarity_neutral_238,ai_datacenters,Increasing number of AI datacenters,infrastructure,Infrastructure,neutral,Neutral,rural Iowa,sovereign wealth funds,AI training campuses,cooling-water competing with farm allotments,en,English,"Watching the AI datacenter fight without a banner. On rural Iowa, people argue about whether sovereign wealth funds' AI training campuses help or hurt — especially cooling-water competing with farm allotments. Still collecting local data."
135,ai_datacenters_polarity_against_284,ai_datacenters,Increasing number of AI datacenters,infrastructure,Infrastructure,against,Against,South Korea's semiconductor belt,AI labs,nuclear-adjacent compute parks,overload aging transformers and feeders,en,English,"We should block this buildout. In South Korea's semiconductor belt, more nuclear-adjacent compute parks from AI labs mostly overload aging transformers and feeders. That is a reason to resist the boom. Enough is enough."
136,ai_datacenters_polarity_against_206,ai_datacenters,Increasing number of AI datacenters,geopolitical,Geopolitical,against,Against,Georgia's coastal plain,chipmakers,research supercomputer halls,race capacity without democratic oversight,en,English,"Against more AI datacenters in my book. In Georgia's coastal plain, more research supercomputer halls from chipmakers mostly race capacity without democratic oversight. That is a reason to resist the boom. Reject the next campus."
137,ai_datacenters_polarity_pro_161,ai_datacenters,Increasing number of AI datacenters,technological,Technological,pro,Pro,Canada's prairie provinces,AI labs,black-start resilient bunkers,unlock larger training runs that advance open science,en,English,"Say it plainly: we need the capacity. Don't slow-walk black-start resilient bunkers around Canada's prairie provinces. Done right by AI labs, the buildout will unlock larger training runs that advance open science. Approve the next round."
138,ai_datacenters_polarity_neutral_099,ai_datacenters,Increasing number of AI datacenters,local_community,Local community,neutral,Neutral,India's Hyderabad tech belt,AI labs,GPU-dense halls,noise and traffic mitigation that is enforceable,en,English,Open question: should we keep adding campuses? Re: GPU-dense halls around India's Hyderabad tech belt — boosters and critics both cite noise and traffic mitigation that is enforceable. No banner from me yet. Show me cleaner evidence either way.
139,ai_datacenters_polarity_neutral_049,ai_datacenters,Increasing number of AI datacenters,infrastructure,Infrastructure,neutral,Neutral,rural Iowa,chipmakers,inference megacampuses,construction labor shortages cascading to hospitals,en,English,"Neutral note on rural Iowa: if chipmakers add more inference megacampuses, I'm watching construction labor shortages cascading to hospitals before I cheer or protest. Tradeoffs first, slogans later."
140,ai_datacenters_polarity_pro_136,ai_datacenters,Increasing number of AI datacenters,local_community,Local community,pro,Pro,Canada's prairie provinces,cloud providers,research supercomputer halls,bring broadband as a side effect of fiber builds,en,English,Say it plainly: we need the capacity. The case in Canada's prairie provinces is straightforward: cloud providers' research supercomputer halls help bring broadband as a side effect of fiber builds. AI datacenter growth is good policy here. Expansion is the right call.
141,ai_datacenters_polarity_neutral_164,ai_datacenters,Increasing number of AI datacenters,infrastructure,Infrastructure,neutral,Neutral,Arizona's desert corridor,defense contractors,nuclear-adjacent compute parks,grid resilience claims versus measured outages,en,English,Holding judgment on AI datacenter expansion. Re: nuclear-adjacent compute parks around Arizona's desert corridor — boosters and critics both cite grid resilience claims versus measured outages. No banner from me yet. Still collecting local data.
142,ai_datacenters_polarity_pro_047,ai_datacenters,Increasing number of AI datacenters,geopolitical,Geopolitical,pro,Pro,Chile's Atacama edge,national labs,behind-the-meter solar campuses,support sovereign compute for public research,en,English,"I'm bullish on more AI datacenters. In Chile's Atacama edge, more behind-the-meter solar campuses from national labs can support sovereign compute for public research. That is why I support the expansion. Let's build."
143,ai_datacenters_polarity_against_254,ai_datacenters,Increasing number of AI datacenters,local_community,Local community,against,Against,rural Iowa,hyperscalers,sovereign compute hubs,leave neighbors with light pollution and truck traffic,en,English,Hard no on endless AI datacenter expansion. The rural Iowa story is clear enough: hyperscalers' sovereign compute hubs tend to leave neighbors with light pollution and truck traffic. I don't want more AI datacenters. Opposition is the responsible stance.
144,ai_datacenters_polarity_against_269,ai_datacenters,Increasing number of AI datacenters,infrastructure,Infrastructure,against,Against,Arizona's desert corridor,hyperscalers,modular container datacenters,overload aging transformers and feeders,en,English,Stop rubber-stamping these campuses. Slowing modular container datacenters near Arizona's desert corridor is justified when hyperscalers overload aging transformers and feeders. Enough is enough.
145,ai_datacenters_polarity_pro_057,ai_datacenters,Increasing number of AI datacenters,infrastructure,Infrastructure,pro,Pro,Poland's logistics corridor,regional economic-development agencies,sovereign compute hubs,pay for resilient black-start capacity,en,English,I'm bullish on more AI datacenters. The case in Poland's logistics corridor is straightforward: regional economic-development agencies' sovereign compute hubs help pay for resilient black-start capacity. AI datacenter growth is good policy here. I'm here for the buildout.
146,ai_datacenters_polarity_against_122,ai_datacenters,Increasing number of AI datacenters,economic,Economic,against,Against,Ireland's midlands,startup GPU cloud firms,AI training campuses,crowd out manufacturing that employs denser workforces,en,English,"Hard no on endless AI datacenter expansion. In Ireland's midlands, more AI training campuses from startup GPU cloud firms mostly crowd out manufacturing that employs denser workforces. That is a reason to resist the boom. Protect the commons first."
147,ai_datacenters_polarity_pro_202,ai_datacenters,Increasing number of AI datacenters,infrastructure,Infrastructure,pro,Pro,rural Iowa,telecom carriers,modular container datacenters,force long-delayed transmission upgrades,en,English,I'm for more AI datacenters. The case in rural Iowa is straightforward: telecom carriers' modular container datacenters help force long-delayed transmission upgrades. AI datacenter growth is good policy here. Let's build.
148,ai_datacenters_polarity_against_194,ai_datacenters,Increasing number of AI datacenters,environmental,Environmental,against,Against,northern Virginia,chipmakers,subsea-cable landing campuses,lock in gas peakers for 'temporary' firming,en,English,This expansion is a bad deal. The northern Virginia story is clear enough: chipmakers' subsea-cable landing campuses tend to lock in gas peakers for 'temporary' firming. I don't want more AI datacenters. Enough is enough.
149,ai_datacenters_polarity_against_069,ai_datacenters,Increasing number of AI datacenters,local_community,Local community,against,Against,rural Iowa,energy traders,nuclear-adjacent compute parks,add continuous industrial noise next to homes,en,English,Hit the brakes on new campuses. The rural Iowa story is clear enough: energy traders' nuclear-adjacent compute parks tend to add continuous industrial noise next to homes. I don't want more AI datacenters. Protect the commons first.
150,ai_datacenters_polarity_pro_004,ai_datacenters,Increasing number of AI datacenters,economic,Economic,pro,Pro,Singapore's industrial parks,cloud providers,AI training campuses,create supplier ecosystems around each campus,en,English,"Build the campuses. In Singapore's industrial parks, more AI training campuses from cloud providers can create supplier ecosystems around each campus. That is why I support the expansion. Approve the next round."
151,ai_datacenters_polarity_pro_207,ai_datacenters,Increasing number of AI datacenters,geopolitical,Geopolitical,pro,Pro,the UAE's free zones,colocation operators,multi-gigawatt campuses,deter adversaries by scaling trusted infrastructure,en,English,"Pro take on the UAE's free zones: back the multi-gigawatt campuses. When colocation operators scale responsibly, they deter adversaries by scaling trusted infrastructure. I'm for more AI datacenters. Capacity is policy."
152,ai_datacenters_polarity_pro_157,ai_datacenters,Increasing number of AI datacenters,economic,Economic,pro,Pro,India's Hyderabad tech belt,REIT-backed campus developers,sovereign compute hubs,create supplier ecosystems around each campus,en,English,"Build the campuses. Don't slow-walk sovereign compute hubs around India's Hyderabad tech belt. Done right by REIT-backed campus developers, the buildout will create supplier ecosystems around each campus. Let's build."
153,ai_datacenters_polarity_neutral_107,ai_datacenters,Increasing number of AI datacenters,geopolitical,Geopolitical,neutral,Neutral,Morocco's Atlantic coast,private equity funds,behind-the-meter solar campuses,domestic buildouts that still depend on foreign chips,en,English,"Neutral note on Morocco's Atlantic coast: if private equity funds add more behind-the-meter solar campuses, I'm watching domestic buildouts that still depend on foreign chips before I cheer or protest. I need receipts before choosing."
154,ai_datacenters_polarity_against_015,ai_datacenters,Increasing number of AI datacenters,geopolitical,Geopolitical,against,Against,Chile's Atacama edge,municipal governments,multi-gigawatt campuses,militarize civilian grids under dual-use cover,en,English,Against take on Chile's Atacama edge: block the next multi-gigawatt campuses. Municipal governments keep selling growth while they militarize civilian grids under dual-use cover. Enough is enough.
155,ai_datacenters_polarity_neutral_111,ai_datacenters,Increasing number of AI datacenters,infrastructure,Infrastructure,neutral,Neutral,Singapore's industrial parks,national labs,research supercomputer halls,whether fiber laterals reach homes or only campuses,en,English,The buildout debate isn't settled for me. Flagging research supercomputer halls in Singapore's industrial parks without a verdict. The live issue is whether fiber laterals reach homes or only campuses. Still collecting local data.
156,ai_datacenters_polarity_pro_076,ai_datacenters,Increasing number of AI datacenters,infrastructure,Infrastructure,pro,Pro,central Texas,sovereign wealth funds,research supercomputer halls,force long-delayed transmission upgrades,en,English,"This wave is worth backing. Don't slow-walk research supercomputer halls around central Texas. Done right by sovereign wealth funds, the buildout will force long-delayed transmission upgrades. I'm here for the buildout."
157,ai_datacenters_polarity_against_093,ai_datacenters,Increasing number of AI datacenters,economic,Economic,against,Against,Ohio's Rust Belt towns,regional economic-development agencies,inference megacampuses,leave towns holding stranded-asset risk after the boom,en,English,Against more AI datacenters in my book. The Ohio's Rust Belt towns story is clear enough: regional economic-development agencies' inference megacampuses tend to leave towns holding stranded-asset risk after the boom. I don't want more AI datacenters. Protect the commons first.
158,ai_datacenters_polarity_against_103,ai_datacenters,Increasing number of AI datacenters,technological,Technological,against,Against,rural Iowa,colocation operators,black-start resilient bunkers,"treat efficiency claims as marketing, not measured gains",en,English,"Stop rubber-stamping these campuses. Slowing black-start resilient bunkers near rural Iowa is justified when colocation operators treat efficiency claims as marketing, not measured gains. Enough is enough."
159,ai_datacenters_polarity_neutral_245,ai_datacenters,Increasing number of AI datacenters,economic,Economic,neutral,Neutral,Japan's Tohoku rebuild zones,utility companies,research supercomputer halls,local multipliers versus shareholder leakage,en,English,"Neither booster nor blocker — still weighing it. On Japan's Tohoku rebuild zones, people argue about whether utility companies' research supercomputer halls help or hurt — especially local multipliers versus shareholder leakage. Tradeoffs first, slogans later."
160,ai_datacenters_polarity_pro_069,ai_datacenters,Increasing number of AI datacenters,local_community,Local community,pro,Pro,India's Hyderabad tech belt,telecom carriers,subsea-cable landing campuses,convert empty retail pads into training centers,en,English,"I'm for more AI datacenters. Don't slow-walk subsea-cable landing campuses around India's Hyderabad tech belt. Done right by telecom carriers, the buildout will convert empty retail pads into training centers. I'm here for the buildout."
161,ai_datacenters_polarity_neutral_293,ai_datacenters,Increasing number of AI datacenters,economic,Economic,neutral,Neutral,Midwest farm counties,sovereign wealth funds,behind-the-meter solar campuses,energy-price pass-through to smaller firms,en,English,Neither booster nor blocker — still weighing it. Re: behind-the-meter solar campuses around Midwest farm counties — boosters and critics both cite energy-price pass-through to smaller firms. No banner from me yet. Still collecting local data.
162,ai_datacenters_polarity_pro_127,ai_datacenters,Increasing number of AI datacenters,environmental,Environmental,pro,Pro,Singapore's industrial parks,sovereign wealth funds,multi-gigawatt campuses,accelerate nuclear and geothermal firming builds,en,English,"I'm for more AI datacenters. Don't slow-walk multi-gigawatt campuses around Singapore's industrial parks. Done right by sovereign wealth funds, the buildout will accelerate nuclear and geothermal firming builds. Let's build."
163,ai_datacenters_polarity_neutral_105,ai_datacenters,Increasing number of AI datacenters,infrastructure,Infrastructure,neutral,Neutral,Brazil's São Paulo hinterland,municipal governments,modular container datacenters,cooling-water competing with farm allotments,en,English,"Not picking a side on more campuses yet. Re: modular container datacenters around Brazil's São Paulo hinterland — boosters and critics both cite cooling-water competing with farm allotments. No banner from me yet. Tradeoffs first, slogans later."
164,ai_datacenters_polarity_against_046,ai_datacenters,Increasing number of AI datacenters,economic,Economic,against,Against,Canada's prairie provinces,colocation operators,inference megacampuses,bid up housing costs faster than wages rise,en,English,"Against more AI datacenters in my book. In Canada's prairie provinces, more inference megacampuses from colocation operators mostly bid up housing costs faster than wages rise. That is a reason to resist the boom. Protect the commons first."
165,ai_datacenters_polarity_against_056,ai_datacenters,Increasing number of AI datacenters,infrastructure,Infrastructure,against,Against,Chile's Atacama edge,utility companies,multi-gigawatt campuses,consume cooling water meant for farms and towns,en,English,Against more AI datacenters in my book. The Chile's Atacama edge story is clear enough: utility companies' multi-gigawatt campuses tend to consume cooling water meant for farms and towns. I don't want more AI datacenters. Opposition is the responsible stance.
166,ai_datacenters_polarity_neutral_121,ai_datacenters,Increasing number of AI datacenters,environmental,Environmental,neutral,Neutral,upstate New York,colocation operators,waste-heat district heating sites,lifecycle emissions beyond campus fences,en,English,Neither booster nor blocker — still weighing it. Flagging waste-heat district heating sites in upstate New York without a verdict. The live issue is lifecycle emissions beyond campus fences. Show me cleaner evidence either way.
167,ai_datacenters_polarity_pro_229,ai_datacenters,Increasing number of AI datacenters,environmental,Environmental,pro,Pro,eastern Oregon,colocation operators,waste-heat district heating sites,fund grid upgrades that cut curtailment waste,en,English,"Greenlight the campuses. Don't slow-walk waste-heat district heating sites around eastern Oregon. Done right by colocation operators, the buildout will fund grid upgrades that cut curtailment waste. Capacity is policy."
168,ai_datacenters_polarity_neutral_240,ai_datacenters,Increasing number of AI datacenters,economic,Economic,neutral,Neutral,Ireland's midlands,private equity funds,GPU-dense halls,how permanent the ops headcount really is,en,English,"Neutral note on Ireland's midlands: if private equity funds add more GPU-dense halls, I'm watching how permanent the ops headcount really is before I cheer or protest. I need receipts before choosing."
169,ai_datacenters_polarity_pro_272,ai_datacenters,Increasing number of AI datacenters,technological,Technological,pro,Pro,northern Virginia,startup GPU cloud firms,research supercomputer halls,unlock larger training runs that advance open science,en,English,"This wave is worth backing. In northern Virginia, more research supercomputer halls from startup GPU cloud firms can unlock larger training runs that advance open science. That is why I support the expansion. I'm here for the buildout."
170,ai_datacenters_polarity_against_243,ai_datacenters,Increasing number of AI datacenters,economic,Economic,against,Against,suburban Phoenix,regional economic-development agencies,liquid-cooled clusters,leave towns holding stranded-asset risk after the boom,en,English,I'm against the AI datacenter surge. The suburban Phoenix story is clear enough: regional economic-development agencies' liquid-cooled clusters tend to leave towns holding stranded-asset risk after the boom. I don't want more AI datacenters. Enough is enough.
171,ai_datacenters_polarity_pro_095,ai_datacenters,Increasing number of AI datacenters,infrastructure,Infrastructure,pro,Pro,Arizona's desert corridor,sovereign wealth funds,nuclear-adjacent compute parks,seed modular generation that firms local grids,en,English,"I'm bullish on more AI datacenters. In Arizona's desert corridor, more nuclear-adjacent compute parks from sovereign wealth funds can seed modular generation that firms local grids. That is why I support the expansion. I'm here for the buildout."
172,ai_datacenters_polarity_pro_214,ai_datacenters,Increasing number of AI datacenters,geopolitical,Geopolitical,pro,Pro,Poland's logistics corridor,defense contractors,edge AI pods,secure chip-to-cloud pipelines domestically,en,English,"Build the campuses. In Poland's logistics corridor, more edge AI pods from defense contractors can secure chip-to-cloud pipelines domestically. That is why I support the expansion. Capacity is policy."
173,ai_datacenters_polarity_against_161,ai_datacenters,Increasing number of AI datacenters,infrastructure,Infrastructure,against,Against,eastern Oregon,national labs,waste-heat district heating sites,clog roads with construction traffic for years,en,English,Against take on eastern Oregon: block the next waste-heat district heating sites. National labs keep selling growth while they clog roads with construction traffic for years. Opposition is the responsible stance.
174,ai_datacenters_polarity_neutral_231,ai_datacenters,Increasing number of AI datacenters,geopolitical,Geopolitical,neutral,Neutral,Spain's solar belt,utility companies,behind-the-meter solar campuses,domestic buildouts that still depend on foreign chips,en,English,"Watching the AI datacenter fight without a banner. On Spain's solar belt, people argue about whether utility companies' behind-the-meter solar campuses help or hurt — especially domestic buildouts that still depend on foreign chips. Still collecting local data."
175,ai_datacenters_polarity_neutral_286,ai_datacenters,Increasing number of AI datacenters,geopolitical,Geopolitical,neutral,Neutral,Gulf Coast industrial zones,national labs,research supercomputer halls,transparency of ownership in free-zone campuses,en,English,Not picking a side on more campuses yet. Flagging research supercomputer halls in Gulf Coast industrial zones without a verdict. The live issue is transparency of ownership in free-zone campuses. Show me cleaner evidence either way.
176,ai_datacenters_polarity_neutral_093,ai_datacenters,Increasing number of AI datacenters,geopolitical,Geopolitical,neutral,Neutral,suburban Phoenix,regional economic-development agencies,liquid-cooled clusters,sovereign compute versus corporate capture,en,English,Neither booster nor blocker — still weighing it. Flagging liquid-cooled clusters in suburban Phoenix without a verdict. The live issue is sovereign compute versus corporate capture. Show me cleaner evidence either way.
177,ai_datacenters_polarity_neutral_215,ai_datacenters,Increasing number of AI datacenters,technological,Technological,neutral,Neutral,the Pacific Northwest,hyperscalers,subsea-cable landing campuses,utilization rates after the first training boom,en,English,Still undecided on the AI datacenter wave. Flagging subsea-cable landing campuses in the Pacific Northwest without a verdict. The live issue is utilization rates after the first training boom. Show me cleaner evidence either way.
178,ai_datacenters_polarity_pro_035,ai_datacenters,Increasing number of AI datacenters,geopolitical,Geopolitical,pro,Pro,Gulf Coast industrial zones,utility companies,sovereign compute hubs,reduce dependence on overseas inference supply,en,English,I'm bullish on more AI datacenters. The case in Gulf Coast industrial zones is straightforward: utility companies' sovereign compute hubs help reduce dependence on overseas inference supply. AI datacenter growth is good policy here. Capacity is policy.
179,ai_datacenters_polarity_pro_234,ai_datacenters,Increasing number of AI datacenters,economic,Economic,pro,Pro,Canada's prairie provinces,telecom carriers,multi-gigawatt campuses,anchor high-wage construction and ops jobs,en,English,"This wave is worth backing. In Canada's prairie provinces, more multi-gigawatt campuses from telecom carriers can anchor high-wage construction and ops jobs. That is why I support the expansion. Expansion is the right call."
180,ai_datacenters_polarity_pro_020,ai_datacenters,Increasing number of AI datacenters,local_community,Local community,pro,Pro,central Texas,municipal governments,research supercomputer halls,give towns a seat at siting negotiations,en,English,"Greenlight the campuses. Don't slow-walk research supercomputer halls around central Texas. Done right by municipal governments, the buildout will give towns a seat at siting negotiations. Capacity is policy."
181,ai_datacenters_polarity_neutral_213,ai_datacenters,Increasing number of AI datacenters,infrastructure,Infrastructure,neutral,Neutral,upstate New York,private equity funds,liquid-cooled clusters,construction labor shortages cascading to hospitals,en,English,Holding judgment on AI datacenter expansion. Re: liquid-cooled clusters around upstate New York — boosters and critics both cite construction labor shortages cascading to hospitals. No banner from me yet. I need receipts before choosing.
182,ai_datacenters_polarity_against_265,ai_datacenters,Increasing number of AI datacenters,economic,Economic,against,Against,eastern Oregon,utility companies,behind-the-meter solar campuses,capture tax abatements while creating few permanent jobs,en,English,"Against more AI datacenters in my book. In eastern Oregon, more behind-the-meter solar campuses from utility companies mostly capture tax abatements while creating few permanent jobs. That is a reason to resist the boom. Enough is enough."
183,ai_datacenters_polarity_against_024,ai_datacenters,Increasing number of AI datacenters,environmental,Environmental,against,Against,Midwest farm counties,sovereign wealth funds,research supercomputer halls,dump diesel NOx during grid emergencies,en,English,"This expansion is a bad deal. In Midwest farm counties, more research supercomputer halls from sovereign wealth funds mostly dump diesel NOx during grid emergencies. That is a reason to resist the boom. Reject the next campus."
184,ai_datacenters_polarity_neutral_044,ai_datacenters,Increasing number of AI datacenters,technological,Technological,neutral,Neutral,Midwest farm counties,national labs,nuclear-adjacent compute parks,interoperability across vendors,en,English,Not picking a side on more campuses yet. Flagging nuclear-adjacent compute parks in Midwest farm counties without a verdict. The live issue is interoperability across vendors. Ask me again after the next rate case.
185,ai_datacenters_polarity_neutral_025,ai_datacenters,Increasing number of AI datacenters,infrastructure,Infrastructure,neutral,Neutral,Japan's Tohoku rebuild zones,state investment boards,edge AI pods,timeline realism for new transmission,en,English,Parking the yes/no on AI datacenters for now. Flagging edge AI pods in Japan's Tohoku rebuild zones without a verdict. The live issue is timeline realism for new transmission. Show me cleaner evidence either way.
186,ai_datacenters_polarity_neutral_091,ai_datacenters,Increasing number of AI datacenters,infrastructure,Infrastructure,neutral,Neutral,Finland's cold-climate parks,startup GPU cloud firms,subsea-cable landing campuses,cooling-water competing with farm allotments,en,English,"Neutral note on Finland's cold-climate parks: if startup GPU cloud firms add more subsea-cable landing campuses, I'm watching cooling-water competing with farm allotments before I cheer or protest. Still collecting local data."
187,ai_datacenters_polarity_against_088,ai_datacenters,Increasing number of AI datacenters,infrastructure,Infrastructure,against,Against,the Nordics,telecom carriers,waste-heat district heating sites,force ratepayers to bankroll private transmission,en,English,Against more AI datacenters in my book. The the Nordics story is clear enough: telecom carriers' waste-heat district heating sites tend to force ratepayers to bankroll private transmission. I don't want more AI datacenters. Opposition is the responsible stance.
188,ai_datacenters_polarity_against_071,ai_datacenters,Increasing number of AI datacenters,geopolitical,Geopolitical,against,Against,upstate New York,state investment boards,research supercomputer halls,race capacity without democratic oversight,en,English,We should block this buildout. The upstate New York story is clear enough: state investment boards' research supercomputer halls tend to race capacity without democratic oversight. I don't want more AI datacenters. Protect the commons first.
189,ai_datacenters_polarity_against_170,ai_datacenters,Increasing number of AI datacenters,local_community,Local community,against,Against,Georgia's coastal plain,REIT-backed campus developers,edge AI pods,turn schools into bargaining chips for abatements,en,English,"This expansion is a bad deal. In Georgia's coastal plain, more edge AI pods from REIT-backed campus developers mostly turn schools into bargaining chips for abatements. That is a reason to resist the boom. Protect the commons first."
190,ai_datacenters_polarity_against_080,ai_datacenters,Increasing number of AI datacenters,technological,Technological,against,Against,the UAE's free zones,chipmakers,behind-the-meter solar campuses,optimize for closed models instead of public compute,en,English,Against take on the UAE's free zones: block the next behind-the-meter solar campuses. Chipmakers keep selling growth while they optimize for closed models instead of public compute. Reject the next campus.
191,ai_datacenters_polarity_neutral_132,ai_datacenters,Increasing number of AI datacenters,local_community,Local community,neutral,Neutral,Spain's solar belt,energy traders,sovereign compute hubs,school funding versus industrial rate pressure,en,English,"Neither booster nor blocker — still weighing it. On Spain's solar belt, people argue about whether energy traders' sovereign compute hubs help or hurt — especially school funding versus industrial rate pressure. Still collecting local data."
192,ai_datacenters_polarity_neutral_078,ai_datacenters,Increasing number of AI datacenters,environmental,Environmental,neutral,Neutral,Georgia's coastal plain,defense contractors,behind-the-meter solar campuses,lifecycle emissions beyond campus fences,en,English,"Neutral note on Georgia's coastal plain: if defense contractors add more behind-the-meter solar campuses, I'm watching lifecycle emissions beyond campus fences before I cheer or protest. Ask me again after the next rate case."
193,ai_datacenters_polarity_against_110,ai_datacenters,Increasing number of AI datacenters,economic,Economic,against,Against,Georgia's coastal plain,chipmakers,AI training campuses,"concentrate gains in remote shareholders, not locals",en,English,"Hit the brakes on new campuses. In Georgia's coastal plain, more AI training campuses from chipmakers mostly concentrate gains in remote shareholders, not locals. That is a reason to resist the boom. No more blank checks."
194,ai_datacenters_polarity_neutral_139,ai_datacenters,Increasing number of AI datacenters,local_community,Local community,neutral,Neutral,upstate New York,private equity funds,edge AI pods,noise and traffic mitigation that is enforceable,en,English,Parking the yes/no on AI datacenters for now. Flagging edge AI pods in upstate New York without a verdict. The live issue is noise and traffic mitigation that is enforceable. I need receipts before choosing.
195,ai_datacenters_polarity_pro_221,ai_datacenters,Increasing number of AI datacenters,infrastructure,Infrastructure,pro,Pro,Chile's Atacama edge,private equity funds,research supercomputer halls,seed modular generation that firms local grids,en,English,"Pro take on Chile's Atacama edge: back the research supercomputer halls. When private equity funds scale responsibly, they seed modular generation that firms local grids. I'm for more AI datacenters. Let's build."
196,ai_datacenters_polarity_neutral_172,ai_datacenters,Increasing number of AI datacenters,economic,Economic,neutral,Neutral,rural Iowa,regional economic-development agencies,nuclear-adjacent compute parks,energy-price pass-through to smaller firms,en,English,The buildout debate isn't settled for me. Flagging nuclear-adjacent compute parks in rural Iowa without a verdict. The live issue is energy-price pass-through to smaller firms. Show me cleaner evidence either way.
197,ai_datacenters_polarity_neutral_050,ai_datacenters,Increasing number of AI datacenters,environmental,Environmental,neutral,Neutral,Chile's Atacama edge,private equity funds,AI training campuses,land-use tradeoffs against habitat corridors,en,English,"Neutral note on Chile's Atacama edge: if private equity funds add more AI training campuses, I'm watching land-use tradeoffs against habitat corridors before I cheer or protest. Tradeoffs first, slogans later."
198,ai_datacenters_polarity_neutral_045,ai_datacenters,Increasing number of AI datacenters,local_community,Local community,neutral,Neutral,Australia's renewable zones,energy traders,edge AI pods,whether locals get real veto power on siting,en,English,"Neutral note on Australia's renewable zones: if energy traders add more edge AI pods, I'm watching whether locals get real veto power on siting before I cheer or protest. I need receipts before choosing."
199,ai_datacenters_polarity_pro_093,ai_datacenters,Increasing number of AI datacenters,environmental,Environmental,pro,Pro,South Korea's semiconductor belt,sovereign wealth funds,behind-the-meter solar campuses,reuse waste heat for district heating,en,English,"Pro take on South Korea's semiconductor belt: back the behind-the-meter solar campuses. When sovereign wealth funds scale responsibly, they reuse waste heat for district heating. I'm for more AI datacenters. I'm here for the buildout."
200,ai_datacenters_polarity_neutral_211,ai_datacenters,Increasing number of AI datacenters,environmental,Environmental,neutral,Neutral,the Pacific Northwest,energy traders,nuclear-adjacent compute parks,waste-heat reuse that actually materializes,en,English,The buildout debate isn't settled for me. Re: nuclear-adjacent compute parks around the Pacific Northwest — boosters and critics both cite waste-heat reuse that actually materializes. No banner from me yet. Ask me again after the next rate case.
201,ai_datacenters_polarity_against_221,ai_datacenters,Increasing number of AI datacenters,geopolitical,Geopolitical,against,Against,Georgia's coastal plain,chipmakers,modular container datacenters,centralize strategic compute in a few corporate hands,en,English,We should block this buildout. The Georgia's coastal plain story is clear enough: chipmakers' modular container datacenters tend to centralize strategic compute in a few corporate hands. I don't want more AI datacenters. No more blank checks.
202,ai_datacenters_polarity_pro_113,ai_datacenters,Increasing number of AI datacenters,geopolitical,Geopolitical,pro,Pro,Finland's cold-climate parks,sovereign wealth funds,black-start resilient bunkers,secure chip-to-cloud pipelines domestically,en,English,"Count me as a yes on the buildout. Don't slow-walk black-start resilient bunkers around Finland's cold-climate parks. Done right by sovereign wealth funds, the buildout will secure chip-to-cloud pipelines domestically. Approve the next round."
203,ai_datacenters_polarity_against_019,ai_datacenters,Increasing number of AI datacenters,infrastructure,Infrastructure,against,Against,Midwest farm counties,private equity funds,multi-gigawatt campuses,starve public projects of skilled trades labor,en,English,I'm against the AI datacenter surge. Slowing multi-gigawatt campuses near Midwest farm counties is justified when private equity funds starve public projects of skilled trades labor. Protect the commons first.
204,ai_datacenters_polarity_neutral_168,ai_datacenters,Increasing number of AI datacenters,infrastructure,Infrastructure,neutral,Neutral,Japan's Tohoku rebuild zones,AI labs,inference megacampuses,who pays for interconnect upgrades,en,English,"Watching the AI datacenter fight without a banner. On Japan's Tohoku rebuild zones, people argue about whether AI labs' inference megacampuses help or hurt — especially who pays for interconnect upgrades. Tradeoffs first, slogans later."
205,ai_datacenters_polarity_pro_260,ai_datacenters,Increasing number of AI datacenters,local_community,Local community,pro,Pro,Georgia's coastal plain,colocation operators,GPU-dense halls,negotiate real community-benefit agreements,en,English,Greenlight the campuses. The case in Georgia's coastal plain is straightforward: colocation operators' GPU-dense halls help negotiate real community-benefit agreements. AI datacenter growth is good policy here. I'm here for the buildout.
206,ai_datacenters_polarity_pro_285,ai_datacenters,Increasing number of AI datacenters,infrastructure,Infrastructure,pro,Pro,suburban Phoenix,energy traders,research supercomputer halls,pay for resilient black-start capacity,en,English,Greenlight the campuses. The case in suburban Phoenix is straightforward: energy traders' research supercomputer halls help pay for resilient black-start capacity. AI datacenter growth is good policy here. Expansion is the right call.
207,ai_datacenters_polarity_neutral_020,ai_datacenters,Increasing number of AI datacenters,technological,Technological,neutral,Neutral,suburban Phoenix,defense contractors,black-start resilient bunkers,open-access quotas versus reserved enterprise capacity,en,English,Not picking a side on more campuses yet. Flagging black-start resilient bunkers in suburban Phoenix without a verdict. The live issue is open-access quotas versus reserved enterprise capacity. Still collecting local data.
208,ai_datacenters_polarity_pro_052,ai_datacenters,Increasing number of AI datacenters,economic,Economic,pro,Pro,Spain's solar belt,telecom carriers,sovereign compute hubs,pull private capital into overlooked counties,en,English,"I'm bullish on more AI datacenters. Don't slow-walk sovereign compute hubs around Spain's solar belt. Done right by telecom carriers, the buildout will pull private capital into overlooked counties. Let's build."
209,ai_datacenters_polarity_against_289,ai_datacenters,Increasing number of AI datacenters,environmental,Environmental,against,Against,Gulf Coast industrial zones,chipmakers,subsea-cable landing campuses,convert habitat into sealed concrete campuses,en,English,Against take on Gulf Coast industrial zones: block the next subsea-cable landing campuses. Chipmakers keep selling growth while they convert habitat into sealed concrete campuses. Enough is enough.
210,ai_datacenters_polarity_neutral_073,ai_datacenters,Increasing number of AI datacenters,geopolitical,Geopolitical,neutral,Neutral,Finland's cold-climate parks,energy traders,research supercomputer halls,how much capacity is dual-use in practice,en,English,Still undecided on the AI datacenter wave. Flagging research supercomputer halls in Finland's cold-climate parks without a verdict. The live issue is how much capacity is dual-use in practice. Still collecting local data.
211,ai_datacenters_polarity_pro_212,ai_datacenters,Increasing number of AI datacenters,technological,Technological,pro,Pro,Quebec's hydropower belt,municipal governments,modular container datacenters,concentrate R&D where talent and power already meet,en,English,"Pro-expansion here. In Quebec's hydropower belt, more modular container datacenters from municipal governments can concentrate R&D where talent and power already meet. That is why I support the expansion. Capacity is policy."
212,ai_datacenters_polarity_pro_232,ai_datacenters,Increasing number of AI datacenters,environmental,Environmental,pro,Pro,Singapore's industrial parks,REIT-backed campus developers,subsea-cable landing campuses,fund grid upgrades that cut curtailment waste,en,English,"I'm bullish on more AI datacenters. In Singapore's industrial parks, more subsea-cable landing campuses from REIT-backed campus developers can fund grid upgrades that cut curtailment waste. That is why I support the expansion. Let's build."
213,ai_datacenters_polarity_against_109,ai_datacenters,Increasing number of AI datacenters,environmental,Environmental,against,Against,Canada's prairie provinces,colocation operators,inference megacampuses,drain aquifers in drought-stressed basins,en,English,We should block this buildout. Slowing inference megacampuses near Canada's prairie provinces is justified when colocation operators drain aquifers in drought-stressed basins. Reject the next campus.
214,ai_datacenters_polarity_against_003,ai_datacenters,Increasing number of AI datacenters,environmental,Environmental,against,Against,Arizona's desert corridor,construction consortia,subsea-cable landing campuses,spike Scope-2 emissions despite renewable marketing,en,English,I'm against the AI datacenter surge. Slowing subsea-cable landing campuses near Arizona's desert corridor is justified when construction consortia spike Scope-2 emissions despite renewable marketing. Enough is enough.
215,ai_datacenters_polarity_neutral_165,ai_datacenters,Increasing number of AI datacenters,infrastructure,Infrastructure,neutral,Neutral,Canada's prairie provinces,construction consortia,multi-gigawatt campuses,construction labor shortages cascading to hospitals,en,English,"Holding judgment on AI datacenter expansion. On Canada's prairie provinces, people argue about whether construction consortia' multi-gigawatt campuses help or hurt — especially construction labor shortages cascading to hospitals. Show me cleaner evidence either way."
216,ai_datacenters_polarity_pro_122,ai_datacenters,Increasing number of AI datacenters,infrastructure,Infrastructure,pro,Pro,eastern Oregon,AI labs,edge AI pods,co-fund roads and water mains with developers,en,English,"Say it plainly: we need the capacity. Don't slow-walk edge AI pods around eastern Oregon. Done right by AI labs, the buildout will co-fund roads and water mains with developers. Approve the next round."
217,ai_datacenters_polarity_pro_101,ai_datacenters,Increasing number of AI datacenters,local_community,Local community,pro,Pro,Australia's renewable zones,telecom carriers,edge AI pods,replace dying extractive payrolls with steadier ones,en,English,Build the campuses. The case in Australia's renewable zones is straightforward: telecom carriers' edge AI pods help replace dying extractive payrolls with steadier ones. AI datacenter growth is good policy here. Expansion is the right call.
218,ai_datacenters_polarity_against_005,ai_datacenters,Increasing number of AI datacenters,local_community,Local community,against,Against,the Nordics,colocation operators,modular container datacenters,turn schools into bargaining chips for abatements,en,English,"Stop rubber-stamping these campuses. In the Nordics, more modular container datacenters from colocation operators mostly turn schools into bargaining chips for abatements. That is a reason to resist the boom. No more blank checks."
219,ai_datacenters_polarity_pro_033,ai_datacenters,Increasing number of AI datacenters,economic,Economic,pro,Pro,the UAE's free zones,state investment boards,inference megacampuses,stabilize municipal budgets after plant closures,en,English,"I'm for more AI datacenters. Don't slow-walk inference megacampuses around the UAE's free zones. Done right by state investment boards, the buildout will stabilize municipal budgets after plant closures. Let's build."
220,ai_datacenters_polarity_pro_074,ai_datacenters,Increasing number of AI datacenters,local_community,Local community,pro,Pro,Finland's cold-climate parks,telecom carriers,nuclear-adjacent compute parks,replace dying extractive payrolls with steadier ones,en,English,"Count me as a yes on the buildout. In Finland's cold-climate parks, more nuclear-adjacent compute parks from telecom carriers can replace dying extractive payrolls with steadier ones. That is why I support the expansion. I'm here for the buildout."
221,ai_datacenters_polarity_against_298,ai_datacenters,Increasing number of AI datacenters,infrastructure,Infrastructure,against,Against,northern Italy's industrial belt,energy traders,black-start resilient bunkers,starve public projects of skilled trades labor,en,English,Against take on northern Italy's industrial belt: block the next black-start resilient bunkers. Energy traders keep selling growth while they starve public projects of skilled trades labor. Reject the next campus.
222,ai_datacenters_polarity_pro_167,ai_datacenters,Increasing number of AI datacenters,infrastructure,Infrastructure,pro,Pro,Gulf Coast industrial zones,municipal governments,AI training campuses,seed modular generation that firms local grids,en,English,"Pro take on Gulf Coast industrial zones: back the AI training campuses. When municipal governments scale responsibly, they seed modular generation that firms local grids. I'm for more AI datacenters. Capacity is policy."
223,ai_datacenters_polarity_pro_154,ai_datacenters,Increasing number of AI datacenters,local_community,Local community,pro,Pro,Poland's logistics corridor,state investment boards,modular container datacenters,convert empty retail pads into training centers,en,English,"Pro take on Poland's logistics corridor: back the modular container datacenters. When state investment boards scale responsibly, they convert empty retail pads into training centers. I'm for more AI datacenters. Expansion is the right call."
224,ai_datacenters_polarity_against_116,ai_datacenters,Increasing number of AI datacenters,infrastructure,Infrastructure,against,Against,northern Italy's industrial belt,colocation operators,subsea-cable landing campuses,overload aging transformers and feeders,en,English,"We should block this buildout. In northern Italy's industrial belt, more subsea-cable landing campuses from colocation operators mostly overload aging transformers and feeders. That is a reason to resist the boom. No more blank checks."
225,ai_datacenters_polarity_against_033,ai_datacenters,Increasing number of AI datacenters,technological,Technological,against,Against,Ireland's midlands,national labs,sovereign compute hubs,lock buyers into proprietary interconnect stacks,en,English,Against take on Ireland's midlands: block the next sovereign compute hubs. National labs keep selling growth while they lock buyers into proprietary interconnect stacks. Enough is enough.
226,ai_datacenters_polarity_against_260,ai_datacenters,Increasing number of AI datacenters,infrastructure,Infrastructure,against,Against,Canada's prairie provinces,telecom carriers,AI training campuses,force ratepayers to bankroll private transmission,en,English,Stop rubber-stamping these campuses. The Canada's prairie provinces story is clear enough: telecom carriers' AI training campuses tend to force ratepayers to bankroll private transmission. I don't want more AI datacenters. Opposition is the responsible stance.
227,ai_datacenters_polarity_pro_072,ai_datacenters,Increasing number of AI datacenters,technological,Technological,pro,Pro,eastern Oregon,REIT-backed campus developers,edge AI pods,make inference cheaper for hospitals and labs,en,English,"This wave is worth backing. Don't slow-walk edge AI pods around eastern Oregon. Done right by REIT-backed campus developers, the buildout will make inference cheaper for hospitals and labs. Approve the next round."
228,ai_datacenters_polarity_neutral_229,ai_datacenters,Increasing number of AI datacenters,environmental,Environmental,neutral,Neutral,Arizona's desert corridor,utility companies,sovereign compute hubs,lifecycle emissions beyond campus fences,en,English,Neither booster nor blocker — still weighing it. Flagging sovereign compute hubs in Arizona's desert corridor without a verdict. The live issue is lifecycle emissions beyond campus fences. Show me cleaner evidence either way.
229,ai_datacenters_polarity_neutral_134,ai_datacenters,Increasing number of AI datacenters,economic,Economic,neutral,Neutral,Canada's prairie provinces,energy traders,sovereign compute hubs,how permanent the ops headcount really is,en,English,"Neutral note on Canada's prairie provinces: if energy traders add more sovereign compute hubs, I'm watching how permanent the ops headcount really is before I cheer or protest. Tradeoffs first, slogans later."
230,ai_datacenters_polarity_neutral_295,ai_datacenters,Increasing number of AI datacenters,geopolitical,Geopolitical,neutral,Neutral,eastern Oregon,national labs,inference megacampuses,transparency of ownership in free-zone campuses,en,English,Watching the AI datacenter fight without a banner. Re: inference megacampuses around eastern Oregon — boosters and critics both cite transparency of ownership in free-zone campuses. No banner from me yet. Show me cleaner evidence either way.
231,ai_datacenters_polarity_neutral_224,ai_datacenters,Increasing number of AI datacenters,environmental,Environmental,neutral,Neutral,India's Hyderabad tech belt,construction consortia,behind-the-meter solar campuses,waste-heat reuse that actually materializes,en,English,"Neutral note on India's Hyderabad tech belt: if construction consortia add more behind-the-meter solar campuses, I'm watching waste-heat reuse that actually materializes before I cheer or protest. I need receipts before choosing."
232,ai_datacenters_polarity_against_125,ai_datacenters,Increasing number of AI datacenters,technological,Technological,against,Against,Canada's prairie provinces,state investment boards,modular container datacenters,chase density that outruns safety and maintainability,en,English,"We should block this buildout. In Canada's prairie provinces, more modular container datacenters from state investment boards mostly chase density that outruns safety and maintainability. That is a reason to resist the boom. Enough is enough."
233,ai_datacenters_polarity_pro_014,ai_datacenters,Increasing number of AI datacenters,local_community,Local community,pro,Pro,upstate New York,regional economic-development agencies,AI training campuses,negotiate real community-benefit agreements,en,English,This wave is worth backing. The case in upstate New York is straightforward: regional economic-development agencies' AI training campuses help negotiate real community-benefit agreements. AI datacenter growth is good policy here. Capacity is policy.
234,ai_datacenters_polarity_against_081,ai_datacenters,Increasing number of AI datacenters,infrastructure,Infrastructure,against,Against,South Korea's semiconductor belt,telecom carriers,modular container datacenters,clog roads with construction traffic for years,en,English,I'm against the AI datacenter surge. The South Korea's semiconductor belt story is clear enough: telecom carriers' modular container datacenters tend to clog roads with construction traffic for years. I don't want more AI datacenters. No more blank checks.
235,ai_datacenters_polarity_pro_063,ai_datacenters,Increasing number of AI datacenters,technological,Technological,pro,Pro,Japan's Tohoku rebuild zones,REIT-backed campus developers,sovereign compute hubs,let startups rent frontier GPUs without owning fabs,en,English,I'm for more AI datacenters. The case in Japan's Tohoku rebuild zones is straightforward: REIT-backed campus developers' sovereign compute hubs help let startups rent frontier GPUs without owning fabs. AI datacenter growth is good policy here. I'm here for the buildout.
236,ai_datacenters_polarity_neutral_022,ai_datacenters,Increasing number of AI datacenters,infrastructure,Infrastructure,neutral,Neutral,Australia's renewable zones,regional economic-development agencies,edge AI pods,grid resilience claims versus measured outages,en,English,Still undecided on the AI datacenter wave. Flagging edge AI pods in Australia's renewable zones without a verdict. The live issue is grid resilience claims versus measured outages. Show me cleaner evidence either way.
237,ai_datacenters_polarity_against_025,ai_datacenters,Increasing number of AI datacenters,infrastructure,Infrastructure,against,Against,suburban Phoenix,startup GPU cloud firms,GPU-dense halls,consume cooling water meant for farms and towns,en,English,Against take on suburban Phoenix: block the next GPU-dense halls. Startup GPU cloud firms keep selling growth while they consume cooling water meant for farms and towns. Enough is enough.
238,ai_datacenters_polarity_neutral_271,ai_datacenters,Increasing number of AI datacenters,environmental,Environmental,neutral,Neutral,Georgia's coastal plain,construction consortia,sovereign compute hubs,waste-heat reuse that actually materializes,en,English,"Parking the yes/no on AI datacenters for now. On Georgia's coastal plain, people argue about whether construction consortia' sovereign compute hubs help or hurt — especially waste-heat reuse that actually materializes. I need receipts before choosing."
239,ai_datacenters_polarity_against_247,ai_datacenters,Increasing number of AI datacenters,environmental,Environmental,against,Against,eastern Oregon,hyperscalers,behind-the-meter solar campuses,dump diesel NOx during grid emergencies,en,English,Hard no on endless AI datacenter expansion. Slowing behind-the-meter solar campuses near eastern Oregon is justified when hyperscalers dump diesel NOx during grid emergencies. Opposition is the responsible stance.
240,ai_datacenters_polarity_neutral_160,ai_datacenters,Increasing number of AI datacenters,geopolitical,Geopolitical,neutral,Neutral,Australia's renewable zones,utility companies,liquid-cooled clusters,alliance benefits versus local resource strain,en,English,Holding judgment on AI datacenter expansion. Re: liquid-cooled clusters around Australia's renewable zones — boosters and critics both cite alliance benefits versus local resource strain. No banner from me yet. Still collecting local data.
241,ai_datacenters_polarity_against_251,ai_datacenters,Increasing number of AI datacenters,local_community,Local community,against,Against,Morocco's Atlantic coast,telecom carriers,sovereign compute hubs,add continuous industrial noise next to homes,en,English,Against take on Morocco's Atlantic coast: block the next sovereign compute hubs. Telecom carriers keep selling growth while they add continuous industrial noise next to homes. Reject the next campus.
242,ai_datacenters_polarity_pro_137,ai_datacenters,Increasing number of AI datacenters,environmental,Environmental,pro,Pro,Ireland's midlands,private equity funds,GPU-dense halls,reuse waste heat for district heating,en,English,"Pro take on Ireland's midlands: back the GPU-dense halls. When private equity funds scale responsibly, they reuse waste heat for district heating. I'm for more AI datacenters. Let's build."
243,ai_datacenters_polarity_pro_203,ai_datacenters,Increasing number of AI datacenters,environmental,Environmental,pro,Pro,India's Hyderabad tech belt,startup GPU cloud firms,GPU-dense halls,push cooling R&D that lowers water intensity,en,English,Say it plainly: we need the capacity. The case in India's Hyderabad tech belt is straightforward: startup GPU cloud firms' GPU-dense halls help push cooling R&D that lowers water intensity. AI datacenter growth is good policy here. Let's build.
244,ai_datacenters_polarity_against_158,ai_datacenters,Increasing number of AI datacenters,local_community,Local community,against,Against,the Pacific Northwest,state investment boards,black-start resilient bunkers,turn schools into bargaining chips for abatements,en,English,I'm against the AI datacenter surge. The the Pacific Northwest story is clear enough: state investment boards' black-start resilient bunkers tend to turn schools into bargaining chips for abatements. I don't want more AI datacenters. Protect the commons first.
245,ai_datacenters_polarity_pro_227,ai_datacenters,Increasing number of AI datacenters,technological,Technological,pro,Pro,upstate New York,utility companies,black-start resilient bunkers,drive liquid-cooling efficiency gains industry-wide,en,English,"Pro take on upstate New York: back the black-start resilient bunkers. When utility companies scale responsibly, they drive liquid-cooling efficiency gains industry-wide. I'm for more AI datacenters. Let's build."
246,ai_datacenters_polarity_neutral_136,ai_datacenters,Increasing number of AI datacenters,infrastructure,Infrastructure,neutral,Neutral,Gulf Coast industrial zones,cloud providers,modular container datacenters,timeline realism for new transmission,en,English,"Neutral note on Gulf Coast industrial zones: if cloud providers add more modular container datacenters, I'm watching timeline realism for new transmission before I cheer or protest. Tradeoffs first, slogans later."
247,ai_datacenters_polarity_neutral_034,ai_datacenters,Increasing number of AI datacenters,environmental,Environmental,neutral,Neutral,Quebec's hydropower belt,startup GPU cloud firms,edge AI pods,renewable additionality versus paper PPAs,en,English,"Neutral note on Quebec's hydropower belt: if startup GPU cloud firms add more edge AI pods, I'm watching renewable additionality versus paper PPAs before I cheer or protest. Ask me again after the next rate case."
248,ai_datacenters_polarity_pro_105,ai_datacenters,Increasing number of AI datacenters,infrastructure,Infrastructure,pro,Pro,Finland's cold-climate parks,state investment boards,edge AI pods,co-fund roads and water mains with developers,en,English,"I'm bullish on more AI datacenters. In Finland's cold-climate parks, more edge AI pods from state investment boards can co-fund roads and water mains with developers. That is why I support the expansion. I'm here for the buildout."
249,ai_datacenters_polarity_against_234,ai_datacenters,Increasing number of AI datacenters,geopolitical,Geopolitical,against,Against,Poland's logistics corridor,AI labs,multi-gigawatt campuses,militarize civilian grids under dual-use cover,en,English,Against take on Poland's logistics corridor: block the next multi-gigawatt campuses. AI labs keep selling growth while they militarize civilian grids under dual-use cover. Opposition is the responsible stance.
250,ai_datacenters_polarity_against_159,ai_datacenters,Increasing number of AI datacenters,environmental,Environmental,against,Against,Gulf Coast industrial zones,sovereign wealth funds,multi-gigawatt campuses,drain aquifers in drought-stressed basins,en,English,This expansion is a bad deal. Slowing multi-gigawatt campuses near Gulf Coast industrial zones is justified when sovereign wealth funds drain aquifers in drought-stressed basins. Protect the commons first.
251,ai_datacenters_polarity_neutral_130,ai_datacenters,Increasing number of AI datacenters,infrastructure,Infrastructure,neutral,Neutral,Brazil's São Paulo hinterland,REIT-backed campus developers,GPU-dense halls,construction labor shortages cascading to hospitals,en,English,"Parking the yes/no on AI datacenters for now. Re: GPU-dense halls around Brazil's São Paulo hinterland — boosters and critics both cite construction labor shortages cascading to hospitals. No banner from me yet. Tradeoffs first, slogans later."
252,ai_datacenters_polarity_against_156,ai_datacenters,Increasing number of AI datacenters,infrastructure,Infrastructure,against,Against,Arizona's desert corridor,startup GPU cloud firms,inference megacampuses,consume cooling water meant for farms and towns,en,English,This expansion is a bad deal. Slowing inference megacampuses near Arizona's desert corridor is justified when startup GPU cloud firms consume cooling water meant for farms and towns. Enough is enough.
253,ai_datacenters_polarity_neutral_207,ai_datacenters,Increasing number of AI datacenters,local_community,Local community,neutral,Neutral,Ireland's midlands,municipal governments,multi-gigawatt campuses,civic trust after rushed permit processes,en,English,Not picking a side on more campuses yet. Flagging multi-gigawatt campuses in Ireland's midlands without a verdict. The live issue is civic trust after rushed permit processes. I need receipts before choosing.
254,ai_datacenters_polarity_pro_261,ai_datacenters,Increasing number of AI datacenters,economic,Economic,pro,Pro,northern Virginia,energy traders,waste-heat district heating sites,create supplier ecosystems around each campus,en,English,"Pro-expansion here. In northern Virginia, more waste-heat district heating sites from energy traders can create supplier ecosystems around each campus. That is why I support the expansion. Approve the next round."
255,ai_datacenters_polarity_against_021,ai_datacenters,Increasing number of AI datacenters,geopolitical,Geopolitical,against,Against,Malaysia's Johor corridor,AI labs,AI training campuses,race capacity without democratic oversight,en,English,Against take on Malaysia's Johor corridor: block the next AI training campuses. AI labs keep selling growth while they race capacity without democratic oversight. Protect the commons first.
256,ai_datacenters_polarity_pro_223,ai_datacenters,Increasing number of AI datacenters,local_community,Local community,pro,Pro,Chile's Atacama edge,defense contractors,sovereign compute hubs,replace dying extractive payrolls with steadier ones,en,English,"Pro take on Chile's Atacama edge: back the sovereign compute hubs. When defense contractors scale responsibly, they replace dying extractive payrolls with steadier ones. I'm for more AI datacenters. I'm here for the buildout."
257,ai_datacenters_polarity_neutral_281,ai_datacenters,Increasing number of AI datacenters,local_community,Local community,neutral,Neutral,Arizona's desert corridor,REIT-backed campus developers,multi-gigawatt campuses,civic trust after rushed permit processes,en,English,Open question: should we keep adding campuses? Flagging multi-gigawatt campuses in Arizona's desert corridor without a verdict. The live issue is civic trust after rushed permit processes. Still collecting local data.
258,ai_datacenters_polarity_neutral_175,ai_datacenters,Increasing number of AI datacenters,infrastructure,Infrastructure,neutral,Neutral,northern Virginia,chipmakers,sovereign compute hubs,timeline realism for new transmission,en,English,Watching the AI datacenter fight without a banner. Re: sovereign compute hubs around northern Virginia — boosters and critics both cite timeline realism for new transmission. No banner from me yet. Ask me again after the next rate case.
259,ai_datacenters_polarity_against_064,ai_datacenters,Increasing number of AI datacenters,economic,Economic,against,Against,Brazil's São Paulo hinterland,private equity funds,nuclear-adjacent compute parks,inflate industrial power rates for everyone else,en,English,Against take on Brazil's São Paulo hinterland: block the next nuclear-adjacent compute parks. Private equity funds keep selling growth while they inflate industrial power rates for everyone else. Reject the next campus.
260,ai_datacenters_polarity_against_261,ai_datacenters,Increasing number of AI datacenters,technological,Technological,against,Against,Malaysia's Johor corridor,colocation operators,waste-heat district heating sites,waste cooling capacity on vanity cluster sizes,en,English,"Against more AI datacenters in my book. In Malaysia's Johor corridor, more waste-heat district heating sites from colocation operators mostly waste cooling capacity on vanity cluster sizes. That is a reason to resist the boom. Protect the commons first."
261,ai_datacenters_polarity_against_190,ai_datacenters,Increasing number of AI datacenters,environmental,Environmental,against,Against,Canada's prairie provinces,cloud providers,nuclear-adjacent compute parks,treat water as an infinite free input,en,English,I'm against the AI datacenter surge. Slowing nuclear-adjacent compute parks near Canada's prairie provinces is justified when cloud providers treat water as an infinite free input. No more blank checks.
262,ai_datacenters_polarity_neutral_128,ai_datacenters,Increasing number of AI datacenters,environmental,Environmental,neutral,Neutral,Ireland's midlands,sovereign wealth funds,subsea-cable landing campuses,peaker plants sold as 'bridge' capacity,en,English,Parking the yes/no on AI datacenters for now. Flagging subsea-cable landing campuses in Ireland's midlands without a verdict. The live issue is peaker plants sold as 'bridge' capacity. Show me cleaner evidence either way.
263,ai_datacenters_polarity_pro_059,ai_datacenters,Increasing number of AI datacenters,geopolitical,Geopolitical,pro,Pro,Japan's Tohoku rebuild zones,utility companies,research supercomputer halls,support sovereign compute for public research,en,English,"Pro take on Japan's Tohoku rebuild zones: back the research supercomputer halls. When utility companies scale responsibly, they support sovereign compute for public research. I'm for more AI datacenters. I'm here for the buildout."
264,ai_datacenters_polarity_neutral_103,ai_datacenters,Increasing number of AI datacenters,environmental,Environmental,neutral,Neutral,Spain's solar belt,cloud providers,sovereign compute hubs,water budgets under multi-year drought,en,English,"Neutral note on Spain's solar belt: if cloud providers add more sovereign compute hubs, I'm watching water budgets under multi-year drought before I cheer or protest. Still collecting local data."
265,ai_datacenters_polarity_neutral_262,ai_datacenters,Increasing number of AI datacenters,local_community,Local community,neutral,Neutral,suburban Phoenix,municipal governments,modular container datacenters,housing supply responses to new payrolls,en,English,"Watching the AI datacenter fight without a banner. On suburban Phoenix, people argue about whether municipal governments' modular container datacenters help or hurt — especially housing supply responses to new payrolls. Tradeoffs first, slogans later."
266,ai_datacenters_polarity_neutral_181,ai_datacenters,Increasing number of AI datacenters,environmental,Environmental,neutral,Neutral,Spain's solar belt,defense contractors,modular container datacenters,lifecycle emissions beyond campus fences,en,English,"Neutral note on Spain's solar belt: if defense contractors add more modular container datacenters, I'm watching lifecycle emissions beyond campus fences before I cheer or protest. I need receipts before choosing."
267,ai_datacenters_polarity_pro_064,ai_datacenters,Increasing number of AI datacenters,local_community,Local community,pro,Pro,the Pacific Northwest,cloud providers,sovereign compute hubs,negotiate real community-benefit agreements,en,English,"Build the campuses. In the Pacific Northwest, more sovereign compute hubs from cloud providers can negotiate real community-benefit agreements. That is why I support the expansion. Capacity is policy."
268,ai_datacenters_polarity_against_111,ai_datacenters,Increasing number of AI datacenters,geopolitical,Geopolitical,against,Against,northern Virginia,state investment boards,nuclear-adjacent compute parks,militarize civilian grids under dual-use cover,en,English,"Stop rubber-stamping these campuses. In northern Virginia, more nuclear-adjacent compute parks from state investment boards mostly militarize civilian grids under dual-use cover. That is a reason to resist the boom. No more blank checks."
269,ai_datacenters_polarity_neutral_167,ai_datacenters,Increasing number of AI datacenters,economic,Economic,neutral,Neutral,northern Virginia,REIT-backed campus developers,research supercomputer halls,local multipliers versus shareholder leakage,en,English,"Neutral note on northern Virginia: if REIT-backed campus developers add more research supercomputer halls, I'm watching local multipliers versus shareholder leakage before I cheer or protest. I need receipts before choosing."
270,ai_datacenters_polarity_against_044,ai_datacenters,Increasing number of AI datacenters,environmental,Environmental,against,Against,Finland's cold-climate parks,private equity funds,GPU-dense halls,dump diesel NOx during grid emergencies,en,English,"Hard no on endless AI datacenter expansion. In Finland's cold-climate parks, more GPU-dense halls from private equity funds mostly dump diesel NOx during grid emergencies. That is a reason to resist the boom. No more blank checks."
271,ai_datacenters_polarity_against_250,ai_datacenters,Increasing number of AI datacenters,geopolitical,Geopolitical,against,Against,northern Virginia,cloud providers,modular container datacenters,militarize civilian grids under dual-use cover,en,English,"Stop rubber-stamping these campuses. In northern Virginia, more modular container datacenters from cloud providers mostly militarize civilian grids under dual-use cover. That is a reason to resist the boom. Opposition is the responsible stance."
272,ai_datacenters_polarity_against_216,ai_datacenters,Increasing number of AI datacenters,technological,Technological,against,Against,Singapore's industrial parks,chipmakers,nuclear-adjacent compute parks,chase density that outruns safety and maintainability,en,English,"Hard no on endless AI datacenter expansion. In Singapore's industrial parks, more nuclear-adjacent compute parks from chipmakers mostly chase density that outruns safety and maintainability. That is a reason to resist the boom. Protect the commons first."
273,ai_datacenters_polarity_pro_194,ai_datacenters,Increasing number of AI datacenters,geopolitical,Geopolitical,pro,Pro,the UAE's free zones,energy traders,sovereign compute hubs,support sovereign compute for public research,en,English,"Pro take on the UAE's free zones: back the sovereign compute hubs. When energy traders scale responsibly, they support sovereign compute for public research. I'm for more AI datacenters. Approve the next round."
274,ai_datacenters_polarity_against_181,ai_datacenters,Increasing number of AI datacenters,geopolitical,Geopolitical,against,Against,Georgia's coastal plain,state investment boards,nuclear-adjacent compute parks,export control workarounds via third-country campuses,en,English,"Against more AI datacenters in my book. In Georgia's coastal plain, more nuclear-adjacent compute parks from state investment boards mostly export control workarounds via third-country campuses. That is a reason to resist the boom. Opposition is the responsible stance."
275,ai_datacenters_polarity_against_105,ai_datacenters,Increasing number of AI datacenters,technological,Technological,against,Against,Australia's renewable zones,AI labs,research supercomputer halls,"treat efficiency claims as marketing, not measured gains",en,English,"Against more AI datacenters in my book. The Australia's renewable zones story is clear enough: AI labs' research supercomputer halls tend to treat efficiency claims as marketing, not measured gains. I don't want more AI datacenters. Opposition is the responsible stance."
276,ai_datacenters_polarity_neutral_201,ai_datacenters,Increasing number of AI datacenters,environmental,Environmental,neutral,Neutral,Georgia's coastal plain,energy traders,inference megacampuses,renewable additionality versus paper PPAs,en,English,The buildout debate isn't settled for me. Re: inference megacampuses around Georgia's coastal plain — boosters and critics both cite renewable additionality versus paper PPAs. No banner from me yet. I need receipts before choosing.
277,ai_datacenters_polarity_neutral_188,ai_datacenters,Increasing number of AI datacenters,geopolitical,Geopolitical,neutral,Neutral,Spain's solar belt,energy traders,edge AI pods,export-control exposure in cross-border training,en,English,Not picking a side on more campuses yet. Re: edge AI pods around Spain's solar belt — boosters and critics both cite export-control exposure in cross-border training. No banner from me yet. Still collecting local data.
278,ai_datacenters_polarity_pro_010,ai_datacenters,Increasing number of AI datacenters,economic,Economic,pro,Pro,Georgia's coastal plain,municipal governments,nuclear-adjacent compute parks,anchor high-wage construction and ops jobs,en,English,Greenlight the campuses. The case in Georgia's coastal plain is straightforward: municipal governments' nuclear-adjacent compute parks help anchor high-wage construction and ops jobs. AI datacenter growth is good policy here. I'm here for the buildout.
279,ai_datacenters_polarity_pro_116,ai_datacenters,Increasing number of AI datacenters,local_community,Local community,pro,Pro,Ohio's Rust Belt towns,energy traders,inference megacampuses,convert empty retail pads into training centers,en,English,"Pro-expansion here. In Ohio's Rust Belt towns, more inference megacampuses from energy traders can convert empty retail pads into training centers. That is why I support the expansion. Approve the next round."
280,ai_datacenters_polarity_against_246,ai_datacenters,Increasing number of AI datacenters,geopolitical,Geopolitical,against,Against,South Korea's semiconductor belt,national labs,modular container datacenters,invite sanctions exposure through opaque ownership,en,English,Against take on South Korea's semiconductor belt: block the next modular container datacenters. National labs keep selling growth while they invite sanctions exposure through opaque ownership. No more blank checks.
281,ai_datacenters_polarity_neutral_261,ai_datacenters,Increasing number of AI datacenters,geopolitical,Geopolitical,neutral,Neutral,Malaysia's Johor corridor,energy traders,inference megacampuses,alliance benefits versus local resource strain,en,English,"Neutral note on Malaysia's Johor corridor: if energy traders add more inference megacampuses, I'm watching alliance benefits versus local resource strain before I cheer or protest. Still collecting local data."
282,ai_datacenters_polarity_pro_220,ai_datacenters,Increasing number of AI datacenters,geopolitical,Geopolitical,pro,Pro,Arizona's desert corridor,private equity funds,edge AI pods,deter adversaries by scaling trusted infrastructure,en,English,"Say it plainly: we need the capacity. Don't slow-walk edge AI pods around Arizona's desert corridor. Done right by private equity funds, the buildout will deter adversaries by scaling trusted infrastructure. I'm here for the buildout."
283,ai_datacenters_polarity_neutral_157,ai_datacenters,Increasing number of AI datacenters,environmental,Environmental,neutral,Neutral,Japan's Tohoku rebuild zones,defense contractors,behind-the-meter solar campuses,peaker plants sold as 'bridge' capacity,en,English,Neither booster nor blocker — still weighing it. Re: behind-the-meter solar campuses around Japan's Tohoku rebuild zones — boosters and critics both cite peaker plants sold as 'bridge' capacity. No banner from me yet. Still collecting local data.
284,ai_datacenters_polarity_against_099,ai_datacenters,Increasing number of AI datacenters,environmental,Environmental,against,Against,the Pacific Northwest,AI labs,liquid-cooled clusters,spike Scope-2 emissions despite renewable marketing,en,English,We should block this buildout. The the Pacific Northwest story is clear enough: AI labs' liquid-cooled clusters tend to spike Scope-2 emissions despite renewable marketing. I don't want more AI datacenters. No more blank checks.
285,ai_datacenters_polarity_against_186,ai_datacenters,Increasing number of AI datacenters,local_community,Local community,against,Against,Canada's prairie provinces,construction consortia,waste-heat district heating sites,hollow out civic life into permit fights,en,English,Hit the brakes on new campuses. Slowing waste-heat district heating sites near Canada's prairie provinces is justified when construction consortia hollow out civic life into permit fights. Opposition is the responsible stance.
286,ai_datacenters_polarity_against_070,ai_datacenters,Increasing number of AI datacenters,geopolitical,Geopolitical,against,Against,Ireland's midlands,cloud providers,sovereign compute hubs,race capacity without democratic oversight,en,English,Against take on Ireland's midlands: block the next sovereign compute hubs. Cloud providers keep selling growth while they race capacity without democratic oversight. Protect the commons first.
287,ai_datacenters_polarity_against_285,ai_datacenters,Increasing number of AI datacenters,geopolitical,Geopolitical,against,Against,Singapore's industrial parks,private equity funds,AI training campuses,undermine alliances when water and power fights spill over,en,English,"This expansion is a bad deal. In Singapore's industrial parks, more AI training campuses from private equity funds mostly undermine alliances when water and power fights spill over. That is a reason to resist the boom. Reject the next campus."
288,ai_datacenters_polarity_against_268,ai_datacenters,Increasing number of AI datacenters,geopolitical,Geopolitical,against,Against,upstate New York,telecom carriers,AI training campuses,centralize strategic compute in a few corporate hands,en,English,"Hard no on endless AI datacenter expansion. In upstate New York, more AI training campuses from telecom carriers mostly centralize strategic compute in a few corporate hands. That is a reason to resist the boom. Protect the commons first."
289,ai_datacenters_polarity_neutral_185,ai_datacenters,Increasing number of AI datacenters,environmental,Environmental,neutral,Neutral,the Pacific Northwest,energy traders,liquid-cooled clusters,waste-heat reuse that actually materializes,en,English,Still undecided on the AI datacenter wave. Re: liquid-cooled clusters around the Pacific Northwest — boosters and critics both cite waste-heat reuse that actually materializes. No banner from me yet. Ask me again after the next rate case.
290,ai_datacenters_polarity_neutral_061,ai_datacenters,Increasing number of AI datacenters,geopolitical,Geopolitical,neutral,Neutral,northern Italy's industrial belt,hyperscalers,inference megacampuses,how much capacity is dual-use in practice,en,English,"Neutral note on northern Italy's industrial belt: if hyperscalers add more inference megacampuses, I'm watching how much capacity is dual-use in practice before I cheer or protest. I need receipts before choosing."
291,ai_datacenters_polarity_against_167,ai_datacenters,Increasing number of AI datacenters,economic,Economic,against,Against,Finland's cold-climate parks,energy traders,behind-the-meter solar campuses,"concentrate gains in remote shareholders, not locals",en,English,"Stop rubber-stamping these campuses. Slowing behind-the-meter solar campuses near Finland's cold-climate parks is justified when energy traders concentrate gains in remote shareholders, not locals. Protect the commons first."
292,ai_datacenters_polarity_pro_245,ai_datacenters,Increasing number of AI datacenters,economic,Economic,pro,Pro,the Pacific Northwest,municipal governments,AI training campuses,broaden the local tax base without raising rates,en,English,Build the campuses. The case in the Pacific Northwest is straightforward: municipal governments' AI training campuses help broaden the local tax base without raising rates. AI datacenter growth is good policy here. Capacity is policy.
293,ai_datacenters_polarity_neutral_149,ai_datacenters,Increasing number of AI datacenters,technological,Technological,neutral,Neutral,Ohio's Rust Belt towns,state investment boards,GPU-dense halls,whether smaller distributed pods beat megacampuses,en,English,"Neutral note on Ohio's Rust Belt towns: if state investment boards add more GPU-dense halls, I'm watching whether smaller distributed pods beat megacampuses before I cheer or protest. I need receipts before choosing."
294,ai_datacenters_polarity_neutral_113,ai_datacenters,Increasing number of AI datacenters,environmental,Environmental,neutral,Neutral,the Nordics,regional economic-development agencies,GPU-dense halls,peaker plants sold as 'bridge' capacity,en,English,"Neither booster nor blocker — still weighing it. On the Nordics, people argue about whether regional economic-development agencies' GPU-dense halls help or hurt — especially peaker plants sold as 'bridge' capacity. I need receipts before choosing."
295,ai_datacenters_polarity_pro_213,ai_datacenters,Increasing number of AI datacenters,technological,Technological,pro,Pro,Spain's solar belt,chipmakers,multi-gigawatt campuses,push networking standards that cut idle capacity,en,English,Say it plainly: we need the capacity. The case in Spain's solar belt is straightforward: chipmakers' multi-gigawatt campuses help push networking standards that cut idle capacity. AI datacenter growth is good policy here. Let's build.
296,ai_datacenters_polarity_against_054,ai_datacenters,Increasing number of AI datacenters,local_community,Local community,against,Against,upstate New York,defense contractors,subsea-cable landing campuses,turn schools into bargaining chips for abatements,en,English,"I'm against the AI datacenter surge. In upstate New York, more subsea-cable landing campuses from defense contractors mostly turn schools into bargaining chips for abatements. That is a reason to resist the boom. Opposition is the responsible stance."
297,ai_datacenters_polarity_neutral_069,ai_datacenters,Increasing number of AI datacenters,environmental,Environmental,neutral,Neutral,northern Virginia,defense contractors,sovereign compute hubs,renewable additionality versus paper PPAs,en,English,"Neither booster nor blocker — still weighing it. On northern Virginia, people argue about whether defense contractors' sovereign compute hubs help or hurt — especially renewable additionality versus paper PPAs. Tradeoffs first, slogans later."
298,ai_datacenters_polarity_pro_018,ai_datacenters,Increasing number of AI datacenters,geopolitical,Geopolitical,pro,Pro,Georgia's coastal plain,construction consortia,black-start resilient bunkers,support sovereign compute for public research,en,English,"This wave is worth backing. In Georgia's coastal plain, more black-start resilient bunkers from construction consortia can support sovereign compute for public research. That is why I support the expansion. Capacity is policy."
299,ai_datacenters_polarity_neutral_119,ai_datacenters,Increasing number of AI datacenters,economic,Economic,neutral,Neutral,Ohio's Rust Belt towns,cloud providers,nuclear-adjacent compute parks,local multipliers versus shareholder leakage,en,English,Watching the AI datacenter fight without a banner. Re: nuclear-adjacent compute parks around Ohio's Rust Belt towns — boosters and critics both cite local multipliers versus shareholder leakage. No banner from me yet. Ask me again after the next rate case.
300,ai_datacenters_polarity_against_123,ai_datacenters,Increasing number of AI datacenters,economic,Economic,against,Against,Ohio's Rust Belt towns,construction consortia,multi-gigawatt campuses,leave towns holding stranded-asset risk after the boom,en,English,I'm against the AI datacenter surge. Slowing multi-gigawatt campuses near Ohio's Rust Belt towns is justified when construction consortia leave towns holding stranded-asset risk after the boom. Opposition is the responsible stance.
301,ai_datacenters_polarity_pro_252,ai_datacenters,Increasing number of AI datacenters,geopolitical,Geopolitical,pro,Pro,Japan's Tohoku rebuild zones,sovereign wealth funds,black-start resilient bunkers,give democracies leverage in model-access talks,en,English,"Pro take on Japan's Tohoku rebuild zones: back the black-start resilient bunkers. When sovereign wealth funds scale responsibly, they give democracies leverage in model-access talks. I'm for more AI datacenters. Let's build."
302,ai_datacenters_polarity_pro_120,ai_datacenters,Increasing number of AI datacenters,infrastructure,Infrastructure,pro,Pro,Ohio's Rust Belt towns,construction consortia,GPU-dense halls,seed modular generation that firms local grids,en,English,"I'm for more AI datacenters. Don't slow-walk GPU-dense halls around Ohio's Rust Belt towns. Done right by construction consortia, the buildout will seed modular generation that firms local grids. Capacity is policy."
303,ai_datacenters_polarity_against_182,ai_datacenters,Increasing number of AI datacenters,economic,Economic,against,Against,Brazil's São Paulo hinterland,startup GPU cloud firms,sovereign compute hubs,capture tax abatements while creating few permanent jobs,en,English,Against take on Brazil's São Paulo hinterland: block the next sovereign compute hubs. Startup GPU cloud firms keep selling growth while they capture tax abatements while creating few permanent jobs. Reject the next campus.
304,ai_datacenters_polarity_pro_168,ai_datacenters,Increasing number of AI datacenters,technological,Technological,pro,Pro,South Korea's semiconductor belt,municipal governments,liquid-cooled clusters,drive liquid-cooling efficiency gains industry-wide,en,English,"Greenlight the campuses. Don't slow-walk liquid-cooled clusters around South Korea's semiconductor belt. Done right by municipal governments, the buildout will drive liquid-cooling efficiency gains industry-wide. I'm here for the buildout."
305,ai_datacenters_polarity_neutral_163,ai_datacenters,Increasing number of AI datacenters,local_community,Local community,neutral,Neutral,Midwest farm counties,national labs,waste-heat district heating sites,civic trust after rushed permit processes,en,English,"Open question: should we keep adding campuses? On Midwest farm counties, people argue about whether national labs' waste-heat district heating sites help or hurt — especially civic trust after rushed permit processes. Tradeoffs first, slogans later."
306,ai_datacenters_polarity_neutral_189,ai_datacenters,Increasing number of AI datacenters,technological,Technological,neutral,Neutral,upstate New York,utility companies,edge AI pods,whether smaller distributed pods beat megacampuses,en,English,"Open question: should we keep adding campuses? On upstate New York, people argue about whether utility companies' edge AI pods help or hurt — especially whether smaller distributed pods beat megacampuses. Show me cleaner evidence either way."
307,ai_datacenters_polarity_neutral_048,ai_datacenters,Increasing number of AI datacenters,environmental,Environmental,neutral,Neutral,the UAE's free zones,AI labs,research supercomputer halls,renewable additionality versus paper PPAs,en,English,"Neutral note on the UAE's free zones: if AI labs add more research supercomputer halls, I'm watching renewable additionality versus paper PPAs before I cheer or protest. Show me cleaner evidence either way."
308,ai_datacenters_polarity_pro_030,ai_datacenters,Increasing number of AI datacenters,technological,Technological,pro,Pro,Quebec's hydropower belt,construction consortia,multi-gigawatt campuses,unlock larger training runs that advance open science,en,English,"I'm bullish on more AI datacenters. In Quebec's hydropower belt, more multi-gigawatt campuses from construction consortia can unlock larger training runs that advance open science. That is why I support the expansion. Approve the next round."
309,ai_datacenters_polarity_neutral_221,ai_datacenters,Increasing number of AI datacenters,technological,Technological,neutral,Neutral,Morocco's Atlantic coast,cloud providers,AI training campuses,safety margins at extreme rack densities,en,English,Open question: should we keep adding campuses? Flagging AI training campuses in Morocco's Atlantic coast without a verdict. The live issue is safety margins at extreme rack densities. Ask me again after the next rate case.
310,ai_datacenters_polarity_against_106,ai_datacenters,Increasing number of AI datacenters,geopolitical,Geopolitical,against,Against,Malaysia's Johor corridor,telecom carriers,edge AI pods,race capacity without democratic oversight,en,English,Against take on Malaysia's Johor corridor: block the next edge AI pods. Telecom carriers keep selling growth while they race capacity without democratic oversight. Opposition is the responsible stance.
311,ai_datacenters_polarity_pro_133,ai_datacenters,Increasing number of AI datacenters,environmental,Environmental,pro,Pro,Gulf Coast industrial zones,cloud providers,modular container datacenters,retire dirtier peaker plants as campuses modernize,en,English,Say it plainly: we need the capacity. The case in Gulf Coast industrial zones is straightforward: cloud providers' modular container datacenters help retire dirtier peaker plants as campuses modernize. AI datacenter growth is good policy here. Expansion is the right call.
312,ai_datacenters_polarity_neutral_029,ai_datacenters,Increasing number of AI datacenters,environmental,Environmental,neutral,Neutral,Singapore's industrial parks,energy traders,black-start resilient bunkers,water budgets under multi-year drought,en,English,"Neutral note on Singapore's industrial parks: if energy traders add more black-start resilient bunkers, I'm watching water budgets under multi-year drought before I cheer or protest. I need receipts before choosing."
313,ai_datacenters_polarity_against_197,ai_datacenters,Increasing number of AI datacenters,economic,Economic,against,Against,Finland's cold-climate parks,energy traders,research supercomputer halls,crowd out manufacturing that employs denser workforces,en,English,We should block this buildout. The Finland's cold-climate parks story is clear enough: energy traders' research supercomputer halls tend to crowd out manufacturing that employs denser workforces. I don't want more AI datacenters. No more blank checks.
314,ai_datacenters_polarity_pro_016,ai_datacenters,Increasing number of AI datacenters,technological,Technological,pro,Pro,the Nordics,chipmakers,behind-the-meter solar campuses,let startups rent frontier GPUs without owning fabs,en,English,"Say it plainly: we need the capacity. Don't slow-walk behind-the-meter solar campuses around the Nordics. Done right by chipmakers, the buildout will let startups rent frontier GPUs without owning fabs. Expansion is the right call."
315,ai_datacenters_polarity_against_117,ai_datacenters,Increasing number of AI datacenters,geopolitical,Geopolitical,against,Against,the Pacific Northwest,AI labs,multi-gigawatt campuses,undermine alliances when water and power fights spill over,en,English,Hard no on endless AI datacenter expansion. The the Pacific Northwest story is clear enough: AI labs' multi-gigawatt campuses tend to undermine alliances when water and power fights spill over. I don't want more AI datacenters. Protect the commons first.
316,ai_datacenters_polarity_pro_134,ai_datacenters,Increasing number of AI datacenters,technological,Technological,pro,Pro,suburban Phoenix,utility companies,liquid-cooled clusters,push networking standards that cut idle capacity,en,English,"I'm for more AI datacenters. In suburban Phoenix, more liquid-cooled clusters from utility companies can push networking standards that cut idle capacity. That is why I support the expansion. Let's build."
317,ai_datacenters_polarity_against_178,ai_datacenters,Increasing number of AI datacenters,geopolitical,Geopolitical,against,Against,Malaysia's Johor corridor,municipal governments,GPU-dense halls,race capacity without democratic oversight,en,English,"Stop rubber-stamping these campuses. In Malaysia's Johor corridor, more GPU-dense halls from municipal governments mostly race capacity without democratic oversight. That is a reason to resist the boom. Opposition is the responsible stance."
318,ai_datacenters_polarity_against_091,ai_datacenters,Increasing number of AI datacenters,infrastructure,Infrastructure,against,Against,Spain's solar belt,REIT-backed campus developers,AI training campuses,starve public projects of skilled trades labor,en,English,Against more AI datacenters in my book. The Spain's solar belt story is clear enough: REIT-backed campus developers' AI training campuses tend to starve public projects of skilled trades labor. I don't want more AI datacenters. Reject the next campus.
319,ai_datacenters_polarity_against_266,ai_datacenters,Increasing number of AI datacenters,local_community,Local community,against,Against,northern Virginia,defense contractors,black-start resilient bunkers,hollow out civic life into permit fights,en,English,"I'm against the AI datacenter surge. In northern Virginia, more black-start resilient bunkers from defense contractors mostly hollow out civic life into permit fights. That is a reason to resist the boom. Enough is enough."
320,ai_datacenters_polarity_neutral_195,ai_datacenters,Increasing number of AI datacenters,infrastructure,Infrastructure,neutral,Neutral,Georgia's coastal plain,utility companies,liquid-cooled clusters,who pays for interconnect upgrades,en,English,"Holding judgment on AI datacenter expansion. On Georgia's coastal plain, people argue about whether utility companies' liquid-cooled clusters help or hurt — especially who pays for interconnect upgrades. Still collecting local data."
321,ai_datacenters_polarity_pro_029,ai_datacenters,Increasing number of AI datacenters,economic,Economic,pro,Pro,eastern Oregon,national labs,GPU-dense halls,anchor high-wage construction and ops jobs,en,English,"This wave is worth backing. Don't slow-walk GPU-dense halls around eastern Oregon. Done right by national labs, the buildout will anchor high-wage construction and ops jobs. Let's build."
322,ai_datacenters_polarity_neutral_012,ai_datacenters,Increasing number of AI datacenters,geopolitical,Geopolitical,neutral,Neutral,Ireland's midlands,telecom carriers,behind-the-meter solar campuses,transparency of ownership in free-zone campuses,en,English,"Open question: should we keep adding campuses? On Ireland's midlands, people argue about whether telecom carriers' behind-the-meter solar campuses help or hurt — especially transparency of ownership in free-zone campuses. Tradeoffs first, slogans later."
323,ai_datacenters_polarity_neutral_058,ai_datacenters,Increasing number of AI datacenters,technological,Technological,neutral,Neutral,Midwest farm counties,national labs,multi-gigawatt campuses,open-access quotas versus reserved enterprise capacity,en,English,The buildout debate isn't settled for me. Flagging multi-gigawatt campuses in Midwest farm counties without a verdict. The live issue is open-access quotas versus reserved enterprise capacity. Still collecting local data.
324,ai_datacenters_polarity_pro_159,ai_datacenters,Increasing number of AI datacenters,environmental,Environmental,pro,Pro,Ohio's Rust Belt towns,AI labs,nuclear-adjacent compute parks,retire dirtier peaker plants as campuses modernize,en,English,"Pro-expansion here. In Ohio's Rust Belt towns, more nuclear-adjacent compute parks from AI labs can retire dirtier peaker plants as campuses modernize. That is why I support the expansion. Expansion is the right call."
325,ai_datacenters_polarity_neutral_179,ai_datacenters,Increasing number of AI datacenters,economic,Economic,neutral,Neutral,Poland's logistics corridor,sovereign wealth funds,multi-gigawatt campuses,energy-price pass-through to smaller firms,en,English,"The buildout debate isn't settled for me. On Poland's logistics corridor, people argue about whether sovereign wealth funds' multi-gigawatt campuses help or hurt — especially energy-price pass-through to smaller firms. Tradeoffs first, slogans later."
326,ai_datacenters_polarity_neutral_056,ai_datacenters,Increasing number of AI datacenters,local_community,Local community,neutral,Neutral,northern Italy's industrial belt,energy traders,edge AI pods,civic trust after rushed permit processes,en,English,"The buildout debate isn't settled for me. On northern Italy's industrial belt, people argue about whether energy traders' edge AI pods help or hurt — especially civic trust after rushed permit processes. Ask me again after the next rate case."
327,ai_datacenters_polarity_pro_265,ai_datacenters,Increasing number of AI datacenters,economic,Economic,pro,Pro,Morocco's Atlantic coast,private equity funds,multi-gigawatt campuses,pull private capital into overlooked counties,en,English,"Pro-expansion here. Don't slow-walk multi-gigawatt campuses around Morocco's Atlantic coast. Done right by private equity funds, the buildout will pull private capital into overlooked counties. Let's build."
328,ai_datacenters_polarity_neutral_187,ai_datacenters,Increasing number of AI datacenters,geopolitical,Geopolitical,neutral,Neutral,Spain's solar belt,state investment boards,inference megacampuses,domestic buildouts that still depend on foreign chips,en,English,Not picking a side on more campuses yet. Flagging inference megacampuses in Spain's solar belt without a verdict. The live issue is domestic buildouts that still depend on foreign chips. Still collecting local data.
329,ai_datacenters_polarity_against_174,ai_datacenters,Increasing number of AI datacenters,infrastructure,Infrastructure,against,Against,Ohio's Rust Belt towns,utility companies,waste-heat district heating sites,clog roads with construction traffic for years,en,English,This expansion is a bad deal. Slowing waste-heat district heating sites near Ohio's Rust Belt towns is justified when utility companies clog roads with construction traffic for years. No more blank checks.
330,ai_datacenters_polarity_pro_273,ai_datacenters,Increasing number of AI datacenters,geopolitical,Geopolitical,pro,Pro,northern Virginia,utility companies,subsea-cable landing campuses,deter adversaries by scaling trusted infrastructure,en,English,"Say it plainly: we need the capacity. In northern Virginia, more subsea-cable landing campuses from utility companies can deter adversaries by scaling trusted infrastructure. That is why I support the expansion. Approve the next round."
331,ai_datacenters_polarity_pro_038,ai_datacenters,Increasing number of AI datacenters,infrastructure,Infrastructure,pro,Pro,the Pacific Northwest,construction consortia,research supercomputer halls,co-fund roads and water mains with developers,en,English,I'm bullish on more AI datacenters. The case in the Pacific Northwest is straightforward: construction consortia' research supercomputer halls help co-fund roads and water mains with developers. AI datacenter growth is good policy here. Capacity is policy.
332,ai_datacenters_polarity_neutral_065,ai_datacenters,Increasing number of AI datacenters,environmental,Environmental,neutral,Neutral,Georgia's coastal plain,hyperscalers,behind-the-meter solar campuses,lifecycle emissions beyond campus fences,en,English,"Still undecided on the AI datacenter wave. Re: behind-the-meter solar campuses around Georgia's coastal plain — boosters and critics both cite lifecycle emissions beyond campus fences. No banner from me yet. Tradeoffs first, slogans later."
333,ai_datacenters_polarity_pro_080,ai_datacenters,Increasing number of AI datacenters,technological,Technological,pro,Pro,rural Iowa,REIT-backed campus developers,liquid-cooled clusters,make inference cheaper for hospitals and labs,en,English,This wave is worth backing. The case in rural Iowa is straightforward: REIT-backed campus developers' liquid-cooled clusters help make inference cheaper for hospitals and labs. AI datacenter growth is good policy here. Expansion is the right call.
334,ai_datacenters_polarity_neutral_209,ai_datacenters,Increasing number of AI datacenters,technological,Technological,neutral,Neutral,northern Virginia,telecom carriers,nuclear-adjacent compute parks,safety margins at extreme rack densities,en,English,"Neutral note on northern Virginia: if telecom carriers add more nuclear-adjacent compute parks, I'm watching safety margins at extreme rack densities before I cheer or protest. Tradeoffs first, slogans later."
335,ai_datacenters_polarity_pro_183,ai_datacenters,Increasing number of AI datacenters,geopolitical,Geopolitical,pro,Pro,the UAE's free zones,AI labs,waste-heat district heating sites,keep frontier training capacity on allied soil,en,English,"Pro-expansion here. In the UAE's free zones, more waste-heat district heating sites from AI labs can keep frontier training capacity on allied soil. That is why I support the expansion. I'm here for the buildout."
336,ai_datacenters_polarity_against_290,ai_datacenters,Increasing number of AI datacenters,environmental,Environmental,against,Against,Poland's logistics corridor,sovereign wealth funds,sovereign compute hubs,treat water as an infinite free input,en,English,Hit the brakes on new campuses. The Poland's logistics corridor story is clear enough: sovereign wealth funds' sovereign compute hubs tend to treat water as an infinite free input. I don't want more AI datacenters. No more blank checks.
337,ai_datacenters_polarity_neutral_150,ai_datacenters,Increasing number of AI datacenters,environmental,Environmental,neutral,Neutral,Ohio's Rust Belt towns,regional economic-development agencies,nuclear-adjacent compute parks,peaker plants sold as 'bridge' capacity,en,English,"Not picking a side on more campuses yet. On Ohio's Rust Belt towns, people argue about whether regional economic-development agencies' nuclear-adjacent compute parks help or hurt — especially peaker plants sold as 'bridge' capacity. I need receipts before choosing."
338,ai_datacenters_polarity_pro_148,ai_datacenters,Increasing number of AI datacenters,local_community,Local community,pro,Pro,the UAE's free zones,telecom carriers,black-start resilient bunkers,convert empty retail pads into training centers,en,English,"This wave is worth backing. In the UAE's free zones, more black-start resilient bunkers from telecom carriers can convert empty retail pads into training centers. That is why I support the expansion. Expansion is the right call."
339,ai_datacenters_polarity_pro_114,ai_datacenters,Increasing number of AI datacenters,geopolitical,Geopolitical,pro,Pro,Japan's Tohoku rebuild zones,telecom carriers,modular container datacenters,keep frontier training capacity on allied soil,en,English,Build the campuses. The case in Japan's Tohoku rebuild zones is straightforward: telecom carriers' modular container datacenters help keep frontier training capacity on allied soil. AI datacenter growth is good policy here. Expansion is the right call.
340,ai_datacenters_polarity_against_226,ai_datacenters,Increasing number of AI datacenters,geopolitical,Geopolitical,against,Against,central Texas,construction consortia,GPU-dense halls,invite sanctions exposure through opaque ownership,en,English,Against take on central Texas: block the next GPU-dense halls. Construction consortia keep selling growth while they invite sanctions exposure through opaque ownership. Enough is enough.
341,ai_datacenters_polarity_pro_169,ai_datacenters,Increasing number of AI datacenters,geopolitical,Geopolitical,pro,Pro,Midwest farm counties,REIT-backed campus developers,black-start resilient bunkers,deter adversaries by scaling trusted infrastructure,en,English,"Pro-expansion here. In Midwest farm counties, more black-start resilient bunkers from REIT-backed campus developers can deter adversaries by scaling trusted infrastructure. That is why I support the expansion. Expansion is the right call."
342,ai_datacenters_polarity_neutral_006,ai_datacenters,Increasing number of AI datacenters,technological,Technological,neutral,Neutral,Canada's prairie provinces,utility companies,research supercomputer halls,safety margins at extreme rack densities,en,English,Parking the yes/no on AI datacenters for now. Flagging research supercomputer halls in Canada's prairie provinces without a verdict. The live issue is safety margins at extreme rack densities. Still collecting local data.
343,ai_datacenters_polarity_against_264,ai_datacenters,Increasing number of AI datacenters,geopolitical,Geopolitical,against,Against,South Korea's semiconductor belt,sovereign wealth funds,behind-the-meter solar campuses,export control workarounds via third-country campuses,en,English,This expansion is a bad deal. The South Korea's semiconductor belt story is clear enough: sovereign wealth funds' behind-the-meter solar campuses tend to export control workarounds via third-country campuses. I don't want more AI datacenters. Enough is enough.
344,ai_datacenters_polarity_pro_026,ai_datacenters,Increasing number of AI datacenters,local_community,Local community,pro,Pro,Georgia's coastal plain,construction consortia,sovereign compute hubs,give towns a seat at siting negotiations,en,English,"This wave is worth backing. Don't slow-walk sovereign compute hubs around Georgia's coastal plain. Done right by construction consortia, the buildout will give towns a seat at siting negotiations. Let's build."
345,ai_datacenters_polarity_against_255,ai_datacenters,Increasing number of AI datacenters,economic,Economic,against,Against,northern Italy's industrial belt,energy traders,multi-gigawatt campuses,"concentrate gains in remote shareholders, not locals",en,English,"I oppose the AI datacenter boom. Slowing multi-gigawatt campuses near northern Italy's industrial belt is justified when energy traders concentrate gains in remote shareholders, not locals. Opposition is the responsible stance."
346,ai_datacenters_polarity_neutral_047,ai_datacenters,Increasing number of AI datacenters,technological,Technological,neutral,Neutral,Arizona's desert corridor,REIT-backed campus developers,GPU-dense halls,utilization rates after the first training boom,en,English,"Neutral note on Arizona's desert corridor: if REIT-backed campus developers add more GPU-dense halls, I'm watching utilization rates after the first training boom before I cheer or protest. Still collecting local data."
347,ai_datacenters_polarity_pro_060,ai_datacenters,Increasing number of AI datacenters,local_community,Local community,pro,Pro,Japan's Tohoku rebuild zones,state investment boards,behind-the-meter solar campuses,fund scholarships tied to campus payrolls,en,English,"I'm bullish on more AI datacenters. Don't slow-walk behind-the-meter solar campuses around Japan's Tohoku rebuild zones. Done right by state investment boards, the buildout will fund scholarships tied to campus payrolls. Capacity is policy."
348,ai_datacenters_polarity_neutral_100,ai_datacenters,Increasing number of AI datacenters,local_community,Local community,neutral,Neutral,Georgia's coastal plain,defense contractors,inference megacampuses,housing supply responses to new payrolls,en,English,Holding judgment on AI datacenter expansion. Re: inference megacampuses around Georgia's coastal plain — boosters and critics both cite housing supply responses to new payrolls. No banner from me yet. Show me cleaner evidence either way.
349,ai_datacenters_polarity_pro_152,ai_datacenters,Increasing number of AI datacenters,local_community,Local community,pro,Pro,the Pacific Northwest,AI labs,subsea-cable landing campuses,bring broadband as a side effect of fiber builds,en,English,"Say it plainly: we need the capacity. In the Pacific Northwest, more subsea-cable landing campuses from AI labs can bring broadband as a side effect of fiber builds. That is why I support the expansion. I'm here for the buildout."
350,ai_datacenters_polarity_pro_264,ai_datacenters,Increasing number of AI datacenters,geopolitical,Geopolitical,pro,Pro,Morocco's Atlantic coast,construction consortia,waste-heat district heating sites,deter adversaries by scaling trusted infrastructure,en,English,I'm for more AI datacenters. The case in Morocco's Atlantic coast is straightforward: construction consortia' waste-heat district heating sites help deter adversaries by scaling trusted infrastructure. AI datacenter growth is good policy here. Capacity is policy.
351,ai_datacenters_polarity_pro_065,ai_datacenters,Increasing number of AI datacenters,local_community,Local community,pro,Pro,Ireland's midlands,telecom carriers,edge AI pods,bring broadband as a side effect of fiber builds,en,English,"Say it plainly: we need the capacity. In Ireland's midlands, more edge AI pods from telecom carriers can bring broadband as a side effect of fiber builds. That is why I support the expansion. Expansion is the right call."
352,ai_datacenters_polarity_pro_040,ai_datacenters,Increasing number of AI datacenters,technological,Technological,pro,Pro,Quebec's hydropower belt,sovereign wealth funds,multi-gigawatt campuses,drive liquid-cooling efficiency gains industry-wide,en,English,This wave is worth backing. The case in Quebec's hydropower belt is straightforward: sovereign wealth funds' multi-gigawatt campuses help drive liquid-cooling efficiency gains industry-wide. AI datacenter growth is good policy here. Approve the next round.
353,ai_datacenters_polarity_pro_291,ai_datacenters,Increasing number of AI datacenters,economic,Economic,pro,Pro,Arizona's desert corridor,construction consortia,GPU-dense halls,broaden the local tax base without raising rates,en,English,"Pro take on Arizona's desert corridor: back the GPU-dense halls. When construction consortia scale responsibly, they broaden the local tax base without raising rates. I'm for more AI datacenters. I'm here for the buildout."
354,ai_datacenters_polarity_against_078,ai_datacenters,Increasing number of AI datacenters,local_community,Local community,against,Against,India's Hyderabad tech belt,municipal governments,waste-heat district heating sites,steamroll zoning with state preemption bills,en,English,Hard no on endless AI datacenter expansion. Slowing waste-heat district heating sites near India's Hyderabad tech belt is justified when municipal governments steamroll zoning with state preemption bills. Enough is enough.
355,ai_datacenters_polarity_against_219,ai_datacenters,Increasing number of AI datacenters,infrastructure,Infrastructure,against,Against,Chile's Atacama edge,defense contractors,behind-the-meter solar campuses,overload aging transformers and feeders,en,English,Against more AI datacenters in my book. The Chile's Atacama edge story is clear enough: defense contractors' behind-the-meter solar campuses tend to overload aging transformers and feeders. I don't want more AI datacenters. Opposition is the responsible stance.
356,ai_datacenters_polarity_neutral_042,ai_datacenters,Increasing number of AI datacenters,technological,Technological,neutral,Neutral,central Texas,sovereign wealth funds,multi-gigawatt campuses,open-access quotas versus reserved enterprise capacity,en,English,"Holding judgment on AI datacenter expansion. On central Texas, people argue about whether sovereign wealth funds' multi-gigawatt campuses help or hurt — especially open-access quotas versus reserved enterprise capacity. Still collecting local data."
357,ai_datacenters_polarity_pro_218,ai_datacenters,Increasing number of AI datacenters,local_community,Local community,pro,Pro,Georgia's coastal plain,national labs,inference megacampuses,convert empty retail pads into training centers,en,English,"I'm bullish on more AI datacenters. In Georgia's coastal plain, more inference megacampuses from national labs can convert empty retail pads into training centers. That is why I support the expansion. I'm here for the buildout."
358,ai_datacenters_polarity_neutral_000,ai_datacenters,Increasing number of AI datacenters,economic,Economic,neutral,Neutral,northern Italy's industrial belt,colocation operators,GPU-dense halls,job quality versus abatement cost,en,English,"Not picking a side on more campuses yet. On northern Italy's industrial belt, people argue about whether colocation operators' GPU-dense halls help or hurt — especially job quality versus abatement cost. Still collecting local data."
359,ai_datacenters_polarity_against_157,ai_datacenters,Increasing number of AI datacenters,economic,Economic,against,Against,Poland's logistics corridor,defense contractors,research supercomputer halls,capture tax abatements while creating few permanent jobs,en,English,"We should block this buildout. In Poland's logistics corridor, more research supercomputer halls from defense contractors mostly capture tax abatements while creating few permanent jobs. That is a reason to resist the boom. Protect the commons first."
360,ai_datacenters_polarity_pro_070,ai_datacenters,Increasing number of AI datacenters,economic,Economic,pro,Pro,northern Italy's industrial belt,sovereign wealth funds,black-start resilient bunkers,broaden the local tax base without raising rates,en,English,"This wave is worth backing. In northern Italy's industrial belt, more black-start resilient bunkers from sovereign wealth funds can broaden the local tax base without raising rates. That is why I support the expansion. Expansion is the right call."
361,ai_datacenters_polarity_pro_286,ai_datacenters,Increasing number of AI datacenters,infrastructure,Infrastructure,pro,Pro,Finland's cold-climate parks,AI labs,multi-gigawatt campuses,pay for resilient black-start capacity,en,English,"I'm bullish on more AI datacenters. In Finland's cold-climate parks, more multi-gigawatt campuses from AI labs can pay for resilient black-start capacity. That is why I support the expansion. Let's build."
362,ai_datacenters_polarity_neutral_159,ai_datacenters,Increasing number of AI datacenters,environmental,Environmental,neutral,Neutral,Midwest farm counties,AI labs,waste-heat district heating sites,lifecycle emissions beyond campus fences,en,English,"Neutral note on Midwest farm counties: if AI labs add more waste-heat district heating sites, I'm watching lifecycle emissions beyond campus fences before I cheer or protest. I need receipts before choosing."
363,ai_datacenters_polarity_pro_182,ai_datacenters,Increasing number of AI datacenters,infrastructure,Infrastructure,pro,Pro,the UAE's free zones,municipal governments,multi-gigawatt campuses,modernize substations communities already needed,en,English,"Pro take on the UAE's free zones: back the multi-gigawatt campuses. When municipal governments scale responsibly, they modernize substations communities already needed. I'm for more AI datacenters. Approve the next round."
364,ai_datacenters_polarity_against_201,ai_datacenters,Increasing number of AI datacenters,local_community,Local community,against,Against,northern Virginia,construction consortia,inference megacampuses,turn schools into bargaining chips for abatements,en,English,"Stop rubber-stamping these campuses. In northern Virginia, more inference megacampuses from construction consortia mostly turn schools into bargaining chips for abatements. That is a reason to resist the boom. No more blank checks."
365,ai_datacenters_polarity_neutral_062,ai_datacenters,Increasing number of AI datacenters,infrastructure,Infrastructure,neutral,Neutral,Georgia's coastal plain,cloud providers,waste-heat district heating sites,construction labor shortages cascading to hospitals,en,English,"Still undecided on the AI datacenter wave. Re: waste-heat district heating sites around Georgia's coastal plain — boosters and critics both cite construction labor shortages cascading to hospitals. No banner from me yet. Tradeoffs first, slogans later."
366,ai_datacenters_polarity_pro_242,ai_datacenters,Increasing number of AI datacenters,local_community,Local community,pro,Pro,South Korea's semiconductor belt,REIT-backed campus developers,nuclear-adjacent compute parks,fund scholarships tied to campus payrolls,en,English,I'm for more AI datacenters. The case in South Korea's semiconductor belt is straightforward: REIT-backed campus developers' nuclear-adjacent compute parks help fund scholarships tied to campus payrolls. AI datacenter growth is good policy here. I'm here for the buildout.
367,ai_datacenters_polarity_pro_292,ai_datacenters,Increasing number of AI datacenters,technological,Technological,pro,Pro,the UAE's free zones,defense contractors,subsea-cable landing campuses,make inference cheaper for hospitals and labs,en,English,"Say it plainly: we need the capacity. Don't slow-walk subsea-cable landing campuses around the UAE's free zones. Done right by defense contractors, the buildout will make inference cheaper for hospitals and labs. I'm here for the buildout."
368,ai_datacenters_polarity_neutral_031,ai_datacenters,Increasing number of AI datacenters,technological,Technological,neutral,Neutral,Canada's prairie provinces,state investment boards,modular container datacenters,safety margins at extreme rack densities,en,English,"Neutral note on Canada's prairie provinces: if state investment boards add more modular container datacenters, I'm watching safety margins at extreme rack densities before I cheer or protest. Tradeoffs first, slogans later."
369,ai_datacenters_polarity_pro_097,ai_datacenters,Increasing number of AI datacenters,local_community,Local community,pro,Pro,upstate New York,utility companies,sovereign compute hubs,give towns a seat at siting negotiations,en,English,"Pro-expansion here. In upstate New York, more sovereign compute hubs from utility companies can give towns a seat at siting negotiations. That is why I support the expansion. I'm here for the buildout."
370,ai_datacenters_polarity_neutral_194,ai_datacenters,Increasing number of AI datacenters,environmental,Environmental,neutral,Neutral,Ohio's Rust Belt towns,regional economic-development agencies,black-start resilient bunkers,renewable additionality versus paper PPAs,en,English,Open question: should we keep adding campuses? Flagging black-start resilient bunkers in Ohio's Rust Belt towns without a verdict. The live issue is renewable additionality versus paper PPAs. I need receipts before choosing.
371,ai_datacenters_polarity_against_094,ai_datacenters,Increasing number of AI datacenters,infrastructure,Infrastructure,against,Against,Japan's Tohoku rebuild zones,cloud providers,GPU-dense halls,overload aging transformers and feeders,en,English,Against more AI datacenters in my book. Slowing GPU-dense halls near Japan's Tohoku rebuild zones is justified when cloud providers overload aging transformers and feeders. Opposition is the responsible stance.
372,ai_datacenters_polarity_against_028,ai_datacenters,Increasing number of AI datacenters,infrastructure,Infrastructure,against,Against,Spain's solar belt,AI labs,multi-gigawatt campuses,starve public projects of skilled trades labor,en,English,Stop rubber-stamping these campuses. The Spain's solar belt story is clear enough: AI labs' multi-gigawatt campuses tend to starve public projects of skilled trades labor. I don't want more AI datacenters. Reject the next campus.
373,ai_datacenters_polarity_against_134,ai_datacenters,Increasing number of AI datacenters,geopolitical,Geopolitical,against,Against,Ohio's Rust Belt towns,startup GPU cloud firms,multi-gigawatt campuses,centralize strategic compute in a few corporate hands,en,English,Against take on Ohio's Rust Belt towns: block the next multi-gigawatt campuses. Startup GPU cloud firms keep selling growth while they centralize strategic compute in a few corporate hands. Protect the commons first.
374,ai_datacenters_polarity_neutral_203,ai_datacenters,Increasing number of AI datacenters,geopolitical,Geopolitical,neutral,Neutral,Georgia's coastal plain,construction consortia,modular container datacenters,transparency of ownership in free-zone campuses,en,English,"Watching the AI datacenter fight without a banner. On Georgia's coastal plain, people argue about whether construction consortia' modular container datacenters help or hurt — especially transparency of ownership in free-zone campuses. Ask me again after the next rate case."
375,ai_datacenters_polarity_against_049,ai_datacenters,Increasing number of AI datacenters,technological,Technological,against,Against,the Nordics,municipal governments,sovereign compute hubs,waste cooling capacity on vanity cluster sizes,en,English,"Stop rubber-stamping these campuses. In the Nordics, more sovereign compute hubs from municipal governments mostly waste cooling capacity on vanity cluster sizes. That is a reason to resist the boom. No more blank checks."
376,ai_datacenters_polarity_pro_094,ai_datacenters,Increasing number of AI datacenters,environmental,Environmental,pro,Pro,Finland's cold-climate parks,construction consortia,research supercomputer halls,retire dirtier peaker plants as campuses modernize,en,English,"Build the campuses. Don't slow-walk research supercomputer halls around Finland's cold-climate parks. Done right by construction consortia, the buildout will retire dirtier peaker plants as campuses modernize. Let's build."
377,ai_datacenters_polarity_against_249,ai_datacenters,Increasing number of AI datacenters,infrastructure,Infrastructure,against,Against,Finland's cold-climate parks,telecom carriers,inference megacampuses,force ratepayers to bankroll private transmission,en,English,We should block this buildout. The Finland's cold-climate parks story is clear enough: telecom carriers' inference megacampuses tend to force ratepayers to bankroll private transmission. I don't want more AI datacenters. Opposition is the responsible stance.
378,ai_datacenters_polarity_pro_036,ai_datacenters,Increasing number of AI datacenters,technological,Technological,pro,Pro,northern Italy's industrial belt,cloud providers,multi-gigawatt campuses,push networking standards that cut idle capacity,en,English,Greenlight the campuses. The case in northern Italy's industrial belt is straightforward: cloud providers' multi-gigawatt campuses help push networking standards that cut idle capacity. AI datacenter growth is good policy here. Let's build.
379,ai_datacenters_polarity_pro_279,ai_datacenters,Increasing number of AI datacenters,infrastructure,Infrastructure,pro,Pro,Australia's renewable zones,energy traders,edge AI pods,co-fund roads and water mains with developers,en,English,"Greenlight the campuses. In Australia's renewable zones, more edge AI pods from energy traders can co-fund roads and water mains with developers. That is why I support the expansion. Approve the next round."
380,ai_datacenters_polarity_neutral_071,ai_datacenters,Increasing number of AI datacenters,economic,Economic,neutral,Neutral,Morocco's Atlantic coast,AI labs,sovereign compute hubs,local multipliers versus shareholder leakage,en,English,Watching the AI datacenter fight without a banner. Re: sovereign compute hubs around Morocco's Atlantic coast — boosters and critics both cite local multipliers versus shareholder leakage. No banner from me yet. Ask me again after the next rate case.
381,ai_datacenters_polarity_neutral_279,ai_datacenters,Increasing number of AI datacenters,economic,Economic,neutral,Neutral,South Korea's semiconductor belt,municipal governments,inference megacampuses,whether tax base gains outlast construction payrolls,en,English,"Neither booster nor blocker — still weighing it. On South Korea's semiconductor belt, people argue about whether municipal governments' inference megacampuses help or hurt — especially whether tax base gains outlast construction payrolls. Tradeoffs first, slogans later."
382,ai_datacenters_polarity_pro_184,ai_datacenters,Increasing number of AI datacenters,infrastructure,Infrastructure,pro,Pro,Georgia's coastal plain,state investment boards,behind-the-meter solar campuses,force long-delayed transmission upgrades,en,English,"This wave is worth backing. Don't slow-walk behind-the-meter solar campuses around Georgia's coastal plain. Done right by state investment boards, the buildout will force long-delayed transmission upgrades. Let's build."
383,ai_datacenters_polarity_pro_002,ai_datacenters,Increasing number of AI datacenters,economic,Economic,pro,Pro,Brazil's São Paulo hinterland,cloud providers,nuclear-adjacent compute parks,broaden the local tax base without raising rates,en,English,"Greenlight the campuses. In Brazil's São Paulo hinterland, more nuclear-adjacent compute parks from cloud providers can broaden the local tax base without raising rates. That is why I support the expansion. Approve the next round."
384,ai_datacenters_polarity_against_192,ai_datacenters,Increasing number of AI datacenters,environmental,Environmental,against,Against,the Pacific Northwest,regional economic-development agencies,AI training campuses,treat water as an infinite free input,en,English,"I oppose the AI datacenter boom. In the Pacific Northwest, more AI training campuses from regional economic-development agencies mostly treat water as an infinite free input. That is a reason to resist the boom. Opposition is the responsible stance."
385,ai_datacenters_polarity_neutral_228,ai_datacenters,Increasing number of AI datacenters,infrastructure,Infrastructure,neutral,Neutral,Japan's Tohoku rebuild zones,utility companies,multi-gigawatt campuses,whether fiber laterals reach homes or only campuses,en,English,Open question: should we keep adding campuses? Flagging multi-gigawatt campuses in Japan's Tohoku rebuild zones without a verdict. The live issue is whether fiber laterals reach homes or only campuses. I need receipts before choosing.
386,ai_datacenters_polarity_pro_104,ai_datacenters,Increasing number of AI datacenters,environmental,Environmental,pro,Pro,Finland's cold-climate parks,AI labs,AI training campuses,reuse waste heat for district heating,en,English,"Count me as a yes on the buildout. In Finland's cold-climate parks, more AI training campuses from AI labs can reuse waste heat for district heating. That is why I support the expansion. Approve the next round."
387,ai_datacenters_polarity_against_150,ai_datacenters,Increasing number of AI datacenters,technological,Technological,against,Against,Australia's renewable zones,utility companies,liquid-cooled clusters,overbuild GPU halls that sit half-idle after the hype,en,English,I'm against the AI datacenter surge. Slowing liquid-cooled clusters near Australia's renewable zones is justified when utility companies overbuild GPU halls that sit half-idle after the hype. Opposition is the responsible stance.
388,ai_datacenters_polarity_neutral_247,ai_datacenters,Increasing number of AI datacenters,infrastructure,Infrastructure,neutral,Neutral,Japan's Tohoku rebuild zones,cloud providers,liquid-cooled clusters,whether fiber laterals reach homes or only campuses,en,English,"Parking the yes/no on AI datacenters for now. On Japan's Tohoku rebuild zones, people argue about whether cloud providers' liquid-cooled clusters help or hurt — especially whether fiber laterals reach homes or only campuses. Show me cleaner evidence either way."
389,ai_datacenters_polarity_neutral_259,ai_datacenters,Increasing number of AI datacenters,environmental,Environmental,neutral,Neutral,Malaysia's Johor corridor,construction consortia,sovereign compute hubs,waste-heat reuse that actually materializes,en,English,Not picking a side on more campuses yet. Re: sovereign compute hubs around Malaysia's Johor corridor — boosters and critics both cite waste-heat reuse that actually materializes. No banner from me yet. Show me cleaner evidence either way.
390,ai_datacenters_polarity_pro_012,ai_datacenters,Increasing number of AI datacenters,infrastructure,Infrastructure,pro,Pro,Japan's Tohoku rebuild zones,defense contractors,liquid-cooled clusters,modernize substations communities already needed,en,English,"I'm for more AI datacenters. Don't slow-walk liquid-cooled clusters around Japan's Tohoku rebuild zones. Done right by defense contractors, the buildout will modernize substations communities already needed. Expansion is the right call."
391,ai_datacenters_polarity_pro_298,ai_datacenters,Increasing number of AI datacenters,economic,Economic,pro,Pro,Ohio's Rust Belt towns,telecom carriers,research supercomputer halls,stabilize municipal budgets after plant closures,en,English,I'm bullish on more AI datacenters. The case in Ohio's Rust Belt towns is straightforward: telecom carriers' research supercomputer halls help stabilize municipal budgets after plant closures. AI datacenter growth is good policy here. I'm here for the buildout.
392,ai_datacenters_polarity_pro_044,ai_datacenters,Increasing number of AI datacenters,technological,Technological,pro,Pro,rural Iowa,AI labs,GPU-dense halls,drive liquid-cooling efficiency gains industry-wide,en,English,Pro-expansion here. The case in rural Iowa is straightforward: AI labs' GPU-dense halls help drive liquid-cooling efficiency gains industry-wide. AI datacenter growth is good policy here. Approve the next round.
393,ai_datacenters_polarity_neutral_046,ai_datacenters,Increasing number of AI datacenters,infrastructure,Infrastructure,neutral,Neutral,Malaysia's Johor corridor,chipmakers,nuclear-adjacent compute parks,construction labor shortages cascading to hospitals,en,English,"Not picking a side on more campuses yet. On Malaysia's Johor corridor, people argue about whether chipmakers' nuclear-adjacent compute parks help or hurt — especially construction labor shortages cascading to hospitals. I need receipts before choosing."
394,ai_datacenters_polarity_neutral_244,ai_datacenters,Increasing number of AI datacenters,geopolitical,Geopolitical,neutral,Neutral,Quebec's hydropower belt,defense contractors,multi-gigawatt campuses,how much capacity is dual-use in practice,en,English,Watching the AI datacenter fight without a banner. Re: multi-gigawatt campuses around Quebec's hydropower belt — boosters and critics both cite how much capacity is dual-use in practice. No banner from me yet. Still collecting local data.
395,ai_datacenters_polarity_neutral_220,ai_datacenters,Increasing number of AI datacenters,local_community,Local community,neutral,Neutral,Spain's solar belt,private equity funds,inference megacampuses,noise and traffic mitigation that is enforceable,en,English,"Neutral note on Spain's solar belt: if private equity funds add more inference megacampuses, I'm watching noise and traffic mitigation that is enforceable before I cheer or protest. Ask me again after the next rate case."
396,ai_datacenters_polarity_neutral_085,ai_datacenters,Increasing number of AI datacenters,economic,Economic,neutral,Neutral,Georgia's coastal plain,REIT-backed campus developers,sovereign compute hubs,how permanent the ops headcount really is,en,English,"Neutral note on Georgia's coastal plain: if REIT-backed campus developers add more sovereign compute hubs, I'm watching how permanent the ops headcount really is before I cheer or protest. Show me cleaner evidence either way."
397,ai_datacenters_polarity_against_079,ai_datacenters,Increasing number of AI datacenters,environmental,Environmental,against,Against,suburban Phoenix,hyperscalers,GPU-dense halls,spike Scope-2 emissions despite renewable marketing,en,English,"I oppose the AI datacenter boom. In suburban Phoenix, more GPU-dense halls from hyperscalers mostly spike Scope-2 emissions despite renewable marketing. That is a reason to resist the boom. Enough is enough."
398,ai_datacenters_polarity_neutral_289,ai_datacenters,Increasing number of AI datacenters,infrastructure,Infrastructure,neutral,Neutral,Quebec's hydropower belt,private equity funds,GPU-dense halls,construction labor shortages cascading to hospitals,en,English,"Parking the yes/no on AI datacenters for now. On Quebec's hydropower belt, people argue about whether private equity funds' GPU-dense halls help or hurt — especially construction labor shortages cascading to hospitals. Show me cleaner evidence either way."
399,ai_datacenters_polarity_neutral_191,ai_datacenters,Increasing number of AI datacenters,economic,Economic,neutral,Neutral,Spain's solar belt,REIT-backed campus developers,research supercomputer halls,how permanent the ops headcount really is,en,English,"Holding judgment on AI datacenter expansion. On Spain's solar belt, people argue about whether REIT-backed campus developers' research supercomputer halls help or hurt — especially how permanent the ops headcount really is. Tradeoffs first, slogans later."
400,ai_datacenters_polarity_neutral_089,ai_datacenters,Increasing number of AI datacenters,infrastructure,Infrastructure,neutral,Neutral,Georgia's coastal plain,municipal governments,liquid-cooled clusters,whether fiber laterals reach homes or only campuses,en,English,"The buildout debate isn't settled for me. Flagging liquid-cooled clusters in Georgia's coastal plain without a verdict. The live issue is whether fiber laterals reach homes or only campuses. Tradeoffs first, slogans later."
401,ai_datacenters_polarity_neutral_067,ai_datacenters,Increasing number of AI datacenters,local_community,Local community,neutral,Neutral,Morocco's Atlantic coast,construction consortia,modular container datacenters,school funding versus industrial rate pressure,en,English,"Neither booster nor blocker — still weighing it. On Morocco's Atlantic coast, people argue about whether construction consortia' modular container datacenters help or hurt — especially school funding versus industrial rate pressure. Show me cleaner evidence either way."
402,ai_datacenters_polarity_neutral_083,ai_datacenters,Increasing number of AI datacenters,infrastructure,Infrastructure,neutral,Neutral,northern Virginia,private equity funds,waste-heat district heating sites,cooling-water competing with farm allotments,en,English,"Neutral note on northern Virginia: if private equity funds add more waste-heat district heating sites, I'm watching cooling-water competing with farm allotments before I cheer or protest. Show me cleaner evidence either way."
403,ai_datacenters_polarity_pro_251,ai_datacenters,Increasing number of AI datacenters,economic,Economic,pro,Pro,India's Hyderabad tech belt,telecom carriers,inference megacampuses,stabilize municipal budgets after plant closures,en,English,"Greenlight the campuses. Don't slow-walk inference megacampuses around India's Hyderabad tech belt. Done right by telecom carriers, the buildout will stabilize municipal budgets after plant closures. Approve the next round."
404,ai_datacenters_polarity_pro_129,ai_datacenters,Increasing number of AI datacenters,geopolitical,Geopolitical,pro,Pro,rural Iowa,municipal governments,black-start resilient bunkers,deter adversaries by scaling trusted infrastructure,en,English,"Pro take on rural Iowa: back the black-start resilient bunkers. When municipal governments scale responsibly, they deter adversaries by scaling trusted infrastructure. I'm for more AI datacenters. Approve the next round."
405,ai_datacenters_polarity_neutral_074,ai_datacenters,Increasing number of AI datacenters,economic,Economic,neutral,Neutral,Arizona's desert corridor,chipmakers,AI training campuses,boom-town risk if a single tenant leaves,en,English,"Watching the AI datacenter fight without a banner. Re: AI training campuses around Arizona's desert corridor — boosters and critics both cite boom-town risk if a single tenant leaves. No banner from me yet. Tradeoffs first, slogans later."
406,ai_datacenters_polarity_against_242,ai_datacenters,Increasing number of AI datacenters,geopolitical,Geopolitical,against,Against,Chile's Atacama edge,colocation operators,nuclear-adjacent compute parks,race capacity without democratic oversight,en,English,I oppose the AI datacenter boom. The Chile's Atacama edge story is clear enough: colocation operators' nuclear-adjacent compute parks tend to race capacity without democratic oversight. I don't want more AI datacenters. No more blank checks.
407,ai_datacenters_polarity_pro_284,ai_datacenters,Increasing number of AI datacenters,technological,Technological,pro,Pro,northern Italy's industrial belt,defense contractors,liquid-cooled clusters,unlock larger training runs that advance open science,en,English,"Pro take on northern Italy's industrial belt: back the liquid-cooled clusters. When defense contractors scale responsibly, they unlock larger training runs that advance open science. I'm for more AI datacenters. Approve the next round."
408,ai_datacenters_polarity_pro_293,ai_datacenters,Increasing number of AI datacenters,environmental,Environmental,pro,Pro,central Texas,energy traders,edge AI pods,push cooling R&D that lowers water intensity,en,English,"Pro take on central Texas: back the edge AI pods. When energy traders scale responsibly, they push cooling R&D that lowers water intensity. I'm for more AI datacenters. Let's build."
409,ai_datacenters_polarity_against_026,ai_datacenters,Increasing number of AI datacenters,environmental,Environmental,against,Against,Ireland's midlands,state investment boards,black-start resilient bunkers,dump diesel NOx during grid emergencies,en,English,I'm against the AI datacenter surge. The Ireland's midlands story is clear enough: state investment boards' black-start resilient bunkers tend to dump diesel NOx during grid emergencies. I don't want more AI datacenters. Reject the next campus.
410,ai_datacenters_polarity_neutral_053,ai_datacenters,Increasing number of AI datacenters,local_community,Local community,neutral,Neutral,Morocco's Atlantic coast,hyperscalers,multi-gigawatt campuses,whether locals get real veto power on siting,en,English,"Not picking a side on more campuses yet. On Morocco's Atlantic coast, people argue about whether hyperscalers' multi-gigawatt campuses help or hurt — especially whether locals get real veto power on siting. I need receipts before choosing."
411,ai_datacenters_polarity_pro_193,ai_datacenters,Increasing number of AI datacenters,infrastructure,Infrastructure,pro,Pro,suburban Phoenix,energy traders,inference megacampuses,underwrite fiber laterals to rural towns,en,English,"Greenlight the campuses. In suburban Phoenix, more inference megacampuses from energy traders can underwrite fiber laterals to rural towns. That is why I support the expansion. Capacity is policy."
412,ai_datacenters_polarity_pro_230,ai_datacenters,Increasing number of AI datacenters,geopolitical,Geopolitical,pro,Pro,rural Iowa,cloud providers,sovereign compute hubs,support sovereign compute for public research,en,English,"I'm for more AI datacenters. Don't slow-walk sovereign compute hubs around rural Iowa. Done right by cloud providers, the buildout will support sovereign compute for public research. Approve the next round."
413,ai_datacenters_polarity_neutral_253,ai_datacenters,Increasing number of AI datacenters,technological,Technological,neutral,Neutral,Spain's solar belt,defense contractors,modular container datacenters,whether smaller distributed pods beat megacampuses,en,English,Neither booster nor blocker — still weighing it. Flagging modular container datacenters in Spain's solar belt without a verdict. The live issue is whether smaller distributed pods beat megacampuses. Ask me again after the next rate case.
414,ai_datacenters_polarity_neutral_009,ai_datacenters,Increasing number of AI datacenters,technological,Technological,neutral,Neutral,Arizona's desert corridor,national labs,GPU-dense halls,open-access quotas versus reserved enterprise capacity,en,English,Neither booster nor blocker — still weighing it. Re: GPU-dense halls around Arizona's desert corridor — boosters and critics both cite open-access quotas versus reserved enterprise capacity. No banner from me yet. Ask me again after the next rate case.
415,ai_datacenters_polarity_pro_164,ai_datacenters,Increasing number of AI datacenters,environmental,Environmental,pro,Pro,the Pacific Northwest,national labs,nuclear-adjacent compute parks,reuse waste heat for district heating,en,English,"Pro-expansion here. Don't slow-walk nuclear-adjacent compute parks around the Pacific Northwest. Done right by national labs, the buildout will reuse waste heat for district heating. Expansion is the right call."
416,ai_datacenters_polarity_against_233,ai_datacenters,Increasing number of AI datacenters,economic,Economic,against,Against,Midwest farm counties,utility companies,waste-heat district heating sites,bid up housing costs faster than wages rise,en,English,Against take on Midwest farm counties: block the next waste-heat district heating sites. Utility companies keep selling growth while they bid up housing costs faster than wages rise. Reject the next campus.
417,ai_datacenters_polarity_against_248,ai_datacenters,Increasing number of AI datacenters,geopolitical,Geopolitical,against,Against,Singapore's industrial parks,chipmakers,behind-the-meter solar campuses,militarize civilian grids under dual-use cover,en,English,Stop rubber-stamping these campuses. The Singapore's industrial parks story is clear enough: chipmakers' behind-the-meter solar campuses tend to militarize civilian grids under dual-use cover. I don't want more AI datacenters. Protect the commons first.
418,ai_datacenters_polarity_against_023,ai_datacenters,Increasing number of AI datacenters,economic,Economic,against,Against,eastern Oregon,private equity funds,subsea-cable landing campuses,crowd out manufacturing that employs denser workforces,en,English,"I'm against the AI datacenter surge. In eastern Oregon, more subsea-cable landing campuses from private equity funds mostly crowd out manufacturing that employs denser workforces. That is a reason to resist the boom. Protect the commons first."
419,ai_datacenters_polarity_neutral_036,ai_datacenters,Increasing number of AI datacenters,environmental,Environmental,neutral,Neutral,Arizona's desert corridor,colocation operators,modular container datacenters,land-use tradeoffs against habitat corridors,en,English,"The buildout debate isn't settled for me. On Arizona's desert corridor, people argue about whether colocation operators' modular container datacenters help or hurt — especially land-use tradeoffs against habitat corridors. Tradeoffs first, slogans later."
420,ai_datacenters_polarity_neutral_255,ai_datacenters,Increasing number of AI datacenters,geopolitical,Geopolitical,neutral,Neutral,suburban Phoenix,construction consortia,multi-gigawatt campuses,domestic buildouts that still depend on foreign chips,en,English,Holding judgment on AI datacenter expansion. Flagging multi-gigawatt campuses in suburban Phoenix without a verdict. The live issue is domestic buildouts that still depend on foreign chips. Still collecting local data.
421,ai_datacenters_polarity_against_189,ai_datacenters,Increasing number of AI datacenters,environmental,Environmental,against,Against,the Pacific Northwest,startup GPU cloud firms,waste-heat district heating sites,convert habitat into sealed concrete campuses,en,English,Stop rubber-stamping these campuses. Slowing waste-heat district heating sites near the Pacific Northwest is justified when startup GPU cloud firms convert habitat into sealed concrete campuses. Enough is enough.
422,ai_datacenters_polarity_pro_226,ai_datacenters,Increasing number of AI datacenters,geopolitical,Geopolitical,pro,Pro,Finland's cold-climate parks,regional economic-development agencies,edge AI pods,keep frontier training capacity on allied soil,en,English,"This wave is worth backing. Don't slow-walk edge AI pods around Finland's cold-climate parks. Done right by regional economic-development agencies, the buildout will keep frontier training capacity on allied soil. I'm here for the buildout."
423,ai_datacenters_polarity_pro_037,ai_datacenters,Increasing number of AI datacenters,infrastructure,Infrastructure,pro,Pro,Spain's solar belt,state investment boards,edge AI pods,underwrite fiber laterals to rural towns,en,English,Count me as a yes on the buildout. The case in Spain's solar belt is straightforward: state investment boards' edge AI pods help underwrite fiber laterals to rural towns. AI datacenter growth is good policy here. I'm here for the buildout.
424,ai_datacenters_polarity_against_083,ai_datacenters,Increasing number of AI datacenters,technological,Technological,against,Against,Finland's cold-climate parks,utility companies,waste-heat district heating sites,optimize for closed models instead of public compute,en,English,Hit the brakes on new campuses. The Finland's cold-climate parks story is clear enough: utility companies' waste-heat district heating sites tend to optimize for closed models instead of public compute. I don't want more AI datacenters. Reject the next campus.
425,ai_datacenters_polarity_pro_019,ai_datacenters,Increasing number of AI datacenters,geopolitical,Geopolitical,pro,Pro,Ireland's midlands,startup GPU cloud firms,nuclear-adjacent compute parks,deter adversaries by scaling trusted infrastructure,en,English,"This wave is worth backing. In Ireland's midlands, more nuclear-adjacent compute parks from startup GPU cloud firms can deter adversaries by scaling trusted infrastructure. That is why I support the expansion. Approve the next round."
426,ai_datacenters_polarity_pro_058,ai_datacenters,Increasing number of AI datacenters,technological,Technological,pro,Pro,Japan's Tohoku rebuild zones,cloud providers,multi-gigawatt campuses,push networking standards that cut idle capacity,en,English,"Count me as a yes on the buildout. Don't slow-walk multi-gigawatt campuses around Japan's Tohoku rebuild zones. Done right by cloud providers, the buildout will push networking standards that cut idle capacity. I'm here for the buildout."
427,ai_datacenters_polarity_neutral_015,ai_datacenters,Increasing number of AI datacenters,economic,Economic,neutral,Neutral,Spain's solar belt,defense contractors,AI training campuses,energy-price pass-through to smaller firms,en,English,"The buildout debate isn't settled for me. On Spain's solar belt, people argue about whether defense contractors' AI training campuses help or hurt — especially energy-price pass-through to smaller firms. I need receipts before choosing."
428,ai_datacenters_polarity_neutral_106,ai_datacenters,Increasing number of AI datacenters,local_community,Local community,neutral,Neutral,South Korea's semiconductor belt,sovereign wealth funds,sovereign compute hubs,whether locals get real veto power on siting,en,English,Open question: should we keep adding campuses? Re: sovereign compute hubs around South Korea's semiconductor belt — boosters and critics both cite whether locals get real veto power on siting. No banner from me yet. Still collecting local data.
429,ai_datacenters_polarity_neutral_177,ai_datacenters,Increasing number of AI datacenters,local_community,Local community,neutral,Neutral,Midwest farm counties,energy traders,GPU-dense halls,housing supply responses to new payrolls,en,English,"Holding judgment on AI datacenter expansion. Flagging GPU-dense halls in Midwest farm counties without a verdict. The live issue is housing supply responses to new payrolls. Tradeoffs first, slogans later."
430,ai_datacenters_polarity_against_205,ai_datacenters,Increasing number of AI datacenters,local_community,Local community,against,Against,upstate New York,national labs,inference megacampuses,hollow out civic life into permit fights,en,English,Stop rubber-stamping these campuses. Slowing inference megacampuses near upstate New York is justified when national labs hollow out civic life into permit fights. Enough is enough.
431,ai_datacenters_polarity_against_213,ai_datacenters,Increasing number of AI datacenters,geopolitical,Geopolitical,against,Against,Georgia's coastal plain,startup GPU cloud firms,research supercomputer halls,race capacity without democratic oversight,en,English,"Hard no on endless AI datacenter expansion. In Georgia's coastal plain, more research supercomputer halls from startup GPU cloud firms mostly race capacity without democratic oversight. That is a reason to resist the boom. Opposition is the responsible stance."
432,ai_datacenters_polarity_neutral_166,ai_datacenters,Increasing number of AI datacenters,economic,Economic,neutral,Neutral,the UAE's free zones,REIT-backed campus developers,waste-heat district heating sites,boom-town risk if a single tenant leaves,en,English,Not picking a side on more campuses yet. Flagging waste-heat district heating sites in the UAE's free zones without a verdict. The live issue is boom-town risk if a single tenant leaves. I need receipts before choosing.
433,ai_datacenters_polarity_pro_196,ai_datacenters,Increasing number of AI datacenters,local_community,Local community,pro,Pro,upstate New York,colocation operators,AI training campuses,fund scholarships tied to campus payrolls,en,English,"Pro-expansion here. Don't slow-walk AI training campuses around upstate New York. Done right by colocation operators, the buildout will fund scholarships tied to campus payrolls. I'm here for the buildout."
434,ai_datacenters_polarity_against_072,ai_datacenters,Increasing number of AI datacenters,technological,Technological,against,Against,northern Italy's industrial belt,telecom carriers,GPU-dense halls,overbuild GPU halls that sit half-idle after the hype,en,English,Against take on northern Italy's industrial belt: block the next GPU-dense halls. Telecom carriers keep selling growth while they overbuild GPU halls that sit half-idle after the hype. Reject the next campus.
435,ai_datacenters_polarity_against_241,ai_datacenters,Increasing number of AI datacenters,infrastructure,Infrastructure,against,Against,Chile's Atacama edge,national labs,behind-the-meter solar campuses,starve public projects of skilled trades labor,en,English,Against take on Chile's Atacama edge: block the next behind-the-meter solar campuses. National labs keep selling growth while they starve public projects of skilled trades labor. Reject the next campus.
436,ai_datacenters_polarity_pro_053,ai_datacenters,Increasing number of AI datacenters,local_community,Local community,pro,Pro,northern Italy's industrial belt,REIT-backed campus developers,AI training campuses,bring broadband as a side effect of fiber builds,en,English,"Build the campuses. In northern Italy's industrial belt, more AI training campuses from REIT-backed campus developers can bring broadband as a side effect of fiber builds. That is why I support the expansion. Let's build."
437,ai_datacenters_polarity_pro_121,ai_datacenters,Increasing number of AI datacenters,economic,Economic,pro,Pro,central Texas,energy traders,edge AI pods,pull private capital into overlooked counties,en,English,"Pro take on central Texas: back the edge AI pods. When energy traders scale responsibly, they pull private capital into overlooked counties. I'm for more AI datacenters. Expansion is the right call."
438,ai_datacenters_polarity_against_107,ai_datacenters,Increasing number of AI datacenters,local_community,Local community,against,Against,northern Italy's industrial belt,regional economic-development agencies,modular container datacenters,buy silence with scholarships while rates climb,en,English,Hit the brakes on new campuses. The northern Italy's industrial belt story is clear enough: regional economic-development agencies' modular container datacenters tend to buy silence with scholarships while rates climb. I don't want more AI datacenters. Enough is enough.
439,ai_datacenters_polarity_against_153,ai_datacenters,Increasing number of AI datacenters,geopolitical,Geopolitical,against,Against,the Nordics,sovereign wealth funds,edge AI pods,centralize strategic compute in a few corporate hands,en,English,Hit the brakes on new campuses. The the Nordics story is clear enough: sovereign wealth funds' edge AI pods tend to centralize strategic compute in a few corporate hands. I don't want more AI datacenters. Enough is enough.
440,ai_datacenters_polarity_against_113,ai_datacenters,Increasing number of AI datacenters,local_community,Local community,against,Against,Malaysia's Johor corridor,energy traders,liquid-cooled clusters,add continuous industrial noise next to homes,en,English,Against take on Malaysia's Johor corridor: block the next liquid-cooled clusters. Energy traders keep selling growth while they add continuous industrial noise next to homes. Opposition is the responsible stance.
441,ai_datacenters_polarity_neutral_223,ai_datacenters,Increasing number of AI datacenters,infrastructure,Infrastructure,neutral,Neutral,Japan's Tohoku rebuild zones,utility companies,black-start resilient bunkers,grid resilience claims versus measured outages,en,English,"Holding judgment on AI datacenter expansion. On Japan's Tohoku rebuild zones, people argue about whether utility companies' black-start resilient bunkers help or hurt — especially grid resilience claims versus measured outages. Tradeoffs first, slogans later."
442,ai_datacenters_polarity_against_151,ai_datacenters,Increasing number of AI datacenters,economic,Economic,against,Against,Ohio's Rust Belt towns,state investment boards,subsea-cable landing campuses,bid up housing costs faster than wages rise,en,English,Against take on Ohio's Rust Belt towns: block the next subsea-cable landing campuses. State investment boards keep selling growth while they bid up housing costs faster than wages rise. Reject the next campus.
443,ai_datacenters_polarity_against_089,ai_datacenters,Increasing number of AI datacenters,economic,Economic,against,Against,India's Hyderabad tech belt,national labs,nuclear-adjacent compute parks,bid up housing costs faster than wages rise,en,English,We should block this buildout. Slowing nuclear-adjacent compute parks near India's Hyderabad tech belt is justified when national labs bid up housing costs faster than wages rise. Reject the next campus.
444,ai_datacenters_polarity_neutral_138,ai_datacenters,Increasing number of AI datacenters,technological,Technological,neutral,Neutral,northern Virginia,private equity funds,waste-heat district heating sites,interoperability across vendors,en,English,"Open question: should we keep adding campuses? Re: waste-heat district heating sites around northern Virginia — boosters and critics both cite interoperability across vendors. No banner from me yet. Tradeoffs first, slogans later."
445,ai_datacenters_polarity_pro_243,ai_datacenters,Increasing number of AI datacenters,environmental,Environmental,pro,Pro,central Texas,AI labs,black-start resilient bunkers,accelerate nuclear and geothermal firming builds,en,English,Greenlight the campuses. The case in central Texas is straightforward: AI labs' black-start resilient bunkers help accelerate nuclear and geothermal firming builds. AI datacenter growth is good policy here. Capacity is policy.
446,ai_datacenters_polarity_against_047,ai_datacenters,Increasing number of AI datacenters,technological,Technological,against,Against,Poland's logistics corridor,regional economic-development agencies,sovereign compute hubs,optimize for closed models instead of public compute,en,English,This expansion is a bad deal. The Poland's logistics corridor story is clear enough: regional economic-development agencies' sovereign compute hubs tend to optimize for closed models instead of public compute. I don't want more AI datacenters. No more blank checks.
447,ai_datacenters_polarity_pro_255,ai_datacenters,Increasing number of AI datacenters,geopolitical,Geopolitical,pro,Pro,Chile's Atacama edge,defense contractors,AI training campuses,reduce dependence on overseas inference supply,en,English,"Greenlight the campuses. Don't slow-walk AI training campuses around Chile's Atacama edge. Done right by defense contractors, the buildout will reduce dependence on overseas inference supply. Let's build."
448,ai_datacenters_polarity_against_295,ai_datacenters,Increasing number of AI datacenters,local_community,Local community,against,Against,Georgia's coastal plain,private equity funds,multi-gigawatt campuses,add continuous industrial noise next to homes,en,English,"I'm against the AI datacenter surge. In Georgia's coastal plain, more multi-gigawatt campuses from private equity funds mostly add continuous industrial noise next to homes. That is a reason to resist the boom. Protect the commons first."
449,ai_datacenters_polarity_neutral_254,ai_datacenters,Increasing number of AI datacenters,technological,Technological,neutral,Neutral,rural Iowa,utility companies,edge AI pods,whether smaller distributed pods beat megacampuses,en,English,"Neither booster nor blocker — still weighing it. On rural Iowa, people argue about whether utility companies' edge AI pods help or hurt — especially whether smaller distributed pods beat megacampuses. Show me cleaner evidence either way."
450,ai_datacenters_polarity_pro_049,ai_datacenters,Increasing number of AI datacenters,environmental,Environmental,pro,Pro,rural Iowa,AI labs,GPU-dense halls,reuse waste heat for district heating,en,English,"Greenlight the campuses. Don't slow-walk GPU-dense halls around rural Iowa. Done right by AI labs, the buildout will reuse waste heat for district heating. Let's build."
451,ai_datacenters_polarity_pro_118,ai_datacenters,Increasing number of AI datacenters,local_community,Local community,pro,Pro,Malaysia's Johor corridor,startup GPU cloud firms,sovereign compute hubs,negotiate real community-benefit agreements,en,English,"Pro-expansion here. Don't slow-walk sovereign compute hubs around Malaysia's Johor corridor. Done right by startup GPU cloud firms, the buildout will negotiate real community-benefit agreements. Capacity is policy."
452,ai_datacenters_polarity_pro_081,ai_datacenters,Increasing number of AI datacenters,geopolitical,Geopolitical,pro,Pro,eastern Oregon,REIT-backed campus developers,multi-gigawatt campuses,reduce dependence on overseas inference supply,en,English,"Pro take on eastern Oregon: back the multi-gigawatt campuses. When REIT-backed campus developers scale responsibly, they reduce dependence on overseas inference supply. I'm for more AI datacenters. Let's build."
453,ai_datacenters_polarity_against_075,ai_datacenters,Increasing number of AI datacenters,geopolitical,Geopolitical,against,Against,Arizona's desert corridor,startup GPU cloud firms,research supercomputer halls,export control workarounds via third-country campuses,en,English,Against take on Arizona's desert corridor: block the next research supercomputer halls. Startup GPU cloud firms keep selling growth while they export control workarounds via third-country campuses. Opposition is the responsible stance.
454,ai_datacenters_polarity_against_136,ai_datacenters,Increasing number of AI datacenters,geopolitical,Geopolitical,against,Against,Morocco's Atlantic coast,colocation operators,research supercomputer halls,undermine alliances when water and power fights spill over,en,English,Against take on Morocco's Atlantic coast: block the next research supercomputer halls. Colocation operators keep selling growth while they undermine alliances when water and power fights spill over. Opposition is the responsible stance.
455,ai_datacenters_polarity_neutral_115,ai_datacenters,Increasing number of AI datacenters,economic,Economic,neutral,Neutral,Midwest farm counties,state investment boards,liquid-cooled clusters,local multipliers versus shareholder leakage,en,English,"Neutral note on Midwest farm counties: if state investment boards add more liquid-cooled clusters, I'm watching local multipliers versus shareholder leakage before I cheer or protest. Still collecting local data."
456,ai_datacenters_polarity_pro_023,ai_datacenters,Increasing number of AI datacenters,technological,Technological,pro,Pro,Australia's renewable zones,private equity funds,behind-the-meter solar campuses,push networking standards that cut idle capacity,en,English,"Pro take on Australia's renewable zones: back the behind-the-meter solar campuses. When private equity funds scale responsibly, they push networking standards that cut idle capacity. I'm for more AI datacenters. I'm here for the buildout."
457,ai_datacenters_polarity_neutral_094,ai_datacenters,Increasing number of AI datacenters,geopolitical,Geopolitical,neutral,Neutral,the Nordics,colocation operators,multi-gigawatt campuses,export-control exposure in cross-border training,en,English,"Neutral note on the Nordics: if colocation operators add more multi-gigawatt campuses, I'm watching export-control exposure in cross-border training before I cheer or protest. Tradeoffs first, slogans later."
458,ai_datacenters_polarity_pro_206,ai_datacenters,Increasing number of AI datacenters,economic,Economic,pro,Pro,Singapore's industrial parks,construction consortia,waste-heat district heating sites,turn idle industrial land into productive assets,en,English,This wave is worth backing. The case in Singapore's industrial parks is straightforward: construction consortia' waste-heat district heating sites help turn idle industrial land into productive assets. AI datacenter growth is good policy here. I'm here for the buildout.
459,ai_datacenters_polarity_against_124,ai_datacenters,Increasing number of AI datacenters,infrastructure,Infrastructure,against,Against,Quebec's hydropower belt,cloud providers,sovereign compute hubs,clog roads with construction traffic for years,en,English,We should block this buildout. Slowing sovereign compute hubs near Quebec's hydropower belt is justified when cloud providers clog roads with construction traffic for years. No more blank checks.
460,ai_datacenters_polarity_neutral_148,ai_datacenters,Increasing number of AI datacenters,geopolitical,Geopolitical,neutral,Neutral,eastern Oregon,defense contractors,black-start resilient bunkers,sovereign compute versus corporate capture,en,English,Parking the yes/no on AI datacenters for now. Flagging black-start resilient bunkers in eastern Oregon without a verdict. The live issue is sovereign compute versus corporate capture. I need receipts before choosing.
461,ai_datacenters_polarity_pro_299,ai_datacenters,Increasing number of AI datacenters,environmental,Environmental,pro,Pro,northern Italy's industrial belt,regional economic-development agencies,behind-the-meter solar campuses,push cooling R&D that lowers water intensity,en,English,I'm for more AI datacenters. The case in northern Italy's industrial belt is straightforward: regional economic-development agencies' behind-the-meter solar campuses help push cooling R&D that lowers water intensity. AI datacenter growth is good policy here. Capacity is policy.
462,ai_datacenters_polarity_pro_178,ai_datacenters,Increasing number of AI datacenters,environmental,Environmental,pro,Pro,Malaysia's Johor corridor,state investment boards,black-start resilient bunkers,pair new load with additionality-backed renewables,en,English,"Pro take on Malaysia's Johor corridor: back the black-start resilient bunkers. When state investment boards scale responsibly, they pair new load with additionality-backed renewables. I'm for more AI datacenters. I'm here for the buildout."
463,ai_datacenters_polarity_neutral_002,ai_datacenters,Increasing number of AI datacenters,economic,Economic,neutral,Neutral,rural Iowa,energy traders,multi-gigawatt campuses,whether tax base gains outlast construction payrolls,en,English,Holding judgment on AI datacenter expansion. Re: multi-gigawatt campuses around rural Iowa — boosters and critics both cite whether tax base gains outlast construction payrolls. No banner from me yet. Still collecting local data.
464,ai_datacenters_polarity_neutral_294,ai_datacenters,Increasing number of AI datacenters,geopolitical,Geopolitical,neutral,Neutral,Japan's Tohoku rebuild zones,startup GPU cloud firms,liquid-cooled clusters,how much capacity is dual-use in practice,en,English,"The buildout debate isn't settled for me. On Japan's Tohoku rebuild zones, people argue about whether startup GPU cloud firms' liquid-cooled clusters help or hurt — especially how much capacity is dual-use in practice. Show me cleaner evidence either way."
465,ai_datacenters_polarity_pro_165,ai_datacenters,Increasing number of AI datacenters,local_community,Local community,pro,Pro,northern Italy's industrial belt,construction consortia,modular container datacenters,convert empty retail pads into training centers,en,English,Build the campuses. The case in northern Italy's industrial belt is straightforward: construction consortia' modular container datacenters help convert empty retail pads into training centers. AI datacenter growth is good policy here. Expansion is the right call.
466,ai_datacenters_polarity_against_211,ai_datacenters,Increasing number of AI datacenters,economic,Economic,against,Against,the Pacific Northwest,state investment boards,GPU-dense halls,inflate industrial power rates for everyone else,en,English,Against take on the Pacific Northwest: block the next GPU-dense halls. State investment boards keep selling growth while they inflate industrial power rates for everyone else. No more blank checks.
467,ai_datacenters_polarity_neutral_267,ai_datacenters,Increasing number of AI datacenters,technological,Technological,neutral,Neutral,India's Hyderabad tech belt,energy traders,AI training campuses,whether smaller distributed pods beat megacampuses,en,English,Neither booster nor blocker — still weighing it. Flagging AI training campuses in India's Hyderabad tech belt without a verdict. The live issue is whether smaller distributed pods beat megacampuses. I need receipts before choosing.
468,ai_datacenters_polarity_pro_132,ai_datacenters,Increasing number of AI datacenters,technological,Technological,pro,Pro,Gulf Coast industrial zones,defense contractors,liquid-cooled clusters,unlock larger training runs that advance open science,en,English,"Pro take on Gulf Coast industrial zones: back the liquid-cooled clusters. When defense contractors scale responsibly, they unlock larger training runs that advance open science. I'm for more AI datacenters. Capacity is policy."
469,ai_datacenters_polarity_pro_269,ai_datacenters,Increasing number of AI datacenters,geopolitical,Geopolitical,pro,Pro,Midwest farm counties,municipal governments,GPU-dense halls,keep frontier training capacity on allied soil,en,English,"Pro-expansion here. Don't slow-walk GPU-dense halls around Midwest farm counties. Done right by municipal governments, the buildout will keep frontier training capacity on allied soil. I'm here for the buildout."
470,ai_datacenters_polarity_against_176,ai_datacenters,Increasing number of AI datacenters,geopolitical,Geopolitical,against,Against,Poland's logistics corridor,chipmakers,sovereign compute hubs,race capacity without democratic oversight,en,English,I oppose the AI datacenter boom. Slowing sovereign compute hubs near Poland's logistics corridor is justified when chipmakers race capacity without democratic oversight. No more blank checks.
471,ai_datacenters_polarity_against_097,ai_datacenters,Increasing number of AI datacenters,technological,Technological,against,Against,Ireland's midlands,defense contractors,edge AI pods,lock buyers into proprietary interconnect stacks,en,English,"I'm against the AI datacenter surge. In Ireland's midlands, more edge AI pods from defense contractors mostly lock buyers into proprietary interconnect stacks. That is a reason to resist the boom. Protect the commons first."
472,ai_datacenters_polarity_neutral_280,ai_datacenters,Increasing number of AI datacenters,geopolitical,Geopolitical,neutral,Neutral,Gulf Coast industrial zones,colocation operators,liquid-cooled clusters,how much capacity is dual-use in practice,en,English,Not picking a side on more campuses yet. Flagging liquid-cooled clusters in Gulf Coast industrial zones without a verdict. The live issue is how much capacity is dual-use in practice. Still collecting local data.
473,ai_datacenters_polarity_neutral_124,ai_datacenters,Increasing number of AI datacenters,economic,Economic,neutral,Neutral,Quebec's hydropower belt,colocation operators,nuclear-adjacent compute parks,job quality versus abatement cost,en,English,Still undecided on the AI datacenter wave. Flagging nuclear-adjacent compute parks in Quebec's hydropower belt without a verdict. The live issue is job quality versus abatement cost. I need receipts before choosing.
474,ai_datacenters_polarity_neutral_273,ai_datacenters,Increasing number of AI datacenters,geopolitical,Geopolitical,neutral,Neutral,Poland's logistics corridor,startup GPU cloud firms,black-start resilient bunkers,alliance benefits versus local resource strain,en,English,Not picking a side on more campuses yet. Flagging black-start resilient bunkers in Poland's logistics corridor without a verdict. The live issue is alliance benefits versus local resource strain. I need receipts before choosing.
475,ai_datacenters_polarity_pro_092,ai_datacenters,Increasing number of AI datacenters,local_community,Local community,pro,Pro,rural Iowa,utility companies,behind-the-meter solar campuses,replace dying extractive payrolls with steadier ones,en,English,Pro-expansion here. The case in rural Iowa is straightforward: utility companies' behind-the-meter solar campuses help replace dying extractive payrolls with steadier ones. AI datacenter growth is good policy here. Capacity is policy.
476,ai_datacenters_polarity_neutral_265,ai_datacenters,Increasing number of AI datacenters,economic,Economic,neutral,Neutral,Chile's Atacama edge,municipal governments,inference megacampuses,how permanent the ops headcount really is,en,English,Not picking a side on more campuses yet. Flagging inference megacampuses in Chile's Atacama edge without a verdict. The live issue is how permanent the ops headcount really is. Ask me again after the next rate case.
477,ai_datacenters_polarity_against_225,ai_datacenters,Increasing number of AI datacenters,geopolitical,Geopolitical,against,Against,Singapore's industrial parks,municipal governments,inference megacampuses,invite sanctions exposure through opaque ownership,en,English,I oppose the AI datacenter boom. Slowing inference megacampuses near Singapore's industrial parks is justified when municipal governments invite sanctions exposure through opaque ownership. Opposition is the responsible stance.
478,ai_datacenters_polarity_pro_241,ai_datacenters,Increasing number of AI datacenters,economic,Economic,pro,Pro,the UAE's free zones,chipmakers,liquid-cooled clusters,create supplier ecosystems around each campus,en,English,"Say it plainly: we need the capacity. Don't slow-walk liquid-cooled clusters around the UAE's free zones. Done right by chipmakers, the buildout will create supplier ecosystems around each campus. Capacity is policy."
479,ai_datacenters_polarity_pro_192,ai_datacenters,Increasing number of AI datacenters,technological,Technological,pro,Pro,suburban Phoenix,private equity funds,inference megacampuses,unlock larger training runs that advance open science,en,English,"Pro take on suburban Phoenix: back the inference megacampuses. When private equity funds scale responsibly, they unlock larger training runs that advance open science. I'm for more AI datacenters. I'm here for the buildout."
480,ai_datacenters_polarity_pro_247,ai_datacenters,Increasing number of AI datacenters,geopolitical,Geopolitical,pro,Pro,eastern Oregon,regional economic-development agencies,behind-the-meter solar campuses,keep frontier training capacity on allied soil,en,English,"I'm for more AI datacenters. In eastern Oregon, more behind-the-meter solar campuses from regional economic-development agencies can keep frontier training capacity on allied soil. That is why I support the expansion. Let's build."
481,ai_datacenters_polarity_neutral_066,ai_datacenters,Increasing number of AI datacenters,infrastructure,Infrastructure,neutral,Neutral,Japan's Tohoku rebuild zones,construction consortia,multi-gigawatt campuses,who pays for interconnect upgrades,en,English,"Neutral note on Japan's Tohoku rebuild zones: if construction consortia add more multi-gigawatt campuses, I'm watching who pays for interconnect upgrades before I cheer or protest. Show me cleaner evidence either way."
482,ai_datacenters_polarity_against_129,ai_datacenters,Increasing number of AI datacenters,technological,Technological,against,Against,northern Virginia,colocation operators,liquid-cooled clusters,"treat efficiency claims as marketing, not measured gains",en,English,"Hard no on endless AI datacenter expansion. Slowing liquid-cooled clusters near northern Virginia is justified when colocation operators treat efficiency claims as marketing, not measured gains. Reject the next campus."
483,ai_datacenters_polarity_against_218,ai_datacenters,Increasing number of AI datacenters,geopolitical,Geopolitical,against,Against,suburban Phoenix,energy traders,black-start resilient bunkers,invite sanctions exposure through opaque ownership,en,English,Against take on suburban Phoenix: block the next black-start resilient bunkers. Energy traders keep selling growth while they invite sanctions exposure through opaque ownership. Reject the next campus.
484,ai_datacenters_polarity_neutral_023,ai_datacenters,Increasing number of AI datacenters,economic,Economic,neutral,Neutral,Arizona's desert corridor,REIT-backed campus developers,liquid-cooled clusters,energy-price pass-through to smaller firms,en,English,"Watching the AI datacenter fight without a banner. On Arizona's desert corridor, people argue about whether REIT-backed campus developers' liquid-cooled clusters help or hurt — especially energy-price pass-through to smaller firms. Tradeoffs first, slogans later."
485,ai_datacenters_polarity_neutral_088,ai_datacenters,Increasing number of AI datacenters,geopolitical,Geopolitical,neutral,Neutral,upstate New York,colocation operators,behind-the-meter solar campuses,export-control exposure in cross-border training,en,English,"Parking the yes/no on AI datacenters for now. On upstate New York, people argue about whether colocation operators' behind-the-meter solar campuses help or hurt — especially export-control exposure in cross-border training. Still collecting local data."
486,ai_datacenters_polarity_neutral_033,ai_datacenters,Increasing number of AI datacenters,geopolitical,Geopolitical,neutral,Neutral,Midwest farm counties,private equity funds,AI training campuses,sovereign compute versus corporate capture,en,English,"Neutral note on Midwest farm counties: if private equity funds add more AI training campuses, I'm watching sovereign compute versus corporate capture before I cheer or protest. Ask me again after the next rate case."
487,ai_datacenters_polarity_pro_155,ai_datacenters,Increasing number of AI datacenters,geopolitical,Geopolitical,pro,Pro,Malaysia's Johor corridor,telecom carriers,nuclear-adjacent compute parks,deter adversaries by scaling trusted infrastructure,en,English,"Pro take on Malaysia's Johor corridor: back the nuclear-adjacent compute parks. When telecom carriers scale responsibly, they deter adversaries by scaling trusted infrastructure. I'm for more AI datacenters. Expansion is the right call."
488,ai_datacenters_polarity_against_037,ai_datacenters,Increasing number of AI datacenters,geopolitical,Geopolitical,against,Against,Quebec's hydropower belt,chipmakers,liquid-cooled clusters,race capacity without democratic oversight,en,English,"I oppose the AI datacenter boom. In Quebec's hydropower belt, more liquid-cooled clusters from chipmakers mostly race capacity without democratic oversight. That is a reason to resist the boom. Protect the commons first."
489,ai_datacenters_polarity_against_090,ai_datacenters,Increasing number of AI datacenters,technological,Technological,against,Against,Ireland's midlands,telecom carriers,sovereign compute hubs,waste cooling capacity on vanity cluster sizes,en,English,Against take on Ireland's midlands: block the next sovereign compute hubs. Telecom carriers keep selling growth while they waste cooling capacity on vanity cluster sizes. Opposition is the responsible stance.
490,ai_datacenters_polarity_neutral_291,ai_datacenters,Increasing number of AI datacenters,economic,Economic,neutral,Neutral,Midwest farm counties,sovereign wealth funds,behind-the-meter solar campuses,job quality versus abatement cost,en,English,"Neither booster nor blocker — still weighing it. On Midwest farm counties, people argue about whether sovereign wealth funds' behind-the-meter solar campuses help or hurt — especially job quality versus abatement cost. Ask me again after the next rate case."
491,ai_datacenters_polarity_against_220,ai_datacenters,Increasing number of AI datacenters,local_community,Local community,against,Against,Brazil's São Paulo hinterland,AI labs,subsea-cable landing campuses,add continuous industrial noise next to homes,en,English,Stop rubber-stamping these campuses. The Brazil's São Paulo hinterland story is clear enough: AI labs' subsea-cable landing campuses tend to add continuous industrial noise next to homes. I don't want more AI datacenters. Protect the commons first.
492,ai_datacenters_polarity_neutral_257,ai_datacenters,Increasing number of AI datacenters,infrastructure,Infrastructure,neutral,Neutral,South Korea's semiconductor belt,telecom carriers,AI training campuses,cooling-water competing with farm allotments,en,English,"Neutral note on South Korea's semiconductor belt: if telecom carriers add more AI training campuses, I'm watching cooling-water competing with farm allotments before I cheer or protest. Still collecting local data."
493,ai_datacenters_polarity_neutral_016,ai_datacenters,Increasing number of AI datacenters,infrastructure,Infrastructure,neutral,Neutral,Arizona's desert corridor,construction consortia,sovereign compute hubs,whether fiber laterals reach homes or only campuses,en,English,"Watching the AI datacenter fight without a banner. On Arizona's desert corridor, people argue about whether construction consortia' sovereign compute hubs help or hurt — especially whether fiber laterals reach homes or only campuses. Show me cleaner evidence either way."
494,ai_datacenters_polarity_against_139,ai_datacenters,Increasing number of AI datacenters,technological,Technological,against,Against,Arizona's desert corridor,utility companies,GPU-dense halls,overbuild GPU halls that sit half-idle after the hype,en,English,Against take on Arizona's desert corridor: block the next GPU-dense halls. Utility companies keep selling growth while they overbuild GPU halls that sit half-idle after the hype. Enough is enough.
495,ai_datacenters_polarity_neutral_155,ai_datacenters,Increasing number of AI datacenters,technological,Technological,neutral,Neutral,Brazil's São Paulo hinterland,sovereign wealth funds,GPU-dense halls,whether smaller distributed pods beat megacampuses,en,English,"Not picking a side on more campuses yet. Re: GPU-dense halls around Brazil's São Paulo hinterland — boosters and critics both cite whether smaller distributed pods beat megacampuses. No banner from me yet. Tradeoffs first, slogans later."
496,ai_datacenters_polarity_pro_235,ai_datacenters,Increasing number of AI datacenters,environmental,Environmental,pro,Pro,Gulf Coast industrial zones,chipmakers,AI training campuses,fund grid upgrades that cut curtailment waste,en,English,"I'm bullish on more AI datacenters. In Gulf Coast industrial zones, more AI training campuses from chipmakers can fund grid upgrades that cut curtailment waste. That is why I support the expansion. Approve the next round."
497,ai_datacenters_polarity_pro_173,ai_datacenters,Increasing number of AI datacenters,economic,Economic,pro,Pro,South Korea's semiconductor belt,cloud providers,modular container datacenters,anchor high-wage construction and ops jobs,en,English,"Say it plainly: we need the capacity. Don't slow-walk modular container datacenters around South Korea's semiconductor belt. Done right by cloud providers, the buildout will anchor high-wage construction and ops jobs. Expansion is the right call."
498,ai_datacenters_polarity_pro_288,ai_datacenters,Increasing number of AI datacenters,economic,Economic,pro,Pro,Malaysia's Johor corridor,defense contractors,subsea-cable landing campuses,broaden the local tax base without raising rates,en,English,"Say it plainly: we need the capacity. Don't slow-walk subsea-cable landing campuses around Malaysia's Johor corridor. Done right by defense contractors, the buildout will broaden the local tax base without raising rates. Approve the next round."
499,ai_datacenters_polarity_neutral_171,ai_datacenters,Increasing number of AI datacenters,geopolitical,Geopolitical,neutral,Neutral,India's Hyderabad tech belt,telecom carriers,multi-gigawatt campuses,alliance benefits versus local resource strain,en,English,Holding judgment on AI datacenter expansion. Re: multi-gigawatt campuses around India's Hyderabad tech belt — boosters and critics both cite alliance benefits versus local resource strain. No banner from me yet. Still collecting local data.
500,ai_datacenters_polarity_against_203,ai_datacenters,Increasing number of AI datacenters,infrastructure,Infrastructure,against,Against,Australia's renewable zones,chipmakers,behind-the-meter solar campuses,overload aging transformers and feeders,en,English,Against take on Australia's renewable zones: block the next behind-the-meter solar campuses. Chipmakers keep selling growth while they overload aging transformers and feeders. No more blank checks.
501,ai_datacenters_polarity_pro_180,ai_datacenters,Increasing number of AI datacenters,geopolitical,Geopolitical,pro,Pro,central Texas,telecom carriers,nuclear-adjacent compute parks,deter adversaries by scaling trusted infrastructure,en,English,"Say it plainly: we need the capacity. Don't slow-walk nuclear-adjacent compute parks around central Texas. Done right by telecom carriers, the buildout will deter adversaries by scaling trusted infrastructure. Let's build."
502,ai_datacenters_polarity_pro_077,ai_datacenters,Increasing number of AI datacenters,environmental,Environmental,pro,Pro,India's Hyderabad tech belt,utility companies,sovereign compute hubs,push cooling R&D that lowers water intensity,en,English,"This wave is worth backing. Don't slow-walk sovereign compute hubs around India's Hyderabad tech belt. Done right by utility companies, the buildout will push cooling R&D that lowers water intensity. Expansion is the right call."
503,ai_datacenters_polarity_against_035,ai_datacenters,Increasing number of AI datacenters,technological,Technological,against,Against,Malaysia's Johor corridor,REIT-backed campus developers,inference megacampuses,waste cooling capacity on vanity cluster sizes,en,English,We should block this buildout. The Malaysia's Johor corridor story is clear enough: REIT-backed campus developers' inference megacampuses tend to waste cooling capacity on vanity cluster sizes. I don't want more AI datacenters. No more blank checks.
504,ai_datacenters_polarity_pro_089,ai_datacenters,Increasing number of AI datacenters,environmental,Environmental,pro,Pro,South Korea's semiconductor belt,construction consortia,waste-heat district heating sites,push cooling R&D that lowers water intensity,en,English,"Pro-expansion here. Don't slow-walk waste-heat district heating sites around South Korea's semiconductor belt. Done right by construction consortia, the buildout will push cooling R&D that lowers water intensity. Expansion is the right call."
505,ai_datacenters_polarity_neutral_250,ai_datacenters,Increasing number of AI datacenters,technological,Technological,neutral,Neutral,Brazil's São Paulo hinterland,energy traders,AI training campuses,cooling-efficiency claims under real weather,en,English,"Neutral note on Brazil's São Paulo hinterland: if energy traders add more AI training campuses, I'm watching cooling-efficiency claims under real weather before I cheer or protest. I need receipts before choosing."
506,ai_datacenters_polarity_pro_262,ai_datacenters,Increasing number of AI datacenters,infrastructure,Infrastructure,pro,Pro,northern Italy's industrial belt,municipal governments,GPU-dense halls,modernize substations communities already needed,en,English,"Greenlight the campuses. In northern Italy's industrial belt, more GPU-dense halls from municipal governments can modernize substations communities already needed. That is why I support the expansion. Let's build."
507,ai_datacenters_polarity_pro_199,ai_datacenters,Increasing number of AI datacenters,environmental,Environmental,pro,Pro,Chile's Atacama edge,private equity funds,nuclear-adjacent compute parks,retire dirtier peaker plants as campuses modernize,en,English,Count me as a yes on the buildout. The case in Chile's Atacama edge is straightforward: private equity funds' nuclear-adjacent compute parks help retire dirtier peaker plants as campuses modernize. AI datacenter growth is good policy here. Expansion is the right call.
508,ai_datacenters_polarity_pro_268,ai_datacenters,Increasing number of AI datacenters,technological,Technological,pro,Pro,the UAE's free zones,regional economic-development agencies,GPU-dense halls,unlock larger training runs that advance open science,en,English,"Pro take on the UAE's free zones: back the GPU-dense halls. When regional economic-development agencies scale responsibly, they unlock larger training runs that advance open science. I'm for more AI datacenters. Let's build."
509,ai_datacenters_polarity_neutral_200,ai_datacenters,Increasing number of AI datacenters,environmental,Environmental,neutral,Neutral,the Nordics,REIT-backed campus developers,black-start resilient bunkers,water budgets under multi-year drought,en,English,"Neutral note on the Nordics: if REIT-backed campus developers add more black-start resilient bunkers, I'm watching water budgets under multi-year drought before I cheer or protest. Ask me again after the next rate case."
510,ai_datacenters_polarity_against_162,ai_datacenters,Increasing number of AI datacenters,infrastructure,Infrastructure,against,Against,Malaysia's Johor corridor,REIT-backed campus developers,AI training campuses,overload aging transformers and feeders,en,English,I'm against the AI datacenter surge. Slowing AI training campuses near Malaysia's Johor corridor is justified when REIT-backed campus developers overload aging transformers and feeders. Protect the commons first.
511,ai_datacenters_polarity_neutral_154,ai_datacenters,Increasing number of AI datacenters,environmental,Environmental,neutral,Neutral,Arizona's desert corridor,energy traders,AI training campuses,land-use tradeoffs against habitat corridors,en,English,"Holding judgment on AI datacenter expansion. Flagging AI training campuses in Arizona's desert corridor without a verdict. The live issue is land-use tradeoffs against habitat corridors. Tradeoffs first, slogans later."
512,ai_datacenters_polarity_pro_215,ai_datacenters,Increasing number of AI datacenters,environmental,Environmental,pro,Pro,northern Virginia,colocation operators,nuclear-adjacent compute parks,pair new load with additionality-backed renewables,en,English,"This wave is worth backing. Don't slow-walk nuclear-adjacent compute parks around northern Virginia. Done right by colocation operators, the buildout will pair new load with additionality-backed renewables. I'm here for the buildout."
513,ai_datacenters_polarity_against_212,ai_datacenters,Increasing number of AI datacenters,infrastructure,Infrastructure,against,Against,Spain's solar belt,REIT-backed campus developers,waste-heat district heating sites,consume cooling water meant for farms and towns,en,English,"I'm against the AI datacenter surge. In Spain's solar belt, more waste-heat district heating sites from REIT-backed campus developers mostly consume cooling water meant for farms and towns. That is a reason to resist the boom. Reject the next campus."
514,ai_datacenters_polarity_neutral_040,ai_datacenters,Increasing number of AI datacenters,economic,Economic,neutral,Neutral,Morocco's Atlantic coast,chipmakers,subsea-cable landing campuses,energy-price pass-through to smaller firms,en,English,Neither booster nor blocker — still weighing it. Flagging subsea-cable landing campuses in Morocco's Atlantic coast without a verdict. The live issue is energy-price pass-through to smaller firms. Ask me again after the next rate case.
515,ai_datacenters_polarity_pro_162,ai_datacenters,Increasing number of AI datacenters,geopolitical,Geopolitical,pro,Pro,suburban Phoenix,defense contractors,GPU-dense halls,deter adversaries by scaling trusted infrastructure,en,English,"Pro take on suburban Phoenix: back the GPU-dense halls. When defense contractors scale responsibly, they deter adversaries by scaling trusted infrastructure. I'm for more AI datacenters. I'm here for the buildout."
516,ai_datacenters_polarity_neutral_239,ai_datacenters,Increasing number of AI datacenters,geopolitical,Geopolitical,neutral,Neutral,Singapore's industrial parks,construction consortia,behind-the-meter solar campuses,domestic buildouts that still depend on foreign chips,en,English,"Not picking a side on more campuses yet. On Singapore's industrial parks, people argue about whether construction consortia' behind-the-meter solar campuses help or hurt — especially domestic buildouts that still depend on foreign chips. Ask me again after the next rate case."
517,ai_datacenters_polarity_pro_283,ai_datacenters,Increasing number of AI datacenters,economic,Economic,pro,Pro,Ohio's Rust Belt towns,chipmakers,AI training campuses,create supplier ecosystems around each campus,en,English,"Pro take on Ohio's Rust Belt towns: back the AI training campuses. When chipmakers scale responsibly, they create supplier ecosystems around each campus. I'm for more AI datacenters. Approve the next round."
518,ai_datacenters_polarity_neutral_202,ai_datacenters,Increasing number of AI datacenters,local_community,Local community,neutral,Neutral,Morocco's Atlantic coast,chipmakers,inference megacampuses,whether locals get real veto power on siting,en,English,Parking the yes/no on AI datacenters for now. Flagging inference megacampuses in Morocco's Atlantic coast without a verdict. The live issue is whether locals get real veto power on siting. I need receipts before choosing.
519,ai_datacenters_polarity_neutral_039,ai_datacenters,Increasing number of AI datacenters,infrastructure,Infrastructure,neutral,Neutral,Spain's solar belt,national labs,GPU-dense halls,grid resilience claims versus measured outages,en,English,"Neutral note on Spain's solar belt: if national labs add more GPU-dense halls, I'm watching grid resilience claims versus measured outages before I cheer or protest. Show me cleaner evidence either way."
520,ai_datacenters_polarity_neutral_064,ai_datacenters,Increasing number of AI datacenters,local_community,Local community,neutral,Neutral,the Nordics,private equity funds,inference megacampuses,whether locals get real veto power on siting,en,English,"Neutral note on the Nordics: if private equity funds add more inference megacampuses, I'm watching whether locals get real veto power on siting before I cheer or protest. Ask me again after the next rate case."
521,ai_datacenters_polarity_neutral_275,ai_datacenters,Increasing number of AI datacenters,economic,Economic,neutral,Neutral,Chile's Atacama edge,startup GPU cloud firms,sovereign compute hubs,whether tax base gains outlast construction payrolls,en,English,"Neutral note on Chile's Atacama edge: if startup GPU cloud firms add more sovereign compute hubs, I'm watching whether tax base gains outlast construction payrolls before I cheer or protest. Still collecting local data."
522,ai_datacenters_polarity_pro_043,ai_datacenters,Increasing number of AI datacenters,environmental,Environmental,pro,Pro,Spain's solar belt,defense contractors,research supercomputer halls,reuse waste heat for district heating,en,English,"Build the campuses. Don't slow-walk research supercomputer halls around Spain's solar belt. Done right by defense contractors, the buildout will reuse waste heat for district heating. Capacity is policy."
523,ai_datacenters_polarity_against_155,ai_datacenters,Increasing number of AI datacenters,geopolitical,Geopolitical,against,Against,Ireland's midlands,defense contractors,GPU-dense halls,centralize strategic compute in a few corporate hands,en,English,"Against more AI datacenters in my book. In Ireland's midlands, more GPU-dense halls from defense contractors mostly centralize strategic compute in a few corporate hands. That is a reason to resist the boom. Protect the commons first."
524,ai_datacenters_polarity_pro_034,ai_datacenters,Increasing number of AI datacenters,local_community,Local community,pro,Pro,the Nordics,telecom carriers,inference megacampuses,give towns a seat at siting negotiations,en,English,"Greenlight the campuses. Don't slow-walk inference megacampuses around the Nordics. Done right by telecom carriers, the buildout will give towns a seat at siting negotiations. Let's build."
525,ai_datacenters_polarity_neutral_120,ai_datacenters,Increasing number of AI datacenters,infrastructure,Infrastructure,neutral,Neutral,Arizona's desert corridor,REIT-backed campus developers,black-start resilient bunkers,construction labor shortages cascading to hospitals,en,English,"Neutral note on Arizona's desert corridor: if REIT-backed campus developers add more black-start resilient bunkers, I'm watching construction labor shortages cascading to hospitals before I cheer or protest. Tradeoffs first, slogans later."
526,ai_datacenters_polarity_pro_011,ai_datacenters,Increasing number of AI datacenters,technological,Technological,pro,Pro,Australia's renewable zones,construction consortia,AI training campuses,drive liquid-cooling efficiency gains industry-wide,en,English,"This wave is worth backing. In Australia's renewable zones, more AI training campuses from construction consortia can drive liquid-cooling efficiency gains industry-wide. That is why I support the expansion. Capacity is policy."
527,ai_datacenters_polarity_against_098,ai_datacenters,Increasing number of AI datacenters,technological,Technological,against,Against,Malaysia's Johor corridor,defense contractors,GPU-dense halls,optimize for closed models instead of public compute,en,English,I'm against the AI datacenter surge. The Malaysia's Johor corridor story is clear enough: defense contractors' GPU-dense halls tend to optimize for closed models instead of public compute. I don't want more AI datacenters. Reject the next campus.
528,ai_datacenters_polarity_neutral_068,ai_datacenters,Increasing number of AI datacenters,geopolitical,Geopolitical,neutral,Neutral,the Pacific Northwest,municipal governments,behind-the-meter solar campuses,how much capacity is dual-use in practice,en,English,"Not picking a side on more campuses yet. On the Pacific Northwest, people argue about whether municipal governments' behind-the-meter solar campuses help or hurt — especially how much capacity is dual-use in practice. I need receipts before choosing."
529,ai_datacenters_polarity_against_168,ai_datacenters,Increasing number of AI datacenters,local_community,Local community,against,Against,Australia's renewable zones,AI labs,inference megacampuses,turn schools into bargaining chips for abatements,en,English,Against take on Australia's renewable zones: block the next inference megacampuses. AI labs keep selling growth while they turn schools into bargaining chips for abatements. Protect the commons first.
530,ai_datacenters_polarity_neutral_226,ai_datacenters,Increasing number of AI datacenters,economic,Economic,neutral,Neutral,Malaysia's Johor corridor,REIT-backed campus developers,research supercomputer halls,boom-town risk if a single tenant leaves,en,English,Not picking a side on more campuses yet. Flagging research supercomputer halls in Malaysia's Johor corridor without a verdict. The live issue is boom-town risk if a single tenant leaves. Ask me again after the next rate case.
531,ai_datacenters_polarity_neutral_032,ai_datacenters,Increasing number of AI datacenters,technological,Technological,neutral,Neutral,the UAE's free zones,utility companies,modular container datacenters,safety margins at extreme rack densities,en,English,"Neutral note on the UAE's free zones: if utility companies add more modular container datacenters, I'm watching safety margins at extreme rack densities before I cheer or protest. Ask me again after the next rate case."
532,ai_datacenters_polarity_neutral_184,ai_datacenters,Increasing number of AI datacenters,economic,Economic,neutral,Neutral,Morocco's Atlantic coast,municipal governments,waste-heat district heating sites,boom-town risk if a single tenant leaves,en,English,"Not picking a side on more campuses yet. On Morocco's Atlantic coast, people argue about whether municipal governments' waste-heat district heating sites help or hurt — especially boom-town risk if a single tenant leaves. Tradeoffs first, slogans later."
533,ai_datacenters_polarity_against_135,ai_datacenters,Increasing number of AI datacenters,local_community,Local community,against,Against,Australia's renewable zones,energy traders,nuclear-adjacent compute parks,add continuous industrial noise next to homes,en,English,Against take on Australia's renewable zones: block the next nuclear-adjacent compute parks. Energy traders keep selling growth while they add continuous industrial noise next to homes. Enough is enough.
534,ai_datacenters_polarity_neutral_060,ai_datacenters,Increasing number of AI datacenters,infrastructure,Infrastructure,neutral,Neutral,suburban Phoenix,cloud providers,modular container datacenters,who pays for interconnect upgrades,en,English,Neither booster nor blocker — still weighing it. Flagging modular container datacenters in suburban Phoenix without a verdict. The live issue is who pays for interconnect upgrades. Still collecting local data.
535,ai_datacenters_polarity_against_175,ai_datacenters,Increasing number of AI datacenters,economic,Economic,against,Against,northern Virginia,cloud providers,research supercomputer halls,inflate industrial power rates for everyone else,en,English,I oppose the AI datacenter boom. The northern Virginia story is clear enough: cloud providers' research supercomputer halls tend to inflate industrial power rates for everyone else. I don't want more AI datacenters. Enough is enough.
536,ai_datacenters_polarity_neutral_005,ai_datacenters,Increasing number of AI datacenters,environmental,Environmental,neutral,Neutral,suburban Phoenix,telecom carriers,subsea-cable landing campuses,water budgets under multi-year drought,en,English,Not picking a side on more campuses yet. Flagging subsea-cable landing campuses in suburban Phoenix without a verdict. The live issue is water budgets under multi-year drought. Show me cleaner evidence either way.
537,ai_datacenters_polarity_neutral_077,ai_datacenters,Increasing number of AI datacenters,local_community,Local community,neutral,Neutral,Poland's logistics corridor,utility companies,AI training campuses,noise and traffic mitigation that is enforceable,en,English,"Neutral note on Poland's logistics corridor: if utility companies add more AI training campuses, I'm watching noise and traffic mitigation that is enforceable before I cheer or protest. I need receipts before choosing."
538,ai_datacenters_polarity_neutral_059,ai_datacenters,Increasing number of AI datacenters,geopolitical,Geopolitical,neutral,Neutral,Canada's prairie provinces,hyperscalers,subsea-cable landing campuses,how much capacity is dual-use in practice,en,English,"Still undecided on the AI datacenter wave. On Canada's prairie provinces, people argue about whether hyperscalers' subsea-cable landing campuses help or hurt — especially how much capacity is dual-use in practice. Show me cleaner evidence either way."
539,ai_datacenters_polarity_pro_281,ai_datacenters,Increasing number of AI datacenters,technological,Technological,pro,Pro,the Pacific Northwest,cloud providers,modular container datacenters,unlock larger training runs that advance open science,en,English,"Say it plainly: we need the capacity. Don't slow-walk modular container datacenters around the Pacific Northwest. Done right by cloud providers, the buildout will unlock larger training runs that advance open science. I'm here for the buildout."
540,ai_datacenters_polarity_against_076,ai_datacenters,Increasing number of AI datacenters,technological,Technological,against,Against,Brazil's São Paulo hinterland,regional economic-development agencies,GPU-dense halls,chase density that outruns safety and maintainability,en,English,Against more AI datacenters in my book. The Brazil's São Paulo hinterland story is clear enough: regional economic-development agencies' GPU-dense halls tend to chase density that outruns safety and maintainability. I don't want more AI datacenters. No more blank checks.
541,ai_datacenters_polarity_against_204,ai_datacenters,Increasing number of AI datacenters,local_community,Local community,against,Against,Quebec's hydropower belt,private equity funds,black-start resilient bunkers,steamroll zoning with state preemption bills,en,English,Against take on Quebec's hydropower belt: block the next black-start resilient bunkers. Private equity funds keep selling growth while they steamroll zoning with state preemption bills. Protect the commons first.
542,ai_datacenters_polarity_neutral_216,ai_datacenters,Increasing number of AI datacenters,technological,Technological,neutral,Neutral,Midwest farm counties,cloud providers,multi-gigawatt campuses,open-access quotas versus reserved enterprise capacity,en,English,Not picking a side on more campuses yet. Flagging multi-gigawatt campuses in Midwest farm counties without a verdict. The live issue is open-access quotas versus reserved enterprise capacity. Ask me again after the next rate case.
543,ai_datacenters_polarity_neutral_299,ai_datacenters,Increasing number of AI datacenters,infrastructure,Infrastructure,neutral,Neutral,Arizona's desert corridor,AI labs,nuclear-adjacent compute parks,timeline realism for new transmission,en,English,"Not picking a side on more campuses yet. On Arizona's desert corridor, people argue about whether AI labs' nuclear-adjacent compute parks help or hurt — especially timeline realism for new transmission. I need receipts before choosing."
544,ai_datacenters_polarity_neutral_125,ai_datacenters,Increasing number of AI datacenters,environmental,Environmental,neutral,Neutral,Malaysia's Johor corridor,AI labs,nuclear-adjacent compute parks,water budgets under multi-year drought,en,English,"The buildout debate isn't settled for me. On Malaysia's Johor corridor, people argue about whether AI labs' nuclear-adjacent compute parks help or hurt — especially water budgets under multi-year drought. Ask me again after the next rate case."
545,ai_datacenters_polarity_against_191,ai_datacenters,Increasing number of AI datacenters,local_community,Local community,against,Against,Poland's logistics corridor,defense contractors,subsea-cable landing campuses,leave neighbors with light pollution and truck traffic,en,English,Against take on Poland's logistics corridor: block the next subsea-cable landing campuses. Defense contractors keep selling growth while they leave neighbors with light pollution and truck traffic. Protect the commons first.
546,ai_datacenters_polarity_against_187,ai_datacenters,Increasing number of AI datacenters,technological,Technological,against,Against,the UAE's free zones,telecom carriers,liquid-cooled clusters,optimize for closed models instead of public compute,en,English,Against take on the UAE's free zones: block the next liquid-cooled clusters. Telecom carriers keep selling growth while they optimize for closed models instead of public compute. No more blank checks.
547,ai_datacenters_polarity_against_282,ai_datacenters,Increasing number of AI datacenters,geopolitical,Geopolitical,against,Against,the UAE's free zones,regional economic-development agencies,research supercomputer halls,undermine alliances when water and power fights spill over,en,English,"Hit the brakes on new campuses. In the UAE's free zones, more research supercomputer halls from regional economic-development agencies mostly undermine alliances when water and power fights spill over. That is a reason to resist the boom. Opposition is the responsible stance."
548,ai_datacenters_polarity_against_296,ai_datacenters,Increasing number of AI datacenters,infrastructure,Infrastructure,against,Against,central Texas,cloud providers,edge AI pods,clog roads with construction traffic for years,en,English,Hit the brakes on new campuses. The central Texas story is clear enough: cloud providers' edge AI pods tend to clog roads with construction traffic for years. I don't want more AI datacenters. Protect the commons first.
549,ai_datacenters_polarity_neutral_242,ai_datacenters,Increasing number of AI datacenters,geopolitical,Geopolitical,neutral,Neutral,eastern Oregon,defense contractors,inference megacampuses,sovereign compute versus corporate capture,en,English,Not picking a side on more campuses yet. Flagging inference megacampuses in eastern Oregon without a verdict. The live issue is sovereign compute versus corporate capture. Still collecting local data.
550,ai_datacenters_polarity_pro_246,ai_datacenters,Increasing number of AI datacenters,environmental,Environmental,pro,Pro,Arizona's desert corridor,hyperscalers,behind-the-meter solar campuses,fund grid upgrades that cut curtailment waste,en,English,"Pro take on Arizona's desert corridor: back the behind-the-meter solar campuses. When hyperscalers scale responsibly, they fund grid upgrades that cut curtailment waste. I'm for more AI datacenters. I'm here for the buildout."
551,ai_datacenters_polarity_neutral_180,ai_datacenters,Increasing number of AI datacenters,geopolitical,Geopolitical,neutral,Neutral,rural Iowa,municipal governments,inference megacampuses,alliance benefits versus local resource strain,en,English,Watching the AI datacenter fight without a banner. Flagging inference megacampuses in rural Iowa without a verdict. The live issue is alliance benefits versus local resource strain. Ask me again after the next rate case.
552,ai_datacenters_polarity_neutral_269,ai_datacenters,Increasing number of AI datacenters,geopolitical,Geopolitical,neutral,Neutral,Arizona's desert corridor,national labs,subsea-cable landing campuses,sovereign compute versus corporate capture,en,English,Not picking a side on more campuses yet. Re: subsea-cable landing campuses around Arizona's desert corridor — boosters and critics both cite sovereign compute versus corporate capture. No banner from me yet. Show me cleaner evidence either way.
553,ai_datacenters_polarity_pro_022,ai_datacenters,Increasing number of AI datacenters,local_community,Local community,pro,Pro,Morocco's Atlantic coast,chipmakers,research supercomputer halls,fund scholarships tied to campus payrolls,en,English,"Greenlight the campuses. Don't slow-walk research supercomputer halls around Morocco's Atlantic coast. Done right by chipmakers, the buildout will fund scholarships tied to campus payrolls. I'm here for the buildout."
554,ai_datacenters_polarity_pro_149,ai_datacenters,Increasing number of AI datacenters,geopolitical,Geopolitical,pro,Pro,central Texas,AI labs,GPU-dense halls,deter adversaries by scaling trusted infrastructure,en,English,"Pro take on central Texas: back the GPU-dense halls. When AI labs scale responsibly, they deter adversaries by scaling trusted infrastructure. I'm for more AI datacenters. I'm here for the buildout."
555,ai_datacenters_polarity_neutral_087,ai_datacenters,Increasing number of AI datacenters,environmental,Environmental,neutral,Neutral,suburban Phoenix,defense contractors,black-start resilient bunkers,lifecycle emissions beyond campus fences,en,English,Parking the yes/no on AI datacenters for now. Re: black-start resilient bunkers around suburban Phoenix — boosters and critics both cite lifecycle emissions beyond campus fences. No banner from me yet. Ask me again after the next rate case.
556,ai_datacenters_polarity_neutral_109,ai_datacenters,Increasing number of AI datacenters,environmental,Environmental,neutral,Neutral,Poland's logistics corridor,colocation operators,sovereign compute hubs,peaker plants sold as 'bridge' capacity,en,English,"Holding judgment on AI datacenter expansion. On Poland's logistics corridor, people argue about whether colocation operators' sovereign compute hubs help or hurt — especially peaker plants sold as 'bridge' capacity. Tradeoffs first, slogans later."
557,ai_datacenters_polarity_against_149,ai_datacenters,Increasing number of AI datacenters,environmental,Environmental,against,Against,upstate New York,utility companies,GPU-dense halls,treat water as an infinite free input,en,English,"I'm against the AI datacenter surge. In upstate New York, more GPU-dense halls from utility companies mostly treat water as an infinite free input. That is a reason to resist the boom. No more blank checks."
558,ai_datacenters_polarity_pro_266,ai_datacenters,Increasing number of AI datacenters,geopolitical,Geopolitical,pro,Pro,Chile's Atacama edge,REIT-backed campus developers,research supercomputer halls,keep frontier training capacity on allied soil,en,English,Greenlight the campuses. The case in Chile's Atacama edge is straightforward: REIT-backed campus developers' research supercomputer halls help keep frontier training capacity on allied soil. AI datacenter growth is good policy here. Expansion is the right call.
559,ai_datacenters_polarity_against_259,ai_datacenters,Increasing number of AI datacenters,technological,Technological,against,Against,India's Hyderabad tech belt,AI labs,GPU-dense halls,waste cooling capacity on vanity cluster sizes,en,English,Against more AI datacenters in my book. Slowing GPU-dense halls near India's Hyderabad tech belt is justified when AI labs waste cooling capacity on vanity cluster sizes. Protect the commons first.
560,ai_datacenters_polarity_pro_240,ai_datacenters,Increasing number of AI datacenters,environmental,Environmental,pro,Pro,Midwest farm counties,hyperscalers,waste-heat district heating sites,push cooling R&D that lowers water intensity,en,English,"I'm for more AI datacenters. Don't slow-walk waste-heat district heating sites around Midwest farm counties. Done right by hyperscalers, the buildout will push cooling R&D that lowers water intensity. Expansion is the right call."
561,ai_datacenters_polarity_pro_188,ai_datacenters,Increasing number of AI datacenters,environmental,Environmental,pro,Pro,Quebec's hydropower belt,defense contractors,behind-the-meter solar campuses,push cooling R&D that lowers water intensity,en,English,"Say it plainly: we need the capacity. Don't slow-walk behind-the-meter solar campuses around Quebec's hydropower belt. Done right by defense contractors, the buildout will push cooling R&D that lowers water intensity. I'm here for the buildout."
562,ai_datacenters_polarity_neutral_192,ai_datacenters,Increasing number of AI datacenters,environmental,Environmental,neutral,Neutral,suburban Phoenix,hyperscalers,GPU-dense halls,water budgets under multi-year drought,en,English,"Neither booster nor blocker — still weighing it. On suburban Phoenix, people argue about whether hyperscalers' GPU-dense halls help or hurt — especially water budgets under multi-year drought. Ask me again after the next rate case."
563,ai_datacenters_polarity_neutral_292,ai_datacenters,Increasing number of AI datacenters,economic,Economic,neutral,Neutral,Georgia's coastal plain,hyperscalers,nuclear-adjacent compute parks,whether tax base gains outlast construction payrolls,en,English,"Neutral note on Georgia's coastal plain: if hyperscalers add more nuclear-adjacent compute parks, I'm watching whether tax base gains outlast construction payrolls before I cheer or protest. Show me cleaner evidence either way."
564,ai_datacenters_polarity_against_007,ai_datacenters,Increasing number of AI datacenters,technological,Technological,against,Against,central Texas,startup GPU cloud firms,liquid-cooled clusters,chase density that outruns safety and maintainability,en,English,I oppose the AI datacenter boom. Slowing liquid-cooled clusters near central Texas is justified when startup GPU cloud firms chase density that outruns safety and maintainability. Opposition is the responsible stance.
565,ai_datacenters_polarity_neutral_235,ai_datacenters,Increasing number of AI datacenters,economic,Economic,neutral,Neutral,upstate New York,AI labs,black-start resilient bunkers,local multipliers versus shareholder leakage,en,English,"Neutral note on upstate New York: if AI labs add more black-start resilient bunkers, I'm watching local multipliers versus shareholder leakage before I cheer or protest. Show me cleaner evidence either way."
566,ai_datacenters_polarity_neutral_110,ai_datacenters,Increasing number of AI datacenters,environmental,Environmental,neutral,Neutral,Canada's prairie provinces,national labs,sovereign compute hubs,waste-heat reuse that actually materializes,en,English,Open question: should we keep adding campuses? Flagging sovereign compute hubs in Canada's prairie provinces without a verdict. The live issue is waste-heat reuse that actually materializes. Show me cleaner evidence either way.
567,ai_datacenters_polarity_neutral_210,ai_datacenters,Increasing number of AI datacenters,infrastructure,Infrastructure,neutral,Neutral,Singapore's industrial parks,AI labs,nuclear-adjacent compute parks,who pays for interconnect upgrades,en,English,"Neither booster nor blocker — still weighing it. On Singapore's industrial parks, people argue about whether AI labs' nuclear-adjacent compute parks help or hurt — especially who pays for interconnect upgrades. I need receipts before choosing."
568,ai_datacenters_polarity_against_154,ai_datacenters,Increasing number of AI datacenters,economic,Economic,against,Against,Finland's cold-climate parks,telecom carriers,AI training campuses,inflate industrial power rates for everyone else,en,English,"Against more AI datacenters in my book. In Finland's cold-climate parks, more AI training campuses from telecom carriers mostly inflate industrial power rates for everyone else. That is a reason to resist the boom. Protect the commons first."
569,ai_datacenters_polarity_against_217,ai_datacenters,Increasing number of AI datacenters,environmental,Environmental,against,Against,Arizona's desert corridor,regional economic-development agencies,GPU-dense halls,spike Scope-2 emissions despite renewable marketing,en,English,"Hard no on endless AI datacenter expansion. In Arizona's desert corridor, more GPU-dense halls from regional economic-development agencies mostly spike Scope-2 emissions despite renewable marketing. That is a reason to resist the boom. Protect the commons first."
570,ai_datacenters_polarity_pro_025,ai_datacenters,Increasing number of AI datacenters,infrastructure,Infrastructure,pro,Pro,Ohio's Rust Belt towns,energy traders,behind-the-meter solar campuses,modernize substations communities already needed,en,English,"Pro-expansion here. In Ohio's Rust Belt towns, more behind-the-meter solar campuses from energy traders can modernize substations communities already needed. That is why I support the expansion. Approve the next round."
571,ai_datacenters_polarity_neutral_236,ai_datacenters,Increasing number of AI datacenters,technological,Technological,neutral,Neutral,northern Virginia,municipal governments,multi-gigawatt campuses,open-access quotas versus reserved enterprise capacity,en,English,The buildout debate isn't settled for me. Flagging multi-gigawatt campuses in northern Virginia without a verdict. The live issue is open-access quotas versus reserved enterprise capacity. Ask me again after the next rate case.
572,ai_datacenters_polarity_pro_106,ai_datacenters,Increasing number of AI datacenters,economic,Economic,pro,Pro,Poland's logistics corridor,private equity funds,AI training campuses,broaden the local tax base without raising rates,en,English,"Count me as a yes on the buildout. Don't slow-walk AI training campuses around Poland's logistics corridor. Done right by private equity funds, the buildout will broaden the local tax base without raising rates. Capacity is policy."
573,ai_datacenters_polarity_neutral_024,ai_datacenters,Increasing number of AI datacenters,economic,Economic,neutral,Neutral,Gulf Coast industrial zones,AI labs,research supercomputer halls,energy-price pass-through to smaller firms,en,English,"Not picking a side on more campuses yet. On Gulf Coast industrial zones, people argue about whether AI labs' research supercomputer halls help or hurt — especially energy-price pass-through to smaller firms. Show me cleaner evidence either way."
574,ai_datacenters_polarity_neutral_232,ai_datacenters,Increasing number of AI datacenters,technological,Technological,neutral,Neutral,eastern Oregon,AI labs,nuclear-adjacent compute parks,utilization rates after the first training boom,en,English,"Neutral note on eastern Oregon: if AI labs add more nuclear-adjacent compute parks, I'm watching utilization rates after the first training boom before I cheer or protest. Still collecting local data."
575,ai_datacenters_polarity_neutral_272,ai_datacenters,Increasing number of AI datacenters,infrastructure,Infrastructure,neutral,Neutral,Arizona's desert corridor,colocation operators,edge AI pods,whether fiber laterals reach homes or only campuses,en,English,"Still undecided on the AI datacenter wave. On Arizona's desert corridor, people argue about whether colocation operators' edge AI pods help or hurt — especially whether fiber laterals reach homes or only campuses. I need receipts before choosing."
576,ai_datacenters_polarity_neutral_144,ai_datacenters,Increasing number of AI datacenters,economic,Economic,neutral,Neutral,the UAE's free zones,AI labs,edge AI pods,local multipliers versus shareholder leakage,en,English,"Not picking a side on more campuses yet. On the UAE's free zones, people argue about whether AI labs' edge AI pods help or hurt — especially local multipliers versus shareholder leakage. Show me cleaner evidence either way."
577,ai_datacenters_polarity_pro_123,ai_datacenters,Increasing number of AI datacenters,environmental,Environmental,pro,Pro,central Texas,sovereign wealth funds,liquid-cooled clusters,pair new load with additionality-backed renewables,en,English,"Greenlight the campuses. Don't slow-walk liquid-cooled clusters around central Texas. Done right by sovereign wealth funds, the buildout will pair new load with additionality-backed renewables. I'm here for the buildout."
578,ai_datacenters_polarity_pro_156,ai_datacenters,Increasing number of AI datacenters,economic,Economic,pro,Pro,Ohio's Rust Belt towns,sovereign wealth funds,black-start resilient bunkers,pull private capital into overlooked counties,en,English,"Pro-expansion here. In Ohio's Rust Belt towns, more black-start resilient bunkers from sovereign wealth funds can pull private capital into overlooked counties. That is why I support the expansion. Capacity is policy."
579,ai_datacenters_polarity_neutral_131,ai_datacenters,Increasing number of AI datacenters,technological,Technological,neutral,Neutral,Malaysia's Johor corridor,defense contractors,inference megacampuses,cooling-efficiency claims under real weather,en,English,"Neutral note on Malaysia's Johor corridor: if defense contractors add more inference megacampuses, I'm watching cooling-efficiency claims under real weather before I cheer or protest. I need receipts before choosing."
580,ai_datacenters_polarity_pro_068,ai_datacenters,Increasing number of AI datacenters,environmental,Environmental,pro,Pro,Canada's prairie provinces,construction consortia,behind-the-meter solar campuses,reuse waste heat for district heating,en,English,"Build the campuses. Don't slow-walk behind-the-meter solar campuses around Canada's prairie provinces. Done right by construction consortia, the buildout will reuse waste heat for district heating. Expansion is the right call."
581,ai_datacenters_polarity_pro_117,ai_datacenters,Increasing number of AI datacenters,infrastructure,Infrastructure,pro,Pro,Ireland's midlands,defense contractors,behind-the-meter solar campuses,modernize substations communities already needed,en,English,I'm for more AI datacenters. The case in Ireland's midlands is straightforward: defense contractors' behind-the-meter solar campuses help modernize substations communities already needed. AI datacenter growth is good policy here. Approve the next round.
582,ai_datacenters_polarity_pro_205,ai_datacenters,Increasing number of AI datacenters,local_community,Local community,pro,Pro,Brazil's São Paulo hinterland,state investment boards,research supercomputer halls,negotiate real community-benefit agreements,en,English,"Greenlight the campuses. Don't slow-walk research supercomputer halls around Brazil's São Paulo hinterland. Done right by state investment boards, the buildout will negotiate real community-benefit agreements. Let's build."
583,ai_datacenters_polarity_against_196,ai_datacenters,Increasing number of AI datacenters,local_community,Local community,against,Against,Ohio's Rust Belt towns,national labs,behind-the-meter solar campuses,leave neighbors with light pollution and truck traffic,en,English,This expansion is a bad deal. The Ohio's Rust Belt towns story is clear enough: national labs' behind-the-meter solar campuses tend to leave neighbors with light pollution and truck traffic. I don't want more AI datacenters. Reject the next campus.
584,ai_datacenters_polarity_neutral_013,ai_datacenters,Increasing number of AI datacenters,economic,Economic,neutral,Neutral,northern Italy's industrial belt,hyperscalers,behind-the-meter solar campuses,whether tax base gains outlast construction payrolls,en,English,Parking the yes/no on AI datacenters for now. Flagging behind-the-meter solar campuses in northern Italy's industrial belt without a verdict. The live issue is whether tax base gains outlast construction payrolls. I need receipts before choosing.
585,ai_datacenters_polarity_neutral_070,ai_datacenters,Increasing number of AI datacenters,local_community,Local community,neutral,Neutral,northern Italy's industrial belt,colocation operators,modular container datacenters,noise and traffic mitigation that is enforceable,en,English,"Not picking a side on more campuses yet. On northern Italy's industrial belt, people argue about whether colocation operators' modular container datacenters help or hurt — especially noise and traffic mitigation that is enforceable. Ask me again after the next rate case."
586,ai_datacenters_polarity_neutral_057,ai_datacenters,Increasing number of AI datacenters,geopolitical,Geopolitical,neutral,Neutral,the UAE's free zones,chipmakers,waste-heat district heating sites,alliance benefits versus local resource strain,en,English,"Neutral note on the UAE's free zones: if chipmakers add more waste-heat district heating sites, I'm watching alliance benefits versus local resource strain before I cheer or protest. Ask me again after the next rate case."
587,ai_datacenters_polarity_neutral_092,ai_datacenters,Increasing number of AI datacenters,geopolitical,Geopolitical,neutral,Neutral,Quebec's hydropower belt,energy traders,AI training campuses,alliance benefits versus local resource strain,en,English,"Parking the yes/no on AI datacenters for now. On Quebec's hydropower belt, people argue about whether energy traders' AI training campuses help or hurt — especially alliance benefits versus local resource strain. I need receipts before choosing."
588,ai_datacenters_polarity_pro_228,ai_datacenters,Increasing number of AI datacenters,geopolitical,Geopolitical,pro,Pro,Ireland's midlands,regional economic-development agencies,waste-heat district heating sites,support sovereign compute for public research,en,English,Greenlight the campuses. The case in Ireland's midlands is straightforward: regional economic-development agencies' waste-heat district heating sites help support sovereign compute for public research. AI datacenter growth is good policy here. Approve the next round.
589,ai_datacenters_polarity_pro_139,ai_datacenters,Increasing number of AI datacenters,environmental,Environmental,pro,Pro,northern Italy's industrial belt,AI labs,waste-heat district heating sites,pair new load with additionality-backed renewables,en,English,"Build the campuses. In northern Italy's industrial belt, more waste-heat district heating sites from AI labs can pair new load with additionality-backed renewables. That is why I support the expansion. Approve the next round."
590,ai_datacenters_polarity_neutral_283,ai_datacenters,Increasing number of AI datacenters,technological,Technological,neutral,Neutral,India's Hyderabad tech belt,energy traders,liquid-cooled clusters,safety margins at extreme rack densities,en,English,Still undecided on the AI datacenter wave. Flagging liquid-cooled clusters in India's Hyderabad tech belt without a verdict. The live issue is safety margins at extreme rack densities. Ask me again after the next rate case.
591,ai_datacenters_polarity_against_275,ai_datacenters,Increasing number of AI datacenters,technological,Technological,against,Against,South Korea's semiconductor belt,state investment boards,edge AI pods,optimize for closed models instead of public compute,en,English,Against take on South Korea's semiconductor belt: block the next edge AI pods. State investment boards keep selling growth while they optimize for closed models instead of public compute. No more blank checks.
592,ai_datacenters_polarity_pro_147,ai_datacenters,Increasing number of AI datacenters,economic,Economic,pro,Pro,South Korea's semiconductor belt,REIT-backed campus developers,multi-gigawatt campuses,anchor high-wage construction and ops jobs,en,English,"Greenlight the campuses. In South Korea's semiconductor belt, more multi-gigawatt campuses from REIT-backed campus developers can anchor high-wage construction and ops jobs. That is why I support the expansion. I'm here for the buildout."
593,ai_datacenters_polarity_against_228,ai_datacenters,Increasing number of AI datacenters,economic,Economic,against,Against,Chile's Atacama edge,private equity funds,black-start resilient bunkers,crowd out manufacturing that employs denser workforces,en,English,We should block this buildout. Slowing black-start resilient bunkers near Chile's Atacama edge is justified when private equity funds crowd out manufacturing that employs denser workforces. Reject the next campus.
594,ai_datacenters_polarity_pro_209,ai_datacenters,Increasing number of AI datacenters,environmental,Environmental,pro,Pro,northern Italy's industrial belt,construction consortia,nuclear-adjacent compute parks,accelerate nuclear and geothermal firming builds,en,English,"Say it plainly: we need the capacity. In northern Italy's industrial belt, more nuclear-adjacent compute parks from construction consortia can accelerate nuclear and geothermal firming builds. That is why I support the expansion. Let's build."
595,ai_datacenters_polarity_neutral_017,ai_datacenters,Increasing number of AI datacenters,technological,Technological,neutral,Neutral,Poland's logistics corridor,hyperscalers,sovereign compute hubs,safety margins at extreme rack densities,en,English,Parking the yes/no on AI datacenters for now. Re: sovereign compute hubs around Poland's logistics corridor — boosters and critics both cite safety margins at extreme rack densities. No banner from me yet. Show me cleaner evidence either way.
596,ai_datacenters_polarity_against_223,ai_datacenters,Increasing number of AI datacenters,geopolitical,Geopolitical,against,Against,Chile's Atacama edge,regional economic-development agencies,edge AI pods,undermine alliances when water and power fights spill over,en,English,"I oppose the AI datacenter boom. In Chile's Atacama edge, more edge AI pods from regional economic-development agencies mostly undermine alliances when water and power fights spill over. That is a reason to resist the boom. Reject the next campus."
597,ai_datacenters_polarity_pro_124,ai_datacenters,Increasing number of AI datacenters,technological,Technological,pro,Pro,Quebec's hydropower belt,AI labs,black-start resilient bunkers,concentrate R&D where talent and power already meet,en,English,"Pro take on Quebec's hydropower belt: back the black-start resilient bunkers. When AI labs scale responsibly, they concentrate R&D where talent and power already meet. I'm for more AI datacenters. Let's build."
598,ai_datacenters_polarity_pro_062,ai_datacenters,Increasing number of AI datacenters,economic,Economic,pro,Pro,northern Virginia,utility companies,sovereign compute hubs,turn idle industrial land into productive assets,en,English,"Pro take on northern Virginia: back the sovereign compute hubs. When utility companies scale responsibly, they turn idle industrial land into productive assets. I'm for more AI datacenters. Let's build."
599,ai_datacenters_polarity_neutral_214,ai_datacenters,Increasing number of AI datacenters,geopolitical,Geopolitical,neutral,Neutral,the Nordics,state investment boards,inference megacampuses,alliance benefits versus local resource strain,en,English,The buildout debate isn't settled for me. Flagging inference megacampuses in the Nordics without a verdict. The live issue is alliance benefits versus local resource strain. Still collecting local data.
600,ai_datacenters_polarity_against_193,ai_datacenters,Increasing number of AI datacenters,geopolitical,Geopolitical,against,Against,Ireland's midlands,defense contractors,inference megacampuses,invite sanctions exposure through opaque ownership,en,English,Against take on Ireland's midlands: block the next inference megacampuses. Defense contractors keep selling growth while they invite sanctions exposure through opaque ownership. Opposition is the responsible stance.
601,ai_datacenters_polarity_neutral_019,ai_datacenters,Increasing number of AI datacenters,economic,Economic,neutral,Neutral,Ohio's Rust Belt towns,startup GPU cloud firms,liquid-cooled clusters,boom-town risk if a single tenant leaves,en,English,"Neutral note on Ohio's Rust Belt towns: if startup GPU cloud firms add more liquid-cooled clusters, I'm watching boom-town risk if a single tenant leaves before I cheer or protest. Tradeoffs first, slogans later."
602,ai_datacenters_polarity_neutral_084,ai_datacenters,Increasing number of AI datacenters,local_community,Local community,neutral,Neutral,Finland's cold-climate parks,municipal governments,edge AI pods,housing supply responses to new payrolls,en,English,Open question: should we keep adding campuses? Flagging edge AI pods in Finland's cold-climate parks without a verdict. The live issue is housing supply responses to new payrolls. Show me cleaner evidence either way.
603,ai_datacenters_polarity_pro_099,ai_datacenters,Increasing number of AI datacenters,geopolitical,Geopolitical,pro,Pro,Singapore's industrial parks,private equity funds,black-start resilient bunkers,support sovereign compute for public research,en,English,"Pro-expansion here. Don't slow-walk black-start resilient bunkers around Singapore's industrial parks. Done right by private equity funds, the buildout will support sovereign compute for public research. Capacity is policy."
604,ai_datacenters_polarity_neutral_197,ai_datacenters,Increasing number of AI datacenters,environmental,Environmental,neutral,Neutral,central Texas,startup GPU cloud firms,sovereign compute hubs,lifecycle emissions beyond campus fences,en,English,"Watching the AI datacenter fight without a banner. Re: sovereign compute hubs around central Texas — boosters and critics both cite lifecycle emissions beyond campus fences. No banner from me yet. Tradeoffs first, slogans later."
605,ai_datacenters_polarity_pro_109,ai_datacenters,Increasing number of AI datacenters,environmental,Environmental,pro,Pro,Canada's prairie provinces,colocation operators,waste-heat district heating sites,fund grid upgrades that cut curtailment waste,en,English,This wave is worth backing. The case in Canada's prairie provinces is straightforward: colocation operators' waste-heat district heating sites help fund grid upgrades that cut curtailment waste. AI datacenter growth is good policy here. Approve the next round.
606,ai_datacenters_polarity_neutral_190,ai_datacenters,Increasing number of AI datacenters,geopolitical,Geopolitical,neutral,Neutral,eastern Oregon,energy traders,sovereign compute hubs,transparency of ownership in free-zone campuses,en,English,Watching the AI datacenter fight without a banner. Re: sovereign compute hubs around eastern Oregon — boosters and critics both cite transparency of ownership in free-zone campuses. No banner from me yet. Show me cleaner evidence either way.
607,ai_datacenters_polarity_pro_056,ai_datacenters,Increasing number of AI datacenters,geopolitical,Geopolitical,pro,Pro,Malaysia's Johor corridor,hyperscalers,modular container datacenters,secure chip-to-cloud pipelines domestically,en,English,"Pro take on Malaysia's Johor corridor: back the modular container datacenters. When hyperscalers scale responsibly, they secure chip-to-cloud pipelines domestically. I'm for more AI datacenters. Approve the next round."
608,ai_datacenters_polarity_pro_086,ai_datacenters,Increasing number of AI datacenters,economic,Economic,pro,Pro,Japan's Tohoku rebuild zones,REIT-backed campus developers,behind-the-meter solar campuses,broaden the local tax base without raising rates,en,English,"I'm bullish on more AI datacenters. Don't slow-walk behind-the-meter solar campuses around Japan's Tohoku rebuild zones. Done right by REIT-backed campus developers, the buildout will broaden the local tax base without raising rates. Capacity is policy."
609,ai_datacenters_polarity_pro_055,ai_datacenters,Increasing number of AI datacenters,infrastructure,Infrastructure,pro,Pro,Quebec's hydropower belt,REIT-backed campus developers,GPU-dense halls,underwrite fiber laterals to rural towns,en,English,"Pro take on Quebec's hydropower belt: back the GPU-dense halls. When REIT-backed campus developers scale responsibly, they underwrite fiber laterals to rural towns. I'm for more AI datacenters. I'm here for the buildout."
610,ai_datacenters_polarity_against_171,ai_datacenters,Increasing number of AI datacenters,infrastructure,Infrastructure,against,Against,Ireland's midlands,colocation operators,modular container datacenters,consume cooling water meant for farms and towns,en,English,"I'm against the AI datacenter surge. In Ireland's midlands, more modular container datacenters from colocation operators mostly consume cooling water meant for farms and towns. That is a reason to resist the boom. Enough is enough."
611,ai_datacenters_polarity_neutral_196,ai_datacenters,Increasing number of AI datacenters,technological,Technological,neutral,Neutral,Brazil's São Paulo hinterland,state investment boards,inference megacampuses,utilization rates after the first training boom,en,English,Neither booster nor blocker — still weighing it. Re: inference megacampuses around Brazil's São Paulo hinterland — boosters and critics both cite utilization rates after the first training boom. No banner from me yet. Still collecting local data.
612,ai_datacenters_polarity_against_173,ai_datacenters,Increasing number of AI datacenters,local_community,Local community,against,Against,Morocco's Atlantic coast,national labs,subsea-cable landing campuses,add continuous industrial noise next to homes,en,English,Stop rubber-stamping these campuses. The Morocco's Atlantic coast story is clear enough: national labs' subsea-cable landing campuses tend to add continuous industrial noise next to homes. I don't want more AI datacenters. No more blank checks.
613,ai_datacenters_polarity_pro_006,ai_datacenters,Increasing number of AI datacenters,geopolitical,Geopolitical,pro,Pro,Morocco's Atlantic coast,chipmakers,GPU-dense halls,give democracies leverage in model-access talks,en,English,Say it plainly: we need the capacity. The case in Morocco's Atlantic coast is straightforward: chipmakers' GPU-dense halls help give democracies leverage in model-access talks. AI datacenter growth is good policy here. Let's build.
614,ai_datacenters_polarity_against_112,ai_datacenters,Increasing number of AI datacenters,economic,Economic,against,Against,northern Italy's industrial belt,regional economic-development agencies,modular container datacenters,inflate industrial power rates for everyone else,en,English,Stop rubber-stamping these campuses. The northern Italy's industrial belt story is clear enough: regional economic-development agencies' modular container datacenters tend to inflate industrial power rates for everyone else. I don't want more AI datacenters. Enough is enough.
615,ai_datacenters_polarity_pro_128,ai_datacenters,Increasing number of AI datacenters,environmental,Environmental,pro,Pro,Quebec's hydropower belt,AI labs,inference megacampuses,push cooling R&D that lowers water intensity,en,English,Say it plainly: we need the capacity. The case in Quebec's hydropower belt is straightforward: AI labs' inference megacampuses help push cooling R&D that lowers water intensity. AI datacenter growth is good policy here. Approve the next round.
616,ai_datacenters_polarity_neutral_290,ai_datacenters,Increasing number of AI datacenters,infrastructure,Infrastructure,neutral,Neutral,Poland's logistics corridor,startup GPU cloud firms,liquid-cooled clusters,construction labor shortages cascading to hospitals,en,English,"Neutral note on Poland's logistics corridor: if startup GPU cloud firms add more liquid-cooled clusters, I'm watching construction labor shortages cascading to hospitals before I cheer or protest. Still collecting local data."
617,ai_datacenters_polarity_neutral_285,ai_datacenters,Increasing number of AI datacenters,technological,Technological,neutral,Neutral,Quebec's hydropower belt,colocation operators,black-start resilient bunkers,cooling-efficiency claims under real weather,en,English,"Neutral note on Quebec's hydropower belt: if colocation operators add more black-start resilient bunkers, I'm watching cooling-efficiency claims under real weather before I cheer or protest. Ask me again after the next rate case."
618,ai_datacenters_polarity_against_000,ai_datacenters,Increasing number of AI datacenters,economic,Economic,against,Against,Japan's Tohoku rebuild zones,AI labs,waste-heat district heating sites,crowd out manufacturing that employs denser workforces,en,English,Hit the brakes on new campuses. The Japan's Tohoku rebuild zones story is clear enough: AI labs' waste-heat district heating sites tend to crowd out manufacturing that employs denser workforces. I don't want more AI datacenters. Reject the next campus.
619,ai_datacenters_polarity_against_279,ai_datacenters,Increasing number of AI datacenters,technological,Technological,against,Against,Poland's logistics corridor,regional economic-development agencies,modular container datacenters,waste cooling capacity on vanity cluster sizes,en,English,I oppose the AI datacenter boom. Slowing modular container datacenters near Poland's logistics corridor is justified when regional economic-development agencies waste cooling capacity on vanity cluster sizes. Protect the commons first.
620,ai_datacenters_polarity_against_256,ai_datacenters,Increasing number of AI datacenters,infrastructure,Infrastructure,against,Against,Ohio's Rust Belt towns,hyperscalers,black-start resilient bunkers,queue-jump households waiting for grid interconnects,en,English,Against more AI datacenters in my book. The Ohio's Rust Belt towns story is clear enough: hyperscalers' black-start resilient bunkers tend to queue-jump households waiting for grid interconnects. I don't want more AI datacenters. No more blank checks.
621,ai_datacenters_polarity_pro_130,ai_datacenters,Increasing number of AI datacenters,local_community,Local community,pro,Pro,South Korea's semiconductor belt,national labs,black-start resilient bunkers,negotiate real community-benefit agreements,en,English,"Say it plainly: we need the capacity. In South Korea's semiconductor belt, more black-start resilient bunkers from national labs can negotiate real community-benefit agreements. That is why I support the expansion. I'm here for the buildout."
622,ai_datacenters_polarity_against_082,ai_datacenters,Increasing number of AI datacenters,technological,Technological,against,Against,India's Hyderabad tech belt,REIT-backed campus developers,GPU-dense halls,waste cooling capacity on vanity cluster sizes,en,English,Against take on India's Hyderabad tech belt: block the next GPU-dense halls. REIT-backed campus developers keep selling growth while they waste cooling capacity on vanity cluster sizes. Reject the next campus.
623,ai_datacenters_polarity_against_224,ai_datacenters,Increasing number of AI datacenters,environmental,Environmental,against,Against,Spain's solar belt,startup GPU cloud firms,inference megacampuses,drain aquifers in drought-stressed basins,en,English,"We should block this buildout. In Spain's solar belt, more inference megacampuses from startup GPU cloud firms mostly drain aquifers in drought-stressed basins. That is a reason to resist the boom. No more blank checks."
624,ai_datacenters_polarity_against_294,ai_datacenters,Increasing number of AI datacenters,technological,Technological,against,Against,Arizona's desert corridor,utility companies,liquid-cooled clusters,overbuild GPU halls that sit half-idle after the hype,en,English,"We should block this buildout. In Arizona's desert corridor, more liquid-cooled clusters from utility companies mostly overbuild GPU halls that sit half-idle after the hype. That is a reason to resist the boom. Protect the commons first."
625,ai_datacenters_polarity_pro_248,ai_datacenters,Increasing number of AI datacenters,environmental,Environmental,pro,Pro,Spain's solar belt,national labs,modular container datacenters,reuse waste heat for district heating,en,English,"I'm for more AI datacenters. In Spain's solar belt, more modular container datacenters from national labs can reuse waste heat for district heating. That is why I support the expansion. Capacity is policy."
626,ai_datacenters_polarity_neutral_072,ai_datacenters,Increasing number of AI datacenters,infrastructure,Infrastructure,neutral,Neutral,rural Iowa,chipmakers,nuclear-adjacent compute parks,who pays for interconnect upgrades,en,English,"Still undecided on the AI datacenter wave. On rural Iowa, people argue about whether chipmakers' nuclear-adjacent compute parks help or hurt — especially who pays for interconnect upgrades. Tradeoffs first, slogans later."
627,ai_datacenters_polarity_pro_143,ai_datacenters,Increasing number of AI datacenters,infrastructure,Infrastructure,pro,Pro,eastern Oregon,chipmakers,AI training campuses,underwrite fiber laterals to rural towns,en,English,"Pro take on eastern Oregon: back the AI training campuses. When chipmakers scale responsibly, they underwrite fiber laterals to rural towns. I'm for more AI datacenters. Expansion is the right call."
628,ai_datacenters_polarity_pro_090,ai_datacenters,Increasing number of AI datacenters,geopolitical,Geopolitical,pro,Pro,Ohio's Rust Belt towns,chipmakers,edge AI pods,support sovereign compute for public research,en,English,"This wave is worth backing. In Ohio's Rust Belt towns, more edge AI pods from chipmakers can support sovereign compute for public research. That is why I support the expansion. Approve the next round."
629,ai_datacenters_polarity_against_131,ai_datacenters,Increasing number of AI datacenters,environmental,Environmental,against,Against,Canada's prairie provinces,hyperscalers,inference megacampuses,spike Scope-2 emissions despite renewable marketing,en,English,Hit the brakes on new campuses. Slowing inference megacampuses near Canada's prairie provinces is justified when hyperscalers spike Scope-2 emissions despite renewable marketing. Enough is enough.
630,ai_datacenters_polarity_pro_027,ai_datacenters,Increasing number of AI datacenters,local_community,Local community,pro,Pro,Japan's Tohoku rebuild zones,construction consortia,modular container datacenters,replace dying extractive payrolls with steadier ones,en,English,"I'm bullish on more AI datacenters. Don't slow-walk modular container datacenters around Japan's Tohoku rebuild zones. Done right by construction consortia, the buildout will replace dying extractive payrolls with steadier ones. Approve the next round."
631,ai_datacenters_polarity_against_272,ai_datacenters,Increasing number of AI datacenters,economic,Economic,against,Against,Malaysia's Johor corridor,AI labs,inference megacampuses,crowd out manufacturing that employs denser workforces,en,English,Hit the brakes on new campuses. The Malaysia's Johor corridor story is clear enough: AI labs' inference megacampuses tend to crowd out manufacturing that employs denser workforces. I don't want more AI datacenters. Protect the commons first.
632,ai_datacenters_polarity_pro_028,ai_datacenters,Increasing number of AI datacenters,environmental,Environmental,pro,Pro,Singapore's industrial parks,energy traders,behind-the-meter solar campuses,fund grid upgrades that cut curtailment waste,en,English,"I'm for more AI datacenters. Don't slow-walk behind-the-meter solar campuses around Singapore's industrial parks. Done right by energy traders, the buildout will fund grid upgrades that cut curtailment waste. Approve the next round."
633,ai_datacenters_polarity_neutral_051,ai_datacenters,Increasing number of AI datacenters,environmental,Environmental,neutral,Neutral,eastern Oregon,construction consortia,edge AI pods,waste-heat reuse that actually materializes,en,English,The buildout debate isn't settled for me. Re: edge AI pods around eastern Oregon — boosters and critics both cite waste-heat reuse that actually materializes. No banner from me yet. Still collecting local data.
634,ai_datacenters_polarity_neutral_183,ai_datacenters,Increasing number of AI datacenters,infrastructure,Infrastructure,neutral,Neutral,South Korea's semiconductor belt,utility companies,modular container datacenters,cooling-water competing with farm allotments,en,English,"Neutral note on South Korea's semiconductor belt: if utility companies add more modular container datacenters, I'm watching cooling-water competing with farm allotments before I cheer or protest. I need receipts before choosing."
635,ai_datacenters_polarity_against_130,ai_datacenters,Increasing number of AI datacenters,local_community,Local community,against,Against,India's Hyderabad tech belt,startup GPU cloud firms,AI training campuses,buy silence with scholarships while rates climb,en,English,Against more AI datacenters in my book. Slowing AI training campuses near India's Hyderabad tech belt is justified when startup GPU cloud firms buy silence with scholarships while rates climb. Reject the next campus.
636,ai_datacenters_polarity_neutral_129,ai_datacenters,Increasing number of AI datacenters,environmental,Environmental,neutral,Neutral,Spain's solar belt,national labs,sovereign compute hubs,land-use tradeoffs against habitat corridors,en,English,"Neutral note on Spain's solar belt: if national labs add more sovereign compute hubs, I'm watching land-use tradeoffs against habitat corridors before I cheer or protest. Still collecting local data."
637,ai_datacenters_polarity_against_137,ai_datacenters,Increasing number of AI datacenters,environmental,Environmental,against,Against,Gulf Coast industrial zones,startup GPU cloud firms,GPU-dense halls,spike Scope-2 emissions despite renewable marketing,en,English,Against take on Gulf Coast industrial zones: block the next GPU-dense halls. Startup GPU cloud firms keep selling growth while they spike Scope-2 emissions despite renewable marketing. Reject the next campus.
638,ai_datacenters_polarity_against_062,ai_datacenters,Increasing number of AI datacenters,environmental,Environmental,against,Against,rural Iowa,cloud providers,multi-gigawatt campuses,lock in gas peakers for 'temporary' firming,en,English,"This expansion is a bad deal. In rural Iowa, more multi-gigawatt campuses from cloud providers mostly lock in gas peakers for 'temporary' firming. That is a reason to resist the boom. Reject the next campus."
639,ai_datacenters_polarity_against_179,ai_datacenters,Increasing number of AI datacenters,infrastructure,Infrastructure,against,Against,northern Italy's industrial belt,national labs,GPU-dense halls,force ratepayers to bankroll private transmission,en,English,"Hit the brakes on new campuses. In northern Italy's industrial belt, more GPU-dense halls from national labs mostly force ratepayers to bankroll private transmission. That is a reason to resist the boom. Reject the next campus."
640,ai_datacenters_polarity_against_066,ai_datacenters,Increasing number of AI datacenters,environmental,Environmental,against,Against,South Korea's semiconductor belt,regional economic-development agencies,liquid-cooled clusters,dump diesel NOx during grid emergencies,en,English,Against more AI datacenters in my book. Slowing liquid-cooled clusters near South Korea's semiconductor belt is justified when regional economic-development agencies dump diesel NOx during grid emergencies. Enough is enough.
641,ai_datacenters_polarity_neutral_222,ai_datacenters,Increasing number of AI datacenters,geopolitical,Geopolitical,neutral,Neutral,Australia's renewable zones,sovereign wealth funds,subsea-cable landing campuses,export-control exposure in cross-border training,en,English,"Neither booster nor blocker — still weighing it. On Australia's renewable zones, people argue about whether sovereign wealth funds' subsea-cable landing campuses help or hurt — especially export-control exposure in cross-border training. Show me cleaner evidence either way."
642,ai_datacenters_polarity_against_020,ai_datacenters,Increasing number of AI datacenters,infrastructure,Infrastructure,against,Against,Arizona's desert corridor,REIT-backed campus developers,waste-heat district heating sites,overload aging transformers and feeders,en,English,Against take on Arizona's desert corridor: block the next waste-heat district heating sites. REIT-backed campus developers keep selling growth while they overload aging transformers and feeders. No more blank checks.
643,ai_datacenters_polarity_against_152,ai_datacenters,Increasing number of AI datacenters,economic,Economic,against,Against,Brazil's São Paulo hinterland,REIT-backed campus developers,waste-heat district heating sites,capture tax abatements while creating few permanent jobs,en,English,"I'm against the AI datacenter surge. In Brazil's São Paulo hinterland, more waste-heat district heating sites from REIT-backed campus developers mostly capture tax abatements while creating few permanent jobs. That is a reason to resist the boom. Enough is enough."
644,ai_datacenters_polarity_neutral_174,ai_datacenters,Increasing number of AI datacenters,geopolitical,Geopolitical,neutral,Neutral,the Nordics,REIT-backed campus developers,sovereign compute hubs,sovereign compute versus corporate capture,en,English,"Neutral note on the Nordics: if REIT-backed campus developers add more sovereign compute hubs, I'm watching sovereign compute versus corporate capture before I cheer or protest. Tradeoffs first, slogans later."
645,ai_datacenters_polarity_neutral_098,ai_datacenters,Increasing number of AI datacenters,local_community,Local community,neutral,Neutral,suburban Phoenix,telecom carriers,edge AI pods,noise and traffic mitigation that is enforceable,en,English,"Open question: should we keep adding campuses? On suburban Phoenix, people argue about whether telecom carriers' edge AI pods help or hurt — especially noise and traffic mitigation that is enforceable. Still collecting local data."
646,ai_datacenters_polarity_pro_098,ai_datacenters,Increasing number of AI datacenters,environmental,Environmental,pro,Pro,Finland's cold-climate parks,cloud providers,waste-heat district heating sites,reuse waste heat for district heating,en,English,"Greenlight the campuses. In Finland's cold-climate parks, more waste-heat district heating sites from cloud providers can reuse waste heat for district heating. That is why I support the expansion. I'm here for the buildout."
647,ai_datacenters_polarity_against_147,ai_datacenters,Increasing number of AI datacenters,local_community,Local community,against,Against,Australia's renewable zones,national labs,inference megacampuses,buy silence with scholarships while rates climb,en,English,"This expansion is a bad deal. In Australia's renewable zones, more inference megacampuses from national labs mostly buy silence with scholarships while rates climb. That is a reason to resist the boom. Enough is enough."
648,ai_datacenters_polarity_against_084,ai_datacenters,Increasing number of AI datacenters,economic,Economic,against,Against,Singapore's industrial parks,colocation operators,nuclear-adjacent compute parks,crowd out manufacturing that employs denser workforces,en,English,This expansion is a bad deal. Slowing nuclear-adjacent compute parks near Singapore's industrial parks is justified when colocation operators crowd out manufacturing that employs denser workforces. Opposition is the responsible stance.
649,ai_datacenters_polarity_pro_187,ai_datacenters,Increasing number of AI datacenters,economic,Economic,pro,Pro,Malaysia's Johor corridor,construction consortia,multi-gigawatt campuses,broaden the local tax base without raising rates,en,English,"Pro take on Malaysia's Johor corridor: back the multi-gigawatt campuses. When construction consortia scale responsibly, they broaden the local tax base without raising rates. I'm for more AI datacenters. I'm here for the buildout."
650,ai_datacenters_polarity_neutral_208,ai_datacenters,Increasing number of AI datacenters,local_community,Local community,neutral,Neutral,Ireland's midlands,AI labs,nuclear-adjacent compute parks,noise and traffic mitigation that is enforceable,en,English,"Watching the AI datacenter fight without a banner. On Ireland's midlands, people argue about whether AI labs' nuclear-adjacent compute parks help or hurt — especially noise and traffic mitigation that is enforceable. I need receipts before choosing."
651,ai_datacenters_polarity_against_172,ai_datacenters,Increasing number of AI datacenters,environmental,Environmental,against,Against,rural Iowa,construction consortia,sovereign compute hubs,lock in gas peakers for 'temporary' firming,en,English,"I oppose the AI datacenter boom. In rural Iowa, more sovereign compute hubs from construction consortia mostly lock in gas peakers for 'temporary' firming. That is a reason to resist the boom. Opposition is the responsible stance."
652,ai_datacenters_polarity_neutral_043,ai_datacenters,Increasing number of AI datacenters,economic,Economic,neutral,Neutral,Chile's Atacama edge,defense contractors,subsea-cable landing campuses,local multipliers versus shareholder leakage,en,English,Holding judgment on AI datacenter expansion. Re: subsea-cable landing campuses around Chile's Atacama edge — boosters and critics both cite local multipliers versus shareholder leakage. No banner from me yet. I need receipts before choosing.
653,ai_datacenters_polarity_neutral_137,ai_datacenters,Increasing number of AI datacenters,technological,Technological,neutral,Neutral,the Pacific Northwest,construction consortia,black-start resilient bunkers,whether smaller distributed pods beat megacampuses,en,English,"Neutral note on the Pacific Northwest: if construction consortia add more black-start resilient bunkers, I'm watching whether smaller distributed pods beat megacampuses before I cheer or protest. Tradeoffs first, slogans later."
654,ai_datacenters_polarity_against_004,ai_datacenters,Increasing number of AI datacenters,infrastructure,Infrastructure,against,Against,Morocco's Atlantic coast,defense contractors,inference megacampuses,consume cooling water meant for farms and towns,en,English,Stop rubber-stamping these campuses. The Morocco's Atlantic coast story is clear enough: defense contractors' inference megacampuses tend to consume cooling water meant for farms and towns. I don't want more AI datacenters. Protect the commons first.
655,ai_datacenters_polarity_pro_087,ai_datacenters,Increasing number of AI datacenters,technological,Technological,pro,Pro,the Pacific Northwest,chipmakers,edge AI pods,push networking standards that cut idle capacity,en,English,"This wave is worth backing. In the Pacific Northwest, more edge AI pods from chipmakers can push networking standards that cut idle capacity. That is why I support the expansion. Let's build."
656,ai_datacenters_polarity_neutral_263,ai_datacenters,Increasing number of AI datacenters,local_community,Local community,neutral,Neutral,northern Virginia,hyperscalers,GPU-dense halls,housing supply responses to new payrolls,en,English,The buildout debate isn't settled for me. Re: GPU-dense halls around northern Virginia — boosters and critics both cite housing supply responses to new payrolls. No banner from me yet. Ask me again after the next rate case.
657,ai_datacenters_polarity_neutral_199,ai_datacenters,Increasing number of AI datacenters,local_community,Local community,neutral,Neutral,Morocco's Atlantic coast,chipmakers,sovereign compute hubs,noise and traffic mitigation that is enforceable,en,English,"Watching the AI datacenter fight without a banner. On Morocco's Atlantic coast, people argue about whether chipmakers' sovereign compute hubs help or hurt — especially noise and traffic mitigation that is enforceable. Still collecting local data."
658,ai_datacenters_polarity_neutral_063,ai_datacenters,Increasing number of AI datacenters,technological,Technological,neutral,Neutral,Australia's renewable zones,state investment boards,AI training campuses,open-access quotas versus reserved enterprise capacity,en,English,Watching the AI datacenter fight without a banner. Flagging AI training campuses in Australia's renewable zones without a verdict. The live issue is open-access quotas versus reserved enterprise capacity. Ask me again after the next rate case.
659,ai_datacenters_polarity_against_267,ai_datacenters,Increasing number of AI datacenters,environmental,Environmental,against,Against,Morocco's Atlantic coast,regional economic-development agencies,AI training campuses,drain aquifers in drought-stressed basins,en,English,Stop rubber-stamping these campuses. The Morocco's Atlantic coast story is clear enough: regional economic-development agencies' AI training campuses tend to drain aquifers in drought-stressed basins. I don't want more AI datacenters. Reject the next campus.
660,ai_datacenters_polarity_against_126,ai_datacenters,Increasing number of AI datacenters,economic,Economic,against,Against,Arizona's desert corridor,construction consortia,sovereign compute hubs,crowd out manufacturing that employs denser workforces,en,English,This expansion is a bad deal. The Arizona's desert corridor story is clear enough: construction consortia' sovereign compute hubs tend to crowd out manufacturing that employs denser workforces. I don't want more AI datacenters. Protect the commons first.
661,ai_datacenters_polarity_pro_138,ai_datacenters,Increasing number of AI datacenters,geopolitical,Geopolitical,pro,Pro,eastern Oregon,sovereign wealth funds,subsea-cable landing campuses,support sovereign compute for public research,en,English,"Pro take on eastern Oregon: back the subsea-cable landing campuses. When sovereign wealth funds scale responsibly, they support sovereign compute for public research. I'm for more AI datacenters. I'm here for the buildout."
662,ai_datacenters_polarity_pro_256,ai_datacenters,Increasing number of AI datacenters,geopolitical,Geopolitical,pro,Pro,the Pacific Northwest,cloud providers,subsea-cable landing campuses,keep frontier training capacity on allied soil,en,English,Build the campuses. The case in the Pacific Northwest is straightforward: cloud providers' subsea-cable landing campuses help keep frontier training capacity on allied soil. AI datacenter growth is good policy here. I'm here for the buildout.
663,ai_datacenters_polarity_pro_204,ai_datacenters,Increasing number of AI datacenters,economic,Economic,pro,Pro,rural Iowa,private equity funds,sovereign compute hubs,pull private capital into overlooked counties,en,English,"Count me as a yes on the buildout. Don't slow-walk sovereign compute hubs around rural Iowa. Done right by private equity funds, the buildout will pull private capital into overlooked counties. Expansion is the right call."
664,ai_datacenters_polarity_pro_142,ai_datacenters,Increasing number of AI datacenters,economic,Economic,pro,Pro,the UAE's free zones,utility companies,black-start resilient bunkers,pull private capital into overlooked counties,en,English,Pro-expansion here. The case in the UAE's free zones is straightforward: utility companies' black-start resilient bunkers help pull private capital into overlooked counties. AI datacenter growth is good policy here. Capacity is policy.
665,ai_datacenters_polarity_against_292,ai_datacenters,Increasing number of AI datacenters,economic,Economic,against,Against,Morocco's Atlantic coast,AI labs,modular container datacenters,capture tax abatements while creating few permanent jobs,en,English,Against more AI datacenters in my book. Slowing modular container datacenters near Morocco's Atlantic coast is justified when AI labs capture tax abatements while creating few permanent jobs. No more blank checks.
666,ai_datacenters_polarity_against_030,ai_datacenters,Increasing number of AI datacenters,geopolitical,Geopolitical,against,Against,Finland's cold-climate parks,colocation operators,AI training campuses,centralize strategic compute in a few corporate hands,en,English,Hard no on endless AI datacenter expansion. The Finland's cold-climate parks story is clear enough: colocation operators' AI training campuses tend to centralize strategic compute in a few corporate hands. I don't want more AI datacenters. Protect the commons first.
667,ai_datacenters_polarity_against_146,ai_datacenters,Increasing number of AI datacenters,economic,Economic,against,Against,upstate New York,REIT-backed campus developers,GPU-dense halls,leave towns holding stranded-asset risk after the boom,en,English,I oppose the AI datacenter boom. The upstate New York story is clear enough: REIT-backed campus developers' GPU-dense halls tend to leave towns holding stranded-asset risk after the boom. I don't want more AI datacenters. Reject the next campus.
668,ai_datacenters_polarity_against_277,ai_datacenters,Increasing number of AI datacenters,local_community,Local community,against,Against,Spain's solar belt,defense contractors,liquid-cooled clusters,leave neighbors with light pollution and truck traffic,en,English,Stop rubber-stamping these campuses. The Spain's solar belt story is clear enough: defense contractors' liquid-cooled clusters tend to leave neighbors with light pollution and truck traffic. I don't want more AI datacenters. Reject the next campus.
669,ai_datacenters_polarity_pro_177,ai_datacenters,Increasing number of AI datacenters,local_community,Local community,pro,Pro,Ohio's Rust Belt towns,state investment boards,inference megacampuses,negotiate real community-benefit agreements,en,English,I'm for more AI datacenters. The case in Ohio's Rust Belt towns is straightforward: state investment boards' inference megacampuses help negotiate real community-benefit agreements. AI datacenter growth is good policy here. Expansion is the right call.
670,ai_datacenters_polarity_against_018,ai_datacenters,Increasing number of AI datacenters,infrastructure,Infrastructure,against,Against,Australia's renewable zones,construction consortia,black-start resilient bunkers,queue-jump households waiting for grid interconnects,en,English,Against take on Australia's renewable zones: block the next black-start resilient bunkers. Construction consortia keep selling growth while they queue-jump households waiting for grid interconnects. Reject the next campus.
671,ai_datacenters_polarity_neutral_011,ai_datacenters,Increasing number of AI datacenters,local_community,Local community,neutral,Neutral,Malaysia's Johor corridor,hyperscalers,AI training campuses,school funding versus industrial rate pressure,en,English,Open question: should we keep adding campuses? Re: AI training campuses around Malaysia's Johor corridor — boosters and critics both cite school funding versus industrial rate pressure. No banner from me yet. Ask me again after the next rate case.
672,ai_datacenters_polarity_against_009,ai_datacenters,Increasing number of AI datacenters,local_community,Local community,against,Against,northern Italy's industrial belt,cloud providers,black-start resilient bunkers,turn schools into bargaining chips for abatements,en,English,We should block this buildout. The northern Italy's industrial belt story is clear enough: cloud providers' black-start resilient bunkers tend to turn schools into bargaining chips for abatements. I don't want more AI datacenters. No more blank checks.
673,ai_datacenters_polarity_pro_267,ai_datacenters,Increasing number of AI datacenters,technological,Technological,pro,Pro,Canada's prairie provinces,REIT-backed campus developers,black-start resilient bunkers,unlock larger training runs that advance open science,en,English,"Pro take on Canada's prairie provinces: back the black-start resilient bunkers. When REIT-backed campus developers scale responsibly, they unlock larger training runs that advance open science. I'm for more AI datacenters. Capacity is policy."
674,ai_datacenters_polarity_pro_100,ai_datacenters,Increasing number of AI datacenters,environmental,Environmental,pro,Pro,Poland's logistics corridor,cloud providers,sovereign compute hubs,reuse waste heat for district heating,en,English,This wave is worth backing. The case in Poland's logistics corridor is straightforward: cloud providers' sovereign compute hubs help reuse waste heat for district heating. AI datacenter growth is good policy here. Expansion is the right call.
675,ai_datacenters_polarity_against_108,ai_datacenters,Increasing number of AI datacenters,environmental,Environmental,against,Against,Singapore's industrial parks,cloud providers,nuclear-adjacent compute parks,dump diesel NOx during grid emergencies,en,English,Against more AI datacenters in my book. Slowing nuclear-adjacent compute parks near Singapore's industrial parks is justified when cloud providers dump diesel NOx during grid emergencies. Protect the commons first.
676,ai_datacenters_polarity_against_132,ai_datacenters,Increasing number of AI datacenters,technological,Technological,against,Against,Poland's logistics corridor,chipmakers,edge AI pods,lock buyers into proprietary interconnect stacks,en,English,We should block this buildout. The Poland's logistics corridor story is clear enough: chipmakers' edge AI pods tend to lock buyers into proprietary interconnect stacks. I don't want more AI datacenters. Opposition is the responsible stance.
677,ai_datacenters_polarity_against_095,ai_datacenters,Increasing number of AI datacenters,geopolitical,Geopolitical,against,Against,Georgia's coastal plain,colocation operators,AI training campuses,invite sanctions exposure through opaque ownership,en,English,I'm against the AI datacenter surge. The Georgia's coastal plain story is clear enough: colocation operators' AI training campuses tend to invite sanctions exposure through opaque ownership. I don't want more AI datacenters. Enough is enough.
678,ai_datacenters_polarity_neutral_277,ai_datacenters,Increasing number of AI datacenters,infrastructure,Infrastructure,neutral,Neutral,Brazil's São Paulo hinterland,energy traders,sovereign compute hubs,timeline realism for new transmission,en,English,"Neutral note on Brazil's São Paulo hinterland: if energy traders add more sovereign compute hubs, I'm watching timeline realism for new transmission before I cheer or protest. I need receipts before choosing."
679,ai_datacenters_polarity_pro_254,ai_datacenters,Increasing number of AI datacenters,infrastructure,Infrastructure,pro,Pro,Malaysia's Johor corridor,telecom carriers,nuclear-adjacent compute parks,seed modular generation that firms local grids,en,English,I'm for more AI datacenters. The case in Malaysia's Johor corridor is straightforward: telecom carriers' nuclear-adjacent compute parks help seed modular generation that firms local grids. AI datacenter growth is good policy here. Capacity is policy.
680,ai_datacenters_polarity_against_063,ai_datacenters,Increasing number of AI datacenters,local_community,Local community,against,Against,Midwest farm counties,private equity funds,nuclear-adjacent compute parks,hollow out civic life into permit fights,en,English,We should block this buildout. The Midwest farm counties story is clear enough: private equity funds' nuclear-adjacent compute parks tend to hollow out civic life into permit fights. I don't want more AI datacenters. Opposition is the responsible stance.
681,ai_datacenters_polarity_against_184,ai_datacenters,Increasing number of AI datacenters,economic,Economic,against,Against,Malaysia's Johor corridor,state investment boards,nuclear-adjacent compute parks,capture tax abatements while creating few permanent jobs,en,English,We should block this buildout. The Malaysia's Johor corridor story is clear enough: state investment boards' nuclear-adjacent compute parks tend to capture tax abatements while creating few permanent jobs. I don't want more AI datacenters. Opposition is the responsible stance.
682,ai_datacenters_polarity_pro_032,ai_datacenters,Increasing number of AI datacenters,geopolitical,Geopolitical,pro,Pro,Midwest farm counties,telecom carriers,GPU-dense halls,support sovereign compute for public research,en,English,"I'm for more AI datacenters. Don't slow-walk GPU-dense halls around Midwest farm counties. Done right by telecom carriers, the buildout will support sovereign compute for public research. Let's build."
683,ai_datacenters_polarity_pro_224,ai_datacenters,Increasing number of AI datacenters,geopolitical,Geopolitical,pro,Pro,central Texas,regional economic-development agencies,liquid-cooled clusters,support sovereign compute for public research,en,English,"Count me as a yes on the buildout. In central Texas, more liquid-cooled clusters from regional economic-development agencies can support sovereign compute for public research. That is why I support the expansion. Expansion is the right call."
684,ai_datacenters_polarity_neutral_225,ai_datacenters,Increasing number of AI datacenters,economic,Economic,neutral,Neutral,Spain's solar belt,construction consortia,research supercomputer halls,how permanent the ops headcount really is,en,English,Open question: should we keep adding campuses? Re: research supercomputer halls around Spain's solar belt — boosters and critics both cite how permanent the ops headcount really is. No banner from me yet. Still collecting local data.
685,ai_datacenters_polarity_pro_082,ai_datacenters,Increasing number of AI datacenters,geopolitical,Geopolitical,pro,Pro,northern Virginia,private equity funds,multi-gigawatt campuses,keep frontier training capacity on allied soil,en,English,"Say it plainly: we need the capacity. In northern Virginia, more multi-gigawatt campuses from private equity funds can keep frontier training capacity on allied soil. That is why I support the expansion. Capacity is policy."
686,ai_datacenters_polarity_against_299,ai_datacenters,Increasing number of AI datacenters,infrastructure,Infrastructure,against,Against,Finland's cold-climate parks,construction consortia,multi-gigawatt campuses,clog roads with construction traffic for years,en,English,This expansion is a bad deal. The Finland's cold-climate parks story is clear enough: construction consortia' multi-gigawatt campuses tend to clog roads with construction traffic for years. I don't want more AI datacenters. Reject the next campus.
687,ai_datacenters_polarity_against_142,ai_datacenters,Increasing number of AI datacenters,technological,Technological,against,Against,Morocco's Atlantic coast,national labs,waste-heat district heating sites,chase density that outruns safety and maintainability,en,English,Hit the brakes on new campuses. Slowing waste-heat district heating sites near Morocco's Atlantic coast is justified when national labs chase density that outruns safety and maintainability. Reject the next campus.
688,ai_datacenters_polarity_pro_201,ai_datacenters,Increasing number of AI datacenters,technological,Technological,pro,Pro,Midwest farm counties,regional economic-development agencies,inference megacampuses,drive liquid-cooling efficiency gains industry-wide,en,English,"Build the campuses. In Midwest farm counties, more inference megacampuses from regional economic-development agencies can drive liquid-cooling efficiency gains industry-wide. That is why I support the expansion. Expansion is the right call."
689,ai_datacenters_polarity_pro_146,ai_datacenters,Increasing number of AI datacenters,local_community,Local community,pro,Pro,Japan's Tohoku rebuild zones,chipmakers,sovereign compute hubs,fund scholarships tied to campus payrolls,en,English,Greenlight the campuses. The case in Japan's Tohoku rebuild zones is straightforward: chipmakers' sovereign compute hubs help fund scholarships tied to campus payrolls. AI datacenter growth is good policy here. Let's build.
690,ai_datacenters_polarity_pro_277,ai_datacenters,Increasing number of AI datacenters,infrastructure,Infrastructure,pro,Pro,South Korea's semiconductor belt,colocation operators,GPU-dense halls,seed modular generation that firms local grids,en,English,"Build the campuses. In South Korea's semiconductor belt, more GPU-dense halls from colocation operators can seed modular generation that firms local grids. That is why I support the expansion. Let's build."
691,ai_datacenters_polarity_pro_088,ai_datacenters,Increasing number of AI datacenters,technological,Technological,pro,Pro,rural Iowa,construction consortia,inference megacampuses,concentrate R&D where talent and power already meet,en,English,"This wave is worth backing. Don't slow-walk inference megacampuses around rural Iowa. Done right by construction consortia, the buildout will concentrate R&D where talent and power already meet. Approve the next round."
692,ai_datacenters_polarity_pro_158,ai_datacenters,Increasing number of AI datacenters,infrastructure,Infrastructure,pro,Pro,Canada's prairie provinces,regional economic-development agencies,behind-the-meter solar campuses,pay for resilient black-start capacity,en,English,Count me as a yes on the buildout. The case in Canada's prairie provinces is straightforward: regional economic-development agencies' behind-the-meter solar campuses help pay for resilient black-start capacity. AI datacenter growth is good policy here. I'm here for the buildout.
693,ai_datacenters_polarity_against_274,ai_datacenters,Increasing number of AI datacenters,local_community,Local community,against,Against,the UAE's free zones,national labs,modular container datacenters,leave neighbors with light pollution and truck traffic,en,English,"Stop rubber-stamping these campuses. In the UAE's free zones, more modular container datacenters from national labs mostly leave neighbors with light pollution and truck traffic. That is a reason to resist the boom. Reject the next campus."
694,ai_datacenters_polarity_neutral_081,ai_datacenters,Increasing number of AI datacenters,economic,Economic,neutral,Neutral,rural Iowa,telecom carriers,AI training campuses,boom-town risk if a single tenant leaves,en,English,"Not picking a side on more campuses yet. On rural Iowa, people argue about whether telecom carriers' AI training campuses help or hurt — especially boom-town risk if a single tenant leaves. I need receipts before choosing."
695,ai_datacenters_polarity_against_214,ai_datacenters,Increasing number of AI datacenters,economic,Economic,against,Against,Spain's solar belt,AI labs,liquid-cooled clusters,bid up housing costs faster than wages rise,en,English,Hard no on endless AI datacenter expansion. The Spain's solar belt story is clear enough: AI labs' liquid-cooled clusters tend to bid up housing costs faster than wages rise. I don't want more AI datacenters. Reject the next campus.
696,ai_datacenters_polarity_pro_290,ai_datacenters,Increasing number of AI datacenters,local_community,Local community,pro,Pro,Singapore's industrial parks,cloud providers,inference megacampuses,bring broadband as a side effect of fiber builds,en,English,"I'm bullish on more AI datacenters. Don't slow-walk inference megacampuses around Singapore's industrial parks. Done right by cloud providers, the buildout will bring broadband as a side effect of fiber builds. Approve the next round."
697,ai_datacenters_polarity_against_058,ai_datacenters,Increasing number of AI datacenters,technological,Technological,against,Against,Arizona's desert corridor,utility companies,sovereign compute hubs,"treat efficiency claims as marketing, not measured gains",en,English,"Hit the brakes on new campuses. The Arizona's desert corridor story is clear enough: utility companies' sovereign compute hubs tend to treat efficiency claims as marketing, not measured gains. I don't want more AI datacenters. Opposition is the responsible stance."
698,ai_datacenters_polarity_pro_141,ai_datacenters,Increasing number of AI datacenters,environmental,Environmental,pro,Pro,upstate New York,national labs,sovereign compute hubs,accelerate nuclear and geothermal firming builds,en,English,"Pro take on upstate New York: back the sovereign compute hubs. When national labs scale responsibly, they accelerate nuclear and geothermal firming builds. I'm for more AI datacenters. Expansion is the right call."
699,ai_datacenters_polarity_pro_257,ai_datacenters,Increasing number of AI datacenters,economic,Economic,pro,Pro,Ohio's Rust Belt towns,sovereign wealth funds,multi-gigawatt campuses,pull private capital into overlooked counties,en,English,This wave is worth backing. The case in Ohio's Rust Belt towns is straightforward: sovereign wealth funds' multi-gigawatt campuses help pull private capital into overlooked counties. AI datacenter growth is good policy here. Capacity is policy.
700,ai_datacenters_polarity_pro_051,ai_datacenters,Increasing number of AI datacenters,technological,Technological,pro,Pro,Midwest farm counties,regional economic-development agencies,subsea-cable landing campuses,unlock larger training runs that advance open science,en,English,"Say it plainly: we need the capacity. In Midwest farm counties, more subsea-cable landing campuses from regional economic-development agencies can unlock larger training runs that advance open science. That is why I support the expansion. Capacity is policy."
701,ai_datacenters_polarity_pro_000,ai_datacenters,Increasing number of AI datacenters,infrastructure,Infrastructure,pro,Pro,Gulf Coast industrial zones,REIT-backed campus developers,nuclear-adjacent compute parks,seed modular generation that firms local grids,en,English,"I'm bullish on more AI datacenters. In Gulf Coast industrial zones, more nuclear-adjacent compute parks from REIT-backed campus developers can seed modular generation that firms local grids. That is why I support the expansion. Expansion is the right call."
702,ai_datacenters_polarity_neutral_076,ai_datacenters,Increasing number of AI datacenters,environmental,Environmental,neutral,Neutral,Ireland's midlands,REIT-backed campus developers,black-start resilient bunkers,water budgets under multi-year drought,en,English,"Holding judgment on AI datacenter expansion. On Ireland's midlands, people argue about whether REIT-backed campus developers' black-start resilient bunkers help or hurt — especially water budgets under multi-year drought. Still collecting local data."
703,ai_datacenters_polarity_neutral_237,ai_datacenters,Increasing number of AI datacenters,local_community,Local community,neutral,Neutral,Canada's prairie provinces,AI labs,liquid-cooled clusters,housing supply responses to new payrolls,en,English,"Neutral note on Canada's prairie provinces: if AI labs add more liquid-cooled clusters, I'm watching housing supply responses to new payrolls before I cheer or protest. Still collecting local data."
704,ai_datacenters_polarity_against_140,ai_datacenters,Increasing number of AI datacenters,local_community,Local community,against,Against,rural Iowa,defense contractors,GPU-dense halls,turn schools into bargaining chips for abatements,en,English,Hard no on endless AI datacenter expansion. The rural Iowa story is clear enough: defense contractors' GPU-dense halls tend to turn schools into bargaining chips for abatements. I don't want more AI datacenters. No more blank checks.
705,ai_datacenters_polarity_pro_005,ai_datacenters,Increasing number of AI datacenters,technological,Technological,pro,Pro,Australia's renewable zones,municipal governments,edge AI pods,let startups rent frontier GPUs without owning fabs,en,English,"Pro take on Australia's renewable zones: back the edge AI pods. When municipal governments scale responsibly, they let startups rent frontier GPUs without owning fabs. I'm for more AI datacenters. I'm here for the buildout."
706,ai_datacenters_polarity_against_013,ai_datacenters,Increasing number of AI datacenters,technological,Technological,against,Against,Morocco's Atlantic coast,chipmakers,black-start resilient bunkers,lock buyers into proprietary interconnect stacks,en,English,I'm against the AI datacenter surge. Slowing black-start resilient bunkers near Morocco's Atlantic coast is justified when chipmakers lock buyers into proprietary interconnect stacks. Opposition is the responsible stance.
707,ai_datacenters_polarity_neutral_233,ai_datacenters,Increasing number of AI datacenters,infrastructure,Infrastructure,neutral,Neutral,Morocco's Atlantic coast,startup GPU cloud firms,multi-gigawatt campuses,grid resilience claims versus measured outages,en,English,"Holding judgment on AI datacenter expansion. Flagging multi-gigawatt campuses in Morocco's Atlantic coast without a verdict. The live issue is grid resilience claims versus measured outages. Tradeoffs first, slogans later."
708,ai_datacenters_polarity_pro_054,ai_datacenters,Increasing number of AI datacenters,infrastructure,Infrastructure,pro,Pro,the Nordics,REIT-backed campus developers,research supercomputer halls,pay for resilient black-start capacity,en,English,This wave is worth backing. The case in the Nordics is straightforward: REIT-backed campus developers' research supercomputer halls help pay for resilient black-start capacity. AI datacenter growth is good policy here. I'm here for the buildout.
709,ai_datacenters_polarity_pro_126,ai_datacenters,Increasing number of AI datacenters,economic,Economic,pro,Pro,suburban Phoenix,cloud providers,behind-the-meter solar campuses,create supplier ecosystems around each campus,en,English,"Build the campuses. In suburban Phoenix, more behind-the-meter solar campuses from cloud providers can create supplier ecosystems around each campus. That is why I support the expansion. Capacity is policy."
710,ai_datacenters_polarity_neutral_007,ai_datacenters,Increasing number of AI datacenters,technological,Technological,neutral,Neutral,eastern Oregon,sovereign wealth funds,waste-heat district heating sites,open-access quotas versus reserved enterprise capacity,en,English,"Open question: should we keep adding campuses? On eastern Oregon, people argue about whether sovereign wealth funds' waste-heat district heating sites help or hurt — especially open-access quotas versus reserved enterprise capacity. Tradeoffs first, slogans later."
711,ai_datacenters_polarity_pro_289,ai_datacenters,Increasing number of AI datacenters,economic,Economic,pro,Pro,upstate New York,private equity funds,liquid-cooled clusters,broaden the local tax base without raising rates,en,English,"Pro take on upstate New York: back the liquid-cooled clusters. When private equity funds scale responsibly, they broaden the local tax base without raising rates. I'm for more AI datacenters. Capacity is policy."
712,ai_datacenters_polarity_pro_222,ai_datacenters,Increasing number of AI datacenters,economic,Economic,pro,Pro,northern Italy's industrial belt,national labs,subsea-cable landing campuses,anchor high-wage construction and ops jobs,en,English,"Greenlight the campuses. Don't slow-walk subsea-cable landing campuses around northern Italy's industrial belt. Done right by national labs, the buildout will anchor high-wage construction and ops jobs. I'm here for the buildout."
713,ai_datacenters_polarity_pro_041,ai_datacenters,Increasing number of AI datacenters,local_community,Local community,pro,Pro,the Pacific Northwest,defense contractors,multi-gigawatt campuses,replace dying extractive payrolls with steadier ones,en,English,"Pro take on the Pacific Northwest: back the multi-gigawatt campuses. When defense contractors scale responsibly, they replace dying extractive payrolls with steadier ones. I'm for more AI datacenters. Expansion is the right call."
714,ai_datacenters_polarity_against_164,ai_datacenters,Increasing number of AI datacenters,local_community,Local community,against,Against,rural Iowa,defense contractors,liquid-cooled clusters,buy silence with scholarships while rates climb,en,English,Against take on rural Iowa: block the next liquid-cooled clusters. Defense contractors keep selling growth while they buy silence with scholarships while rates climb. Protect the commons first.
715,ai_datacenters_polarity_pro_015,ai_datacenters,Increasing number of AI datacenters,technological,Technological,pro,Pro,Quebec's hydropower belt,AI labs,behind-the-meter solar campuses,push networking standards that cut idle capacity,en,English,"Pro take on Quebec's hydropower belt: back the behind-the-meter solar campuses. When AI labs scale responsibly, they push networking standards that cut idle capacity. I'm for more AI datacenters. Capacity is policy."
716,ai_datacenters_polarity_against_001,ai_datacenters,Increasing number of AI datacenters,technological,Technological,against,Against,the Nordics,private equity funds,edge AI pods,waste cooling capacity on vanity cluster sizes,en,English,"I oppose the AI datacenter boom. In the Nordics, more edge AI pods from private equity funds mostly waste cooling capacity on vanity cluster sizes. That is a reason to resist the boom. Opposition is the responsible stance."
717,ai_datacenters_polarity_pro_066,ai_datacenters,Increasing number of AI datacenters,local_community,Local community,pro,Pro,Brazil's São Paulo hinterland,energy traders,subsea-cable landing campuses,replace dying extractive payrolls with steadier ones,en,English,"Pro take on Brazil's São Paulo hinterland: back the subsea-cable landing campuses. When energy traders scale responsibly, they replace dying extractive payrolls with steadier ones. I'm for more AI datacenters. Capacity is policy."
718,ai_datacenters_polarity_neutral_135,ai_datacenters,Increasing number of AI datacenters,geopolitical,Geopolitical,neutral,Neutral,Brazil's São Paulo hinterland,national labs,nuclear-adjacent compute parks,alliance benefits versus local resource strain,en,English,Not picking a side on more campuses yet. Re: nuclear-adjacent compute parks around Brazil's São Paulo hinterland — boosters and critics both cite alliance benefits versus local resource strain. No banner from me yet. Still collecting local data.
719,ai_datacenters_polarity_neutral_205,ai_datacenters,Increasing number of AI datacenters,economic,Economic,neutral,Neutral,suburban Phoenix,state investment boards,behind-the-meter solar campuses,energy-price pass-through to smaller firms,en,English,Open question: should we keep adding campuses? Re: behind-the-meter solar campuses around suburban Phoenix — boosters and critics both cite energy-price pass-through to smaller firms. No banner from me yet. Ask me again after the next rate case.
720,ai_datacenters_polarity_against_010,ai_datacenters,Increasing number of AI datacenters,environmental,Environmental,against,Against,Japan's Tohoku rebuild zones,national labs,edge AI pods,dump diesel NOx during grid emergencies,en,English,Against take on Japan's Tohoku rebuild zones: block the next edge AI pods. National labs keep selling growth while they dump diesel NOx during grid emergencies. Reject the next campus.
721,ai_datacenters_polarity_pro_166,ai_datacenters,Increasing number of AI datacenters,geopolitical,Geopolitical,pro,Pro,northern Virginia,regional economic-development agencies,sovereign compute hubs,reduce dependence on overseas inference supply,en,English,"Pro take on northern Virginia: back the sovereign compute hubs. When regional economic-development agencies scale responsibly, they reduce dependence on overseas inference supply. I'm for more AI datacenters. I'm here for the buildout."
722,ai_datacenters_polarity_neutral_080,ai_datacenters,Increasing number of AI datacenters,environmental,Environmental,neutral,Neutral,Brazil's São Paulo hinterland,state investment boards,liquid-cooled clusters,peaker plants sold as 'bridge' capacity,en,English,"Neither booster nor blocker — still weighing it. On Brazil's São Paulo hinterland, people argue about whether state investment boards' liquid-cooled clusters help or hurt — especially peaker plants sold as 'bridge' capacity. Still collecting local data."
723,ai_datacenters_polarity_against_271,ai_datacenters,Increasing number of AI datacenters,technological,Technological,against,Against,Chile's Atacama edge,chipmakers,black-start resilient bunkers,waste cooling capacity on vanity cluster sizes,en,English,Against take on Chile's Atacama edge: block the next black-start resilient bunkers. Chipmakers keep selling growth while they waste cooling capacity on vanity cluster sizes. Enough is enough.
724,ai_datacenters_polarity_neutral_038,ai_datacenters,Increasing number of AI datacenters,technological,Technological,neutral,Neutral,Japan's Tohoku rebuild zones,regional economic-development agencies,subsea-cable landing campuses,interoperability across vendors,en,English,Parking the yes/no on AI datacenters for now. Flagging subsea-cable landing campuses in Japan's Tohoku rebuild zones without a verdict. The live issue is interoperability across vendors. Still collecting local data.
725,ai_datacenters_polarity_pro_296,ai_datacenters,Increasing number of AI datacenters,infrastructure,Infrastructure,pro,Pro,rural Iowa,sovereign wealth funds,behind-the-meter solar campuses,co-fund roads and water mains with developers,en,English,I'm for more AI datacenters. The case in rural Iowa is straightforward: sovereign wealth funds' behind-the-meter solar campuses help co-fund roads and water mains with developers. AI datacenter growth is good policy here. Expansion is the right call.
726,ai_datacenters_polarity_against_235,ai_datacenters,Increasing number of AI datacenters,environmental,Environmental,against,Against,Australia's renewable zones,AI labs,inference megacampuses,spike Scope-2 emissions despite renewable marketing,en,English,"This expansion is a bad deal. In Australia's renewable zones, more inference megacampuses from AI labs mostly spike Scope-2 emissions despite renewable marketing. That is a reason to resist the boom. No more blank checks."
727,ai_datacenters_polarity_pro_153,ai_datacenters,Increasing number of AI datacenters,environmental,Environmental,pro,Pro,Georgia's coastal plain,hyperscalers,research supercomputer halls,reuse waste heat for district heating,en,English,Greenlight the campuses. The case in Georgia's coastal plain is straightforward: hyperscalers' research supercomputer halls help reuse waste heat for district heating. AI datacenter growth is good policy here. Expansion is the right call.
728,ai_datacenters_polarity_neutral_258,ai_datacenters,Increasing number of AI datacenters,technological,Technological,neutral,Neutral,South Korea's semiconductor belt,REIT-backed campus developers,sovereign compute hubs,safety margins at extreme rack densities,en,English,Holding judgment on AI datacenter expansion. Flagging sovereign compute hubs in South Korea's semiconductor belt without a verdict. The live issue is safety margins at extreme rack densities. Still collecting local data.
729,ai_datacenters_polarity_against_177,ai_datacenters,Increasing number of AI datacenters,economic,Economic,against,Against,Ohio's Rust Belt towns,municipal governments,modular container datacenters,capture tax abatements while creating few permanent jobs,en,English,Against take on Ohio's Rust Belt towns: block the next modular container datacenters. Municipal governments keep selling growth while they capture tax abatements while creating few permanent jobs. Enough is enough.
730,ai_datacenters_polarity_neutral_219,ai_datacenters,Increasing number of AI datacenters,geopolitical,Geopolitical,neutral,Neutral,Morocco's Atlantic coast,municipal governments,AI training campuses,alliance benefits versus local resource strain,en,English,"Open question: should we keep adding campuses? On Morocco's Atlantic coast, people argue about whether municipal governments' AI training campuses help or hurt — especially alliance benefits versus local resource strain. Still collecting local data."
731,ai_datacenters_polarity_neutral_101,ai_datacenters,Increasing number of AI datacenters,geopolitical,Geopolitical,neutral,Neutral,northern Virginia,private equity funds,liquid-cooled clusters,sovereign compute versus corporate capture,en,English,"Open question: should we keep adding campuses? On northern Virginia, people argue about whether private equity funds' liquid-cooled clusters help or hurt — especially sovereign compute versus corporate capture. Tradeoffs first, slogans later."
732,ai_datacenters_polarity_against_210,ai_datacenters,Increasing number of AI datacenters,local_community,Local community,against,Against,Malaysia's Johor corridor,AI labs,sovereign compute hubs,leave neighbors with light pollution and truck traffic,en,English,I oppose the AI datacenter boom. Slowing sovereign compute hubs near Malaysia's Johor corridor is justified when AI labs leave neighbors with light pollution and truck traffic. Reject the next campus.
733,ai_datacenters_polarity_pro_008,ai_datacenters,Increasing number of AI datacenters,economic,Economic,pro,Pro,Midwest farm counties,utility companies,nuclear-adjacent compute parks,pull private capital into overlooked counties,en,English,Greenlight the campuses. The case in Midwest farm counties is straightforward: utility companies' nuclear-adjacent compute parks help pull private capital into overlooked counties. AI datacenter growth is good policy here. I'm here for the buildout.
734,ai_datacenters_polarity_neutral_230,ai_datacenters,Increasing number of AI datacenters,environmental,Environmental,neutral,Neutral,northern Virginia,utility companies,edge AI pods,water budgets under multi-year drought,en,English,Not picking a side on more campuses yet. Flagging edge AI pods in northern Virginia without a verdict. The live issue is water budgets under multi-year drought. Show me cleaner evidence either way.
735,ai_datacenters_polarity_pro_295,ai_datacenters,Increasing number of AI datacenters,infrastructure,Infrastructure,pro,Pro,Brazil's São Paulo hinterland,cloud providers,liquid-cooled clusters,pay for resilient black-start capacity,en,English,I'm bullish on more AI datacenters. The case in Brazil's São Paulo hinterland is straightforward: cloud providers' liquid-cooled clusters help pay for resilient black-start capacity. AI datacenter growth is good policy here. I'm here for the buildout.
736,ai_datacenters_polarity_neutral_278,ai_datacenters,Increasing number of AI datacenters,local_community,Local community,neutral,Neutral,India's Hyderabad tech belt,construction consortia,multi-gigawatt campuses,whether locals get real veto power on siting,en,English,Still undecided on the AI datacenter wave. Flagging multi-gigawatt campuses in India's Hyderabad tech belt without a verdict. The live issue is whether locals get real veto power on siting. Show me cleaner evidence either way.
737,ai_datacenters_polarity_neutral_227,ai_datacenters,Increasing number of AI datacenters,economic,Economic,neutral,Neutral,South Korea's semiconductor belt,hyperscalers,liquid-cooled clusters,job quality versus abatement cost,en,English,"Neutral note on South Korea's semiconductor belt: if hyperscalers add more liquid-cooled clusters, I'm watching job quality versus abatement cost before I cheer or protest. Show me cleaner evidence either way."
738,ai_datacenters_polarity_against_165,ai_datacenters,Increasing number of AI datacenters,environmental,Environmental,against,Against,suburban Phoenix,AI labs,black-start resilient bunkers,lock in gas peakers for 'temporary' firming,en,English,Against take on suburban Phoenix: block the next black-start resilient bunkers. AI labs keep selling growth while they lock in gas peakers for 'temporary' firming. Opposition is the responsible stance.
739,ai_datacenters_polarity_against_143,ai_datacenters,Increasing number of AI datacenters,economic,Economic,against,Against,the Pacific Northwest,colocation operators,sovereign compute hubs,"concentrate gains in remote shareholders, not locals",en,English,"I'm against the AI datacenter surge. Slowing sovereign compute hubs near the Pacific Northwest is justified when colocation operators concentrate gains in remote shareholders, not locals. Enough is enough."
740,ai_datacenters_polarity_pro_125,ai_datacenters,Increasing number of AI datacenters,economic,Economic,pro,Pro,Chile's Atacama edge,energy traders,behind-the-meter solar campuses,create supplier ecosystems around each campus,en,English,"Pro take on Chile's Atacama edge: back the behind-the-meter solar campuses. When energy traders scale responsibly, they create supplier ecosystems around each campus. I'm for more AI datacenters. Capacity is policy."
741,ai_datacenters_polarity_neutral_027,ai_datacenters,Increasing number of AI datacenters,infrastructure,Infrastructure,neutral,Neutral,South Korea's semiconductor belt,construction consortia,edge AI pods,grid resilience claims versus measured outages,en,English,Open question: should we keep adding campuses? Re: edge AI pods around South Korea's semiconductor belt — boosters and critics both cite grid resilience claims versus measured outages. No banner from me yet. Still collecting local data.
742,ai_datacenters_polarity_against_051,ai_datacenters,Increasing number of AI datacenters,environmental,Environmental,against,Against,Morocco's Atlantic coast,private equity funds,modular container datacenters,spike Scope-2 emissions despite renewable marketing,en,English,Stop rubber-stamping these campuses. The Morocco's Atlantic coast story is clear enough: private equity funds' modular container datacenters tend to spike Scope-2 emissions despite renewable marketing. I don't want more AI datacenters. Enough is enough.
743,ai_datacenters_polarity_neutral_118,ai_datacenters,Increasing number of AI datacenters,economic,Economic,neutral,Neutral,Georgia's coastal plain,chipmakers,edge AI pods,local multipliers versus shareholder leakage,en,English,Open question: should we keep adding campuses? Re: edge AI pods around Georgia's coastal plain — boosters and critics both cite local multipliers versus shareholder leakage. No banner from me yet. I need receipts before choosing.
744,ai_datacenters_polarity_against_232,ai_datacenters,Increasing number of AI datacenters,infrastructure,Infrastructure,against,Against,Ohio's Rust Belt towns,cloud providers,AI training campuses,consume cooling water meant for farms and towns,en,English,I'm against the AI datacenter surge. Slowing AI training campuses near Ohio's Rust Belt towns is justified when cloud providers consume cooling water meant for farms and towns. No more blank checks.
745,ai_datacenters_polarity_against_293,ai_datacenters,Increasing number of AI datacenters,economic,Economic,against,Against,Singapore's industrial parks,cloud providers,nuclear-adjacent compute parks,capture tax abatements while creating few permanent jobs,en,English,Against more AI datacenters in my book. The Singapore's industrial parks story is clear enough: cloud providers' nuclear-adjacent compute parks tend to capture tax abatements while creating few permanent jobs. I don't want more AI datacenters. Enough is enough.
746,ai_datacenters_polarity_pro_042,ai_datacenters,Increasing number of AI datacenters,technological,Technological,pro,Pro,northern Virginia,REIT-backed campus developers,GPU-dense halls,let startups rent frontier GPUs without owning fabs,en,English,"Pro take on northern Virginia: back the GPU-dense halls. When REIT-backed campus developers scale responsibly, they let startups rent frontier GPUs without owning fabs. I'm for more AI datacenters. Capacity is policy."
747,ai_datacenters_polarity_pro_195,ai_datacenters,Increasing number of AI datacenters,geopolitical,Geopolitical,pro,Pro,India's Hyderabad tech belt,chipmakers,modular container datacenters,keep frontier training capacity on allied soil,en,English,"Pro-expansion here. In India's Hyderabad tech belt, more modular container datacenters from chipmakers can keep frontier training capacity on allied soil. That is why I support the expansion. Expansion is the right call."
748,ai_datacenters_polarity_against_016,ai_datacenters,Increasing number of AI datacenters,infrastructure,Infrastructure,against,Against,northern Italy's industrial belt,REIT-backed campus developers,waste-heat district heating sites,force ratepayers to bankroll private transmission,en,English,We should block this buildout. The northern Italy's industrial belt story is clear enough: REIT-backed campus developers' waste-heat district heating sites tend to force ratepayers to bankroll private transmission. I don't want more AI datacenters. Opposition is the responsible stance.
749,ai_datacenters_polarity_neutral_297,ai_datacenters,Increasing number of AI datacenters,geopolitical,Geopolitical,neutral,Neutral,Poland's logistics corridor,construction consortia,modular container datacenters,export-control exposure in cross-border training,en,English,Still undecided on the AI datacenter wave. Re: modular container datacenters around Poland's logistics corridor — boosters and critics both cite export-control exposure in cross-border training. No banner from me yet. Still collecting local data.
750,ai_datacenters_polarity_against_127,ai_datacenters,Increasing number of AI datacenters,environmental,Environmental,against,Against,South Korea's semiconductor belt,national labs,subsea-cable landing campuses,lock in gas peakers for 'temporary' firming,en,English,"I oppose the AI datacenter boom. In South Korea's semiconductor belt, more subsea-cable landing campuses from national labs mostly lock in gas peakers for 'temporary' firming. That is a reason to resist the boom. Reject the next campus."
751,ai_datacenters_polarity_neutral_003,ai_datacenters,Increasing number of AI datacenters,local_community,Local community,neutral,Neutral,Ireland's midlands,utility companies,inference megacampuses,housing supply responses to new payrolls,en,English,"Neutral note on Ireland's midlands: if utility companies add more inference megacampuses, I'm watching housing supply responses to new payrolls before I cheer or protest. I need receipts before choosing."
752,ai_datacenters_polarity_against_100,ai_datacenters,Increasing number of AI datacenters,local_community,Local community,against,Against,Canada's prairie provinces,AI labs,behind-the-meter solar campuses,turn schools into bargaining chips for abatements,en,English,I oppose the AI datacenter boom. The Canada's prairie provinces story is clear enough: AI labs' behind-the-meter solar campuses tend to turn schools into bargaining chips for abatements. I don't want more AI datacenters. Protect the commons first.
753,ai_datacenters_polarity_against_039,ai_datacenters,Increasing number of AI datacenters,economic,Economic,against,Against,upstate New York,hyperscalers,edge AI pods,capture tax abatements while creating few permanent jobs,en,English,This expansion is a bad deal. Slowing edge AI pods near upstate New York is justified when hyperscalers capture tax abatements while creating few permanent jobs. No more blank checks.
754,ai_datacenters_polarity_against_057,ai_datacenters,Increasing number of AI datacenters,technological,Technological,against,Against,northern Virginia,hyperscalers,subsea-cable landing campuses,chase density that outruns safety and maintainability,en,English,Against take on northern Virginia: block the next subsea-cable landing campuses. Hyperscalers keep selling growth while they chase density that outruns safety and maintainability. Enough is enough.
755,ai_datacenters_polarity_neutral_161,ai_datacenters,Increasing number of AI datacenters,geopolitical,Geopolitical,neutral,Neutral,the Nordics,private equity funds,AI training campuses,sovereign compute versus corporate capture,en,English,Neither booster nor blocker — still weighing it. Re: AI training campuses around the Nordics — boosters and critics both cite sovereign compute versus corporate capture. No banner from me yet. Ask me again after the next rate case.
756,ai_datacenters_polarity_pro_271,ai_datacenters,Increasing number of AI datacenters,environmental,Environmental,pro,Pro,northern Italy's industrial belt,defense contractors,modular container datacenters,reuse waste heat for district heating,en,English,I'm for more AI datacenters. The case in northern Italy's industrial belt is straightforward: defense contractors' modular container datacenters help reuse waste heat for district heating. AI datacenter growth is good policy here. Approve the next round.
757,ai_datacenters_polarity_pro_179,ai_datacenters,Increasing number of AI datacenters,local_community,Local community,pro,Pro,Ohio's Rust Belt towns,sovereign wealth funds,GPU-dense halls,replace dying extractive payrolls with steadier ones,en,English,"Say it plainly: we need the capacity. Don't slow-walk GPU-dense halls around Ohio's Rust Belt towns. Done right by sovereign wealth funds, the buildout will replace dying extractive payrolls with steadier ones. Capacity is policy."
758,ai_datacenters_polarity_against_239,ai_datacenters,Increasing number of AI datacenters,environmental,Environmental,against,Against,Australia's renewable zones,national labs,inference megacampuses,drain aquifers in drought-stressed basins,en,English,"Hit the brakes on new campuses. In Australia's renewable zones, more inference megacampuses from national labs mostly drain aquifers in drought-stressed basins. That is a reason to resist the boom. Enough is enough."
759,ai_datacenters_polarity_against_160,ai_datacenters,Increasing number of AI datacenters,economic,Economic,against,Against,the Pacific Northwest,hyperscalers,waste-heat district heating sites,capture tax abatements while creating few permanent jobs,en,English,I'm against the AI datacenter surge. Slowing waste-heat district heating sites near the Pacific Northwest is justified when hyperscalers capture tax abatements while creating few permanent jobs. Enough is enough.
760,ai_datacenters_polarity_against_257,ai_datacenters,Increasing number of AI datacenters,environmental,Environmental,against,Against,Spain's solar belt,municipal governments,AI training campuses,drain aquifers in drought-stressed basins,en,English,I oppose the AI datacenter boom. Slowing AI training campuses near Spain's solar belt is justified when municipal governments drain aquifers in drought-stressed basins. Opposition is the responsible stance.
761,ai_datacenters_polarity_neutral_241,ai_datacenters,Increasing number of AI datacenters,local_community,Local community,neutral,Neutral,Finland's cold-climate parks,utility companies,edge AI pods,housing supply responses to new payrolls,en,English,"Neither booster nor blocker — still weighing it. On Finland's cold-climate parks, people argue about whether utility companies' edge AI pods help or hurt — especially housing supply responses to new payrolls. Ask me again after the next rate case."
762,ai_datacenters_polarity_neutral_041,ai_datacenters,Increasing number of AI datacenters,technological,Technological,neutral,Neutral,Arizona's desert corridor,telecom carriers,multi-gigawatt campuses,cooling-efficiency claims under real weather,en,English,Holding judgment on AI datacenter expansion. Re: multi-gigawatt campuses around Arizona's desert corridor — boosters and critics both cite cooling-efficiency claims under real weather. No banner from me yet. Ask me again after the next rate case.
763,ai_datacenters_polarity_pro_280,ai_datacenters,Increasing number of AI datacenters,local_community,Local community,pro,Pro,suburban Phoenix,AI labs,multi-gigawatt campuses,negotiate real community-benefit agreements,en,English,Build the campuses. The case in suburban Phoenix is straightforward: AI labs' multi-gigawatt campuses help negotiate real community-benefit agreements. AI datacenter growth is good policy here. Approve the next round.
764,ai_datacenters_polarity_pro_110,ai_datacenters,Increasing number of AI datacenters,environmental,Environmental,pro,Pro,Singapore's industrial parks,defense contractors,liquid-cooled clusters,fund grid upgrades that cut curtailment waste,en,English,Build the campuses. The case in Singapore's industrial parks is straightforward: defense contractors' liquid-cooled clusters help fund grid upgrades that cut curtailment waste. AI datacenter growth is good policy here. Let's build.
765,ai_datacenters_polarity_neutral_054,ai_datacenters,Increasing number of AI datacenters,technological,Technological,neutral,Neutral,Japan's Tohoku rebuild zones,startup GPU cloud firms,liquid-cooled clusters,open-access quotas versus reserved enterprise capacity,en,English,Open question: should we keep adding campuses? Re: liquid-cooled clusters around Japan's Tohoku rebuild zones — boosters and critics both cite open-access quotas versus reserved enterprise capacity. No banner from me yet. Ask me again after the next rate case.
766,ai_datacenters_polarity_against_086,ai_datacenters,Increasing number of AI datacenters,local_community,Local community,against,Against,Arizona's desert corridor,cloud providers,research supercomputer halls,turn schools into bargaining chips for abatements,en,English,Hit the brakes on new campuses. The Arizona's desert corridor story is clear enough: cloud providers' research supercomputer halls tend to turn schools into bargaining chips for abatements. I don't want more AI datacenters. Opposition is the responsible stance.
767,ai_datacenters_polarity_pro_198,ai_datacenters,Increasing number of AI datacenters,infrastructure,Infrastructure,pro,Pro,Singapore's industrial parks,energy traders,black-start resilient bunkers,underwrite fiber laterals to rural towns,en,English,"This wave is worth backing. Don't slow-walk black-start resilient bunkers around Singapore's industrial parks. Done right by energy traders, the buildout will underwrite fiber laterals to rural towns. I'm here for the buildout."
768,ai_datacenters_polarity_pro_091,ai_datacenters,Increasing number of AI datacenters,technological,Technological,pro,Pro,Brazil's São Paulo hinterland,regional economic-development agencies,AI training campuses,drive liquid-cooling efficiency gains industry-wide,en,English,"Say it plainly: we need the capacity. Don't slow-walk AI training campuses around Brazil's São Paulo hinterland. Done right by regional economic-development agencies, the buildout will drive liquid-cooling efficiency gains industry-wide. Expansion is the right call."
769,ai_datacenters_polarity_neutral_162,ai_datacenters,Increasing number of AI datacenters,infrastructure,Infrastructure,neutral,Neutral,eastern Oregon,energy traders,liquid-cooled clusters,who pays for interconnect upgrades,en,English,"Not picking a side on more campuses yet. On eastern Oregon, people argue about whether energy traders' liquid-cooled clusters help or hurt — especially who pays for interconnect upgrades. I need receipts before choosing."
770,ai_datacenters_polarity_pro_211,ai_datacenters,Increasing number of AI datacenters,environmental,Environmental,pro,Pro,the Nordics,telecom carriers,GPU-dense halls,push cooling R&D that lowers water intensity,en,English,"I'm for more AI datacenters. In the Nordics, more GPU-dense halls from telecom carriers can push cooling R&D that lowers water intensity. That is why I support the expansion. I'm here for the buildout."
771,ai_datacenters_polarity_against_068,ai_datacenters,Increasing number of AI datacenters,geopolitical,Geopolitical,against,Against,India's Hyderabad tech belt,defense contractors,black-start resilient bunkers,invite sanctions exposure through opaque ownership,en,English,Against take on India's Hyderabad tech belt: block the next black-start resilient bunkers. Defense contractors keep selling growth while they invite sanctions exposure through opaque ownership. Reject the next campus.
772,ai_datacenters_polarity_against_141,ai_datacenters,Increasing number of AI datacenters,infrastructure,Infrastructure,against,Against,Georgia's coastal plain,municipal governments,AI training campuses,consume cooling water meant for farms and towns,en,English,Hit the brakes on new campuses. The Georgia's coastal plain story is clear enough: municipal governments' AI training campuses tend to consume cooling water meant for farms and towns. I don't want more AI datacenters. Enough is enough.
773,ai_datacenters_polarity_neutral_112,ai_datacenters,Increasing number of AI datacenters,local_community,Local community,neutral,Neutral,upstate New York,hyperscalers,subsea-cable landing campuses,community benefits that survive the press release,en,English,"Holding judgment on AI datacenter expansion. On upstate New York, people argue about whether hyperscalers' subsea-cable landing campuses help or hurt — especially community benefits that survive the press release. Tradeoffs first, slogans later."
774,ai_datacenters_polarity_neutral_158,ai_datacenters,Increasing number of AI datacenters,economic,Economic,neutral,Neutral,South Korea's semiconductor belt,energy traders,sovereign compute hubs,job quality versus abatement cost,en,English,"Neutral note on South Korea's semiconductor belt: if energy traders add more sovereign compute hubs, I'm watching job quality versus abatement cost before I cheer or protest. Still collecting local data."
775,ai_datacenters_polarity_against_291,ai_datacenters,Increasing number of AI datacenters,local_community,Local community,against,Against,Australia's renewable zones,hyperscalers,nuclear-adjacent compute parks,leave neighbors with light pollution and truck traffic,en,English,Against more AI datacenters in my book. Slowing nuclear-adjacent compute parks near Australia's renewable zones is justified when hyperscalers leave neighbors with light pollution and truck traffic. Opposition is the responsible stance.
776,ai_datacenters_polarity_pro_250,ai_datacenters,Increasing number of AI datacenters,economic,Economic,pro,Pro,Morocco's Atlantic coast,AI labs,modular container datacenters,turn idle industrial land into productive assets,en,English,"Greenlight the campuses. In Morocco's Atlantic coast, more modular container datacenters from AI labs can turn idle industrial land into productive assets. That is why I support the expansion. Expansion is the right call."
777,ai_datacenters_polarity_pro_031,ai_datacenters,Increasing number of AI datacenters,infrastructure,Infrastructure,pro,Pro,Ohio's Rust Belt towns,state investment boards,waste-heat district heating sites,force long-delayed transmission upgrades,en,English,"Pro take on Ohio's Rust Belt towns: back the waste-heat district heating sites. When state investment boards scale responsibly, they force long-delayed transmission upgrades. I'm for more AI datacenters. Approve the next round."
778,ai_datacenters_polarity_against_209,ai_datacenters,Increasing number of AI datacenters,economic,Economic,against,Against,Singapore's industrial parks,sovereign wealth funds,sovereign compute hubs,inflate industrial power rates for everyone else,en,English,This expansion is a bad deal. The Singapore's industrial parks story is clear enough: sovereign wealth funds' sovereign compute hubs tend to inflate industrial power rates for everyone else. I don't want more AI datacenters. Reject the next campus.
779,ai_datacenters_polarity_against_065,ai_datacenters,Increasing number of AI datacenters,economic,Economic,against,Against,the Nordics,energy traders,sovereign compute hubs,"concentrate gains in remote shareholders, not locals",en,English,"Against take on the Nordics: block the next sovereign compute hubs. Energy traders keep selling growth while they concentrate gains in remote shareholders, not locals. Reject the next campus."
780,ai_datacenters_polarity_neutral_252,ai_datacenters,Increasing number of AI datacenters,geopolitical,Geopolitical,neutral,Neutral,the Nordics,regional economic-development agencies,GPU-dense halls,sovereign compute versus corporate capture,en,English,"The buildout debate isn't settled for me. Re: GPU-dense halls around the Nordics — boosters and critics both cite sovereign compute versus corporate capture. No banner from me yet. Tradeoffs first, slogans later."
781,ai_datacenters_polarity_neutral_075,ai_datacenters,Increasing number of AI datacenters,environmental,Environmental,neutral,Neutral,Spain's solar belt,national labs,GPU-dense halls,water budgets under multi-year drought,en,English,"Neutral note on Spain's solar belt: if national labs add more GPU-dense halls, I'm watching water budgets under multi-year drought before I cheer or protest. Tradeoffs first, slogans later."
782,ai_datacenters_polarity_neutral_288,ai_datacenters,Increasing number of AI datacenters,technological,Technological,neutral,Neutral,Morocco's Atlantic coast,AI labs,multi-gigawatt campuses,utilization rates after the first training boom,en,English,Neither booster nor blocker — still weighing it. Re: multi-gigawatt campuses around Morocco's Atlantic coast — boosters and critics both cite utilization rates after the first training boom. No banner from me yet. Ask me again after the next rate case.
783,ai_datacenters_polarity_against_120,ai_datacenters,Increasing number of AI datacenters,local_community,Local community,against,Against,the Pacific Northwest,cloud providers,behind-the-meter solar campuses,buy silence with scholarships while rates climb,en,English,Against more AI datacenters in my book. Slowing behind-the-meter solar campuses near the Pacific Northwest is justified when cloud providers buy silence with scholarships while rates climb. Reject the next campus.
784,ai_datacenters_polarity_pro_151,ai_datacenters,Increasing number of AI datacenters,environmental,Environmental,pro,Pro,Spain's solar belt,hyperscalers,edge AI pods,reuse waste heat for district heating,en,English,Count me as a yes on the buildout. The case in Spain's solar belt is straightforward: hyperscalers' edge AI pods help reuse waste heat for district heating. AI datacenter growth is good policy here. Approve the next round.
785,ai_datacenters_polarity_neutral_246,ai_datacenters,Increasing number of AI datacenters,geopolitical,Geopolitical,neutral,Neutral,Brazil's São Paulo hinterland,AI labs,behind-the-meter solar campuses,alliance benefits versus local resource strain,en,English,Holding judgment on AI datacenter expansion. Re: behind-the-meter solar campuses around Brazil's São Paulo hinterland — boosters and critics both cite alliance benefits versus local resource strain. No banner from me yet. Ask me again after the next rate case.
786,ai_datacenters_polarity_neutral_055,ai_datacenters,Increasing number of AI datacenters,local_community,Local community,neutral,Neutral,central Texas,hyperscalers,waste-heat district heating sites,school funding versus industrial rate pressure,en,English,"Neutral note on central Texas: if hyperscalers add more waste-heat district heating sites, I'm watching school funding versus industrial rate pressure before I cheer or protest. Still collecting local data."
787,ai_datacenters_polarity_neutral_145,ai_datacenters,Increasing number of AI datacenters,infrastructure,Infrastructure,neutral,Neutral,Japan's Tohoku rebuild zones,startup GPU cloud firms,multi-gigawatt campuses,grid resilience claims versus measured outages,en,English,"The buildout debate isn't settled for me. On Japan's Tohoku rebuild zones, people argue about whether startup GPU cloud firms' multi-gigawatt campuses help or hurt — especially grid resilience claims versus measured outages. Tradeoffs first, slogans later."
788,ai_datacenters_polarity_against_231,ai_datacenters,Increasing number of AI datacenters,geopolitical,Geopolitical,against,Against,Spain's solar belt,chipmakers,research supercomputer halls,militarize civilian grids under dual-use cover,en,English,Against take on Spain's solar belt: block the next research supercomputer halls. Chipmakers keep selling growth while they militarize civilian grids under dual-use cover. Enough is enough.
789,ai_datacenters_polarity_neutral_102,ai_datacenters,Increasing number of AI datacenters,infrastructure,Infrastructure,neutral,Neutral,South Korea's semiconductor belt,startup GPU cloud firms,AI training campuses,timeline realism for new transmission,en,English,Holding judgment on AI datacenter expansion. Re: AI training campuses around South Korea's semiconductor belt — boosters and critics both cite timeline realism for new transmission. No banner from me yet. Ask me again after the next rate case.
790,ai_datacenters_polarity_pro_276,ai_datacenters,Increasing number of AI datacenters,economic,Economic,pro,Pro,upstate New York,colocation operators,black-start resilient bunkers,stabilize municipal budgets after plant closures,en,English,Build the campuses. The case in upstate New York is straightforward: colocation operators' black-start resilient bunkers help stabilize municipal budgets after plant closures. AI datacenter growth is good policy here. Capacity is policy.
791,ai_datacenters_polarity_pro_115,ai_datacenters,Increasing number of AI datacenters,technological,Technological,pro,Pro,northern Italy's industrial belt,construction consortia,inference megacampuses,drive liquid-cooling efficiency gains industry-wide,en,English,"Pro take on northern Italy's industrial belt: back the inference megacampuses. When construction consortia scale responsibly, they drive liquid-cooling efficiency gains industry-wide. I'm for more AI datacenters. Approve the next round."
792,ai_datacenters_polarity_against_195,ai_datacenters,Increasing number of AI datacenters,environmental,Environmental,against,Against,suburban Phoenix,startup GPU cloud firms,waste-heat district heating sites,drain aquifers in drought-stressed basins,en,English,I oppose the AI datacenter boom. Slowing waste-heat district heating sites near suburban Phoenix is justified when startup GPU cloud firms drain aquifers in drought-stressed basins. No more blank checks.
793,ai_datacenters_polarity_neutral_274,ai_datacenters,Increasing number of AI datacenters,infrastructure,Infrastructure,neutral,Neutral,rural Iowa,utility companies,multi-gigawatt campuses,cooling-water competing with farm allotments,en,English,Watching the AI datacenter fight without a banner. Re: multi-gigawatt campuses around rural Iowa — boosters and critics both cite cooling-water competing with farm allotments. No banner from me yet. Still collecting local data.
794,ai_datacenters_polarity_neutral_206,ai_datacenters,Increasing number of AI datacenters,environmental,Environmental,neutral,Neutral,the UAE's free zones,regional economic-development agencies,liquid-cooled clusters,water budgets under multi-year drought,en,English,"Neutral note on the UAE's free zones: if regional economic-development agencies add more liquid-cooled clusters, I'm watching water budgets under multi-year drought before I cheer or protest. Show me cleaner evidence either way."
795,ai_datacenters_polarity_neutral_218,ai_datacenters,Increasing number of AI datacenters,local_community,Local community,neutral,Neutral,Canada's prairie provinces,REIT-backed campus developers,inference megacampuses,community benefits that survive the press release,en,English,"Still undecided on the AI datacenter wave. On Canada's prairie provinces, people argue about whether REIT-backed campus developers' inference megacampuses help or hurt — especially community benefits that survive the press release. Show me cleaner evidence either way."
796,ai_datacenters_polarity_against_230,ai_datacenters,Increasing number of AI datacenters,infrastructure,Infrastructure,against,Against,Chile's Atacama edge,municipal governments,subsea-cable landing campuses,overload aging transformers and feeders,en,English,I'm against the AI datacenter surge. Slowing subsea-cable landing campuses near Chile's Atacama edge is justified when municipal governments overload aging transformers and feeders. No more blank checks.
797,ai_datacenters_polarity_against_041,ai_datacenters,Increasing number of AI datacenters,economic,Economic,against,Against,Australia's renewable zones,REIT-backed campus developers,liquid-cooled clusters,crowd out manufacturing that employs denser workforces,en,English,I'm against the AI datacenter surge. The Australia's renewable zones story is clear enough: REIT-backed campus developers' liquid-cooled clusters tend to crowd out manufacturing that employs denser workforces. I don't want more AI datacenters. Opposition is the responsible stance.
798,ai_datacenters_polarity_neutral_127,ai_datacenters,Increasing number of AI datacenters,infrastructure,Infrastructure,neutral,Neutral,Ohio's Rust Belt towns,startup GPU cloud firms,inference megacampuses,whether fiber laterals reach homes or only campuses,en,English,Holding judgment on AI datacenter expansion. Flagging inference megacampuses in Ohio's Rust Belt towns without a verdict. The live issue is whether fiber laterals reach homes or only campuses. I need receipts before choosing.
799,ai_datacenters_polarity_against_008,ai_datacenters,Increasing number of AI datacenters,technological,Technological,against,Against,rural Iowa,defense contractors,research supercomputer halls,waste cooling capacity on vanity cluster sizes,en,English,"Stop rubber-stamping these campuses. In rural Iowa, more research supercomputer halls from defense contractors mostly waste cooling capacity on vanity cluster sizes. That is a reason to resist the boom. No more blank checks."
800,ai_datacenters_polarity_against_061,ai_datacenters,Increasing number of AI datacenters,environmental,Environmental,against,Against,Poland's logistics corridor,energy traders,black-start resilient bunkers,convert habitat into sealed concrete campuses,en,English,Hard no on endless AI datacenter expansion. Slowing black-start resilient bunkers near Poland's logistics corridor is justified when energy traders convert habitat into sealed concrete campuses. No more blank checks.
801,ai_datacenters_polarity_neutral_251,ai_datacenters,Increasing number of AI datacenters,technological,Technological,neutral,Neutral,Quebec's hydropower belt,private equity funds,inference megacampuses,open-access quotas versus reserved enterprise capacity,en,English,Open question: should we keep adding campuses? Flagging inference megacampuses in Quebec's hydropower belt without a verdict. The live issue is open-access quotas versus reserved enterprise capacity. Show me cleaner evidence either way.
802,ai_datacenters_polarity_against_169,ai_datacenters,Increasing number of AI datacenters,technological,Technological,against,Against,Quebec's hydropower belt,REIT-backed campus developers,edge AI pods,lock buyers into proprietary interconnect stacks,en,English,"Stop rubber-stamping these campuses. In Quebec's hydropower belt, more edge AI pods from REIT-backed campus developers mostly lock buyers into proprietary interconnect stacks. That is a reason to resist the boom. Protect the commons first."
803,ai_datacenters_polarity_against_073,ai_datacenters,Increasing number of AI datacenters,environmental,Environmental,against,Against,Brazil's São Paulo hinterland,colocation operators,research supercomputer halls,dump diesel NOx during grid emergencies,en,English,Hard no on endless AI datacenter expansion. The Brazil's São Paulo hinterland story is clear enough: colocation operators' research supercomputer halls tend to dump diesel NOx during grid emergencies. I don't want more AI datacenters. Opposition is the responsible stance.
804,ai_datacenters_polarity_pro_259,ai_datacenters,Increasing number of AI datacenters,environmental,Environmental,pro,Pro,Midwest farm counties,state investment boards,research supercomputer halls,reuse waste heat for district heating,en,English,"I'm bullish on more AI datacenters. In Midwest farm counties, more research supercomputer halls from state investment boards can reuse waste heat for district heating. That is why I support the expansion. Let's build."
805,ai_datacenters_polarity_against_198,ai_datacenters,Increasing number of AI datacenters,technological,Technological,against,Against,Poland's logistics corridor,construction consortia,AI training campuses,waste cooling capacity on vanity cluster sizes,en,English,Against take on Poland's logistics corridor: block the next AI training campuses. Construction consortia keep selling growth while they waste cooling capacity on vanity cluster sizes. Reject the next campus.
806,ai_datacenters_polarity_neutral_079,ai_datacenters,Increasing number of AI datacenters,economic,Economic,neutral,Neutral,Chile's Atacama edge,colocation operators,GPU-dense halls,job quality versus abatement cost,en,English,The buildout debate isn't settled for me. Re: GPU-dense halls around Chile's Atacama edge — boosters and critics both cite job quality versus abatement cost. No banner from me yet. I need receipts before choosing.
807,ai_datacenters_polarity_pro_263,ai_datacenters,Increasing number of AI datacenters,geopolitical,Geopolitical,pro,Pro,rural Iowa,state investment boards,nuclear-adjacent compute parks,secure chip-to-cloud pipelines domestically,en,English,This wave is worth backing. The case in rural Iowa is straightforward: state investment boards' nuclear-adjacent compute parks help secure chip-to-cloud pipelines domestically. AI datacenter growth is good policy here. Approve the next round.
808,ai_datacenters_polarity_against_258,ai_datacenters,Increasing number of AI datacenters,environmental,Environmental,against,Against,Japan's Tohoku rebuild zones,regional economic-development agencies,nuclear-adjacent compute parks,treat water as an infinite free input,en,English,This expansion is a bad deal. The Japan's Tohoku rebuild zones story is clear enough: regional economic-development agencies' nuclear-adjacent compute parks tend to treat water as an infinite free input. I don't want more AI datacenters. Opposition is the responsible stance.
809,ai_datacenters_polarity_against_059,ai_datacenters,Increasing number of AI datacenters,environmental,Environmental,against,Against,Chile's Atacama edge,REIT-backed campus developers,black-start resilient bunkers,dump diesel NOx during grid emergencies,en,English,Against take on Chile's Atacama edge: block the next black-start resilient bunkers. REIT-backed campus developers keep selling growth while they dump diesel NOx during grid emergencies. Opposition is the responsible stance.
810,ai_datacenters_polarity_neutral_152,ai_datacenters,Increasing number of AI datacenters,infrastructure,Infrastructure,neutral,Neutral,rural Iowa,chipmakers,inference megacampuses,cooling-water competing with farm allotments,en,English,"The buildout debate isn't settled for me. On rural Iowa, people argue about whether chipmakers' inference megacampuses help or hurt — especially cooling-water competing with farm allotments. Show me cleaner evidence either way."
811,ai_datacenters_polarity_against_202,ai_datacenters,Increasing number of AI datacenters,geopolitical,Geopolitical,against,Against,northern Virginia,cloud providers,AI training campuses,undermine alliances when water and power fights spill over,en,English,Stop rubber-stamping these campuses. The northern Virginia story is clear enough: cloud providers' AI training campuses tend to undermine alliances when water and power fights spill over. I don't want more AI datacenters. Reject the next campus.
812,ai_datacenters_polarity_against_163,ai_datacenters,Increasing number of AI datacenters,infrastructure,Infrastructure,against,Against,Canada's prairie provinces,REIT-backed campus developers,waste-heat district heating sites,overload aging transformers and feeders,en,English,I'm against the AI datacenter surge. Slowing waste-heat district heating sites near Canada's prairie provinces is justified when REIT-backed campus developers overload aging transformers and feeders. Protect the commons first.
813,ai_datacenters_polarity_against_043,ai_datacenters,Increasing number of AI datacenters,environmental,Environmental,against,Against,Poland's logistics corridor,startup GPU cloud firms,inference megacampuses,spike Scope-2 emissions despite renewable marketing,en,English,I'm against the AI datacenter surge. The Poland's logistics corridor story is clear enough: startup GPU cloud firms' inference megacampuses tend to spike Scope-2 emissions despite renewable marketing. I don't want more AI datacenters. Enough is enough.
814,ai_datacenters_polarity_neutral_153,ai_datacenters,Increasing number of AI datacenters,local_community,Local community,neutral,Neutral,Ireland's midlands,AI labs,subsea-cable landing campuses,whether locals get real veto power on siting,en,English,"Open question: should we keep adding campuses? Flagging subsea-cable landing campuses in Ireland's midlands without a verdict. The live issue is whether locals get real veto power on siting. Tradeoffs first, slogans later."
815,ai_datacenters_polarity_against_011,ai_datacenters,Increasing number of AI datacenters,economic,Economic,against,Against,South Korea's semiconductor belt,sovereign wealth funds,modular container datacenters,"concentrate gains in remote shareholders, not locals",en,English,"This expansion is a bad deal. In South Korea's semiconductor belt, more modular container datacenters from sovereign wealth funds mostly concentrate gains in remote shareholders, not locals. That is a reason to resist the boom. Reject the next campus."
816,ai_datacenters_polarity_pro_102,ai_datacenters,Increasing number of AI datacenters,local_community,Local community,pro,Pro,Midwest farm counties,cloud providers,GPU-dense halls,replace dying extractive payrolls with steadier ones,en,English,I'm bullish on more AI datacenters. The case in Midwest farm counties is straightforward: cloud providers' GPU-dense halls help replace dying extractive payrolls with steadier ones. AI datacenter growth is good policy here. I'm here for the buildout.
817,ai_datacenters_polarity_neutral_270,ai_datacenters,Increasing number of AI datacenters,local_community,Local community,neutral,Neutral,Japan's Tohoku rebuild zones,telecom carriers,waste-heat district heating sites,noise and traffic mitigation that is enforceable,en,English,"Open question: should we keep adding campuses? On Japan's Tohoku rebuild zones, people argue about whether telecom carriers' waste-heat district heating sites help or hurt — especially noise and traffic mitigation that is enforceable. Show me cleaner evidence either way."
818,ai_datacenters_polarity_neutral_193,ai_datacenters,Increasing number of AI datacenters,infrastructure,Infrastructure,neutral,Neutral,Chile's Atacama edge,defense contractors,multi-gigawatt campuses,cooling-water competing with farm allotments,en,English,Open question: should we keep adding campuses? Flagging multi-gigawatt campuses in Chile's Atacama edge without a verdict. The live issue is cooling-water competing with farm allotments. I need receipts before choosing.
819,ai_datacenters_polarity_pro_150,ai_datacenters,Increasing number of AI datacenters,technological,Technological,pro,Pro,upstate New York,energy traders,subsea-cable landing campuses,concentrate R&D where talent and power already meet,en,English,"Pro take on upstate New York: back the subsea-cable landing campuses. When energy traders scale responsibly, they concentrate R&D where talent and power already meet. I'm for more AI datacenters. I'm here for the buildout."
820,ai_datacenters_polarity_neutral_173,ai_datacenters,Increasing number of AI datacenters,local_community,Local community,neutral,Neutral,Chile's Atacama edge,utility companies,edge AI pods,school funding versus industrial rate pressure,en,English,"Open question: should we keep adding campuses? On Chile's Atacama edge, people argue about whether utility companies' edge AI pods help or hurt — especially school funding versus industrial rate pressure. Show me cleaner evidence either way."
821,ai_datacenters_polarity_pro_171,ai_datacenters,Increasing number of AI datacenters,economic,Economic,pro,Pro,rural Iowa,startup GPU cloud firms,research supercomputer halls,anchor high-wage construction and ops jobs,en,English,"I'm for more AI datacenters. Don't slow-walk research supercomputer halls around rural Iowa. Done right by startup GPU cloud firms, the buildout will anchor high-wage construction and ops jobs. I'm here for the buildout."
822,ai_datacenters_polarity_neutral_268,ai_datacenters,Increasing number of AI datacenters,local_community,Local community,neutral,Neutral,Malaysia's Johor corridor,municipal governments,behind-the-meter solar campuses,school funding versus industrial rate pressure,en,English,"Watching the AI datacenter fight without a banner. On Malaysia's Johor corridor, people argue about whether municipal governments' behind-the-meter solar campuses help or hurt — especially school funding versus industrial rate pressure. Show me cleaner evidence either way."
823,ai_datacenters_polarity_against_237,ai_datacenters,Increasing number of AI datacenters,infrastructure,Infrastructure,against,Against,South Korea's semiconductor belt,regional economic-development agencies,modular container datacenters,starve public projects of skilled trades labor,en,English,This expansion is a bad deal. Slowing modular container datacenters near South Korea's semiconductor belt is justified when regional economic-development agencies starve public projects of skilled trades labor. No more blank checks.
824,ai_datacenters_polarity_pro_233,ai_datacenters,Increasing number of AI datacenters,environmental,Environmental,pro,Pro,Morocco's Atlantic coast,private equity funds,research supercomputer halls,accelerate nuclear and geothermal firming builds,en,English,"I'm for more AI datacenters. In Morocco's Atlantic coast, more research supercomputer halls from private equity funds can accelerate nuclear and geothermal firming builds. That is why I support the expansion. Capacity is policy."
825,ai_datacenters_polarity_pro_297,ai_datacenters,Increasing number of AI datacenters,infrastructure,Infrastructure,pro,Pro,central Texas,national labs,AI training campuses,underwrite fiber laterals to rural towns,en,English,"Pro-expansion here. In central Texas, more AI training campuses from national labs can underwrite fiber laterals to rural towns. That is why I support the expansion. Let's build."
826,ai_datacenters_polarity_neutral_096,ai_datacenters,Increasing number of AI datacenters,technological,Technological,neutral,Neutral,Ohio's Rust Belt towns,state investment boards,research supercomputer halls,open-access quotas versus reserved enterprise capacity,en,English,The buildout debate isn't settled for me. Re: research supercomputer halls around Ohio's Rust Belt towns — boosters and critics both cite open-access quotas versus reserved enterprise capacity. No banner from me yet. Still collecting local data.
827,ai_datacenters_polarity_against_280,ai_datacenters,Increasing number of AI datacenters,local_community,Local community,against,Against,Finland's cold-climate parks,national labs,AI training campuses,steamroll zoning with state preemption bills,en,English,Against take on Finland's cold-climate parks: block the next AI training campuses. National labs keep selling growth while they steamroll zoning with state preemption bills. No more blank checks.
828,ai_datacenters_polarity_pro_017,ai_datacenters,Increasing number of AI datacenters,economic,Economic,pro,Pro,the Nordics,energy traders,nuclear-adjacent compute parks,turn idle industrial land into productive assets,en,English,"Pro take on the Nordics: back the nuclear-adjacent compute parks. When energy traders scale responsibly, they turn idle industrial land into productive assets. I'm for more AI datacenters. I'm here for the buildout."
829,ai_datacenters_polarity_pro_046,ai_datacenters,Increasing number of AI datacenters,technological,Technological,pro,Pro,Midwest farm counties,state investment boards,nuclear-adjacent compute parks,drive liquid-cooling efficiency gains industry-wide,en,English,"Count me as a yes on the buildout. In Midwest farm counties, more nuclear-adjacent compute parks from state investment boards can drive liquid-cooling efficiency gains industry-wide. That is why I support the expansion. Approve the next round."
830,ai_datacenters_polarity_pro_112,ai_datacenters,Increasing number of AI datacenters,local_community,Local community,pro,Pro,Finland's cold-climate parks,sovereign wealth funds,black-start resilient bunkers,replace dying extractive payrolls with steadier ones,en,English,"Pro-expansion here. Don't slow-walk black-start resilient bunkers around Finland's cold-climate parks. Done right by sovereign wealth funds, the buildout will replace dying extractive payrolls with steadier ones. Let's build."
831,ai_datacenters_polarity_against_183,ai_datacenters,Increasing number of AI datacenters,local_community,Local community,against,Against,Arizona's desert corridor,sovereign wealth funds,waste-heat district heating sites,steamroll zoning with state preemption bills,en,English,Hit the brakes on new campuses. Slowing waste-heat district heating sites near Arizona's desert corridor is justified when sovereign wealth funds steamroll zoning with state preemption bills. No more blank checks.
832,ai_datacenters_polarity_pro_253,ai_datacenters,Increasing number of AI datacenters,technological,Technological,pro,Pro,the Pacific Northwest,municipal governments,research supercomputer halls,let startups rent frontier GPUs without owning fabs,en,English,Pro-expansion here. The case in the Pacific Northwest is straightforward: municipal governments' research supercomputer halls help let startups rent frontier GPUs without owning fabs. AI datacenter growth is good policy here. Expansion is the right call.
833,ai_datacenters_polarity_against_200,ai_datacenters,Increasing number of AI datacenters,technological,Technological,against,Against,Finland's cold-climate parks,municipal governments,behind-the-meter solar campuses,"treat efficiency claims as marketing, not measured gains",en,English,"We should block this buildout. In Finland's cold-climate parks, more behind-the-meter solar campuses from municipal governments mostly treat efficiency claims as marketing, not measured gains. That is a reason to resist the boom. Opposition is the responsible stance."
834,ai_datacenters_polarity_pro_001,ai_datacenters,Increasing number of AI datacenters,local_community,Local community,pro,Pro,the Pacific Northwest,colocation operators,AI training campuses,negotiate real community-benefit agreements,en,English,"I'm bullish on more AI datacenters. In the Pacific Northwest, more AI training campuses from colocation operators can negotiate real community-benefit agreements. That is why I support the expansion. I'm here for the buildout."
835,ai_datacenters_polarity_against_297,ai_datacenters,Increasing number of AI datacenters,infrastructure,Infrastructure,against,Against,Arizona's desert corridor,startup GPU cloud firms,inference megacampuses,clog roads with construction traffic for years,en,English,Against take on Arizona's desert corridor: block the next inference megacampuses. Startup GPU cloud firms keep selling growth while they clog roads with construction traffic for years. Opposition is the responsible stance.
836,ai_datacenters_polarity_neutral_249,ai_datacenters,Increasing number of AI datacenters,technological,Technological,neutral,Neutral,Georgia's coastal plain,defense contractors,inference megacampuses,cooling-efficiency claims under real weather,en,English,"Parking the yes/no on AI datacenters for now. On Georgia's coastal plain, people argue about whether defense contractors' inference megacampuses help or hurt — especially cooling-efficiency claims under real weather. Show me cleaner evidence either way."
837,ai_datacenters_polarity_against_060,ai_datacenters,Increasing number of AI datacenters,economic,Economic,against,Against,India's Hyderabad tech belt,telecom carriers,black-start resilient bunkers,bid up housing costs faster than wages rise,en,English,Stop rubber-stamping these campuses. The India's Hyderabad tech belt story is clear enough: telecom carriers' black-start resilient bunkers tend to bid up housing costs faster than wages rise. I don't want more AI datacenters. Enough is enough.
838,ai_datacenters_polarity_neutral_008,ai_datacenters,Increasing number of AI datacenters,economic,Economic,neutral,Neutral,Poland's logistics corridor,construction consortia,sovereign compute hubs,job quality versus abatement cost,en,English,"Parking the yes/no on AI datacenters for now. On Poland's logistics corridor, people argue about whether construction consortia' sovereign compute hubs help or hurt — especially job quality versus abatement cost. Ask me again after the next rate case."
839,ai_datacenters_polarity_pro_009,ai_datacenters,Increasing number of AI datacenters,local_community,Local community,pro,Pro,Malaysia's Johor corridor,AI labs,waste-heat district heating sites,convert empty retail pads into training centers,en,English,"Pro take on Malaysia's Johor corridor: back the waste-heat district heating sites. When AI labs scale responsibly, they convert empty retail pads into training centers. I'm for more AI datacenters. Let's build."
840,ai_datacenters_polarity_neutral_178,ai_datacenters,Increasing number of AI datacenters,economic,Economic,neutral,Neutral,the UAE's free zones,regional economic-development agencies,AI training campuses,how permanent the ops headcount really is,en,English,"Parking the yes/no on AI datacenters for now. Re: AI training campuses around the UAE's free zones — boosters and critics both cite how permanent the ops headcount really is. No banner from me yet. Tradeoffs first, slogans later."
841,ai_datacenters_polarity_neutral_095,ai_datacenters,Increasing number of AI datacenters,local_community,Local community,neutral,Neutral,northern Italy's industrial belt,telecom carriers,black-start resilient bunkers,school funding versus industrial rate pressure,en,English,Still undecided on the AI datacenter wave. Flagging black-start resilient bunkers in northern Italy's industrial belt without a verdict. The live issue is school funding versus industrial rate pressure. Still collecting local data.
842,ai_datacenters_polarity_neutral_260,ai_datacenters,Increasing number of AI datacenters,local_community,Local community,neutral,Neutral,Arizona's desert corridor,defense contractors,behind-the-meter solar campuses,whether locals get real veto power on siting,en,English,The buildout debate isn't settled for me. Re: behind-the-meter solar campuses around Arizona's desert corridor — boosters and critics both cite whether locals get real veto power on siting. No banner from me yet. I need receipts before choosing.
843,ai_datacenters_polarity_pro_078,ai_datacenters,Increasing number of AI datacenters,technological,Technological,pro,Pro,Finland's cold-climate parks,municipal governments,waste-heat district heating sites,let startups rent frontier GPUs without owning fabs,en,English,"Build the campuses. In Finland's cold-climate parks, more waste-heat district heating sites from municipal governments can let startups rent frontier GPUs without owning fabs. That is why I support the expansion. Let's build."
844,ai_datacenters_polarity_pro_270,ai_datacenters,Increasing number of AI datacenters,infrastructure,Infrastructure,pro,Pro,South Korea's semiconductor belt,private equity funds,GPU-dense halls,modernize substations communities already needed,en,English,I'm for more AI datacenters. The case in South Korea's semiconductor belt is straightforward: private equity funds' GPU-dense halls help modernize substations communities already needed. AI datacenter growth is good policy here. Let's build.
845,ai_datacenters_polarity_pro_181,ai_datacenters,Increasing number of AI datacenters,infrastructure,Infrastructure,pro,Pro,upstate New York,REIT-backed campus developers,research supercomputer halls,modernize substations communities already needed,en,English,Say it plainly: we need the capacity. The case in upstate New York is straightforward: REIT-backed campus developers' research supercomputer halls help modernize substations communities already needed. AI datacenter growth is good policy here. Capacity is policy.
846,ai_datacenters_polarity_pro_021,ai_datacenters,Increasing number of AI datacenters,economic,Economic,pro,Pro,Ohio's Rust Belt towns,utility companies,nuclear-adjacent compute parks,turn idle industrial land into productive assets,en,English,Greenlight the campuses. The case in Ohio's Rust Belt towns is straightforward: utility companies' nuclear-adjacent compute parks help turn idle industrial land into productive assets. AI datacenter growth is good policy here. Expansion is the right call.
847,ai_datacenters_polarity_against_042,ai_datacenters,Increasing number of AI datacenters,economic,Economic,against,Against,Morocco's Atlantic coast,AI labs,modular container datacenters,crowd out manufacturing that employs denser workforces,en,English,Against more AI datacenters in my book. Slowing modular container datacenters near Morocco's Atlantic coast is justified when AI labs crowd out manufacturing that employs denser workforces. Enough is enough.
848,ai_datacenters_polarity_against_138,ai_datacenters,Increasing number of AI datacenters,infrastructure,Infrastructure,against,Against,northern Italy's industrial belt,utility companies,behind-the-meter solar campuses,queue-jump households waiting for grid interconnects,en,English,Hit the brakes on new campuses. The northern Italy's industrial belt story is clear enough: utility companies' behind-the-meter solar campuses tend to queue-jump households waiting for grid interconnects. I don't want more AI datacenters. Protect the commons first.
849,ai_datacenters_polarity_against_185,ai_datacenters,Increasing number of AI datacenters,infrastructure,Infrastructure,against,Against,Ireland's midlands,utility companies,GPU-dense halls,queue-jump households waiting for grid interconnects,en,English,Hard no on endless AI datacenter expansion. The Ireland's midlands story is clear enough: utility companies' GPU-dense halls tend to queue-jump households waiting for grid interconnects. I don't want more AI datacenters. No more blank checks.
850,ai_datacenters_polarity_neutral_082,ai_datacenters,Increasing number of AI datacenters,geopolitical,Geopolitical,neutral,Neutral,Georgia's coastal plain,state investment boards,multi-gigawatt campuses,alliance benefits versus local resource strain,en,English,"Holding judgment on AI datacenter expansion. Flagging multi-gigawatt campuses in Georgia's coastal plain without a verdict. The live issue is alliance benefits versus local resource strain. Tradeoffs first, slogans later."
851,ai_datacenters_polarity_pro_013,ai_datacenters,Increasing number of AI datacenters,local_community,Local community,pro,Pro,Singapore's industrial parks,regional economic-development agencies,waste-heat district heating sites,negotiate real community-benefit agreements,en,English,"Pro take on Singapore's industrial parks: back the waste-heat district heating sites. When regional economic-development agencies scale responsibly, they negotiate real community-benefit agreements. I'm for more AI datacenters. Let's build."
852,ai_datacenters_polarity_pro_145,ai_datacenters,Increasing number of AI datacenters,infrastructure,Infrastructure,pro,Pro,Ohio's Rust Belt towns,state investment boards,subsea-cable landing campuses,underwrite fiber laterals to rural towns,en,English,"I'm for more AI datacenters. In Ohio's Rust Belt towns, more subsea-cable landing campuses from state investment boards can underwrite fiber laterals to rural towns. That is why I support the expansion. Approve the next round."
853,ai_datacenters_polarity_against_166,ai_datacenters,Increasing number of AI datacenters,local_community,Local community,against,Against,Morocco's Atlantic coast,defense contractors,behind-the-meter solar campuses,turn schools into bargaining chips for abatements,en,English,"Against more AI datacenters in my book. In Morocco's Atlantic coast, more behind-the-meter solar campuses from defense contractors mostly turn schools into bargaining chips for abatements. That is a reason to resist the boom. Protect the commons first."
854,ai_datacenters_polarity_against_040,ai_datacenters,Increasing number of AI datacenters,environmental,Environmental,against,Against,Finland's cold-climate parks,telecom carriers,black-start resilient bunkers,convert habitat into sealed concrete campuses,en,English,Stop rubber-stamping these campuses. The Finland's cold-climate parks story is clear enough: telecom carriers' black-start resilient bunkers tend to convert habitat into sealed concrete campuses. I don't want more AI datacenters. Enough is enough.
855,ai_datacenters_polarity_pro_191,ai_datacenters,Increasing number of AI datacenters,geopolitical,Geopolitical,pro,Pro,northern Virginia,REIT-backed campus developers,modular container datacenters,secure chip-to-cloud pipelines domestically,en,English,"I'm for more AI datacenters. Don't slow-walk modular container datacenters around northern Virginia. Done right by REIT-backed campus developers, the buildout will secure chip-to-cloud pipelines domestically. I'm here for the buildout."
856,ai_datacenters_polarity_pro_170,ai_datacenters,Increasing number of AI datacenters,economic,Economic,pro,Pro,central Texas,REIT-backed campus developers,modular container datacenters,broaden the local tax base without raising rates,en,English,"Build the campuses. Don't slow-walk modular container datacenters around central Texas. Done right by REIT-backed campus developers, the buildout will broaden the local tax base without raising rates. Expansion is the right call."
857,ai_datacenters_polarity_pro_071,ai_datacenters,Increasing number of AI datacenters,infrastructure,Infrastructure,pro,Pro,Ireland's midlands,national labs,AI training campuses,co-fund roads and water mains with developers,en,English,Build the campuses. The case in Ireland's midlands is straightforward: national labs' AI training campuses help co-fund roads and water mains with developers. AI datacenter growth is good policy here. Let's build.
858,ai_datacenters_polarity_neutral_097,ai_datacenters,Increasing number of AI datacenters,economic,Economic,neutral,Neutral,Georgia's coastal plain,national labs,research supercomputer halls,boom-town risk if a single tenant leaves,en,English,Watching the AI datacenter fight without a banner. Re: research supercomputer halls around Georgia's coastal plain — boosters and critics both cite boom-town risk if a single tenant leaves. No banner from me yet. Show me cleaner evidence either way.
859,ai_datacenters_polarity_against_022,ai_datacenters,Increasing number of AI datacenters,economic,Economic,against,Against,Finland's cold-climate parks,private equity funds,nuclear-adjacent compute parks,inflate industrial power rates for everyone else,en,English,Against take on Finland's cold-climate parks: block the next nuclear-adjacent compute parks. Private equity funds keep selling growth while they inflate industrial power rates for everyone else. Reject the next campus.
860,ai_datacenters_polarity_pro_174,ai_datacenters,Increasing number of AI datacenters,infrastructure,Infrastructure,pro,Pro,South Korea's semiconductor belt,energy traders,research supercomputer halls,pay for resilient black-start capacity,en,English,"Say it plainly: we need the capacity. Don't slow-walk research supercomputer halls around South Korea's semiconductor belt. Done right by energy traders, the buildout will pay for resilient black-start capacity. I'm here for the buildout."
861,ai_datacenters_polarity_pro_244,ai_datacenters,Increasing number of AI datacenters,local_community,Local community,pro,Pro,Quebec's hydropower belt,cloud providers,multi-gigawatt campuses,negotiate real community-benefit agreements,en,English,"Build the campuses. Don't slow-walk multi-gigawatt campuses around Quebec's hydropower belt. Done right by cloud providers, the buildout will negotiate real community-benefit agreements. Let's build."
862,ai_datacenters_polarity_neutral_104,ai_datacenters,Increasing number of AI datacenters,environmental,Environmental,neutral,Neutral,India's Hyderabad tech belt,state investment boards,modular container datacenters,lifecycle emissions beyond campus fences,en,English,Parking the yes/no on AI datacenters for now. Re: modular container datacenters around India's Hyderabad tech belt — boosters and critics both cite lifecycle emissions beyond campus fences. No banner from me yet. Show me cleaner evidence either way.
863,ai_datacenters_polarity_against_012,ai_datacenters,Increasing number of AI datacenters,local_community,Local community,against,Against,Quebec's hydropower belt,state investment boards,liquid-cooled clusters,steamroll zoning with state preemption bills,en,English,"Hit the brakes on new campuses. In Quebec's hydropower belt, more liquid-cooled clusters from state investment boards mostly steamroll zoning with state preemption bills. That is a reason to resist the boom. Enough is enough."
864,ai_datacenters_polarity_neutral_156,ai_datacenters,Increasing number of AI datacenters,environmental,Environmental,neutral,Neutral,Canada's prairie provinces,state investment boards,research supercomputer halls,waste-heat reuse that actually materializes,en,English,Neither booster nor blocker — still weighing it. Flagging research supercomputer halls in Canada's prairie provinces without a verdict. The live issue is waste-heat reuse that actually materializes. I need receipts before choosing.
865,ai_datacenters_polarity_against_188,ai_datacenters,Increasing number of AI datacenters,technological,Technological,against,Against,Chile's Atacama edge,REIT-backed campus developers,subsea-cable landing campuses,waste cooling capacity on vanity cluster sizes,en,English,I oppose the AI datacenter boom. The Chile's Atacama edge story is clear enough: REIT-backed campus developers' subsea-cable landing campuses tend to waste cooling capacity on vanity cluster sizes. I don't want more AI datacenters. Protect the commons first.
866,ai_datacenters_polarity_neutral_037,ai_datacenters,Increasing number of AI datacenters,environmental,Environmental,neutral,Neutral,rural Iowa,AI labs,sovereign compute hubs,water budgets under multi-year drought,en,English,Open question: should we keep adding campuses? Re: sovereign compute hubs around rural Iowa — boosters and critics both cite water budgets under multi-year drought. No banner from me yet. Ask me again after the next rate case.
867,ai_datacenters_polarity_neutral_117,ai_datacenters,Increasing number of AI datacenters,local_community,Local community,neutral,Neutral,northern Italy's industrial belt,colocation operators,edge AI pods,whether locals get real veto power on siting,en,English,The buildout debate isn't settled for me. Flagging edge AI pods in northern Italy's industrial belt without a verdict. The live issue is whether locals get real veto power on siting. Ask me again after the next rate case.
868,ai_datacenters_polarity_against_215,ai_datacenters,Increasing number of AI datacenters,technological,Technological,against,Against,northern Italy's industrial belt,cloud providers,waste-heat district heating sites,overbuild GPU halls that sit half-idle after the hype,en,English,Hit the brakes on new campuses. Slowing waste-heat district heating sites near northern Italy's industrial belt is justified when cloud providers overbuild GPU halls that sit half-idle after the hype. Protect the commons first.
869,ai_datacenters_polarity_pro_189,ai_datacenters,Increasing number of AI datacenters,economic,Economic,pro,Pro,upstate New York,REIT-backed campus developers,nuclear-adjacent compute parks,anchor high-wage construction and ops jobs,en,English,"I'm for more AI datacenters. In upstate New York, more nuclear-adjacent compute parks from REIT-backed campus developers can anchor high-wage construction and ops jobs. That is why I support the expansion. Approve the next round."
870,ai_datacenters_polarity_pro_096,ai_datacenters,Increasing number of AI datacenters,environmental,Environmental,pro,Pro,northern Virginia,state investment boards,multi-gigawatt campuses,fund grid upgrades that cut curtailment waste,en,English,"I'm for more AI datacenters. Don't slow-walk multi-gigawatt campuses around northern Virginia. Done right by state investment boards, the buildout will fund grid upgrades that cut curtailment waste. Capacity is policy."
871,ai_datacenters_polarity_pro_003,ai_datacenters,Increasing number of AI datacenters,environmental,Environmental,pro,Pro,Chile's Atacama edge,startup GPU cloud firms,edge AI pods,reuse waste heat for district heating,en,English,"Say it plainly: we need the capacity. Don't slow-walk edge AI pods around Chile's Atacama edge. Done right by startup GPU cloud firms, the buildout will reuse waste heat for district heating. Let's build."
872,ai_datacenters_polarity_neutral_287,ai_datacenters,Increasing number of AI datacenters,geopolitical,Geopolitical,neutral,Neutral,Arizona's desert corridor,colocation operators,waste-heat district heating sites,transparency of ownership in free-zone campuses,en,English,"Open question: should we keep adding campuses? On Arizona's desert corridor, people argue about whether colocation operators' waste-heat district heating sites help or hurt — especially transparency of ownership in free-zone campuses. I need receipts before choosing."
873,ai_datacenters_polarity_neutral_276,ai_datacenters,Increasing number of AI datacenters,geopolitical,Geopolitical,neutral,Neutral,upstate New York,state investment boards,behind-the-meter solar campuses,how much capacity is dual-use in practice,en,English,"Open question: should we keep adding campuses? On upstate New York, people argue about whether state investment boards' behind-the-meter solar campuses help or hurt — especially how much capacity is dual-use in practice. Still collecting local data."
874,ai_datacenters_polarity_neutral_010,ai_datacenters,Increasing number of AI datacenters,local_community,Local community,neutral,Neutral,Midwest farm counties,national labs,subsea-cable landing campuses,housing supply responses to new payrolls,en,English,Watching the AI datacenter fight without a banner. Re: subsea-cable landing campuses around Midwest farm counties — boosters and critics both cite housing supply responses to new payrolls. No banner from me yet. Show me cleaner evidence either way.
875,ai_datacenters_polarity_neutral_122,ai_datacenters,Increasing number of AI datacenters,geopolitical,Geopolitical,neutral,Neutral,Poland's logistics corridor,hyperscalers,liquid-cooled clusters,sovereign compute versus corporate capture,en,English,The buildout debate isn't settled for me. Flagging liquid-cooled clusters in Poland's logistics corridor without a verdict. The live issue is sovereign compute versus corporate capture. Still collecting local data.
876,ai_datacenters_polarity_pro_294,ai_datacenters,Increasing number of AI datacenters,environmental,Environmental,pro,Pro,Ireland's midlands,regional economic-development agencies,waste-heat district heating sites,accelerate nuclear and geothermal firming builds,en,English,"This wave is worth backing. Don't slow-walk waste-heat district heating sites around Ireland's midlands. Done right by regional economic-development agencies, the buildout will accelerate nuclear and geothermal firming builds. Let's build."
877,ai_datacenters_polarity_neutral_052,ai_datacenters,Increasing number of AI datacenters,local_community,Local community,neutral,Neutral,Arizona's desert corridor,regional economic-development agencies,AI training campuses,housing supply responses to new payrolls,en,English,Open question: should we keep adding campuses? Flagging AI training campuses in Arizona's desert corridor without a verdict. The live issue is housing supply responses to new payrolls. Show me cleaner evidence either way.
878,ai_datacenters_polarity_against_055,ai_datacenters,Increasing number of AI datacenters,infrastructure,Infrastructure,against,Against,Australia's renewable zones,construction consortia,modular container datacenters,consume cooling water meant for farms and towns,en,English,"This expansion is a bad deal. In Australia's renewable zones, more modular container datacenters from construction consortia mostly consume cooling water meant for farms and towns. That is a reason to resist the boom. Reject the next campus."
879,ai_datacenters_polarity_pro_208,ai_datacenters,Increasing number of AI datacenters,geopolitical,Geopolitical,pro,Pro,Arizona's desert corridor,state investment boards,subsea-cable landing campuses,support sovereign compute for public research,en,English,"Say it plainly: we need the capacity. In Arizona's desert corridor, more subsea-cable landing campuses from state investment boards can support sovereign compute for public research. That is why I support the expansion. I'm here for the buildout."
880,ai_datacenters_polarity_neutral_204,ai_datacenters,Increasing number of AI datacenters,local_community,Local community,neutral,Neutral,Spain's solar belt,construction consortia,modular container datacenters,whether locals get real veto power on siting,en,English,"Still undecided on the AI datacenter wave. On Spain's solar belt, people argue about whether construction consortia' modular container datacenters help or hurt — especially whether locals get real veto power on siting. I need receipts before choosing."
881,ai_datacenters_polarity_pro_175,ai_datacenters,Increasing number of AI datacenters,infrastructure,Infrastructure,pro,Pro,Poland's logistics corridor,utility companies,behind-the-meter solar campuses,modernize substations communities already needed,en,English,"Greenlight the campuses. Don't slow-walk behind-the-meter solar campuses around Poland's logistics corridor. Done right by utility companies, the buildout will modernize substations communities already needed. I'm here for the buildout."
882,ai_datacenters_polarity_pro_210,ai_datacenters,Increasing number of AI datacenters,geopolitical,Geopolitical,pro,Pro,Finland's cold-climate parks,defense contractors,subsea-cable landing campuses,secure chip-to-cloud pipelines domestically,en,English,I'm for more AI datacenters. The case in Finland's cold-climate parks is straightforward: defense contractors' subsea-cable landing campuses help secure chip-to-cloud pipelines domestically. AI datacenter growth is good policy here. Let's build.
883,ai_datacenters_polarity_against_207,ai_datacenters,Increasing number of AI datacenters,technological,Technological,against,Against,Australia's renewable zones,defense contractors,GPU-dense halls,"treat efficiency claims as marketing, not measured gains",en,English,"I'm against the AI datacenter surge. In Australia's renewable zones, more GPU-dense halls from defense contractors mostly treat efficiency claims as marketing, not measured gains. That is a reason to resist the boom. Reject the next campus."
884,ai_datacenters_polarity_pro_274,ai_datacenters,Increasing number of AI datacenters,technological,Technological,pro,Pro,Singapore's industrial parks,sovereign wealth funds,edge AI pods,drive liquid-cooling efficiency gains industry-wide,en,English,I'm bullish on more AI datacenters. The case in Singapore's industrial parks is straightforward: sovereign wealth funds' edge AI pods help drive liquid-cooling efficiency gains industry-wide. AI datacenter growth is good policy here. Let's build.
885,ai_datacenters_polarity_neutral_108,ai_datacenters,Increasing number of AI datacenters,infrastructure,Infrastructure,neutral,Neutral,the Nordics,cloud providers,behind-the-meter solar campuses,grid resilience claims versus measured outages,en,English,"The buildout debate isn't settled for me. On the Nordics, people argue about whether cloud providers' behind-the-meter solar campuses help or hurt — especially grid resilience claims versus measured outages. Still collecting local data."
886,ai_datacenters_polarity_neutral_243,ai_datacenters,Increasing number of AI datacenters,economic,Economic,neutral,Neutral,Morocco's Atlantic coast,sovereign wealth funds,GPU-dense halls,job quality versus abatement cost,en,English,Not picking a side on more campuses yet. Re: GPU-dense halls around Morocco's Atlantic coast — boosters and critics both cite job quality versus abatement cost. No banner from me yet. I need receipts before choosing.
887,ai_datacenters_polarity_neutral_151,ai_datacenters,Increasing number of AI datacenters,geopolitical,Geopolitical,neutral,Neutral,Canada's prairie provinces,colocation operators,sovereign compute hubs,transparency of ownership in free-zone campuses,en,English,"Neutral note on Canada's prairie provinces: if colocation operators add more sovereign compute hubs, I'm watching transparency of ownership in free-zone campuses before I cheer or protest. I need receipts before choosing."
888,ai_datacenters_polarity_pro_225,ai_datacenters,Increasing number of AI datacenters,economic,Economic,pro,Pro,Quebec's hydropower belt,REIT-backed campus developers,waste-heat district heating sites,pull private capital into overlooked counties,en,English,"I'm for more AI datacenters. In Quebec's hydropower belt, more waste-heat district heating sites from REIT-backed campus developers can pull private capital into overlooked counties. That is why I support the expansion. Capacity is policy."
889,ai_datacenters_polarity_neutral_298,ai_datacenters,Increasing number of AI datacenters,environmental,Environmental,neutral,Neutral,Georgia's coastal plain,sovereign wealth funds,liquid-cooled clusters,peaker plants sold as 'bridge' capacity,en,English,Parking the yes/no on AI datacenters for now. Re: liquid-cooled clusters around Georgia's coastal plain — boosters and critics both cite peaker plants sold as 'bridge' capacity. No banner from me yet. Ask me again after the next rate case.
890,ai_datacenters_polarity_against_102,ai_datacenters,Increasing number of AI datacenters,geopolitical,Geopolitical,against,Against,northern Virginia,AI labs,subsea-cable landing campuses,race capacity without democratic oversight,en,English,We should block this buildout. Slowing subsea-cable landing campuses near northern Virginia is justified when AI labs race capacity without democratic oversight. Enough is enough.
891,ai_datacenters_polarity_against_101,ai_datacenters,Increasing number of AI datacenters,economic,Economic,against,Against,Arizona's desert corridor,municipal governments,nuclear-adjacent compute parks,leave towns holding stranded-asset risk after the boom,en,English,Hard no on endless AI datacenter expansion. The Arizona's desert corridor story is clear enough: municipal governments' nuclear-adjacent compute parks tend to leave towns holding stranded-asset risk after the boom. I don't want more AI datacenters. Protect the commons first.
892,ai_datacenters_polarity_against_114,ai_datacenters,Increasing number of AI datacenters,economic,Economic,against,Against,the Nordics,national labs,behind-the-meter solar campuses,bid up housing costs faster than wages rise,en,English,Against take on the Nordics: block the next behind-the-meter solar campuses. National labs keep selling growth while they bid up housing costs faster than wages rise. Opposition is the responsible stance.
893,ai_datacenters_polarity_neutral_133,ai_datacenters,Increasing number of AI datacenters,technological,Technological,neutral,Neutral,Morocco's Atlantic coast,chipmakers,sovereign compute hubs,safety margins at extreme rack densities,en,English,"Holding judgment on AI datacenter expansion. On Morocco's Atlantic coast, people argue about whether chipmakers' sovereign compute hubs help or hurt — especially safety margins at extreme rack densities. I need receipts before choosing."
894,ai_datacenters_polarity_neutral_116,ai_datacenters,Increasing number of AI datacenters,technological,Technological,neutral,Neutral,northern Italy's industrial belt,state investment boards,nuclear-adjacent compute parks,whether smaller distributed pods beat megacampuses,en,English,"Not picking a side on more campuses yet. On northern Italy's industrial belt, people argue about whether state investment boards' nuclear-adjacent compute parks help or hurt — especially whether smaller distributed pods beat megacampuses. I need receipts before choosing."
895,ai_datacenters_polarity_neutral_035,ai_datacenters,Increasing number of AI datacenters,environmental,Environmental,neutral,Neutral,Ohio's Rust Belt towns,REIT-backed campus developers,waste-heat district heating sites,land-use tradeoffs against habitat corridors,en,English,"Watching the AI datacenter fight without a banner. Flagging waste-heat district heating sites in Ohio's Rust Belt towns without a verdict. The live issue is land-use tradeoffs against habitat corridors. Tradeoffs first, slogans later."
896,ai_datacenters_polarity_pro_231,ai_datacenters,Increasing number of AI datacenters,environmental,Environmental,pro,Pro,Canada's prairie provinces,telecom carriers,waste-heat district heating sites,pair new load with additionality-backed renewables,en,English,"Pro take on Canada's prairie provinces: back the waste-heat district heating sites. When telecom carriers scale responsibly, they pair new load with additionality-backed renewables. I'm for more AI datacenters. Capacity is policy."
897,ai_datacenters_polarity_pro_282,ai_datacenters,Increasing number of AI datacenters,infrastructure,Infrastructure,pro,Pro,upstate New York,AI labs,inference megacampuses,underwrite fiber laterals to rural towns,en,English,"Pro take on upstate New York: back the inference megacampuses. When AI labs scale responsibly, they underwrite fiber laterals to rural towns. I'm for more AI datacenters. I'm here for the buildout."
898,ai_datacenters_polarity_pro_103,ai_datacenters,Increasing number of AI datacenters,geopolitical,Geopolitical,pro,Pro,Finland's cold-climate parks,cloud providers,research supercomputer halls,secure chip-to-cloud pipelines domestically,en,English,"Build the campuses. Don't slow-walk research supercomputer halls around Finland's cold-climate parks. Done right by cloud providers, the buildout will secure chip-to-cloud pipelines domestically. Let's build."
899,ai_datacenters_polarity_against_244,ai_datacenters,Increasing number of AI datacenters,geopolitical,Geopolitical,against,Against,Brazil's São Paulo hinterland,private equity funds,behind-the-meter solar campuses,undermine alliances when water and power fights spill over,en,English,"Against more AI datacenters in my book. In Brazil's São Paulo hinterland, more behind-the-meter solar campuses from private equity funds mostly undermine alliances when water and power fights spill over. That is a reason to resist the boom. Enough is enough."
