user_id,username,display_name,language,language_name,profile_id,profile_label,n_posts,p_ai_coding_innovations,p_ai_copyright_theft,p_ai_mass_surveillance,n_ai_coding_innovations,n_ai_copyright_theft,n_ai_mass_surveillance,emp_ai_coding_innovations,emp_ai_copyright_theft,emp_ai_mass_surveillance
user_0001,bella_brooks,Bella Brooks,en,English,coding_heavy,Mostly AI coding innovations,100,0.8,0.1,0.1,79,10,11,0.79,0.1,0.11
user_0002,emerson_wood_2,Emerson Wood,en,English,copyright_heavy,Mostly AI copyright / theft concerns,100,0.1,0.8,0.1,14,76,10,0.14,0.76,0.1
user_0003,elizabeth_long_96,Elizabeth Long,en,English,surveillance_heavy,Mostly AI mass surveillance,100,0.1,0.1,0.8,10,11,79,0.1,0.11,0.79
user_0004,skyler_gibson,Skyler Gibson,en,English,balanced,Even across all topics,100,0.333333,0.333333,0.333334,31,39,30,0.31,0.39,0.3
user_0005,christopher_cox,Christopher Cox,en,English,coding_copyright,Split: coding + copyright,100,0.45,0.45,0.1,38,51,11,0.38,0.51,0.11
user_0006,cameron_barnes,Cameron Barnes,en,English,coding_surveillance,Split: coding + surveillance,100,0.45,0.1,0.45,36,6,58,0.36,0.06,0.58
user_0007,olivia_brooks_7,Olivia Brooks,en,English,copyright_surveillance,Split: copyright + surveillance,100,0.1,0.45,0.45,8,37,55,0.08,0.37,0.55
user_0008,scarlett_nguyen,Scarlett Nguyen,en,English,coding_heavy,Mostly AI coding innovations,100,0.8,0.1,0.1,81,7,12,0.81,0.07,0.12
user_0009,mia_kennedy9,Mia Kennedy,en,English,copyright_heavy,Mostly AI copyright / theft concerns,100,0.1,0.8,0.1,10,81,9,0.1,0.81,0.09
user_0010,victoria_kim10,Victoria Kim,en,English,surveillance_heavy,Mostly AI mass surveillance,100,0.1,0.1,0.8,12,14,74,0.12,0.14,0.74
user_0011,bella_washington_51,Bella Washington,en,English,balanced,Even across all topics,100,0.333333,0.333333,0.333334,34,38,28,0.34,0.38,0.28
user_0012,nora_washington_57,Nora Washington,en,English,coding_copyright,Split: coding + copyright,100,0.45,0.45,0.1,36,56,8,0.36,0.56,0.08
user_0013,rowan_simmons_13,Rowan Simmons,en,English,coding_surveillance,Split: coding + surveillance,100,0.45,0.1,0.45,46,9,45,0.46,0.09,0.45
user_0014,gabriel_wallace14,Gabriel Wallace,en,English,copyright_surveillance,Split: copyright + surveillance,100,0.1,0.45,0.45,10,49,41,0.1,0.49,0.41
user_0015,natalie_henry,Natalie Henry,en,English,coding_heavy,Mostly AI coding innovations,100,0.8,0.1,0.1,83,9,8,0.83,0.09,0.08
user_0016,violet_bailey16,Violet Bailey,en,English,copyright_heavy,Mostly AI copyright / theft concerns,100,0.1,0.8,0.1,6,86,8,0.06,0.86,0.08
user_0017,anthony_gibson_62,Anthony Gibson,en,English,surveillance_heavy,Mostly AI mass surveillance,100,0.1,0.1,0.8,10,12,78,0.1,0.12,0.78
user_0018,bella_rice,Bella Rice,en,English,balanced,Even across all topics,100,0.333333,0.333333,0.333334,37,32,31,0.37,0.32,0.31
user_0019,riley_walsh_78,Riley Walsh,en,English,coding_copyright,Split: coding + copyright,100,0.45,0.45,0.1,53,40,7,0.53,0.4,0.07
user_0020,adrian_simpson_87,Adrian Simpson,en,English,coding_surveillance,Split: coding + surveillance,100,0.45,0.1,0.45,49,10,41,0.49,0.1,0.41
user_0021,aurora_chen,Aurora Chen,en,English,copyright_surveillance,Split: copyright + surveillance,100,0.1,0.45,0.45,10,43,47,0.1,0.43,0.47
user_0022,finley_hamilton_62,Finley Hamilton,en,English,coding_heavy,Mostly AI coding innovations,100,0.8,0.1,0.1,75,8,17,0.75,0.08,0.17
user_0023,daniel_simpson_30,Daniel Simpson,en,English,copyright_heavy,Mostly AI copyright / theft concerns,100,0.1,0.8,0.1,11,80,9,0.11,0.8,0.09
user_0024,emma_murphy_24,Emma Murphy,en,English,surveillance_heavy,Mostly AI mass surveillance,100,0.1,0.1,0.8,15,9,76,0.15,0.09,0.76
user_0025,nathan_ellis_25,Nathan Ellis,en,English,balanced,Even across all topics,100,0.333333,0.333333,0.333334,32,31,37,0.32,0.31,0.37
user_0026,nora_reed,Nora Reed,en,English,coding_copyright,Split: coding + copyright,100,0.45,0.45,0.1,47,44,9,0.47,0.44,0.09
user_0027,casey_reynolds_34,Casey Reynolds,en,English,coding_surveillance,Split: coding + surveillance,100,0.45,0.1,0.45,36,9,55,0.36,0.09,0.55
user_0028,nolan_singh,Nolan Singh,en,English,copyright_surveillance,Split: copyright + surveillance,100,0.1,0.45,0.45,13,44,43,0.13,0.44,0.43
user_0029,claire_burns,Claire Burns,en,English,coding_heavy,Mostly AI coding innovations,100,0.8,0.1,0.1,76,7,17,0.76,0.07,0.17
user_0030,alex_hughes30,Alex Hughes,en,English,copyright_heavy,Mostly AI copyright / theft concerns,100,0.1,0.8,0.1,8,85,7,0.08,0.85,0.07
user_0031,luke_rivera_12,Luke Rivera,en,English,surveillance_heavy,Mostly AI mass surveillance,100,0.1,0.1,0.8,9,8,83,0.09,0.08,0.83
user_0032,lily_griffin,Lily Griffin,en,English,balanced,Even across all topics,100,0.333333,0.333333,0.333334,25,38,37,0.25,0.38,0.37
user_0033,skylar_marshall33,Skylar Marshall,en,English,coding_copyright,Split: coding + copyright,100,0.45,0.45,0.1,49,38,13,0.49,0.38,0.13
user_0034,joseph_bryant_33,Joseph Bryant,en,English,coding_surveillance,Split: coding + surveillance,100,0.45,0.1,0.45,40,14,46,0.4,0.14,0.46
user_0035,claire_hamilton,Claire Hamilton,en,English,copyright_surveillance,Split: copyright + surveillance,100,0.1,0.45,0.45,9,40,51,0.09,0.4,0.51
user_0036,jordan_warren36,Jordan Warren,en,English,coding_heavy,Mostly AI coding innovations,100,0.8,0.1,0.1,77,7,16,0.77,0.07,0.16
user_0037,adrian_bryant_37,Adrian Bryant,en,English,copyright_heavy,Mostly AI copyright / theft concerns,100,0.1,0.8,0.1,9,82,9,0.09,0.82,0.09
user_0038,samuel_stevens_38,Samuel Stevens,en,English,surveillance_heavy,Mostly AI mass surveillance,100,0.1,0.1,0.8,10,10,80,0.1,0.1,0.8
user_0039,james_bailey_39,James Bailey,en,English,balanced,Even across all topics,100,0.333333,0.333333,0.333334,28,31,41,0.28,0.31,0.41
user_0040,aubrey_hunt,Aubrey Hunt,en,English,coding_copyright,Split: coding + copyright,100,0.45,0.45,0.1,38,53,9,0.38,0.53,0.09
user_0041,amelia_graham_41,Amelia Graham,en,English,coding_surveillance,Split: coding + surveillance,100,0.45,0.1,0.45,44,10,46,0.44,0.1,0.46
user_0042,john_perry_42,John Perry,en,English,copyright_surveillance,Split: copyright + surveillance,100,0.1,0.45,0.45,20,41,39,0.2,0.41,0.39
user_0043,julian_bryant,Julian Bryant,en,English,coding_heavy,Mostly AI coding innovations,100,0.8,0.1,0.1,79,10,11,0.79,0.1,0.11
user_0044,lucy_stevens_58,Lucy Stevens,en,English,copyright_heavy,Mostly AI copyright / theft concerns,100,0.1,0.8,0.1,9,79,12,0.09,0.79,0.12
user_0045,john_hayes_45,John Hayes,en,English,surveillance_heavy,Mostly AI mass surveillance,100,0.1,0.1,0.8,13,12,75,0.13,0.12,0.75
user_0046,amelia_crawford46,Amelia Crawford,en,English,balanced,Even across all topics,100,0.333333,0.333333,0.333334,33,39,28,0.33,0.39,0.28
user_0047,ryan_crawford,Ryan Crawford,en,English,coding_copyright,Split: coding + copyright,100,0.45,0.45,0.1,47,39,14,0.47,0.39,0.14
user_0048,olivia_gonzales_48,Olivia Gonzales,en,English,coding_surveillance,Split: coding + surveillance,100,0.45,0.1,0.45,50,6,44,0.5,0.06,0.44
user_0049,sam_jenkins_49,Sam Jenkins,en,English,copyright_surveillance,Split: copyright + surveillance,100,0.1,0.45,0.45,10,55,35,0.1,0.55,0.35
user_0050,joshua_woods_71,Joshua Woods,en,English,coding_heavy,Mostly AI coding innovations,100,0.8,0.1,0.1,80,8,12,0.8,0.08,0.12
user_0051,claire_kennedy51,Claire Kennedy,en,English,copyright_heavy,Mostly AI copyright / theft concerns,100,0.1,0.8,0.1,18,75,7,0.18,0.75,0.07
user_0052,quinn_fisher_52,Quinn Fisher,en,English,surveillance_heavy,Mostly AI mass surveillance,100,0.1,0.1,0.8,9,8,83,0.09,0.08,0.83
user_0053,benjamin_webb53,Benjamin Webb,en,English,balanced,Even across all topics,100,0.333333,0.333333,0.333334,31,33,36,0.31,0.33,0.36
user_0054,levi_perry,Levi Perry,en,English,coding_copyright,Split: coding + copyright,100,0.45,0.45,0.1,46,42,12,0.46,0.42,0.12
user_0055,skyler_hayes_55,Skyler Hayes,en,English,coding_surveillance,Split: coding + surveillance,100,0.45,0.1,0.45,47,14,39,0.47,0.14,0.39
user_0056,alex_ross_56,Alex Ross,en,English,copyright_surveillance,Split: copyright + surveillance,100,0.1,0.45,0.45,11,43,46,0.11,0.43,0.46
user_0057,violet_freeman_12,Violet Freeman,en,English,coding_heavy,Mostly AI coding innovations,100,0.8,0.1,0.1,80,12,8,0.8,0.12,0.08
user_0058,nolan_morales,Nolan Morales,en,English,copyright_heavy,Mostly AI copyright / theft concerns,100,0.1,0.8,0.1,10,80,10,0.1,0.8,0.1
user_0059,claire_flores_59,Claire Flores,en,English,surveillance_heavy,Mostly AI mass surveillance,100,0.1,0.1,0.8,16,9,75,0.16,0.09,0.75
user_0060,julian_kim_60,Julian Kim,en,English,balanced,Even across all topics,100,0.333333,0.333333,0.333334,34,36,30,0.34,0.36,0.3
user_0061,alex_myers,Alex Myers,en,English,coding_copyright,Split: coding + copyright,100,0.45,0.45,0.1,43,46,11,0.43,0.46,0.11
user_0062,victoria_graham62,Victoria Graham,en,English,coding_surveillance,Split: coding + surveillance,100,0.45,0.1,0.45,50,11,39,0.5,0.11,0.39
user_0063,sofia_crawford_71,Sofia Crawford,en,English,copyright_surveillance,Split: copyright + surveillance,100,0.1,0.45,0.45,6,47,47,0.06,0.47,0.47
user_0064,aaron_washington,Aaron Washington,en,English,coding_heavy,Mostly AI coding innovations,100,0.8,0.1,0.1,78,14,8,0.78,0.14,0.08
user_0065,levi_foster_65,Levi Foster,en,English,copyright_heavy,Mostly AI copyright / theft concerns,100,0.1,0.8,0.1,12,82,6,0.12,0.82,0.06
user_0066,abigail_patel_66,Abigail Patel,en,English,surveillance_heavy,Mostly AI mass surveillance,100,0.1,0.1,0.8,13,10,77,0.13,0.1,0.77
user_0067,luke_boyd67,Luke Boyd,en,English,balanced,Even across all topics,100,0.333333,0.333333,0.333334,31,40,29,0.31,0.4,0.29
user_0068,dakota_mcdonald,Dakota Mcdonald,en,English,coding_copyright,Split: coding + copyright,100,0.45,0.45,0.1,41,48,11,0.41,0.48,0.11
user_0069,harper_kelly_69,Harper Kelly,en,English,coding_surveillance,Split: coding + surveillance,100,0.45,0.1,0.45,46,14,40,0.46,0.14,0.4
user_0070,hazel_rice_29,Hazel Rice,en,English,copyright_surveillance,Split: copyright + surveillance,100,0.1,0.45,0.45,10,40,50,0.1,0.4,0.5
user_0071,ryan_wallace_71,Ryan Wallace,en,English,coding_heavy,Mostly AI coding innovations,100,0.8,0.1,0.1,82,7,11,0.82,0.07,0.11
user_0072,parker_russell,Parker Russell,en,English,copyright_heavy,Mostly AI copyright / theft concerns,100,0.1,0.8,0.1,11,78,11,0.11,0.78,0.11
user_0073,ethan_dixon73,Ethan Dixon,en,English,surveillance_heavy,Mostly AI mass surveillance,100,0.1,0.1,0.8,8,17,75,0.08,0.17,0.75
user_0074,harper_rivera_74,Harper Rivera,en,English,balanced,Even across all topics,100,0.333333,0.333333,0.333334,36,30,34,0.36,0.3,0.34
user_0075,cameron_henry_31,Cameron Henry,en,English,coding_copyright,Split: coding + copyright,100,0.45,0.45,0.1,49,41,10,0.49,0.41,0.1
user_0076,james_hicks_38,James Hicks,en,English,coding_surveillance,Split: coding + surveillance,100,0.45,0.1,0.45,44,8,48,0.44,0.08,0.48
user_0077,hannah_reyes_77,Hannah Reyes,en,English,copyright_surveillance,Split: copyright + surveillance,100,0.1,0.45,0.45,15,43,42,0.15,0.43,0.42
user_0078,benjamin_ross,Benjamin Ross,en,English,coding_heavy,Mostly AI coding innovations,100,0.8,0.1,0.1,81,11,8,0.81,0.11,0.08
user_0079,sofia_ortiz_79,Sofia Ortiz,en,English,copyright_heavy,Mostly AI copyright / theft concerns,100,0.1,0.8,0.1,9,82,9,0.09,0.82,0.09
user_0080,aurora_shaw_27,Aurora Shaw,en,English,surveillance_heavy,Mostly AI mass surveillance,100,0.1,0.1,0.8,10,11,79,0.1,0.11,0.79
user_0081,natalie_gonzales_32,Natalie Gonzales,en,English,balanced,Even across all topics,100,0.333333,0.333333,0.333334,31,37,32,0.31,0.37,0.32
user_0082,grace_hughes_82,Grace Hughes,en,English,coding_copyright,Split: coding + copyright,100,0.45,0.45,0.1,40,48,12,0.4,0.48,0.12
user_0083,olivia_gibson,Olivia Gibson,en,English,coding_surveillance,Split: coding + surveillance,100,0.45,0.1,0.45,45,11,44,0.45,0.11,0.44
user_0084,jordan_webb,Jordan Webb,en,English,copyright_surveillance,Split: copyright + surveillance,100,0.1,0.45,0.45,8,44,48,0.08,0.44,0.48
user_0085,parker_reynolds_46,Parker Reynolds,en,English,coding_heavy,Mostly AI coding innovations,100,0.8,0.1,0.1,81,12,7,0.81,0.12,0.07
user_0086,kendall_gonzales_86,Kendall Gonzales,en,English,copyright_heavy,Mostly AI copyright / theft concerns,100,0.1,0.8,0.1,15,77,8,0.15,0.77,0.08
user_0087,levi_simpson87,Levi Simpson,en,English,surveillance_heavy,Mostly AI mass surveillance,100,0.1,0.1,0.8,8,10,82,0.08,0.1,0.82
user_0088,charlotte_ramirez,Charlotte Ramirez,en,English,balanced,Even across all topics,100,0.333333,0.333333,0.333334,33,31,36,0.33,0.31,0.36
user_0089,lillian_gibson_89,Lillian Gibson,en,English,coding_copyright,Split: coding + copyright,100,0.45,0.45,0.1,45,44,11,0.45,0.44,0.11
user_0090,julian_woods90,Julian Woods,en,English,coding_surveillance,Split: coding + surveillance,100,0.45,0.1,0.45,42,10,48,0.42,0.1,0.48
user_0091,noah_jenkins_91,Noah Jenkins,en,English,copyright_surveillance,Split: copyright + surveillance,100,0.1,0.45,0.45,13,41,46,0.13,0.41,0.46
user_0092,leah_barnes_92,Leah Barnes,en,English,coding_heavy,Mostly AI coding innovations,100,0.8,0.1,0.1,79,12,9,0.79,0.12,0.09
user_0093,audrey_howard93,Audrey Howard,en,English,copyright_heavy,Mostly AI copyright / theft concerns,100,0.1,0.8,0.1,11,80,9,0.11,0.8,0.09
user_0094,christopher_ramirez,Christopher Ramirez,en,English,surveillance_heavy,Mostly AI mass surveillance,100,0.1,0.1,0.8,6,15,79,0.06,0.15,0.79
user_0095,charlotte_peterson95,Charlotte Peterson,en,English,balanced,Even across all topics,100,0.333333,0.333333,0.333334,29,34,37,0.29,0.34,0.37
user_0096,logan_richardson_79,Logan Richardson,en,English,coding_copyright,Split: coding + copyright,100,0.45,0.45,0.1,47,46,7,0.47,0.46,0.07
user_0097,jaxon_rice_13,Jaxon Rice,en,English,coding_surveillance,Split: coding + surveillance,100,0.45,0.1,0.45,51,10,39,0.51,0.1,0.39
user_0098,ethan_reyes_98,Ethan Reyes,en,English,copyright_surveillance,Split: copyright + surveillance,100,0.1,0.45,0.45,2,52,46,0.02,0.52,0.46
user_0099,levi_warren99,Levi Warren,en,English,coding_heavy,Mostly AI coding innovations,100,0.8,0.1,0.1,70,13,17,0.7,0.13,0.17
user_0100,chloe_boyd_47,Chloe Boyd,en,English,copyright_heavy,Mostly AI copyright / theft concerns,100,0.1,0.8,0.1,16,78,6,0.16,0.78,0.06
user_0101,finley_holmes101,Finley Holmes,en,English,surveillance_heavy,Mostly AI mass surveillance,100,0.1,0.1,0.8,8,17,75,0.08,0.17,0.75
user_0102,avery_butler_102,Avery Butler,en,English,balanced,Even across all topics,100,0.333333,0.333333,0.333334,39,26,35,0.39,0.26,0.35
user_0103,jamie_bennett_15,Jamie Bennett,en,English,coding_copyright,Split: coding + copyright,100,0.45,0.45,0.1,39,48,13,0.39,0.48,0.13
user_0104,skylar_myers_104,Skylar Myers,en,English,coding_surveillance,Split: coding + surveillance,100,0.45,0.1,0.45,51,13,36,0.51,0.13,0.36
user_0105,lillian_price_105,Lillian Price,en,English,copyright_surveillance,Split: copyright + surveillance,100,0.1,0.45,0.45,8,49,43,0.08,0.49,0.43
user_0106,andrew_jordan_48,Andrew Jordan,en,English,coding_heavy,Mostly AI coding innovations,100,0.8,0.1,0.1,79,13,8,0.79,0.13,0.08
user_0107,drew_marshall_107,Drew Marshall,en,English,copyright_heavy,Mostly AI copyright / theft concerns,100,0.1,0.8,0.1,13,72,15,0.13,0.72,0.15
user_0108,adrian_patterson_108,Adrian Patterson,en,English,surveillance_heavy,Mostly AI mass surveillance,100,0.1,0.1,0.8,11,8,81,0.11,0.08,0.81
user_0109,joseph_perry_50,Joseph Perry,en,English,balanced,Even across all topics,100,0.333333,0.333333,0.333334,32,33,35,0.32,0.33,0.35
user_0110,natalie_powell_110,Natalie Powell,en,English,coding_copyright,Split: coding + copyright,100,0.45,0.45,0.1,41,47,12,0.41,0.47,0.12
user_0111,leah_jordan_82,Leah Jordan,en,English,coding_surveillance,Split: coding + surveillance,100,0.45,0.1,0.45,58,10,32,0.58,0.1,0.32
user_0112,leah_simpson_21,Leah Simpson,en,English,copyright_surveillance,Split: copyright + surveillance,100,0.1,0.45,0.45,12,45,43,0.12,0.45,0.43
user_0113,aaron_cooper_48,Aaron Cooper,en,English,coding_heavy,Mostly AI coding innovations,100,0.8,0.1,0.1,82,9,9,0.82,0.09,0.09
user_0114,grace_burns114,Grace Burns,en,English,copyright_heavy,Mostly AI copyright / theft concerns,100,0.1,0.8,0.1,8,83,9,0.08,0.83,0.09
user_0115,harper_howard_65,Harper Howard,en,English,surveillance_heavy,Mostly AI mass surveillance,100,0.1,0.1,0.8,8,14,78,0.08,0.14,0.78
user_0116,chloe_walsh116,Chloe Walsh,en,English,balanced,Even across all topics,100,0.333333,0.333333,0.333334,38,41,21,0.38,0.41,0.21
user_0117,olivia_wallace_117,Olivia Wallace,en,English,coding_copyright,Split: coding + copyright,100,0.45,0.45,0.1,48,37,15,0.48,0.37,0.15
user_0118,lucas_barnes118,Lucas Barnes,en,English,coding_surveillance,Split: coding + surveillance,100,0.45,0.1,0.45,51,6,43,0.51,0.06,0.43
user_0119,emma_alexander119,Emma Alexander,en,English,copyright_surveillance,Split: copyright + surveillance,100,0.1,0.45,0.45,9,41,50,0.09,0.41,0.5
user_0120,julian_west_120,Julian West,en,English,coding_heavy,Mostly AI coding innovations,100,0.8,0.1,0.1,80,13,7,0.8,0.13,0.07
user_0121,reese_bennett121,Reese Bennett,en,English,copyright_heavy,Mostly AI copyright / theft concerns,100,0.1,0.8,0.1,16,75,9,0.16,0.75,0.09
user_0122,hazel_walsh_60,Hazel Walsh,en,English,surveillance_heavy,Mostly AI mass surveillance,100,0.1,0.1,0.8,10,12,78,0.1,0.12,0.78
user_0123,casey_hunt_123,Casey Hunt,en,English,balanced,Even across all topics,100,0.333333,0.333333,0.333334,31,34,35,0.31,0.34,0.35
user_0124,james_kelly,James Kelly,en,English,coding_copyright,Split: coding + copyright,100,0.45,0.45,0.1,45,40,15,0.45,0.4,0.15
user_0125,morgan_reynolds,Morgan Reynolds,en,English,coding_surveillance,Split: coding + surveillance,100,0.45,0.1,0.45,43,15,42,0.43,0.15,0.42
user_0126,emily_bennett_83,Emily Bennett,en,English,copyright_surveillance,Split: copyright + surveillance,100,0.1,0.45,0.45,12,49,39,0.12,0.49,0.39
user_0127,lucas_henry,Lucas Henry,en,English,coding_heavy,Mostly AI coding innovations,100,0.8,0.1,0.1,81,9,10,0.81,0.09,0.1
user_0128,joseph_james128,Joseph James,en,English,copyright_heavy,Mostly AI copyright / theft concerns,100,0.1,0.8,0.1,7,84,9,0.07,0.84,0.09
user_0129,mateo_hamilton129,Mateo Hamilton,en,English,surveillance_heavy,Mostly AI mass surveillance,100,0.1,0.1,0.8,6,6,88,0.06,0.06,0.88
user_0130,addison_wallace130,Addison Wallace,en,English,balanced,Even across all topics,100,0.333333,0.333333,0.333334,36,28,36,0.36,0.28,0.36
user_0131,owen_reed131,Owen Reed,en,English,coding_copyright,Split: coding + copyright,100,0.45,0.45,0.1,46,46,8,0.46,0.46,0.08
user_0132,harper_gordon_93,Harper Gordon,en,English,coding_surveillance,Split: coding + surveillance,100,0.45,0.1,0.45,43,9,48,0.43,0.09,0.48
user_0133,taylor_russell_133,Taylor Russell,en,English,copyright_surveillance,Split: copyright + surveillance,100,0.1,0.45,0.45,9,41,50,0.09,0.41,0.5
user_0134,theodore_bryant_134,Theodore Bryant,en,English,coding_heavy,Mostly AI coding innovations,100,0.8,0.1,0.1,78,13,9,0.78,0.13,0.09
user_0135,andrew_walsh,Andrew Walsh,en,English,copyright_heavy,Mostly AI copyright / theft concerns,100,0.1,0.8,0.1,9,74,17,0.09,0.74,0.17
user_0136,daniel_cruz_60,Daniel Cruz,en,English,surveillance_heavy,Mostly AI mass surveillance,100,0.1,0.1,0.8,9,6,85,0.09,0.06,0.85
user_0137,victoria_freeman,Victoria Freeman,en,English,balanced,Even across all topics,100,0.333333,0.333333,0.333334,31,42,27,0.31,0.42,0.27
user_0138,jayden_rivera_34,Jayden Rivera,en,English,coding_copyright,Split: coding + copyright,100,0.45,0.45,0.1,48,42,10,0.48,0.42,0.1
user_0139,emma_hayes_139,Emma Hayes,en,English,coding_surveillance,Split: coding + surveillance,100,0.45,0.1,0.45,43,6,51,0.43,0.06,0.51
user_0140,jayden_diaz,Jayden Diaz,en,English,copyright_surveillance,Split: copyright + surveillance,100,0.1,0.45,0.45,12,49,39,0.12,0.49,0.39
user_0141,quinn_warren141,Quinn Warren,en,English,coding_heavy,Mostly AI coding innovations,100,0.8,0.1,0.1,80,9,11,0.8,0.09,0.11
user_0142,gabriel_tucker_21,Gabriel Tucker,en,English,copyright_heavy,Mostly AI copyright / theft concerns,100,0.1,0.8,0.1,10,81,9,0.1,0.81,0.09
user_0143,emily_warren,Emily Warren,en,English,surveillance_heavy,Mostly AI mass surveillance,100,0.1,0.1,0.8,12,9,79,0.12,0.09,0.79
user_0144,dakota_morales144,Dakota Morales,en,English,balanced,Even across all topics,100,0.333333,0.333333,0.333334,26,38,36,0.26,0.38,0.36
user_0145,riley_graham145,Riley Graham,en,English,coding_copyright,Split: coding + copyright,100,0.45,0.45,0.1,43,43,14,0.43,0.43,0.14
user_0146,casey_garcia_84,Casey Garcia,en,English,coding_surveillance,Split: coding + surveillance,100,0.45,0.1,0.45,49,10,41,0.49,0.1,0.41
user_0147,leah_chen,Leah Chen,en,English,copyright_surveillance,Split: copyright + surveillance,100,0.1,0.45,0.45,13,49,38,0.13,0.49,0.38
user_0148,alex_wood_62,Alex Wood,en,English,coding_heavy,Mostly AI coding innovations,100,0.8,0.1,0.1,73,14,13,0.73,0.14,0.13
user_0149,jamie_porter_51,Jamie Porter,en,English,copyright_heavy,Mostly AI copyright / theft concerns,100,0.1,0.8,0.1,8,86,6,0.08,0.86,0.06
user_0150,aria_powell_150,Aria Powell,en,English,surveillance_heavy,Mostly AI mass surveillance,100,0.1,0.1,0.8,12,12,76,0.12,0.12,0.76
user_0151,reese_garcia_82,Reese Garcia,en,English,balanced,Even across all topics,100,0.333333,0.333333,0.333334,41,29,30,0.41,0.29,0.3
user_0152,nora_crawford,Nora Crawford,en,English,coding_copyright,Split: coding + copyright,100,0.45,0.45,0.1,44,45,11,0.44,0.45,0.11
user_0153,abigail_hunt_70,Abigail Hunt,en,English,coding_surveillance,Split: coding + surveillance,100,0.45,0.1,0.45,53,9,38,0.53,0.09,0.38
user_0154,riley_garcia_13,Riley Garcia,en,English,copyright_surveillance,Split: copyright + surveillance,100,0.1,0.45,0.45,12,51,37,0.12,0.51,0.37
user_0155,lincoln_crawford_155,Lincoln Crawford,en,English,coding_heavy,Mostly AI coding innovations,100,0.8,0.1,0.1,83,9,8,0.83,0.09,0.08
user_0156,alex_price156,Alex Price,en,English,copyright_heavy,Mostly AI copyright / theft concerns,100,0.1,0.8,0.1,10,81,9,0.1,0.81,0.09
user_0157,addison_marshall157,Addison Marshall,en,English,surveillance_heavy,Mostly AI mass surveillance,100,0.1,0.1,0.8,9,11,80,0.09,0.11,0.8
user_0158,mia_shaw_158,Mia Shaw,en,English,balanced,Even across all topics,100,0.333333,0.333333,0.333334,33,34,33,0.33,0.34,0.33
user_0159,david_mason,David Mason,en,English,coding_copyright,Split: coding + copyright,100,0.45,0.45,0.1,54,34,12,0.54,0.34,0.12
user_0160,taylor_long160,Taylor Long,en,English,coding_surveillance,Split: coding + surveillance,100,0.45,0.1,0.45,50,9,41,0.5,0.09,0.41
user_0161,casey_reynolds161,Casey Reynolds,en,English,copyright_surveillance,Split: copyright + surveillance,100,0.1,0.45,0.45,6,52,42,0.06,0.52,0.42
user_0162,joseph_warren_162,Joseph Warren,en,English,coding_heavy,Mostly AI coding innovations,100,0.8,0.1,0.1,71,18,11,0.71,0.18,0.11
user_0163,nolan_hunt_70,Nolan Hunt,en,English,copyright_heavy,Mostly AI copyright / theft concerns,100,0.1,0.8,0.1,6,82,12,0.06,0.82,0.12
user_0164,cameron_ramos_13,Cameron Ramos,en,English,surveillance_heavy,Mostly AI mass surveillance,100,0.1,0.1,0.8,12,6,82,0.12,0.06,0.82
user_0165,mateo_boyd,Mateo Boyd,en,English,balanced,Even across all topics,100,0.333333,0.333333,0.333334,31,38,31,0.31,0.38,0.31
user_0166,kendall_richardson166,Kendall Richardson,en,English,coding_copyright,Split: coding + copyright,100,0.45,0.45,0.1,42,48,10,0.42,0.48,0.1
user_0167,anthony_powell_53,Anthony Powell,en,English,coding_surveillance,Split: coding + surveillance,100,0.45,0.1,0.45,48,9,43,0.48,0.09,0.43
user_0168,hazel_cooper,Hazel Cooper,en,English,copyright_surveillance,Split: copyright + surveillance,100,0.1,0.45,0.45,12,44,44,0.12,0.44,0.44
user_0169,olivia_cooper169,Olivia Cooper,en,English,coding_heavy,Mostly AI coding innovations,100,0.8,0.1,0.1,86,5,9,0.86,0.05,0.09
user_0170,sam_cox,Sam Cox,en,English,copyright_heavy,Mostly AI copyright / theft concerns,100,0.1,0.8,0.1,6,81,13,0.06,0.81,0.13
user_0171,hazel_singh,Hazel Singh,en,English,surveillance_heavy,Mostly AI mass surveillance,100,0.1,0.1,0.8,7,9,84,0.07,0.09,0.84
user_0172,lucy_flores_172,Lucy Flores,en,English,balanced,Even across all topics,100,0.333333,0.333333,0.333334,42,25,33,0.42,0.25,0.33
user_0173,claire_bailey_19,Claire Bailey,en,English,coding_copyright,Split: coding + copyright,100,0.45,0.45,0.1,41,48,11,0.41,0.48,0.11
user_0174,skylar_powell,Skylar Powell,en,English,coding_surveillance,Split: coding + surveillance,100,0.45,0.1,0.45,42,15,43,0.42,0.15,0.43
user_0175,mia_butler,Mia Butler,en,English,copyright_surveillance,Split: copyright + surveillance,100,0.1,0.45,0.45,11,53,36,0.11,0.53,0.36
user_0176,logan_warren_176,Logan Warren,en,English,coding_heavy,Mostly AI coding innovations,100,0.8,0.1,0.1,81,6,13,0.81,0.06,0.13
user_0177,joshua_kennedy_44,Joshua Kennedy,en,English,copyright_heavy,Mostly AI copyright / theft concerns,100,0.1,0.8,0.1,8,86,6,0.08,0.86,0.06
user_0178,david_hunter_178,David Hunter,en,English,surveillance_heavy,Mostly AI mass surveillance,100,0.1,0.1,0.8,9,11,80,0.09,0.11,0.8
user_0179,skylar_ellis_54,Skylar Ellis,en,English,balanced,Even across all topics,100,0.333333,0.333333,0.333334,38,30,32,0.38,0.3,0.32
user_0180,nathan_crawford_21,Nathan Crawford,en,English,coding_copyright,Split: coding + copyright,100,0.45,0.45,0.1,40,45,15,0.4,0.45,0.15
user_0181,lillian_cooper181,Lillian Cooper,en,English,coding_surveillance,Split: coding + surveillance,100,0.45,0.1,0.45,41,5,54,0.41,0.05,0.54
user_0182,elizabeth_cruz_182,Elizabeth Cruz,en,English,copyright_surveillance,Split: copyright + surveillance,100,0.1,0.45,0.45,11,42,47,0.11,0.42,0.47
user_0183,victoria_fisher,Victoria Fisher,en,English,coding_heavy,Mostly AI coding innovations,100,0.8,0.1,0.1,77,7,16,0.77,0.07,0.16
user_0184,gabriel_crawford_184,Gabriel Crawford,en,English,copyright_heavy,Mostly AI copyright / theft concerns,100,0.1,0.8,0.1,11,79,10,0.11,0.79,0.1
user_0185,owen_shaw185,Owen Shaw,en,English,surveillance_heavy,Mostly AI mass surveillance,100,0.1,0.1,0.8,7,11,82,0.07,0.11,0.82
user_0186,aria_ramos186,Aria Ramos,en,English,balanced,Even across all topics,100,0.333333,0.333333,0.333334,37,29,34,0.37,0.29,0.34
user_0187,christopher_garcia_187,Christopher Garcia,en,English,coding_copyright,Split: coding + copyright,100,0.45,0.45,0.1,46,44,10,0.46,0.44,0.1
user_0188,addison_walsh,Addison Walsh,en,English,coding_surveillance,Split: coding + surveillance,100,0.45,0.1,0.45,47,4,49,0.47,0.04,0.49
user_0189,mateo_jordan189,Mateo Jordan,en,English,copyright_surveillance,Split: copyright + surveillance,100,0.1,0.45,0.45,9,39,52,0.09,0.39,0.52
user_0190,alex_bennett,Alex Bennett,en,English,coding_heavy,Mostly AI coding innovations,100,0.8,0.1,0.1,83,6,11,0.83,0.06,0.11
user_0191,reese_hunt_191,Reese Hunt,en,English,copyright_heavy,Mostly AI copyright / theft concerns,100,0.1,0.8,0.1,17,73,10,0.17,0.73,0.1
user_0192,ryan_mcdonald_73,Ryan Mcdonald,en,English,surveillance_heavy,Mostly AI mass surveillance,100,0.1,0.1,0.8,11,10,79,0.11,0.1,0.79
user_0193,david_perry193,David Perry,en,English,balanced,Even across all topics,100,0.333333,0.333333,0.333334,32,31,37,0.32,0.31,0.37
user_0194,owen_mcdonald194,Owen Mcdonald,en,English,coding_copyright,Split: coding + copyright,100,0.45,0.45,0.1,49,44,7,0.49,0.44,0.07
user_0195,brooklyn_murphy_26,Brooklyn Murphy,en,English,coding_surveillance,Split: coding + surveillance,100,0.45,0.1,0.45,44,5,51,0.44,0.05,0.51
user_0196,owen_garcia_97,Owen Garcia,en,English,copyright_surveillance,Split: copyright + surveillance,100,0.1,0.45,0.45,10,47,43,0.1,0.47,0.43
user_0197,aaron_walsh_90,Aaron Walsh,en,English,coding_heavy,Mostly AI coding innovations,100,0.8,0.1,0.1,82,10,8,0.82,0.1,0.08
user_0198,nolan_simmons_51,Nolan Simmons,en,English,copyright_heavy,Mostly AI copyright / theft concerns,100,0.1,0.8,0.1,11,81,8,0.11,0.81,0.08
user_0199,jack_marshall_199,Jack Marshall,en,English,surveillance_heavy,Mostly AI mass surveillance,100,0.1,0.1,0.8,8,5,87,0.08,0.05,0.87
user_0200,david_watson200,David Watson,en,English,balanced,Even across all topics,100,0.333333,0.333333,0.333334,32,37,31,0.32,0.37,0.31
user_0201,casey_long201,Casey Long,en,English,coding_copyright,Split: coding + copyright,100,0.45,0.45,0.1,46,46,8,0.46,0.46,0.08
user_0202,lillian_reynolds,Lillian Reynolds,en,English,coding_surveillance,Split: coding + surveillance,100,0.45,0.1,0.45,40,12,48,0.4,0.12,0.48
user_0203,hayden_webb_69,Hayden Webb,en,English,copyright_surveillance,Split: copyright + surveillance,100,0.1,0.45,0.45,9,47,44,0.09,0.47,0.44
user_0204,harper_brooks_72,Harper Brooks,en,English,coding_heavy,Mostly AI coding innovations,100,0.8,0.1,0.1,82,10,8,0.82,0.1,0.08
user_0205,joshua_hicks_205,Joshua Hicks,en,English,copyright_heavy,Mostly AI copyright / theft concerns,100,0.1,0.8,0.1,2,89,9,0.02,0.89,0.09
user_0206,violet_tucker,Violet Tucker,en,English,surveillance_heavy,Mostly AI mass surveillance,100,0.1,0.1,0.8,8,15,77,0.08,0.15,0.77
user_0207,skylar_porter,Skylar Porter,en,English,balanced,Even across all topics,100,0.333333,0.333333,0.333334,34,26,40,0.34,0.26,0.4
user_0208,casey_ortiz_62,Casey Ortiz,en,English,coding_copyright,Split: coding + copyright,100,0.45,0.45,0.1,47,44,9,0.47,0.44,0.09
user_0209,alex_murray_209,Alex Murray,en,English,coding_surveillance,Split: coding + surveillance,100,0.45,0.1,0.45,38,12,50,0.38,0.12,0.5
user_0210,lucy_murphy210,Lucy Murphy,en,English,copyright_surveillance,Split: copyright + surveillance,100,0.1,0.45,0.45,10,39,51,0.1,0.39,0.51
user_0211,violet_fisher,Violet Fisher,en,English,coding_heavy,Mostly AI coding innovations,100,0.8,0.1,0.1,82,7,11,0.82,0.07,0.11
user_0212,aurora_fisher,Aurora Fisher,en,English,copyright_heavy,Mostly AI copyright / theft concerns,100,0.1,0.8,0.1,7,82,11,0.07,0.82,0.11
user_0213,scarlett_ramirez213,Scarlett Ramirez,en,English,surveillance_heavy,Mostly AI mass surveillance,100,0.1,0.1,0.8,8,14,78,0.08,0.14,0.78
user_0214,matthew_bailey214,Matthew Bailey,en,English,balanced,Even across all topics,100,0.333333,0.333333,0.333334,37,28,35,0.37,0.28,0.35
user_0215,christopher_bennett_215,Christopher Bennett,en,English,coding_copyright,Split: coding + copyright,100,0.45,0.45,0.1,41,54,5,0.41,0.54,0.05
user_0216,evelyn_boyd216,Evelyn Boyd,en,English,coding_surveillance,Split: coding + surveillance,100,0.45,0.1,0.45,49,11,40,0.49,0.11,0.4
user_0217,alex_owens_60,Alex Owens,en,English,copyright_surveillance,Split: copyright + surveillance,100,0.1,0.45,0.45,9,40,51,0.09,0.4,0.51
user_0218,ethan_foster,Ethan Foster,en,English,coding_heavy,Mostly AI coding innovations,100,0.8,0.1,0.1,84,7,9,0.84,0.07,0.09
user_0219,lucas_hicks219,Lucas Hicks,en,English,copyright_heavy,Mostly AI copyright / theft concerns,100,0.1,0.8,0.1,12,80,8,0.12,0.8,0.08
user_0220,anthony_butler_47,Anthony Butler,en,English,surveillance_heavy,Mostly AI mass surveillance,100,0.1,0.1,0.8,10,10,80,0.1,0.1,0.8
user_0221,scarlett_long_221,Scarlett Long,en,English,balanced,Even across all topics,100,0.333333,0.333333,0.333334,33,35,32,0.33,0.35,0.32
user_0222,eleanor_webb,Eleanor Webb,en,English,coding_copyright,Split: coding + copyright,100,0.45,0.45,0.1,46,42,12,0.46,0.42,0.12
user_0223,zoe_wood_223,Zoe Wood,en,English,coding_surveillance,Split: coding + surveillance,100,0.45,0.1,0.45,51,8,41,0.51,0.08,0.41
user_0224,theodore_warren,Theodore Warren,en,English,copyright_surveillance,Split: copyright + surveillance,100,0.1,0.45,0.45,11,36,53,0.11,0.36,0.53
user_0225,john_ward_225,John Ward,en,English,coding_heavy,Mostly AI coding innovations,100,0.8,0.1,0.1,84,8,8,0.84,0.08,0.08
user_0226,aaron_tucker_16,Aaron Tucker,en,English,copyright_heavy,Mostly AI copyright / theft concerns,100,0.1,0.8,0.1,8,83,9,0.08,0.83,0.09
user_0227,grayson_holmes_36,Grayson Holmes,en,English,surveillance_heavy,Mostly AI mass surveillance,100,0.1,0.1,0.8,9,14,77,0.09,0.14,0.77
user_0228,wyatt_long_228,Wyatt Long,en,English,balanced,Even across all topics,100,0.333333,0.333333,0.333334,29,39,32,0.29,0.39,0.32
user_0229,joseph_mcdonald229,Joseph Mcdonald,en,English,coding_copyright,Split: coding + copyright,100,0.45,0.45,0.1,43,43,14,0.43,0.43,0.14
user_0230,eleanor_garcia,Eleanor Garcia,en,English,coding_surveillance,Split: coding + surveillance,100,0.45,0.1,0.45,46,11,43,0.46,0.11,0.43
user_0231,luke_murray_17,Luke Murray,en,English,copyright_surveillance,Split: copyright + surveillance,100,0.1,0.45,0.45,9,43,48,0.09,0.43,0.48
user_0232,abigail_nguyen232,Abigail Nguyen,en,English,coding_heavy,Mostly AI coding innovations,100,0.8,0.1,0.1,83,9,8,0.83,0.09,0.08
user_0233,stella_burns,Stella Burns,en,English,copyright_heavy,Mostly AI copyright / theft concerns,100,0.1,0.8,0.1,11,75,14,0.11,0.75,0.14
user_0234,wyatt_rice234,Wyatt Rice,en,English,surveillance_heavy,Mostly AI mass surveillance,100,0.1,0.1,0.8,12,6,82,0.12,0.06,0.82
user_0235,lily_butler235,Lily Butler,en,English,balanced,Even across all topics,100,0.333333,0.333333,0.333334,43,32,25,0.43,0.32,0.25
user_0236,john_cruz_236,John Cruz,en,English,coding_copyright,Split: coding + copyright,100,0.45,0.45,0.1,49,41,10,0.49,0.41,0.1
user_0237,theodore_singh_85,Theodore Singh,en,English,coding_surveillance,Split: coding + surveillance,100,0.45,0.1,0.45,41,12,47,0.41,0.12,0.47
user_0238,elizabeth_henry_238,Elizabeth Henry,en,English,copyright_surveillance,Split: copyright + surveillance,100,0.1,0.45,0.45,10,43,47,0.1,0.43,0.47
user_0239,nathan_woods_24,Nathan Woods,en,English,coding_heavy,Mostly AI coding innovations,100,0.8,0.1,0.1,83,10,7,0.83,0.1,0.07
user_0240,alex_barnes_240,Alex Barnes,en,English,copyright_heavy,Mostly AI copyright / theft concerns,100,0.1,0.8,0.1,4,89,7,0.04,0.89,0.07
user_0241,jack_coleman241,Jack Coleman,en,English,surveillance_heavy,Mostly AI mass surveillance,100,0.1,0.1,0.8,13,5,82,0.13,0.05,0.82
user_0242,theodore_henderson242,Theodore Henderson,en,English,balanced,Even across all topics,100,0.333333,0.333333,0.333334,26,36,38,0.26,0.36,0.38
user_0243,abigail_long_243,Abigail Long,en,English,coding_copyright,Split: coding + copyright,100,0.45,0.45,0.1,50,43,7,0.5,0.43,0.07
user_0244,isaac_butler_244,Isaac Butler,en,English,coding_surveillance,Split: coding + surveillance,100,0.45,0.1,0.45,49,5,46,0.49,0.05,0.46
user_0245,liam_ward,Liam Ward,en,English,copyright_surveillance,Split: copyright + surveillance,100,0.1,0.45,0.45,10,43,47,0.1,0.43,0.47
user_0246,harper_ramos,Harper Ramos,en,English,coding_heavy,Mostly AI coding innovations,100,0.8,0.1,0.1,81,7,12,0.81,0.07,0.12
user_0247,jack_cox_87,Jack Cox,en,English,copyright_heavy,Mostly AI copyright / theft concerns,100,0.1,0.8,0.1,13,75,12,0.13,0.75,0.12
user_0248,sofia_butler248,Sofia Butler,en,English,surveillance_heavy,Mostly AI mass surveillance,100,0.1,0.1,0.8,15,10,75,0.15,0.1,0.75
user_0249,joshua_morales_249,Joshua Morales,en,English,balanced,Even across all topics,100,0.333333,0.333333,0.333334,40,31,29,0.4,0.31,0.29
user_0250,evelyn_hamilton,Evelyn Hamilton,en,English,coding_copyright,Split: coding + copyright,100,0.45,0.45,0.1,47,42,11,0.47,0.42,0.11
user_0251,olivia_ford,Olivia Ford,en,English,coding_surveillance,Split: coding + surveillance,100,0.45,0.1,0.45,50,9,41,0.5,0.09,0.41
user_0252,joshua_fisher_79,Joshua Fisher,en,English,copyright_surveillance,Split: copyright + surveillance,100,0.1,0.45,0.45,7,45,48,0.07,0.45,0.48
user_0253,audrey_west253,Audrey West,en,English,coding_heavy,Mostly AI coding innovations,100,0.8,0.1,0.1,82,6,12,0.82,0.06,0.12
user_0254,luke_porter_254,Luke Porter,en,English,copyright_heavy,Mostly AI copyright / theft concerns,100,0.1,0.8,0.1,9,82,9,0.09,0.82,0.09
user_0255,lincoln_diaz_73,Lincoln Diaz,en,English,surveillance_heavy,Mostly AI mass surveillance,100,0.1,0.1,0.8,12,13,75,0.12,0.13,0.75
user_0256,leah_russell,Leah Russell,en,English,balanced,Even across all topics,100,0.333333,0.333333,0.333334,30,36,34,0.3,0.36,0.34
user_0257,chloe_garcia_70,Chloe Garcia,en,English,coding_copyright,Split: coding + copyright,100,0.45,0.45,0.1,49,45,6,0.49,0.45,0.06
user_0258,benjamin_gonzales,Benjamin Gonzales,en,English,coding_surveillance,Split: coding + surveillance,100,0.45,0.1,0.45,37,12,51,0.37,0.12,0.51
user_0259,cameron_stevens,Cameron Stevens,en,English,copyright_surveillance,Split: copyright + surveillance,100,0.1,0.45,0.45,7,37,56,0.07,0.37,0.56
user_0260,harper_holmes_260,Harper Holmes,en,English,coding_heavy,Mostly AI coding innovations,100,0.8,0.1,0.1,81,9,10,0.81,0.09,0.1
user_0261,evelyn_sullivan_261,Evelyn Sullivan,en,English,copyright_heavy,Mostly AI copyright / theft concerns,100,0.1,0.8,0.1,8,85,7,0.08,0.85,0.07
user_0262,emerson_crawford_262,Emerson Crawford,en,English,surveillance_heavy,Mostly AI mass surveillance,100,0.1,0.1,0.8,12,10,78,0.12,0.1,0.78
user_0263,levi_watson,Levi Watson,en,English,balanced,Even across all topics,100,0.333333,0.333333,0.333334,33,33,34,0.33,0.33,0.34
user_0264,joseph_wallace_264,Joseph Wallace,en,English,coding_copyright,Split: coding + copyright,100,0.45,0.45,0.1,41,45,14,0.41,0.45,0.14
user_0265,daniel_foster_265,Daniel Foster,en,English,coding_surveillance,Split: coding + surveillance,100,0.45,0.1,0.45,44,7,49,0.44,0.07,0.49
user_0266,samuel_mcdonald,Samuel Mcdonald,en,English,copyright_surveillance,Split: copyright + surveillance,100,0.1,0.45,0.45,8,46,46,0.08,0.46,0.46
user_0267,chloe_singh_31,Chloe Singh,en,English,coding_heavy,Mostly AI coding innovations,100,0.8,0.1,0.1,78,10,12,0.78,0.1,0.12
user_0268,isaac_patel,Isaac Patel,en,English,copyright_heavy,Mostly AI copyright / theft concerns,100,0.1,0.8,0.1,11,75,14,0.11,0.75,0.14
user_0269,grace_reynolds,Grace Reynolds,en,English,surveillance_heavy,Mostly AI mass surveillance,100,0.1,0.1,0.8,9,12,79,0.09,0.12,0.79
user_0270,andrew_woods_80,Andrew Woods,en,English,balanced,Even across all topics,100,0.333333,0.333333,0.333334,36,27,37,0.36,0.27,0.37
user_0271,zoe_ellis271,Zoe Ellis,en,English,coding_copyright,Split: coding + copyright,100,0.45,0.45,0.1,36,55,9,0.36,0.55,0.09
user_0272,hayden_coleman_272,Hayden Coleman,en,English,coding_surveillance,Split: coding + surveillance,100,0.45,0.1,0.45,39,8,53,0.39,0.08,0.53
user_0273,isaac_foster,Isaac Foster,en,English,copyright_surveillance,Split: copyright + surveillance,100,0.1,0.45,0.45,11,40,49,0.11,0.4,0.49
user_0274,liam_marshall,Liam Marshall,en,English,coding_heavy,Mostly AI coding innovations,100,0.8,0.1,0.1,86,9,5,0.86,0.09,0.05
user_0275,rowan_mcdonald,Rowan Mcdonald,en,English,copyright_heavy,Mostly AI copyright / theft concerns,100,0.1,0.8,0.1,8,78,14,0.08,0.78,0.14
user_0276,aria_woods,Aria Woods,en,English,surveillance_heavy,Mostly AI mass surveillance,100,0.1,0.1,0.8,8,4,88,0.08,0.04,0.88
user_0277,andrew_alexander_277,Andrew Alexander,en,English,balanced,Even across all topics,100,0.333333,0.333333,0.333334,38,34,28,0.38,0.34,0.28
user_0278,chloe_hunt_278,Chloe Hunt,en,English,coding_copyright,Split: coding + copyright,100,0.45,0.45,0.1,48,42,10,0.48,0.42,0.1
user_0279,caleb_henderson_279,Caleb Henderson,en,English,coding_surveillance,Split: coding + surveillance,100,0.45,0.1,0.45,44,9,47,0.44,0.09,0.47
user_0280,drew_rice,Drew Rice,en,English,copyright_surveillance,Split: copyright + surveillance,100,0.1,0.45,0.45,5,45,50,0.05,0.45,0.5
user_0281,liam_long,Liam Long,en,English,coding_heavy,Mostly AI coding innovations,100,0.8,0.1,0.1,86,8,6,0.86,0.08,0.06
user_0282,victoria_cole_12,Victoria Cole,en,English,copyright_heavy,Mostly AI copyright / theft concerns,100,0.1,0.8,0.1,6,83,11,0.06,0.83,0.11
user_0283,luke_cruz,Luke Cruz,en,English,surveillance_heavy,Mostly AI mass surveillance,100,0.1,0.1,0.8,10,10,80,0.1,0.1,0.8
user_0284,victoria_cox284,Victoria Cox,en,English,balanced,Even across all topics,100,0.333333,0.333333,0.333334,34,34,32,0.34,0.34,0.32
user_0285,natalie_cooper_285,Natalie Cooper,en,English,coding_copyright,Split: coding + copyright,100,0.45,0.45,0.1,46,47,7,0.46,0.47,0.07
user_0286,bella_sanders,Bella Sanders,en,English,coding_surveillance,Split: coding + surveillance,100,0.45,0.1,0.45,37,9,54,0.37,0.09,0.54
user_0287,lincoln_cox,Lincoln Cox,en,English,copyright_surveillance,Split: copyright + surveillance,100,0.1,0.45,0.45,8,55,37,0.08,0.55,0.37
user_0288,benjamin_cole_288,Benjamin Cole,en,English,coding_heavy,Mostly AI coding innovations,100,0.8,0.1,0.1,81,9,10,0.81,0.09,0.1
user_0289,rowan_cruz,Rowan Cruz,en,English,copyright_heavy,Mostly AI copyright / theft concerns,100,0.1,0.8,0.1,8,85,7,0.08,0.85,0.07
user_0290,nathan_kim_290,Nathan Kim,en,English,surveillance_heavy,Mostly AI mass surveillance,100,0.1,0.1,0.8,6,5,89,0.06,0.05,0.89
user_0291,sophia_butler,Sophia Butler,en,English,balanced,Even across all topics,100,0.333333,0.333333,0.333334,28,30,42,0.28,0.3,0.42
user_0292,dakota_butler_78,Dakota Butler,en,English,coding_copyright,Split: coding + copyright,100,0.45,0.45,0.1,39,45,16,0.39,0.45,0.16
user_0293,elizabeth_watson_293,Elizabeth Watson,en,English,coding_surveillance,Split: coding + surveillance,100,0.45,0.1,0.45,37,10,53,0.37,0.1,0.53
user_0294,addison_porter,Addison Porter,en,English,copyright_surveillance,Split: copyright + surveillance,100,0.1,0.45,0.45,8,43,49,0.08,0.43,0.49
user_0295,aaron_burns_60,Aaron Burns,en,English,coding_heavy,Mostly AI coding innovations,100,0.8,0.1,0.1,88,10,2,0.88,0.1,0.02
user_0296,joshua_shaw_296,Joshua Shaw,en,English,copyright_heavy,Mostly AI copyright / theft concerns,100,0.1,0.8,0.1,10,81,9,0.1,0.81,0.09
user_0297,aubrey_nguyen297,Aubrey Nguyen,en,English,surveillance_heavy,Mostly AI mass surveillance,100,0.1,0.1,0.8,8,10,82,0.08,0.1,0.82
user_0298,elizabeth_diaz,Elizabeth Diaz,en,English,balanced,Even across all topics,100,0.333333,0.333333,0.333334,29,41,30,0.29,0.41,0.3
user_0299,sebastian_harrison_299,Sebastian Harrison,en,English,coding_copyright,Split: coding + copyright,100,0.45,0.45,0.1,45,41,14,0.45,0.41,0.14
user_0300,james_stevens,James Stevens,en,English,coding_surveillance,Split: coding + surveillance,100,0.45,0.1,0.45,49,9,42,0.49,0.09,0.42
user_0301,brooklyn_burns,Brooklyn Burns,en,English,copyright_surveillance,Split: copyright + surveillance,100,0.1,0.45,0.45,16,33,51,0.16,0.33,0.51
user_0302,chloe_cox,Chloe Cox,en,English,coding_heavy,Mostly AI coding innovations,100,0.8,0.1,0.1,79,8,13,0.79,0.08,0.13
user_0303,levi_wells303,Levi Wells,en,English,copyright_heavy,Mostly AI copyright / theft concerns,100,0.1,0.8,0.1,10,82,8,0.1,0.82,0.08
user_0304,kendall_gonzales_24,Kendall Gonzales,en,English,surveillance_heavy,Mostly AI mass surveillance,100,0.1,0.1,0.8,6,13,81,0.06,0.13,0.81
user_0305,joseph_gonzales_44,Joseph Gonzales,en,English,balanced,Even across all topics,100,0.333333,0.333333,0.333334,25,39,36,0.25,0.39,0.36
user_0306,charlotte_ortiz306,Charlotte Ortiz,en,English,coding_copyright,Split: coding + copyright,100,0.45,0.45,0.1,43,45,12,0.43,0.45,0.12
user_0307,nolan_singh_307,Nolan Singh,en,English,coding_surveillance,Split: coding + surveillance,100,0.45,0.1,0.45,36,7,57,0.36,0.07,0.57
user_0308,lucas_west_308,Lucas West,en,English,copyright_surveillance,Split: copyright + surveillance,100,0.1,0.45,0.45,12,47,41,0.12,0.47,0.41
user_0309,abigail_griffin_93,Abigail Griffin,en,English,coding_heavy,Mostly AI coding innovations,100,0.8,0.1,0.1,82,6,12,0.82,0.06,0.12
user_0310,emily_brooks,Emily Brooks,en,English,copyright_heavy,Mostly AI copyright / theft concerns,100,0.1,0.8,0.1,10,82,8,0.1,0.82,0.08
user_0311,adrian_patterson,Adrian Patterson,en,English,surveillance_heavy,Mostly AI mass surveillance,100,0.1,0.1,0.8,6,8,86,0.06,0.08,0.86
user_0312,jack_simpson,Jack Simpson,en,English,balanced,Even across all topics,100,0.333333,0.333333,0.333334,30,34,36,0.3,0.34,0.36
user_0313,theodore_morales_62,Theodore Morales,en,English,coding_copyright,Split: coding + copyright,100,0.45,0.45,0.1,52,43,5,0.52,0.43,0.05
user_0314,adrian_cox314,Adrian Cox,en,English,coding_surveillance,Split: coding + surveillance,100,0.45,0.1,0.45,43,12,45,0.43,0.12,0.45
user_0315,theodore_ward_315,Theodore Ward,en,English,copyright_surveillance,Split: copyright + surveillance,100,0.1,0.45,0.45,9,50,41,0.09,0.5,0.41
user_0316,scarlett_garcia316,Scarlett Garcia,en,English,coding_heavy,Mostly AI coding innovations,100,0.8,0.1,0.1,87,7,6,0.87,0.07,0.06
user_0317,claire_graham,Claire Graham,en,English,copyright_heavy,Mostly AI copyright / theft concerns,100,0.1,0.8,0.1,8,81,11,0.08,0.81,0.11
user_0318,cameron_hunt_318,Cameron Hunt,en,English,surveillance_heavy,Mostly AI mass surveillance,100,0.1,0.1,0.8,8,11,81,0.08,0.11,0.81
user_0319,amelia_woods,Amelia Woods,en,English,balanced,Even across all topics,100,0.333333,0.333333,0.333334,37,28,35,0.37,0.28,0.35
user_0320,drew_ortiz,Drew Ortiz,en,English,coding_copyright,Split: coding + copyright,100,0.45,0.45,0.1,53,36,11,0.53,0.36,0.11
user_0321,lillian_ellis321,Lillian Ellis,en,English,coding_surveillance,Split: coding + surveillance,100,0.45,0.1,0.45,50,3,47,0.5,0.03,0.47
user_0322,taylor_russell_82,Taylor Russell,en,English,copyright_surveillance,Split: copyright + surveillance,100,0.1,0.45,0.45,4,47,49,0.04,0.47,0.49
user_0323,samuel_russell_323,Samuel Russell,en,English,coding_heavy,Mostly AI coding innovations,100,0.8,0.1,0.1,79,11,10,0.79,0.11,0.1
user_0324,harper_kelly_324,Harper Kelly,en,English,copyright_heavy,Mostly AI copyright / theft concerns,100,0.1,0.8,0.1,8,83,9,0.08,0.83,0.09
user_0325,aaron_ramos,Aaron Ramos,en,English,surveillance_heavy,Mostly AI mass surveillance,100,0.1,0.1,0.8,9,9,82,0.09,0.09,0.82
user_0326,nolan_bailey_26,Nolan Bailey,en,English,balanced,Even across all topics,100,0.333333,0.333333,0.333334,25,42,33,0.25,0.42,0.33
user_0327,christopher_jenkins_327,Christopher Jenkins,en,English,coding_copyright,Split: coding + copyright,100,0.45,0.45,0.1,45,45,10,0.45,0.45,0.1
user_0328,sebastian_reed,Sebastian Reed,en,English,coding_surveillance,Split: coding + surveillance,100,0.45,0.1,0.45,48,8,44,0.48,0.08,0.44
user_0329,noah_ellis_61,Noah Ellis,en,English,copyright_surveillance,Split: copyright + surveillance,100,0.1,0.45,0.45,8,44,48,0.08,0.44,0.48
user_0330,lucas_flores,Lucas Flores,en,English,coding_heavy,Mostly AI coding innovations,100,0.8,0.1,0.1,78,9,13,0.78,0.09,0.13
user_0331,noah_cox,Noah Cox,en,English,copyright_heavy,Mostly AI copyright / theft concerns,100,0.1,0.8,0.1,10,82,8,0.1,0.82,0.08
user_0332,emerson_reed332,Emerson Reed,en,English,surveillance_heavy,Mostly AI mass surveillance,100,0.1,0.1,0.8,11,12,77,0.11,0.12,0.77
user_0333,hayden_ford333,Hayden Ford,en,English,balanced,Even across all topics,100,0.333333,0.333333,0.333334,44,26,30,0.44,0.26,0.3
user_0334,kendall_hunt,Kendall Hunt,en,English,coding_copyright,Split: coding + copyright,100,0.45,0.45,0.1,45,44,11,0.45,0.44,0.11
user_0335,benjamin_bryant_49,Benjamin Bryant,en,English,coding_surveillance,Split: coding + surveillance,100,0.45,0.1,0.45,33,12,55,0.33,0.12,0.55
user_0336,elizabeth_tucker,Elizabeth Tucker,en,English,copyright_surveillance,Split: copyright + surveillance,100,0.1,0.45,0.45,15,49,36,0.15,0.49,0.36
user_0337,noah_james_337,Noah James,en,English,coding_heavy,Mostly AI coding innovations,100,0.8,0.1,0.1,81,11,8,0.81,0.11,0.08
user_0338,daniel_kim338,Daniel Kim,en,English,copyright_heavy,Mostly AI copyright / theft concerns,100,0.1,0.8,0.1,12,75,13,0.12,0.75,0.13
user_0339,jaxon_robertson_339,Jaxon Robertson,en,English,surveillance_heavy,Mostly AI mass surveillance,100,0.1,0.1,0.8,11,13,76,0.11,0.13,0.76
user_0340,lucas_foster,Lucas Foster,en,English,balanced,Even across all topics,100,0.333333,0.333333,0.333334,36,34,30,0.36,0.34,0.3
user_0341,hayden_burns,Hayden Burns,en,English,coding_copyright,Split: coding + copyright,100,0.45,0.45,0.1,36,47,17,0.36,0.47,0.17
user_0342,andrew_richardson_342,Andrew Richardson,en,English,coding_surveillance,Split: coding + surveillance,100,0.45,0.1,0.45,44,9,47,0.44,0.09,0.47
user_0343,henry_henderson343,Henry Henderson,en,English,copyright_surveillance,Split: copyright + surveillance,100,0.1,0.45,0.45,7,43,50,0.07,0.43,0.5
user_0344,reese_hughes344,Reese Hughes,en,English,coding_heavy,Mostly AI coding innovations,100,0.8,0.1,0.1,78,7,15,0.78,0.07,0.15
user_0345,james_shaw,James Shaw,en,English,copyright_heavy,Mostly AI copyright / theft concerns,100,0.1,0.8,0.1,5,88,7,0.05,0.88,0.07
user_0346,mateo_brooks346,Mateo Brooks,en,English,surveillance_heavy,Mostly AI mass surveillance,100,0.1,0.1,0.8,9,8,83,0.09,0.08,0.83
user_0347,olivia_powell,Olivia Powell,en,English,balanced,Even across all topics,100,0.333333,0.333333,0.333334,34,28,38,0.34,0.28,0.38
user_0348,harper_mcdonald_42,Harper Mcdonald,en,English,coding_copyright,Split: coding + copyright,100,0.45,0.45,0.1,46,44,10,0.46,0.44,0.1
user_0349,skylar_patterson_20,Skylar Patterson,en,English,coding_surveillance,Split: coding + surveillance,100,0.45,0.1,0.45,44,12,44,0.44,0.12,0.44
user_0350,isabella_fisher,Isabella Fisher,en,English,copyright_surveillance,Split: copyright + surveillance,100,0.1,0.45,0.45,3,38,59,0.03,0.38,0.59
user_0351,isabella_jenkins_351,Isabella Jenkins,en,English,coding_heavy,Mostly AI coding innovations,100,0.8,0.1,0.1,71,14,15,0.71,0.14,0.15
user_0352,julian_garcia_78,Julian Garcia,en,English,copyright_heavy,Mostly AI copyright / theft concerns,100,0.1,0.8,0.1,8,79,13,0.08,0.79,0.13
user_0353,james_wells353,James Wells,en,English,surveillance_heavy,Mostly AI mass surveillance,100,0.1,0.1,0.8,10,6,84,0.1,0.06,0.84
user_0354,scarlett_hughes_354,Scarlett Hughes,en,English,balanced,Even across all topics,100,0.333333,0.333333,0.333334,34,34,32,0.34,0.34,0.32
user_0355,theodore_jenkins355,Theodore Jenkins,en,English,coding_copyright,Split: coding + copyright,100,0.45,0.45,0.1,48,42,10,0.48,0.42,0.1
user_0356,brooklyn_russell356,Brooklyn Russell,en,English,coding_surveillance,Split: coding + surveillance,100,0.45,0.1,0.45,48,13,39,0.48,0.13,0.39
user_0357,nora_simpson,Nora Simpson,en,English,copyright_surveillance,Split: copyright + surveillance,100,0.1,0.45,0.45,11,48,41,0.11,0.48,0.41
user_0358,benjamin_graham,Benjamin Graham,en,English,coding_heavy,Mostly AI coding innovations,100,0.8,0.1,0.1,78,12,10,0.78,0.12,0.1
user_0359,benjamin_walsh_359,Benjamin Walsh,en,English,copyright_heavy,Mostly AI copyright / theft concerns,100,0.1,0.8,0.1,10,79,11,0.1,0.79,0.11
user_0360,dakota_reed_88,Dakota Reed,en,English,surveillance_heavy,Mostly AI mass surveillance,100,0.1,0.1,0.8,10,10,80,0.1,0.1,0.8
user_0361,chloe_hicks361,Chloe Hicks,en,English,balanced,Even across all topics,100,0.333333,0.333333,0.333334,38,31,31,0.38,0.31,0.31
user_0362,kendall_washington,Kendall Washington,en,English,coding_copyright,Split: coding + copyright,100,0.45,0.45,0.1,47,46,7,0.47,0.46,0.07
user_0363,emerson_cooper363,Emerson Cooper,en,English,coding_surveillance,Split: coding + surveillance,100,0.45,0.1,0.45,47,12,41,0.47,0.12,0.41
user_0364,aaron_kelly_16,Aaron Kelly,en,English,copyright_surveillance,Split: copyright + surveillance,100,0.1,0.45,0.45,7,56,37,0.07,0.56,0.37
user_0365,sebastian_freeman,Sebastian Freeman,en,English,coding_heavy,Mostly AI coding innovations,100,0.8,0.1,0.1,77,13,10,0.77,0.13,0.1
user_0366,theodore_morales366,Theodore Morales,en,English,copyright_heavy,Mostly AI copyright / theft concerns,100,0.1,0.8,0.1,10,83,7,0.1,0.83,0.07
user_0367,emily_watson,Emily Watson,en,English,surveillance_heavy,Mostly AI mass surveillance,100,0.1,0.1,0.8,14,8,78,0.14,0.08,0.78
user_0368,zoe_freeman368,Zoe Freeman,en,English,balanced,Even across all topics,100,0.333333,0.333333,0.333334,33,28,39,0.33,0.28,0.39
user_0369,savannah_bailey_93,Savannah Bailey,en,English,coding_copyright,Split: coding + copyright,100,0.45,0.45,0.1,44,48,8,0.44,0.48,0.08
user_0370,dylan_hunter,Dylan Hunter,en,English,coding_surveillance,Split: coding + surveillance,100,0.45,0.1,0.45,41,10,49,0.41,0.1,0.49
user_0371,david_webb_371,David Webb,en,English,copyright_surveillance,Split: copyright + surveillance,100,0.1,0.45,0.45,10,45,45,0.1,0.45,0.45
user_0372,mia_diaz372,Mia Diaz,en,English,coding_heavy,Mostly AI coding innovations,100,0.8,0.1,0.1,81,13,6,0.81,0.13,0.06
user_0373,benjamin_coleman_81,Benjamin Coleman,en,English,copyright_heavy,Mostly AI copyright / theft concerns,100,0.1,0.8,0.1,10,81,9,0.1,0.81,0.09
user_0374,aaron_brooks374,Aaron Brooks,en,English,surveillance_heavy,Mostly AI mass surveillance,100,0.1,0.1,0.8,5,11,84,0.05,0.11,0.84
user_0375,abigail_kelly,Abigail Kelly,en,English,balanced,Even across all topics,100,0.333333,0.333333,0.333334,33,26,41,0.33,0.26,0.41
user_0376,riley_murray,Riley Murray,en,English,coding_copyright,Split: coding + copyright,100,0.45,0.45,0.1,41,49,10,0.41,0.49,0.1
user_0377,finley_perry_25,Finley Perry,en,English,coding_surveillance,Split: coding + surveillance,100,0.45,0.1,0.45,40,16,44,0.4,0.16,0.44
user_0378,stella_ellis_10,Stella Ellis,en,English,copyright_surveillance,Split: copyright + surveillance,100,0.1,0.45,0.45,8,45,47,0.08,0.45,0.47
user_0379,aaron_warren,Aaron Warren,en,English,coding_heavy,Mostly AI coding innovations,100,0.8,0.1,0.1,84,3,13,0.84,0.03,0.13
user_0380,avery_burns,Avery Burns,en,English,copyright_heavy,Mostly AI copyright / theft concerns,100,0.1,0.8,0.1,6,84,10,0.06,0.84,0.1
user_0381,natalie_cooper_33,Natalie Cooper,en,English,surveillance_heavy,Mostly AI mass surveillance,100,0.1,0.1,0.8,10,11,79,0.1,0.11,0.79
user_0382,jack_shaw382,Jack Shaw,en,English,balanced,Even across all topics,100,0.333333,0.333333,0.333334,20,41,39,0.2,0.41,0.39
user_0383,wyatt_cox_14,Wyatt Cox,en,English,coding_copyright,Split: coding + copyright,100,0.45,0.45,0.1,42,45,13,0.42,0.45,0.13
user_0384,stella_burns_118,Stella Burns,en,English,coding_surveillance,Split: coding + surveillance,100,0.45,0.1,0.45,51,12,37,0.51,0.12,0.37
user_0385,lucas_simmons_10,Lucas Simmons,en,English,copyright_surveillance,Split: copyright + surveillance,100,0.1,0.45,0.45,7,46,47,0.07,0.46,0.47
user_0386,dakota_mason_41,Dakota Mason,en,English,coding_heavy,Mostly AI coding innovations,100,0.8,0.1,0.1,82,8,10,0.82,0.08,0.1
user_0387,addison_brooks_98,Addison Brooks,en,English,copyright_heavy,Mostly AI copyright / theft concerns,100,0.1,0.8,0.1,13,70,17,0.13,0.7,0.17
user_0388,caleb_gray_388,Caleb Gray,en,English,surveillance_heavy,Mostly AI mass surveillance,100,0.1,0.1,0.8,7,10,83,0.07,0.1,0.83
user_0389,alex_harrison,Alex Harrison,en,English,balanced,Even across all topics,100,0.333333,0.333333,0.333334,40,30,30,0.4,0.3,0.3
user_0390,wyatt_wallace,Wyatt Wallace,en,English,coding_copyright,Split: coding + copyright,100,0.45,0.45,0.1,44,50,6,0.44,0.5,0.06
user_0391,aubrey_west,Aubrey West,en,English,coding_surveillance,Split: coding + surveillance,100,0.45,0.1,0.45,42,14,44,0.42,0.14,0.44
user_0392,emerson_ramos_49,Emerson Ramos,en,English,copyright_surveillance,Split: copyright + surveillance,100,0.1,0.45,0.45,15,47,38,0.15,0.47,0.38
user_0393,rowan_foster_393,Rowan Foster,en,English,coding_heavy,Mostly AI coding innovations,100,0.8,0.1,0.1,78,11,11,0.78,0.11,0.11
user_0394,benjamin_barnes_394,Benjamin Barnes,en,English,copyright_heavy,Mostly AI copyright / theft concerns,100,0.1,0.8,0.1,9,84,7,0.09,0.84,0.07
user_0395,benjamin_marshall395,Benjamin Marshall,en,English,surveillance_heavy,Mostly AI mass surveillance,100,0.1,0.1,0.8,7,9,84,0.07,0.09,0.84
user_0396,grace_bryant,Grace Bryant,en,English,balanced,Even across all topics,100,0.333333,0.333333,0.333334,45,28,27,0.45,0.28,0.27
user_0397,jamie_murray_80,Jamie Murray,en,English,coding_copyright,Split: coding + copyright,100,0.45,0.45,0.1,52,39,9,0.52,0.39,0.09
user_0398,sebastian_stevens_398,Sebastian Stevens,en,English,coding_surveillance,Split: coding + surveillance,100,0.45,0.1,0.45,39,9,52,0.39,0.09,0.52
user_0399,drew_bailey_399,Drew Bailey,en,English,copyright_surveillance,Split: copyright + surveillance,100,0.1,0.45,0.45,8,52,40,0.08,0.52,0.4
user_0400,benjamin_henderson_400,Benjamin Henderson,en,English,coding_heavy,Mostly AI coding innovations,100,0.8,0.1,0.1,77,8,15,0.77,0.08,0.15
user_0401,david_cox401,David Cox,en,English,copyright_heavy,Mostly AI copyright / theft concerns,100,0.1,0.8,0.1,10,81,9,0.1,0.81,0.09
user_0402,owen_ward,Owen Ward,en,English,surveillance_heavy,Mostly AI mass surveillance,100,0.1,0.1,0.8,15,11,74,0.15,0.11,0.74
user_0403,james_kelly403,James Kelly,en,English,balanced,Even across all topics,100,0.333333,0.333333,0.333334,39,32,29,0.39,0.32,0.29
user_0404,aaron_warren_755,Aaron Warren,en,English,coding_copyright,Split: coding + copyright,100,0.45,0.45,0.1,47,41,12,0.47,0.41,0.12
user_0405,caleb_ward405,Caleb Ward,en,English,coding_surveillance,Split: coding + surveillance,100,0.45,0.1,0.45,43,14,43,0.43,0.14,0.43
user_0406,grace_cox406,Grace Cox,en,English,copyright_surveillance,Split: copyright + surveillance,100,0.1,0.45,0.45,11,45,44,0.11,0.45,0.44
user_0407,natalie_west_407,Natalie West,en,English,coding_heavy,Mostly AI coding innovations,100,0.8,0.1,0.1,81,9,10,0.81,0.09,0.1
user_0408,julian_gray_408,Julian Gray,en,English,copyright_heavy,Mostly AI copyright / theft concerns,100,0.1,0.8,0.1,15,74,11,0.15,0.74,0.11
user_0409,logan_shaw409,Logan Shaw,en,English,surveillance_heavy,Mostly AI mass surveillance,100,0.1,0.1,0.8,12,5,83,0.12,0.05,0.83
user_0410,lincoln_gomez_47,Lincoln Gomez,en,English,balanced,Even across all topics,100,0.333333,0.333333,0.333334,28,34,38,0.28,0.34,0.38
user_0411,aaron_kennedy_411,Aaron Kennedy,en,English,coding_copyright,Split: coding + copyright,100,0.45,0.45,0.1,38,51,11,0.38,0.51,0.11
user_0412,nolan_kennedy,Nolan Kennedy,en,English,coding_surveillance,Split: coding + surveillance,100,0.45,0.1,0.45,44,10,46,0.44,0.1,0.46
user_0413,harper_ellis_413,Harper Ellis,en,English,copyright_surveillance,Split: copyright + surveillance,100,0.1,0.45,0.45,10,43,47,0.1,0.43,0.47
user_0414,daniel_cox,Daniel Cox,en,English,coding_heavy,Mostly AI coding innovations,100,0.8,0.1,0.1,74,13,13,0.74,0.13,0.13
user_0415,adrian_diaz,Adrian Diaz,en,English,copyright_heavy,Mostly AI copyright / theft concerns,100,0.1,0.8,0.1,13,75,12,0.13,0.75,0.12
user_0416,bella_ramos416,Bella Ramos,en,English,surveillance_heavy,Mostly AI mass surveillance,100,0.1,0.1,0.8,15,7,78,0.15,0.07,0.78
user_0417,hazel_fisher,Hazel Fisher,en,English,balanced,Even across all topics,100,0.333333,0.333333,0.333334,25,37,38,0.25,0.37,0.38
user_0418,lucy_robertson_418,Lucy Robertson,en,English,coding_copyright,Split: coding + copyright,100,0.45,0.45,0.1,56,33,11,0.56,0.33,0.11
user_0419,jaxon_henderson_419,Jaxon Henderson,en,English,coding_surveillance,Split: coding + surveillance,100,0.45,0.1,0.45,48,12,40,0.48,0.12,0.4
user_0420,harper_russell420,Harper Russell,en,English,copyright_surveillance,Split: copyright + surveillance,100,0.1,0.45,0.45,11,45,44,0.11,0.45,0.44
user_0421,sebastian_sanders,Sebastian Sanders,en,English,coding_heavy,Mostly AI coding innovations,100,0.8,0.1,0.1,82,7,11,0.82,0.07,0.11
user_0422,audrey_garcia_80,Audrey Garcia,en,English,copyright_heavy,Mostly AI copyright / theft concerns,100,0.1,0.8,0.1,7,79,14,0.07,0.79,0.14
user_0423,harper_gordon_423,Harper Gordon,en,English,surveillance_heavy,Mostly AI mass surveillance,100,0.1,0.1,0.8,8,13,79,0.08,0.13,0.79
user_0424,jamie_stevens_424,Jamie Stevens,en,English,balanced,Even across all topics,100,0.333333,0.333333,0.333334,26,43,31,0.26,0.43,0.31
user_0425,samuel_kennedy_60,Samuel Kennedy,en,English,coding_copyright,Split: coding + copyright,100,0.45,0.45,0.1,46,42,12,0.46,0.42,0.12
user_0426,nora_reed_44,Nora Reed,en,English,coding_surveillance,Split: coding + surveillance,100,0.45,0.1,0.45,38,12,50,0.38,0.12,0.5
user_0427,caleb_jordan_38,Caleb Jordan,en,English,copyright_surveillance,Split: copyright + surveillance,100,0.1,0.45,0.45,8,38,54,0.08,0.38,0.54
user_0428,samuel_ellis_428,Samuel Ellis,en,English,coding_heavy,Mostly AI coding innovations,100,0.8,0.1,0.1,75,15,10,0.75,0.15,0.1
user_0429,liam_jordan_429,Liam Jordan,en,English,copyright_heavy,Mostly AI copyright / theft concerns,100,0.1,0.8,0.1,8,84,8,0.08,0.84,0.08
user_0430,emma_burns_42,Emma Burns,en,English,surveillance_heavy,Mostly AI mass surveillance,100,0.1,0.1,0.8,4,12,84,0.04,0.12,0.84
user_0431,finley_barnes_431,Finley Barnes,en,English,balanced,Even across all topics,100,0.333333,0.333333,0.333334,36,30,34,0.36,0.3,0.34
user_0432,finley_hicks_432,Finley Hicks,en,English,coding_copyright,Split: coding + copyright,100,0.45,0.45,0.1,51,37,12,0.51,0.37,0.12
user_0433,david_henry_433,David Henry,en,English,coding_surveillance,Split: coding + surveillance,100,0.45,0.1,0.45,43,13,44,0.43,0.13,0.44
user_0434,morgan_butler,Morgan Butler,en,English,copyright_surveillance,Split: copyright + surveillance,100,0.1,0.45,0.45,8,52,40,0.08,0.52,0.4
user_0435,daniel_shaw_72,Daniel Shaw,en,English,coding_heavy,Mostly AI coding innovations,100,0.8,0.1,0.1,78,11,11,0.78,0.11,0.11
user_0436,hazel_diaz_28,Hazel Diaz,en,English,copyright_heavy,Mostly AI copyright / theft concerns,100,0.1,0.8,0.1,11,80,9,0.11,0.8,0.09
user_0437,riley_henderson,Riley Henderson,en,English,surveillance_heavy,Mostly AI mass surveillance,100,0.1,0.1,0.8,8,10,82,0.08,0.1,0.82
user_0438,henry_sanders438,Henry Sanders,en,English,balanced,Even across all topics,100,0.333333,0.333333,0.333334,27,40,33,0.27,0.4,0.33
user_0439,chloe_jenkins_37,Chloe Jenkins,en,English,coding_copyright,Split: coding + copyright,100,0.45,0.45,0.1,46,44,10,0.46,0.44,0.1
user_0440,savannah_reed,Savannah Reed,en,English,coding_surveillance,Split: coding + surveillance,100,0.45,0.1,0.45,45,15,40,0.45,0.15,0.4
user_0441,wyatt_gray441,Wyatt Gray,en,English,copyright_surveillance,Split: copyright + surveillance,100,0.1,0.45,0.45,5,50,45,0.05,0.5,0.45
user_0442,aaron_alexander,Aaron Alexander,en,English,coding_heavy,Mostly AI coding innovations,100,0.8,0.1,0.1,80,6,14,0.8,0.06,0.14
user_0443,scarlett_chen_97,Scarlett Chen,en,English,copyright_heavy,Mostly AI copyright / theft concerns,100,0.1,0.8,0.1,9,81,10,0.09,0.81,0.1
user_0444,brooklyn_gomez444,Brooklyn Gomez,en,English,surveillance_heavy,Mostly AI mass surveillance,100,0.1,0.1,0.8,12,10,78,0.12,0.1,0.78
user_0445,dakota_reed_28,Dakota Reed,en,English,balanced,Even across all topics,100,0.333333,0.333333,0.333334,40,33,27,0.4,0.33,0.27
user_0446,hannah_rivera,Hannah Rivera,en,English,coding_copyright,Split: coding + copyright,100,0.45,0.45,0.1,54,33,13,0.54,0.33,0.13
user_0447,natalie_owens_10,Natalie Owens,en,English,coding_surveillance,Split: coding + surveillance,100,0.45,0.1,0.45,42,8,50,0.42,0.08,0.5
user_0448,sofia_foster_448,Sofia Foster,en,English,copyright_surveillance,Split: copyright + surveillance,100,0.1,0.45,0.45,9,38,53,0.09,0.38,0.53
user_0449,abigail_flores_449,Abigail Flores,en,English,coding_heavy,Mostly AI coding innovations,100,0.8,0.1,0.1,77,13,10,0.77,0.13,0.1
user_0450,liam_bennett450,Liam Bennett,en,English,copyright_heavy,Mostly AI copyright / theft concerns,100,0.1,0.8,0.1,8,83,9,0.08,0.83,0.09
user_0451,dakota_webb_95,Dakota Webb,en,English,surveillance_heavy,Mostly AI mass surveillance,100,0.1,0.1,0.8,16,4,80,0.16,0.04,0.8
user_0452,dakota_griffin_73,Dakota Griffin,en,English,balanced,Even across all topics,100,0.333333,0.333333,0.333334,32,41,27,0.32,0.41,0.27
user_0453,reese_woods_58,Reese Woods,en,English,coding_copyright,Split: coding + copyright,100,0.45,0.45,0.1,39,49,12,0.39,0.49,0.12
user_0454,lucy_patel_454,Lucy Patel,en,English,coding_surveillance,Split: coding + surveillance,100,0.45,0.1,0.45,46,6,48,0.46,0.06,0.48
user_0455,drew_ellis_74,Drew Ellis,en,English,copyright_surveillance,Split: copyright + surveillance,100,0.1,0.45,0.45,18,36,46,0.18,0.36,0.46
user_0456,hannah_hicks_456,Hannah Hicks,en,English,coding_heavy,Mostly AI coding innovations,100,0.8,0.1,0.1,85,10,5,0.85,0.1,0.05
user_0457,addison_owens457,Addison Owens,en,English,copyright_heavy,Mostly AI copyright / theft concerns,100,0.1,0.8,0.1,12,77,11,0.12,0.77,0.11
user_0458,gabriel_hunter_458,Gabriel Hunter,en,English,surveillance_heavy,Mostly AI mass surveillance,100,0.1,0.1,0.8,10,7,83,0.1,0.07,0.83
user_0459,lillian_hayes_459,Lillian Hayes,en,English,balanced,Even across all topics,100,0.333333,0.333333,0.333334,34,32,34,0.34,0.32,0.34
user_0460,morgan_marshall_460,Morgan Marshall,en,English,coding_copyright,Split: coding + copyright,100,0.45,0.45,0.1,35,52,13,0.35,0.52,0.13
user_0461,logan_richardson461,Logan Richardson,en,English,coding_surveillance,Split: coding + surveillance,100,0.45,0.1,0.45,40,13,47,0.4,0.13,0.47
user_0462,cameron_barnes_32,Cameron Barnes,en,English,copyright_surveillance,Split: copyright + surveillance,100,0.1,0.45,0.45,13,42,45,0.13,0.42,0.45
user_0463,jack_hicks463,Jack Hicks,en,English,coding_heavy,Mostly AI coding innovations,100,0.8,0.1,0.1,78,11,11,0.78,0.11,0.11
user_0464,ethan_cole,Ethan Cole,en,English,copyright_heavy,Mostly AI copyright / theft concerns,100,0.1,0.8,0.1,5,78,17,0.05,0.78,0.17
user_0465,anthony_shaw,Anthony Shaw,en,English,surveillance_heavy,Mostly AI mass surveillance,100,0.1,0.1,0.8,10,5,85,0.1,0.05,0.85
user_0466,nolan_ramos_15,Nolan Ramos,en,English,balanced,Even across all topics,100,0.333333,0.333333,0.333334,33,34,33,0.33,0.34,0.33
user_0467,rowan_murphy_51,Rowan Murphy,en,English,coding_copyright,Split: coding + copyright,100,0.45,0.45,0.1,40,49,11,0.4,0.49,0.11
user_0468,jack_hughes,Jack Hughes,en,English,coding_surveillance,Split: coding + surveillance,100,0.45,0.1,0.45,46,12,42,0.46,0.12,0.42
user_0469,nathan_freeman_55,Nathan Freeman,en,English,copyright_surveillance,Split: copyright + surveillance,100,0.1,0.45,0.45,11,46,43,0.11,0.46,0.43
user_0470,skyler_morales_470,Skyler Morales,en,English,coding_heavy,Mostly AI coding innovations,100,0.8,0.1,0.1,82,9,9,0.82,0.09,0.09
user_0471,ethan_porter,Ethan Porter,en,English,copyright_heavy,Mostly AI copyright / theft concerns,100,0.1,0.8,0.1,10,84,6,0.1,0.84,0.06
user_0472,brooklyn_dixon472,Brooklyn Dixon,en,English,surveillance_heavy,Mostly AI mass surveillance,100,0.1,0.1,0.8,8,17,75,0.08,0.17,0.75
user_0473,finley_hicks_33,Finley Hicks,en,English,balanced,Even across all topics,100,0.333333,0.333333,0.333334,29,39,32,0.29,0.39,0.32
user_0474,olivia_hunter474,Olivia Hunter,en,English,coding_copyright,Split: coding + copyright,100,0.45,0.45,0.1,57,39,4,0.57,0.39,0.04
user_0475,chloe_hunt_475,Chloe Hunt,en,English,coding_surveillance,Split: coding + surveillance,100,0.45,0.1,0.45,36,15,49,0.36,0.15,0.49
user_0476,stella_walsh_93,Stella Walsh,en,English,copyright_surveillance,Split: copyright + surveillance,100,0.1,0.45,0.45,11,48,41,0.11,0.48,0.41
user_0477,grayson_murphy_57,Grayson Murphy,en,English,coding_heavy,Mostly AI coding innovations,100,0.8,0.1,0.1,84,6,10,0.84,0.06,0.1
user_0478,ryan_bennett_16,Ryan Bennett,en,English,copyright_heavy,Mostly AI copyright / theft concerns,100,0.1,0.8,0.1,13,79,8,0.13,0.79,0.08
user_0479,mia_reynolds_479,Mia Reynolds,en,English,surveillance_heavy,Mostly AI mass surveillance,100,0.1,0.1,0.8,15,10,75,0.15,0.1,0.75
user_0480,aubrey_henderson,Aubrey Henderson,en,English,balanced,Even across all topics,100,0.333333,0.333333,0.333334,32,33,35,0.32,0.33,0.35
user_0481,cameron_cox_481,Cameron Cox,en,English,coding_copyright,Split: coding + copyright,100,0.45,0.45,0.1,46,43,11,0.46,0.43,0.11
user_0482,aaron_graham482,Aaron Graham,en,English,coding_surveillance,Split: coding + surveillance,100,0.45,0.1,0.45,46,9,45,0.46,0.09,0.45
user_0483,riley_holmes_22,Riley Holmes,en,English,copyright_surveillance,Split: copyright + surveillance,100,0.1,0.45,0.45,14,47,39,0.14,0.47,0.39
user_0484,harper_hughes,Harper Hughes,en,English,coding_heavy,Mostly AI coding innovations,100,0.8,0.1,0.1,77,13,10,0.77,0.13,0.1
user_0485,sofia_ford_485,Sofia Ford,en,English,copyright_heavy,Mostly AI copyright / theft concerns,100,0.1,0.8,0.1,11,84,5,0.11,0.84,0.05
user_0486,benjamin_hayes_486,Benjamin Hayes,en,English,surveillance_heavy,Mostly AI mass surveillance,100,0.1,0.1,0.8,10,12,78,0.1,0.12,0.78
user_0487,mason_simpson_487,Mason Simpson,en,English,balanced,Even across all topics,100,0.333333,0.333333,0.333334,35,30,35,0.35,0.3,0.35
user_0488,christopher_hamilton_53,Christopher Hamilton,en,English,coding_copyright,Split: coding + copyright,100,0.45,0.45,0.1,47,41,12,0.47,0.41,0.12
user_0489,amelia_james_489,Amelia James,en,English,coding_surveillance,Split: coding + surveillance,100,0.45,0.1,0.45,48,5,47,0.48,0.05,0.47
user_0490,skylar_garcia_66,Skylar Garcia,en,English,copyright_surveillance,Split: copyright + surveillance,100,0.1,0.45,0.45,13,41,46,0.13,0.41,0.46
user_0491,aurora_boyd_491,Aurora Boyd,en,English,coding_heavy,Mostly AI coding innovations,100,0.8,0.1,0.1,87,8,5,0.87,0.08,0.05
user_0492,bella_gonzales_54,Bella Gonzales,en,English,copyright_heavy,Mostly AI copyright / theft concerns,100,0.1,0.8,0.1,8,77,15,0.08,0.77,0.15
user_0493,brooklyn_hunter493,Brooklyn Hunter,en,English,surveillance_heavy,Mostly AI mass surveillance,100,0.1,0.1,0.8,8,14,78,0.08,0.14,0.78
user_0494,hannah_hayes_494,Hannah Hayes,en,English,balanced,Even across all topics,100,0.333333,0.333333,0.333334,34,37,29,0.34,0.37,0.29
user_0495,harper_diaz_495,Harper Diaz,en,English,coding_copyright,Split: coding + copyright,100,0.45,0.45,0.1,43,49,8,0.43,0.49,0.08
user_0496,emma_morales_41,Emma Morales,en,English,coding_surveillance,Split: coding + surveillance,100,0.45,0.1,0.45,43,6,51,0.43,0.06,0.51
user_0497,samuel_cruz_497,Samuel Cruz,en,English,copyright_surveillance,Split: copyright + surveillance,100,0.1,0.45,0.45,8,49,43,0.08,0.49,0.43
user_0498,eleanor_simmons_93,Eleanor Simmons,en,English,coding_heavy,Mostly AI coding innovations,100,0.8,0.1,0.1,85,11,4,0.85,0.11,0.04
user_0499,chloe_gonzales_24,Chloe Gonzales,en,English,copyright_heavy,Mostly AI copyright / theft concerns,100,0.1,0.8,0.1,10,80,10,0.1,0.8,0.1
user_0500,sophia_garcia_54,Sophia Garcia,en,English,surveillance_heavy,Mostly AI mass surveillance,100,0.1,0.1,0.8,14,15,71,0.14,0.15,0.71
user_0501,noah_sullivan_501,Noah Sullivan,en,English,balanced,Even across all topics,100,0.333333,0.333333,0.333334,29,34,37,0.29,0.34,0.37
user_0502,andrew_cole502,Andrew Cole,en,English,coding_copyright,Split: coding + copyright,100,0.45,0.45,0.1,51,41,8,0.51,0.41,0.08
user_0503,abigail_price503,Abigail Price,en,English,coding_surveillance,Split: coding + surveillance,100,0.45,0.1,0.45,51,9,40,0.51,0.09,0.4
user_0504,nathan_price,Nathan Price,en,English,copyright_surveillance,Split: copyright + surveillance,100,0.1,0.45,0.45,12,43,45,0.12,0.43,0.45
user_0505,wyatt_wood,Wyatt Wood,en,English,coding_heavy,Mostly AI coding innovations,100,0.8,0.1,0.1,85,4,11,0.85,0.04,0.11
user_0506,ethan_dixon506,Ethan Dixon,en,English,copyright_heavy,Mostly AI copyright / theft concerns,100,0.1,0.8,0.1,9,82,9,0.09,0.82,0.09
user_0507,jamie_webb,Jamie Webb,en,English,surveillance_heavy,Mostly AI mass surveillance,100,0.1,0.1,0.8,7,9,84,0.07,0.09,0.84
user_0508,matthew_simpson_90,Matthew Simpson,en,English,balanced,Even across all topics,100,0.333333,0.333333,0.333334,35,36,29,0.35,0.36,0.29
user_0509,kendall_henry_509,Kendall Henry,en,English,coding_copyright,Split: coding + copyright,100,0.45,0.45,0.1,40,49,11,0.4,0.49,0.11
user_0510,mason_graham_65,Mason Graham,en,English,coding_surveillance,Split: coding + surveillance,100,0.45,0.1,0.45,48,4,48,0.48,0.04,0.48
user_0511,adrian_hamilton511,Adrian Hamilton,en,English,copyright_surveillance,Split: copyright + surveillance,100,0.1,0.45,0.45,11,43,46,0.11,0.43,0.46
user_0512,nolan_bailey_512,Nolan Bailey,en,English,coding_heavy,Mostly AI coding innovations,100,0.8,0.1,0.1,85,5,10,0.85,0.05,0.1
user_0513,aria_kennedy,Aria Kennedy,en,English,copyright_heavy,Mostly AI copyright / theft concerns,100,0.1,0.8,0.1,12,82,6,0.12,0.82,0.06
user_0514,scarlett_stevens,Scarlett Stevens,en,English,surveillance_heavy,Mostly AI mass surveillance,100,0.1,0.1,0.8,10,6,84,0.1,0.06,0.84
user_0515,zoe_porter_515,Zoe Porter,en,English,balanced,Even across all topics,100,0.333333,0.333333,0.333334,33,33,34,0.33,0.33,0.34
user_0516,bella_hunter516,Bella Hunter,en,English,coding_copyright,Split: coding + copyright,100,0.45,0.45,0.1,49,40,11,0.49,0.4,0.11
user_0517,aaron_ross517,Aaron Ross,en,English,coding_surveillance,Split: coding + surveillance,100,0.45,0.1,0.45,40,12,48,0.4,0.12,0.48
user_0518,benjamin_brooks_22,Benjamin Brooks,en,English,copyright_surveillance,Split: copyright + surveillance,100,0.1,0.45,0.45,14,50,36,0.14,0.5,0.36
user_0519,avery_reynolds,Avery Reynolds,en,English,coding_heavy,Mostly AI coding innovations,100,0.8,0.1,0.1,79,12,9,0.79,0.12,0.09
user_0520,finley_patterson_90,Finley Patterson,en,English,copyright_heavy,Mostly AI copyright / theft concerns,100,0.1,0.8,0.1,4,85,11,0.04,0.85,0.11
user_0521,evelyn_freeman_95,Evelyn Freeman,en,English,surveillance_heavy,Mostly AI mass surveillance,100,0.1,0.1,0.8,11,12,77,0.11,0.12,0.77
user_0522,aria_shaw_522,Aria Shaw,en,English,balanced,Even across all topics,100,0.333333,0.333333,0.333334,31,34,35,0.31,0.34,0.35
user_0523,jaxon_dixon523,Jaxon Dixon,en,English,coding_copyright,Split: coding + copyright,100,0.45,0.45,0.1,39,52,9,0.39,0.52,0.09
user_0524,stella_hicks_524,Stella Hicks,en,English,coding_surveillance,Split: coding + surveillance,100,0.45,0.1,0.45,39,9,52,0.39,0.09,0.52
user_0525,isabella_powell_83,Isabella Powell,en,English,copyright_surveillance,Split: copyright + surveillance,100,0.1,0.45,0.45,8,41,51,0.08,0.41,0.51
user_0526,stella_gray_90,Stella Gray,en,English,coding_heavy,Mostly AI coding innovations,100,0.8,0.1,0.1,77,8,15,0.77,0.08,0.15
user_0527,grayson_harrison527,Grayson Harrison,en,English,copyright_heavy,Mostly AI copyright / theft concerns,100,0.1,0.8,0.1,10,76,14,0.1,0.76,0.14
user_0528,mason_reyes_20,Mason Reyes,en,English,surveillance_heavy,Mostly AI mass surveillance,100,0.1,0.1,0.8,14,9,77,0.14,0.09,0.77
user_0529,luke_cole,Luke Cole,en,English,balanced,Even across all topics,100,0.333333,0.333333,0.333334,31,27,42,0.31,0.27,0.42
user_0530,claire_flores530,Claire Flores,en,English,coding_copyright,Split: coding + copyright,100,0.45,0.45,0.1,44,48,8,0.44,0.48,0.08
user_0531,skyler_hicks_22,Skyler Hicks,en,English,coding_surveillance,Split: coding + surveillance,100,0.45,0.1,0.45,45,13,42,0.45,0.13,0.42
user_0532,eleanor_butler,Eleanor Butler,en,English,copyright_surveillance,Split: copyright + surveillance,100,0.1,0.45,0.45,7,52,41,0.07,0.52,0.41
user_0533,victoria_griffin,Victoria Griffin,en,English,coding_heavy,Mostly AI coding innovations,100,0.8,0.1,0.1,74,14,12,0.74,0.14,0.12
user_0534,isabella_foster534,Isabella Foster,en,English,copyright_heavy,Mostly AI copyright / theft concerns,100,0.1,0.8,0.1,11,79,10,0.11,0.79,0.1
user_0535,brooklyn_wood_86,Brooklyn Wood,en,English,surveillance_heavy,Mostly AI mass surveillance,100,0.1,0.1,0.8,9,11,80,0.09,0.11,0.8
user_0536,zoe_patterson536,Zoe Patterson,en,English,balanced,Even across all topics,100,0.333333,0.333333,0.333334,39,35,26,0.39,0.35,0.26
user_0537,andrew_cooper537,Andrew Cooper,en,English,coding_copyright,Split: coding + copyright,100,0.45,0.45,0.1,54,41,5,0.54,0.41,0.05
user_0538,isaac_bryant_98,Isaac Bryant,en,English,coding_surveillance,Split: coding + surveillance,100,0.45,0.1,0.45,45,8,47,0.45,0.08,0.47
user_0539,lucy_ward,Lucy Ward,en,English,copyright_surveillance,Split: copyright + surveillance,100,0.1,0.45,0.45,12,47,41,0.12,0.47,0.41
user_0540,abigail_torres540,Abigail Torres,en,English,coding_heavy,Mostly AI coding innovations,100,0.8,0.1,0.1,80,12,8,0.8,0.12,0.08
user_0541,brooklyn_sullivan541,Brooklyn Sullivan,en,English,copyright_heavy,Mostly AI copyright / theft concerns,100,0.1,0.8,0.1,5,84,11,0.05,0.84,0.11
user_0542,james_ward_55,James Ward,en,English,surveillance_heavy,Mostly AI mass surveillance,100,0.1,0.1,0.8,14,12,74,0.14,0.12,0.74
user_0543,alex_robertson543,Alex Robertson,en,English,balanced,Even across all topics,100,0.333333,0.333333,0.333334,40,31,29,0.4,0.31,0.29
user_0544,avery_foster544,Avery Foster,en,English,coding_copyright,Split: coding + copyright,100,0.45,0.45,0.1,45,48,7,0.45,0.48,0.07
user_0545,nora_ross_26,Nora Ross,en,English,coding_surveillance,Split: coding + surveillance,100,0.45,0.1,0.45,38,11,51,0.38,0.11,0.51
user_0546,wyatt_long546,Wyatt Long,en,English,copyright_surveillance,Split: copyright + surveillance,100,0.1,0.45,0.45,14,48,38,0.14,0.48,0.38
user_0547,violet_singh547,Violet Singh,en,English,coding_heavy,Mostly AI coding innovations,100,0.8,0.1,0.1,79,9,12,0.79,0.09,0.12
user_0548,joshua_rice_548,Joshua Rice,en,English,copyright_heavy,Mostly AI copyright / theft concerns,100,0.1,0.8,0.1,12,78,10,0.12,0.78,0.1
user_0549,nathan_hunter_549,Nathan Hunter,en,English,surveillance_heavy,Mostly AI mass surveillance,100,0.1,0.1,0.8,10,11,79,0.1,0.11,0.79
user_0550,violet_patterson,Violet Patterson,en,English,balanced,Even across all topics,100,0.333333,0.333333,0.333334,30,33,37,0.3,0.33,0.37
user_0551,daniel_mcdonald_551,Daniel Mcdonald,en,English,coding_copyright,Split: coding + copyright,100,0.45,0.45,0.1,36,51,13,0.36,0.51,0.13
user_0552,sebastian_cole_552,Sebastian Cole,en,English,coding_surveillance,Split: coding + surveillance,100,0.45,0.1,0.45,38,11,51,0.38,0.11,0.51
user_0553,harper_warren_95,Harper Warren,en,English,copyright_surveillance,Split: copyright + surveillance,100,0.1,0.45,0.45,13,37,50,0.13,0.37,0.5
user_0554,harper_hughes_61,Harper Hughes,en,English,coding_heavy,Mostly AI coding innovations,100,0.8,0.1,0.1,80,8,12,0.8,0.08,0.12
user_0555,stella_cooper_555,Stella Cooper,en,English,copyright_heavy,Mostly AI copyright / theft concerns,100,0.1,0.8,0.1,14,77,9,0.14,0.77,0.09
user_0556,jack_west_70,Jack West,en,English,surveillance_heavy,Mostly AI mass surveillance,100,0.1,0.1,0.8,13,9,78,0.13,0.09,0.78
user_0557,charlotte_gonzales557,Charlotte Gonzales,en,English,balanced,Even across all topics,100,0.333333,0.333333,0.333334,32,29,39,0.32,0.29,0.39
user_0558,eleanor_diaz_21,Eleanor Diaz,en,English,coding_copyright,Split: coding + copyright,100,0.45,0.45,0.1,38,53,9,0.38,0.53,0.09
user_0559,aria_henderson_34,Aria Henderson,en,English,coding_surveillance,Split: coding + surveillance,100,0.45,0.1,0.45,43,13,44,0.43,0.13,0.44
user_0560,ellie_gray_560,Ellie Gray,en,English,copyright_surveillance,Split: copyright + surveillance,100,0.1,0.45,0.45,12,47,41,0.12,0.47,0.41
user_0561,sophia_burns_23,Sophia Burns,en,English,coding_heavy,Mostly AI coding innovations,100,0.8,0.1,0.1,76,11,13,0.76,0.11,0.13
user_0562,emma_gonzales,Emma Gonzales,en,English,copyright_heavy,Mostly AI copyright / theft concerns,100,0.1,0.8,0.1,11,81,8,0.11,0.81,0.08
user_0563,jayden_flores_93,Jayden Flores,en,English,surveillance_heavy,Mostly AI mass surveillance,100,0.1,0.1,0.8,6,7,87,0.06,0.07,0.87
user_0564,mason_kennedy,Mason Kennedy,en,English,balanced,Even across all topics,100,0.333333,0.333333,0.333334,34,32,34,0.34,0.32,0.34
user_0565,emily_west_565,Emily West,en,English,coding_copyright,Split: coding + copyright,100,0.45,0.45,0.1,40,48,12,0.4,0.48,0.12
user_0566,luke_diaz,Luke Diaz,en,English,coding_surveillance,Split: coding + surveillance,100,0.45,0.1,0.45,39,13,48,0.39,0.13,0.48
user_0567,scarlett_mcdonald_567,Scarlett Mcdonald,en,English,copyright_surveillance,Split: copyright + surveillance,100,0.1,0.45,0.45,9,50,41,0.09,0.5,0.41
user_0568,nora_richardson_70,Nora Richardson,en,English,coding_heavy,Mostly AI coding innovations,100,0.8,0.1,0.1,82,12,6,0.82,0.12,0.06
user_0569,mason_long569,Mason Long,en,English,copyright_heavy,Mostly AI copyright / theft concerns,100,0.1,0.8,0.1,11,78,11,0.11,0.78,0.11
user_0570,lucas_russell_570,Lucas Russell,en,English,surveillance_heavy,Mostly AI mass surveillance,100,0.1,0.1,0.8,9,8,83,0.09,0.08,0.83
user_0571,gabriel_singh_571,Gabriel Singh,en,English,balanced,Even across all topics,100,0.333333,0.333333,0.333334,36,35,29,0.36,0.35,0.29
user_0572,savannah_burns_572,Savannah Burns,en,English,coding_copyright,Split: coding + copyright,100,0.45,0.45,0.1,44,42,14,0.44,0.42,0.14
user_0573,skyler_owens,Skyler Owens,en,English,coding_surveillance,Split: coding + surveillance,100,0.45,0.1,0.45,47,6,47,0.47,0.06,0.47
user_0574,skylar_powell_574,Skylar Powell,en,English,copyright_surveillance,Split: copyright + surveillance,100,0.1,0.45,0.45,11,49,40,0.11,0.49,0.4
user_0575,benjamin_garcia575,Benjamin Garcia,en,English,coding_heavy,Mostly AI coding innovations,100,0.8,0.1,0.1,83,7,10,0.83,0.07,0.1
user_0576,dylan_gonzales_576,Dylan Gonzales,en,English,copyright_heavy,Mostly AI copyright / theft concerns,100,0.1,0.8,0.1,13,78,9,0.13,0.78,0.09
user_0577,casey_wells_50,Casey Wells,en,English,surveillance_heavy,Mostly AI mass surveillance,100,0.1,0.1,0.8,11,7,82,0.11,0.07,0.82
user_0578,liam_tucker578,Liam Tucker,en,English,balanced,Even across all topics,100,0.333333,0.333333,0.333334,30,31,39,0.3,0.31,0.39
user_0579,cameron_bryant579,Cameron Bryant,en,English,coding_copyright,Split: coding + copyright,100,0.45,0.45,0.1,45,41,14,0.45,0.41,0.14
user_0580,grace_graham_73,Grace Graham,en,English,coding_surveillance,Split: coding + surveillance,100,0.45,0.1,0.45,39,12,49,0.39,0.12,0.49
user_0581,adrian_warren581,Adrian Warren,en,English,copyright_surveillance,Split: copyright + surveillance,100,0.1,0.45,0.45,13,47,40,0.13,0.47,0.4
user_0582,bella_tucker,Bella Tucker,en,English,coding_heavy,Mostly AI coding innovations,100,0.8,0.1,0.1,83,9,8,0.83,0.09,0.08
user_0583,jaxon_kelly_46,Jaxon Kelly,en,English,copyright_heavy,Mostly AI copyright / theft concerns,100,0.1,0.8,0.1,4,89,7,0.04,0.89,0.07
user_0584,james_tucker,James Tucker,en,English,surveillance_heavy,Mostly AI mass surveillance,100,0.1,0.1,0.8,9,4,87,0.09,0.04,0.87
user_0585,luke_ramos_34,Luke Ramos,en,English,balanced,Even across all topics,100,0.333333,0.333333,0.333334,38,32,30,0.38,0.32,0.3
user_0586,violet_alexander586,Violet Alexander,en,English,coding_copyright,Split: coding + copyright,100,0.45,0.45,0.1,42,48,10,0.42,0.48,0.1
user_0587,nathan_gordon_81,Nathan Gordon,en,English,coding_surveillance,Split: coding + surveillance,100,0.45,0.1,0.45,39,8,53,0.39,0.08,0.53
user_0588,andrew_boyd_52,Andrew Boyd,en,English,copyright_surveillance,Split: copyright + surveillance,100,0.1,0.45,0.45,8,47,45,0.08,0.47,0.45
user_0589,grayson_alexander,Grayson Alexander,en,English,coding_heavy,Mostly AI coding innovations,100,0.8,0.1,0.1,75,9,16,0.75,0.09,0.16
user_0590,aurora_howard,Aurora Howard,en,English,copyright_heavy,Mostly AI copyright / theft concerns,100,0.1,0.8,0.1,15,75,10,0.15,0.75,0.1
user_0591,sofia_butler_71,Sofia Butler,en,English,surveillance_heavy,Mostly AI mass surveillance,100,0.1,0.1,0.8,10,7,83,0.1,0.07,0.83
user_0592,emma_walsh_13,Emma Walsh,en,English,balanced,Even across all topics,100,0.333333,0.333333,0.333334,35,35,30,0.35,0.35,0.3
user_0593,wyatt_bennett,Wyatt Bennett,en,English,coding_copyright,Split: coding + copyright,100,0.45,0.45,0.1,44,44,12,0.44,0.44,0.12
user_0594,dylan_kim594,Dylan Kim,en,English,coding_surveillance,Split: coding + surveillance,100,0.45,0.1,0.45,39,10,51,0.39,0.1,0.51
user_0595,savannah_russell595,Savannah Russell,en,English,copyright_surveillance,Split: copyright + surveillance,100,0.1,0.45,0.45,15,43,42,0.15,0.43,0.42
user_0596,elizabeth_wood,Elizabeth Wood,en,English,coding_heavy,Mostly AI coding innovations,100,0.8,0.1,0.1,74,17,9,0.74,0.17,0.09
user_0597,joseph_rice597,Joseph Rice,en,English,copyright_heavy,Mostly AI copyright / theft concerns,100,0.1,0.8,0.1,8,83,9,0.08,0.83,0.09
user_0598,harper_coleman_598,Harper Coleman,en,English,surveillance_heavy,Mostly AI mass surveillance,100,0.1,0.1,0.8,10,7,83,0.1,0.07,0.83
user_0599,levi_crawford,Levi Crawford,en,English,balanced,Even across all topics,100,0.333333,0.333333,0.333334,31,34,35,0.31,0.34,0.35
user_0600,samuel_bennett_600,Samuel Bennett,en,English,coding_copyright,Split: coding + copyright,100,0.45,0.45,0.1,36,51,13,0.36,0.51,0.13
user_0601,harper_wood,Harper Wood,en,English,coding_surveillance,Split: coding + surveillance,100,0.45,0.1,0.45,51,5,44,0.51,0.05,0.44
user_0602,jordan_long_602,Jordan Long,en,English,copyright_surveillance,Split: copyright + surveillance,100,0.1,0.45,0.45,8,45,47,0.08,0.45,0.47
user_0603,harper_gomez_94,Harper Gomez,en,English,coding_heavy,Mostly AI coding innovations,100,0.8,0.1,0.1,80,8,12,0.8,0.08,0.12
user_0604,jaxon_henry,Jaxon Henry,en,English,copyright_heavy,Mostly AI copyright / theft concerns,100,0.1,0.8,0.1,15,73,12,0.15,0.73,0.12
user_0605,isaac_webb,Isaac Webb,en,English,surveillance_heavy,Mostly AI mass surveillance,100,0.1,0.1,0.8,8,11,81,0.08,0.11,0.81
user_0606,victoria_stevens_75,Victoria Stevens,en,English,balanced,Even across all topics,100,0.333333,0.333333,0.333334,30,35,35,0.3,0.35,0.35
user_0607,violet_ward607,Violet Ward,en,English,coding_copyright,Split: coding + copyright,100,0.45,0.45,0.1,42,51,7,0.42,0.51,0.07
user_0608,gabriel_murray_608,Gabriel Murray,en,English,coding_surveillance,Split: coding + surveillance,100,0.45,0.1,0.45,43,12,45,0.43,0.12,0.45
user_0609,john_graham_609,John Graham,en,English,copyright_surveillance,Split: copyright + surveillance,100,0.1,0.45,0.45,15,41,44,0.15,0.41,0.44
user_0610,matthew_watson_610,Matthew Watson,en,English,coding_heavy,Mostly AI coding innovations,100,0.8,0.1,0.1,84,6,10,0.84,0.06,0.1
user_0611,isaac_flores611,Isaac Flores,en,English,copyright_heavy,Mostly AI copyright / theft concerns,100,0.1,0.8,0.1,12,76,12,0.12,0.76,0.12
user_0612,dylan_woods,Dylan Woods,en,English,surveillance_heavy,Mostly AI mass surveillance,100,0.1,0.1,0.8,15,7,78,0.15,0.07,0.78
user_0613,kendall_bailey,Kendall Bailey,en,English,balanced,Even across all topics,100,0.333333,0.333333,0.333334,31,37,32,0.31,0.37,0.32
user_0614,isabella_ortiz,Isabella Ortiz,en,English,coding_copyright,Split: coding + copyright,100,0.45,0.45,0.1,49,42,9,0.49,0.42,0.09
user_0615,matthew_hayes_615,Matthew Hayes,en,English,coding_surveillance,Split: coding + surveillance,100,0.45,0.1,0.45,42,8,50,0.42,0.08,0.5
user_0616,harper_coleman,Harper Coleman,en,English,copyright_surveillance,Split: copyright + surveillance,100,0.1,0.45,0.45,6,51,43,0.06,0.51,0.43
user_0617,harper_coleman_44,Harper Coleman,en,English,coding_heavy,Mostly AI coding innovations,100,0.8,0.1,0.1,78,11,11,0.78,0.11,0.11
user_0618,aaron_webb,Aaron Webb,en,English,copyright_heavy,Mostly AI copyright / theft concerns,100,0.1,0.8,0.1,9,80,11,0.09,0.8,0.11
user_0619,jaxon_reyes_619,Jaxon Reyes,en,English,surveillance_heavy,Mostly AI mass surveillance,100,0.1,0.1,0.8,10,12,78,0.1,0.12,0.78
user_0620,sebastian_bailey620,Sebastian Bailey,en,English,balanced,Even across all topics,100,0.333333,0.333333,0.333334,24,41,35,0.24,0.41,0.35
user_0621,jordan_garcia,Jordan Garcia,en,English,coding_copyright,Split: coding + copyright,100,0.45,0.45,0.1,42,49,9,0.42,0.49,0.09
user_0622,joseph_graham_622,Joseph Graham,en,English,coding_surveillance,Split: coding + surveillance,100,0.45,0.1,0.45,45,13,42,0.45,0.13,0.42
user_0623,hazel_jenkins_623,Hazel Jenkins,en,English,copyright_surveillance,Split: copyright + surveillance,100,0.1,0.45,0.45,9,56,35,0.09,0.56,0.35
user_0624,andrew_patel_624,Andrew Patel,en,English,coding_heavy,Mostly AI coding innovations,100,0.8,0.1,0.1,80,9,11,0.8,0.09,0.11
user_0625,chloe_long625,Chloe Long,en,English,copyright_heavy,Mostly AI copyright / theft concerns,100,0.1,0.8,0.1,11,72,17,0.11,0.72,0.17
user_0626,morgan_rice_13,Morgan Rice,en,English,surveillance_heavy,Mostly AI mass surveillance,100,0.1,0.1,0.8,13,11,76,0.13,0.11,0.76
user_0627,skylar_ross_38,Skylar Ross,en,English,balanced,Even across all topics,100,0.333333,0.333333,0.333334,42,25,33,0.42,0.25,0.33
user_0628,jayden_ward_628,Jayden Ward,en,English,coding_copyright,Split: coding + copyright,100,0.45,0.45,0.1,47,43,10,0.47,0.43,0.1
user_0629,cameron_long,Cameron Long,en,English,coding_surveillance,Split: coding + surveillance,100,0.45,0.1,0.45,46,9,45,0.46,0.09,0.45
user_0630,jaxon_jenkins_630,Jaxon Jenkins,en,English,copyright_surveillance,Split: copyright + surveillance,100,0.1,0.45,0.45,13,45,42,0.13,0.45,0.42
user_0631,cameron_henry,Cameron Henry,en,English,coding_heavy,Mostly AI coding innovations,100,0.8,0.1,0.1,78,14,8,0.78,0.14,0.08
user_0632,grayson_jordan,Grayson Jordan,en,English,copyright_heavy,Mostly AI copyright / theft concerns,100,0.1,0.8,0.1,5,84,11,0.05,0.84,0.11
user_0633,emerson_coleman,Emerson Coleman,en,English,surveillance_heavy,Mostly AI mass surveillance,100,0.1,0.1,0.8,8,13,79,0.08,0.13,0.79
user_0634,taylor_washington,Taylor Washington,en,English,balanced,Even across all topics,100,0.333333,0.333333,0.333334,26,33,41,0.26,0.33,0.41
user_0635,olivia_porter,Olivia Porter,en,English,coding_copyright,Split: coding + copyright,100,0.45,0.45,0.1,45,46,9,0.45,0.46,0.09
user_0636,victoria_gibson_95,Victoria Gibson,en,English,coding_surveillance,Split: coding + surveillance,100,0.45,0.1,0.45,45,9,46,0.45,0.09,0.46
user_0637,ethan_hayes637,Ethan Hayes,en,English,copyright_surveillance,Split: copyright + surveillance,100,0.1,0.45,0.45,6,39,55,0.06,0.39,0.55
user_0638,aaron_diaz,Aaron Diaz,en,English,coding_heavy,Mostly AI coding innovations,100,0.8,0.1,0.1,81,10,9,0.81,0.1,0.09
user_0639,addison_ross,Addison Ross,en,English,copyright_heavy,Mostly AI copyright / theft concerns,100,0.1,0.8,0.1,10,81,9,0.1,0.81,0.09
user_0640,ethan_nguyen_640,Ethan Nguyen,en,English,surveillance_heavy,Mostly AI mass surveillance,100,0.1,0.1,0.8,11,9,80,0.11,0.09,0.8
user_0641,lillian_price,Lillian Price,en,English,balanced,Even across all topics,100,0.333333,0.333333,0.333334,34,33,33,0.34,0.33,0.33
user_0642,james_griffin_642,James Griffin,en,English,coding_copyright,Split: coding + copyright,100,0.45,0.45,0.1,44,49,7,0.44,0.49,0.07
user_0643,levi_ramos,Levi Ramos,en,English,coding_surveillance,Split: coding + surveillance,100,0.45,0.1,0.45,43,11,46,0.43,0.11,0.46
user_0644,aubrey_sullivan644,Aubrey Sullivan,en,English,copyright_surveillance,Split: copyright + surveillance,100,0.1,0.45,0.45,8,49,43,0.08,0.49,0.43
user_0645,dylan_shaw_645,Dylan Shaw,en,English,coding_heavy,Mostly AI coding innovations,100,0.8,0.1,0.1,81,10,9,0.81,0.1,0.09
user_0646,hannah_bailey_646,Hannah Bailey,en,English,copyright_heavy,Mostly AI copyright / theft concerns,100,0.1,0.8,0.1,11,77,12,0.11,0.77,0.12
user_0647,hazel_ellis_73,Hazel Ellis,en,English,surveillance_heavy,Mostly AI mass surveillance,100,0.1,0.1,0.8,11,7,82,0.11,0.07,0.82
user_0648,reese_james,Reese James,en,English,balanced,Even across all topics,100,0.333333,0.333333,0.333334,36,33,31,0.36,0.33,0.31
user_0649,drew_ortiz_188,Drew Ortiz,en,English,coding_copyright,Split: coding + copyright,100,0.45,0.45,0.1,43,46,11,0.43,0.46,0.11
user_0650,avery_cooper,Avery Cooper,en,English,coding_surveillance,Split: coding + surveillance,100,0.45,0.1,0.45,42,8,50,0.42,0.08,0.5
user_0651,casey_west_651,Casey West,en,English,copyright_surveillance,Split: copyright + surveillance,100,0.1,0.45,0.45,12,44,44,0.12,0.44,0.44
user_0652,parker_barnes,Parker Barnes,en,English,coding_heavy,Mostly AI coding innovations,100,0.8,0.1,0.1,77,9,14,0.77,0.09,0.14
user_0653,brooklyn_porter_653,Brooklyn Porter,en,English,copyright_heavy,Mostly AI copyright / theft concerns,100,0.1,0.8,0.1,17,69,14,0.17,0.69,0.14
user_0654,skylar_richardson654,Skylar Richardson,en,English,surveillance_heavy,Mostly AI mass surveillance,100,0.1,0.1,0.8,6,14,80,0.06,0.14,0.8
user_0655,brooklyn_hicks_63,Brooklyn Hicks,en,English,balanced,Even across all topics,100,0.333333,0.333333,0.333334,38,32,30,0.38,0.32,0.3
user_0656,reese_boyd656,Reese Boyd,en,English,coding_copyright,Split: coding + copyright,100,0.45,0.45,0.1,53,40,7,0.53,0.4,0.07
user_0657,charlotte_myers657,Charlotte Myers,en,English,coding_surveillance,Split: coding + surveillance,100,0.45,0.1,0.45,44,12,44,0.44,0.12,0.44
user_0658,abigail_graham,Abigail Graham,en,English,copyright_surveillance,Split: copyright + surveillance,100,0.1,0.45,0.45,7,49,44,0.07,0.49,0.44
user_0659,harper_reynolds_10,Harper Reynolds,en,English,coding_heavy,Mostly AI coding innovations,100,0.8,0.1,0.1,85,8,7,0.85,0.08,0.07
user_0660,aria_nguyen660,Aria Nguyen,en,English,copyright_heavy,Mostly AI copyright / theft concerns,100,0.1,0.8,0.1,4,81,15,0.04,0.81,0.15
user_0661,finley_hicks,Finley Hicks,en,English,surveillance_heavy,Mostly AI mass surveillance,100,0.1,0.1,0.8,13,13,74,0.13,0.13,0.74
user_0662,charlotte_gonzales_662,Charlotte Gonzales,en,English,balanced,Even across all topics,100,0.333333,0.333333,0.333334,28,33,39,0.28,0.33,0.39
user_0663,mia_ortiz,Mia Ortiz,en,English,coding_copyright,Split: coding + copyright,100,0.45,0.45,0.1,45,45,10,0.45,0.45,0.1
user_0664,hayden_reynolds,Hayden Reynolds,en,English,coding_surveillance,Split: coding + surveillance,100,0.45,0.1,0.45,46,13,41,0.46,0.13,0.41
user_0665,adrian_garcia_33,Adrian Garcia,en,English,copyright_surveillance,Split: copyright + surveillance,100,0.1,0.45,0.45,10,39,51,0.1,0.39,0.51
user_0666,gabriel_reyes,Gabriel Reyes,en,English,coding_heavy,Mostly AI coding innovations,100,0.8,0.1,0.1,83,13,4,0.83,0.13,0.04
user_0667,aaron_henderson_77,Aaron Henderson,en,English,copyright_heavy,Mostly AI copyright / theft concerns,100,0.1,0.8,0.1,10,78,12,0.1,0.78,0.12
user_0668,lucy_cox_668,Lucy Cox,en,English,surveillance_heavy,Mostly AI mass surveillance,100,0.1,0.1,0.8,13,12,75,0.13,0.12,0.75
user_0669,nathan_crawford_95,Nathan Crawford,en,English,balanced,Even across all topics,100,0.333333,0.333333,0.333334,35,29,36,0.35,0.29,0.36
user_0670,matthew_sanders,Matthew Sanders,en,English,coding_copyright,Split: coding + copyright,100,0.45,0.45,0.1,53,38,9,0.53,0.38,0.09
user_0671,lillian_henry671,Lillian Henry,en,English,coding_surveillance,Split: coding + surveillance,100,0.45,0.1,0.45,43,7,50,0.43,0.07,0.5
user_0672,sam_reynolds_44,Sam Reynolds,en,English,copyright_surveillance,Split: copyright + surveillance,100,0.1,0.45,0.45,7,42,51,0.07,0.42,0.51
user_0673,grayson_powell673,Grayson Powell,en,English,coding_heavy,Mostly AI coding innovations,100,0.8,0.1,0.1,85,8,7,0.85,0.08,0.07
user_0674,grayson_myers_80,Grayson Myers,en,English,copyright_heavy,Mostly AI copyright / theft concerns,100,0.1,0.8,0.1,8,80,12,0.08,0.8,0.12
user_0675,natalie_watson_675,Natalie Watson,en,English,surveillance_heavy,Mostly AI mass surveillance,100,0.1,0.1,0.8,11,6,83,0.11,0.06,0.83
user_0676,emily_price,Emily Price,en,English,balanced,Even across all topics,100,0.333333,0.333333,0.333334,38,35,27,0.38,0.35,0.27
user_0677,henry_butler,Henry Butler,en,English,coding_copyright,Split: coding + copyright,100,0.45,0.45,0.1,38,52,10,0.38,0.52,0.1
user_0678,luke_wallace_678,Luke Wallace,en,English,coding_surveillance,Split: coding + surveillance,100,0.45,0.1,0.45,45,4,51,0.45,0.04,0.51
user_0679,grace_cooper_38,Grace Cooper,en,English,copyright_surveillance,Split: copyright + surveillance,100,0.1,0.45,0.45,8,43,49,0.08,0.43,0.49
user_0680,joseph_simmons680,Joseph Simmons,en,English,coding_heavy,Mostly AI coding innovations,100,0.8,0.1,0.1,87,9,4,0.87,0.09,0.04
user_0681,julian_garcia_681,Julian Garcia,en,English,copyright_heavy,Mostly AI copyright / theft concerns,100,0.1,0.8,0.1,13,65,22,0.13,0.65,0.22
user_0682,emma_wallace,Emma Wallace,en,English,surveillance_heavy,Mostly AI mass surveillance,100,0.1,0.1,0.8,9,8,83,0.09,0.08,0.83
user_0683,gabriel_flores_39,Gabriel Flores,en,English,balanced,Even across all topics,100,0.333333,0.333333,0.333334,37,32,31,0.37,0.32,0.31
user_0684,claire_ross684,Claire Ross,en,English,coding_copyright,Split: coding + copyright,100,0.45,0.45,0.1,47,43,10,0.47,0.43,0.1
user_0685,theodore_gibson685,Theodore Gibson,en,English,coding_surveillance,Split: coding + surveillance,100,0.45,0.1,0.45,35,8,57,0.35,0.08,0.57
user_0686,owen_simpson,Owen Simpson,en,English,copyright_surveillance,Split: copyright + surveillance,100,0.1,0.45,0.45,11,37,52,0.11,0.37,0.52
user_0687,sebastian_simmons_687,Sebastian Simmons,en,English,coding_heavy,Mostly AI coding innovations,100,0.8,0.1,0.1,84,9,7,0.84,0.09,0.07
user_0688,aubrey_sullivan688,Aubrey Sullivan,en,English,copyright_heavy,Mostly AI copyright / theft concerns,100,0.1,0.8,0.1,8,85,7,0.08,0.85,0.07
user_0689,quinn_mcdonald,Quinn Mcdonald,en,English,surveillance_heavy,Mostly AI mass surveillance,100,0.1,0.1,0.8,12,13,75,0.12,0.13,0.75
user_0690,benjamin_powell,Benjamin Powell,en,English,balanced,Even across all topics,100,0.333333,0.333333,0.333334,36,24,40,0.36,0.24,0.4
user_0691,lillian_cole_97,Lillian Cole,en,English,coding_copyright,Split: coding + copyright,100,0.45,0.45,0.1,43,46,11,0.43,0.46,0.11
user_0692,dylan_alexander_85,Dylan Alexander,en,English,coding_surveillance,Split: coding + surveillance,100,0.45,0.1,0.45,45,13,42,0.45,0.13,0.42
user_0693,emma_perry_693,Emma Perry,en,English,copyright_surveillance,Split: copyright + surveillance,100,0.1,0.45,0.45,10,39,51,0.1,0.39,0.51
user_0694,lucy_garcia,Lucy Garcia,en,English,coding_heavy,Mostly AI coding innovations,100,0.8,0.1,0.1,83,8,9,0.83,0.08,0.09
user_0695,lily_howard_695,Lily Howard,en,English,copyright_heavy,Mostly AI copyright / theft concerns,100,0.1,0.8,0.1,12,78,10,0.12,0.78,0.1
user_0696,brooklyn_holmes,Brooklyn Holmes,en,English,surveillance_heavy,Mostly AI mass surveillance,100,0.1,0.1,0.8,13,7,80,0.13,0.07,0.8
user_0697,riley_woods,Riley Woods,en,English,balanced,Even across all topics,100,0.333333,0.333333,0.333334,35,32,33,0.35,0.32,0.33
user_0698,scarlett_rivera,Scarlett Rivera,en,English,coding_copyright,Split: coding + copyright,100,0.45,0.45,0.1,47,46,7,0.47,0.46,0.07
user_0699,jack_murray,Jack Murray,en,English,coding_surveillance,Split: coding + surveillance,100,0.45,0.1,0.45,47,9,44,0.47,0.09,0.44
user_0700,james_coleman_21,James Coleman,en,English,copyright_surveillance,Split: copyright + surveillance,100,0.1,0.45,0.45,9,43,48,0.09,0.43,0.48
user_0701,jordan_woods,Jordan Woods,en,English,coding_heavy,Mostly AI coding innovations,100,0.8,0.1,0.1,70,16,14,0.7,0.16,0.14
user_0702,addison_james_702,Addison James,en,English,copyright_heavy,Mostly AI copyright / theft concerns,100,0.1,0.8,0.1,10,82,8,0.1,0.82,0.08
user_0703,john_coleman,John Coleman,en,English,surveillance_heavy,Mostly AI mass surveillance,100,0.1,0.1,0.8,16,8,76,0.16,0.08,0.76
user_0704,aaron_long_704,Aaron Long,en,English,balanced,Even across all topics,100,0.333333,0.333333,0.333334,27,38,35,0.27,0.38,0.35
user_0705,samuel_hamilton,Samuel Hamilton,en,English,coding_copyright,Split: coding + copyright,100,0.45,0.45,0.1,50,40,10,0.5,0.4,0.1
user_0706,grace_rice706,Grace Rice,en,English,coding_surveillance,Split: coding + surveillance,100,0.45,0.1,0.45,49,9,42,0.49,0.09,0.42
user_0707,alex_ramos,Alex Ramos,en,English,copyright_surveillance,Split: copyright + surveillance,100,0.1,0.45,0.45,16,37,47,0.16,0.37,0.47
user_0708,benjamin_boyd708,Benjamin Boyd,en,English,coding_heavy,Mostly AI coding innovations,100,0.8,0.1,0.1,80,9,11,0.8,0.09,0.11
user_0709,daniel_ortiz_709,Daniel Ortiz,en,English,copyright_heavy,Mostly AI copyright / theft concerns,100,0.1,0.8,0.1,8,81,11,0.08,0.81,0.11
user_0710,emerson_woods_710,Emerson Woods,en,English,surveillance_heavy,Mostly AI mass surveillance,100,0.1,0.1,0.8,7,14,79,0.07,0.14,0.79
user_0711,john_griffin_40,John Griffin,en,English,balanced,Even across all topics,100,0.333333,0.333333,0.333334,33,34,33,0.33,0.34,0.33
user_0712,benjamin_diaz712,Benjamin Diaz,en,English,coding_copyright,Split: coding + copyright,100,0.45,0.45,0.1,37,53,10,0.37,0.53,0.1
user_0713,levi_gordon_713,Levi Gordon,en,English,coding_surveillance,Split: coding + surveillance,100,0.45,0.1,0.45,44,9,47,0.44,0.09,0.47
user_0714,emerson_washington_714,Emerson Washington,en,English,copyright_surveillance,Split: copyright + surveillance,100,0.1,0.45,0.45,15,44,41,0.15,0.44,0.41
user_0715,nora_sullivan_715,Nora Sullivan,en,English,coding_heavy,Mostly AI coding innovations,100,0.8,0.1,0.1,77,9,14,0.77,0.09,0.14
user_0716,rowan_powell_716,Rowan Powell,en,English,copyright_heavy,Mostly AI copyright / theft concerns,100,0.1,0.8,0.1,12,73,15,0.12,0.73,0.15
user_0717,andrew_gibson717,Andrew Gibson,en,English,surveillance_heavy,Mostly AI mass surveillance,100,0.1,0.1,0.8,14,6,80,0.14,0.06,0.8
user_0718,alex_powell_718,Alex Powell,en,English,balanced,Even across all topics,100,0.333333,0.333333,0.333334,30,37,33,0.3,0.37,0.33
user_0719,zoe_simpson_20,Zoe Simpson,en,English,coding_copyright,Split: coding + copyright,100,0.45,0.45,0.1,47,46,7,0.47,0.46,0.07
user_0720,lillian_richardson_94,Lillian Richardson,en,English,coding_surveillance,Split: coding + surveillance,100,0.45,0.1,0.45,43,13,44,0.43,0.13,0.44
user_0721,logan_gray_64,Logan Gray,en,English,copyright_surveillance,Split: copyright + surveillance,100,0.1,0.45,0.45,10,43,47,0.1,0.43,0.47
user_0722,aaron_porter_722,Aaron Porter,en,English,coding_heavy,Mostly AI coding innovations,100,0.8,0.1,0.1,84,6,10,0.84,0.06,0.1
user_0723,claire_marshall,Claire Marshall,en,English,copyright_heavy,Mostly AI copyright / theft concerns,100,0.1,0.8,0.1,10,78,12,0.1,0.78,0.12
user_0724,gabriel_mason,Gabriel Mason,en,English,surveillance_heavy,Mostly AI mass surveillance,100,0.1,0.1,0.8,14,12,74,0.14,0.12,0.74
user_0725,anthony_long_91,Anthony Long,en,English,balanced,Even across all topics,100,0.333333,0.333333,0.333334,41,31,28,0.41,0.31,0.28
user_0726,harper_gonzales726,Harper Gonzales,en,English,coding_copyright,Split: coding + copyright,100,0.45,0.45,0.1,53,39,8,0.53,0.39,0.08
user_0727,jaxon_harrison_727,Jaxon Harrison,en,English,coding_surveillance,Split: coding + surveillance,100,0.45,0.1,0.45,44,12,44,0.44,0.12,0.44
user_0728,aubrey_tucker,Aubrey Tucker,en,English,copyright_surveillance,Split: copyright + surveillance,100,0.1,0.45,0.45,7,39,54,0.07,0.39,0.54
user_0729,aurora_ford_26,Aurora Ford,en,English,coding_heavy,Mostly AI coding innovations,100,0.8,0.1,0.1,71,16,13,0.71,0.16,0.13
user_0730,emily_dixon,Emily Dixon,en,English,copyright_heavy,Mostly AI copyright / theft concerns,100,0.1,0.8,0.1,7,78,15,0.07,0.78,0.15
user_0731,jamie_wood_731,Jamie Wood,en,English,surveillance_heavy,Mostly AI mass surveillance,100,0.1,0.1,0.8,9,9,82,0.09,0.09,0.82
user_0732,isaac_morales_732,Isaac Morales,en,English,balanced,Even across all topics,100,0.333333,0.333333,0.333334,24,44,32,0.24,0.44,0.32
user_0733,benjamin_kim_93,Benjamin Kim,en,English,coding_copyright,Split: coding + copyright,100,0.45,0.45,0.1,47,45,8,0.47,0.45,0.08
user_0734,emily_gordon,Emily Gordon,en,English,coding_surveillance,Split: coding + surveillance,100,0.45,0.1,0.45,39,15,46,0.39,0.15,0.46
user_0735,joseph_chen_735,Joseph Chen,en,English,copyright_surveillance,Split: copyright + surveillance,100,0.1,0.45,0.45,6,46,48,0.06,0.46,0.48
user_0736,ryan_singh_47,Ryan Singh,en,English,coding_heavy,Mostly AI coding innovations,100,0.8,0.1,0.1,83,8,9,0.83,0.08,0.09
user_0737,harper_wells,Harper Wells,en,English,copyright_heavy,Mostly AI copyright / theft concerns,100,0.1,0.8,0.1,7,88,5,0.07,0.88,0.05
user_0738,daniel_perry_61,Daniel Perry,en,English,surveillance_heavy,Mostly AI mass surveillance,100,0.1,0.1,0.8,13,15,72,0.13,0.15,0.72
user_0739,amelia_simmons739,Amelia Simmons,en,English,balanced,Even across all topics,100,0.333333,0.333333,0.333334,32,34,34,0.32,0.34,0.34
user_0740,isabella_warren740,Isabella Warren,en,English,coding_copyright,Split: coding + copyright,100,0.45,0.45,0.1,42,48,10,0.42,0.48,0.1
user_0741,drew_patel741,Drew Patel,en,English,coding_surveillance,Split: coding + surveillance,100,0.45,0.1,0.45,54,7,39,0.54,0.07,0.39
user_0742,evelyn_ellis742,Evelyn Ellis,en,English,copyright_surveillance,Split: copyright + surveillance,100,0.1,0.45,0.45,8,34,58,0.08,0.34,0.58
user_0743,sofia_gray,Sofia Gray,en,English,coding_heavy,Mostly AI coding innovations,100,0.8,0.1,0.1,82,10,8,0.82,0.1,0.08
user_0744,owen_bennett744,Owen Bennett,en,English,copyright_heavy,Mostly AI copyright / theft concerns,100,0.1,0.8,0.1,10,84,6,0.1,0.84,0.06
user_0745,owen_ford745,Owen Ford,en,English,surveillance_heavy,Mostly AI mass surveillance,100,0.1,0.1,0.8,13,10,77,0.13,0.1,0.77
user_0746,mateo_mcdonald,Mateo Mcdonald,en,English,balanced,Even across all topics,100,0.333333,0.333333,0.333334,49,20,31,0.49,0.2,0.31
user_0747,mason_freeman_747,Mason Freeman,en,English,coding_copyright,Split: coding + copyright,100,0.45,0.45,0.1,56,35,9,0.56,0.35,0.09
user_0748,scarlett_sullivan748,Scarlett Sullivan,en,English,coding_surveillance,Split: coding + surveillance,100,0.45,0.1,0.45,46,13,41,0.46,0.13,0.41
user_0749,natalie_marshall_749,Natalie Marshall,en,English,copyright_surveillance,Split: copyright + surveillance,100,0.1,0.45,0.45,3,51,46,0.03,0.51,0.46
user_0750,isaac_graham750,Isaac Graham,en,English,coding_heavy,Mostly AI coding innovations,100,0.8,0.1,0.1,80,9,11,0.8,0.09,0.11
user_0751,lillian_patel,Lillian Patel,en,English,copyright_heavy,Mostly AI copyright / theft concerns,100,0.1,0.8,0.1,12,79,9,0.12,0.79,0.09
user_0752,adrian_rice_752,Adrian Rice,en,English,surveillance_heavy,Mostly AI mass surveillance,100,0.1,0.1,0.8,12,16,72,0.12,0.16,0.72
user_0753,reese_garcia_753,Reese Garcia,en,English,balanced,Even across all topics,100,0.333333,0.333333,0.333334,31,29,40,0.31,0.29,0.4
user_0754,christopher_burns_49,Christopher Burns,en,English,coding_copyright,Split: coding + copyright,100,0.45,0.45,0.1,49,45,6,0.49,0.45,0.06
user_0755,grayson_boyd_755,Grayson Boyd,en,English,coding_surveillance,Split: coding + surveillance,100,0.45,0.1,0.45,34,10,56,0.34,0.1,0.56
user_0756,lincoln_walsh_70,Lincoln Walsh,en,English,copyright_surveillance,Split: copyright + surveillance,100,0.1,0.45,0.45,8,53,39,0.08,0.53,0.39
user_0757,aaron_burns757,Aaron Burns,en,English,coding_heavy,Mostly AI coding innovations,100,0.8,0.1,0.1,81,9,10,0.81,0.09,0.1
user_0758,lily_peterson,Lily Peterson,en,English,copyright_heavy,Mostly AI copyright / theft concerns,100,0.1,0.8,0.1,10,81,9,0.1,0.81,0.09
user_0759,emma_simmons_21,Emma Simmons,en,English,surveillance_heavy,Mostly AI mass surveillance,100,0.1,0.1,0.8,8,16,76,0.08,0.16,0.76
user_0760,levi_reed_78,Levi Reed,en,English,balanced,Even across all topics,100,0.333333,0.333333,0.333334,35,31,34,0.35,0.31,0.34
user_0761,taylor_bryant_14,Taylor Bryant,en,English,coding_copyright,Split: coding + copyright,100,0.45,0.45,0.1,44,47,9,0.44,0.47,0.09
user_0762,daniel_simpson_762,Daniel Simpson,en,English,coding_surveillance,Split: coding + surveillance,100,0.45,0.1,0.45,42,15,43,0.42,0.15,0.43
user_0763,savannah_ramos_763,Savannah Ramos,en,English,copyright_surveillance,Split: copyright + surveillance,100,0.1,0.45,0.45,7,47,46,0.07,0.47,0.46
user_0764,victoria_jenkins_764,Victoria Jenkins,en,English,coding_heavy,Mostly AI coding innovations,100,0.8,0.1,0.1,88,3,9,0.88,0.03,0.09
user_0765,ellie_tucker,Ellie Tucker,en,English,copyright_heavy,Mostly AI copyright / theft concerns,100,0.1,0.8,0.1,17,73,10,0.17,0.73,0.1
user_0766,sebastian_jenkins766,Sebastian Jenkins,en,English,surveillance_heavy,Mostly AI mass surveillance,100,0.1,0.1,0.8,6,10,84,0.06,0.1,0.84
user_0767,grayson_stevens767,Grayson Stevens,en,English,balanced,Even across all topics,100,0.333333,0.333333,0.333334,33,34,33,0.33,0.34,0.33
user_0768,emily_bryant_97,Emily Bryant,en,English,coding_copyright,Split: coding + copyright,100,0.45,0.45,0.1,47,40,13,0.47,0.4,0.13
user_0769,avery_gonzales,Avery Gonzales,en,English,coding_surveillance,Split: coding + surveillance,100,0.45,0.1,0.45,41,13,46,0.41,0.13,0.46
user_0770,sebastian_webb770,Sebastian Webb,en,English,copyright_surveillance,Split: copyright + surveillance,100,0.1,0.45,0.45,9,49,42,0.09,0.49,0.42
user_0771,violet_freeman,Violet Freeman,en,English,coding_heavy,Mostly AI coding innovations,100,0.8,0.1,0.1,84,12,4,0.84,0.12,0.04
user_0772,alex_ross_772,Alex Ross,en,English,copyright_heavy,Mostly AI copyright / theft concerns,100,0.1,0.8,0.1,8,87,5,0.08,0.87,0.05
user_0773,jack_brooks773,Jack Brooks,en,English,surveillance_heavy,Mostly AI mass surveillance,100,0.1,0.1,0.8,7,11,82,0.07,0.11,0.82
user_0774,bella_reed_12,Bella Reed,en,English,balanced,Even across all topics,100,0.333333,0.333333,0.333334,36,30,34,0.36,0.3,0.34
user_0775,finley_russell,Finley Russell,en,English,coding_copyright,Split: coding + copyright,100,0.45,0.45,0.1,34,53,13,0.34,0.53,0.13
user_0776,jordan_morales,Jordan Morales,en,English,coding_surveillance,Split: coding + surveillance,100,0.45,0.1,0.45,45,7,48,0.45,0.07,0.48
user_0777,isaac_nguyen,Isaac Nguyen,en,English,copyright_surveillance,Split: copyright + surveillance,100,0.1,0.45,0.45,13,53,34,0.13,0.53,0.34
user_0778,aubrey_price778,Aubrey Price,en,English,coding_heavy,Mostly AI coding innovations,100,0.8,0.1,0.1,85,6,9,0.85,0.06,0.09
user_0779,owen_cox779,Owen Cox,en,English,copyright_heavy,Mostly AI copyright / theft concerns,100,0.1,0.8,0.1,9,86,5,0.09,0.86,0.05
user_0780,nathan_patterson_52,Nathan Patterson,en,English,surveillance_heavy,Mostly AI mass surveillance,100,0.1,0.1,0.8,11,8,81,0.11,0.08,0.81
user_0781,chloe_diaz_77,Chloe Diaz,en,English,balanced,Even across all topics,100,0.333333,0.333333,0.333334,35,28,37,0.35,0.28,0.37
user_0782,dakota_morales_10,Dakota Morales,en,English,coding_copyright,Split: coding + copyright,100,0.45,0.45,0.1,47,44,9,0.47,0.44,0.09
user_0783,jamie_cooper_783,Jamie Cooper,en,English,coding_surveillance,Split: coding + surveillance,100,0.45,0.1,0.45,50,6,44,0.5,0.06,0.44
user_0784,skylar_kelly,Skylar Kelly,en,English,copyright_surveillance,Split: copyright + surveillance,100,0.1,0.45,0.45,8,50,42,0.08,0.5,0.42
user_0785,bella_kelly_16,Bella Kelly,en,English,coding_heavy,Mostly AI coding innovations,100,0.8,0.1,0.1,68,18,14,0.68,0.18,0.14
user_0786,liam_perry_786,Liam Perry,en,English,copyright_heavy,Mostly AI copyright / theft concerns,100,0.1,0.8,0.1,14,73,13,0.14,0.73,0.13
user_0787,sofia_coleman_787,Sofia Coleman,en,English,surveillance_heavy,Mostly AI mass surveillance,100,0.1,0.1,0.8,16,9,75,0.16,0.09,0.75
user_0788,claire_tucker_18,Claire Tucker,en,English,balanced,Even across all topics,100,0.333333,0.333333,0.333334,29,34,37,0.29,0.34,0.37
user_0789,mason_cruz789,Mason Cruz,en,English,coding_copyright,Split: coding + copyright,100,0.45,0.45,0.1,47,42,11,0.47,0.42,0.11
user_0790,taylor_garcia_76,Taylor Garcia,en,English,coding_surveillance,Split: coding + surveillance,100,0.45,0.1,0.45,50,13,37,0.5,0.13,0.37
user_0791,aria_james_20,Aria James,en,English,copyright_surveillance,Split: copyright + surveillance,100,0.1,0.45,0.45,10,42,48,0.1,0.42,0.48
user_0792,hayden_walsh792,Hayden Walsh,en,English,coding_heavy,Mostly AI coding innovations,100,0.8,0.1,0.1,79,10,11,0.79,0.1,0.11
user_0793,ethan_alexander793,Ethan Alexander,en,English,copyright_heavy,Mostly AI copyright / theft concerns,100,0.1,0.8,0.1,8,81,11,0.08,0.81,0.11
user_0794,sam_shaw_28,Sam Shaw,en,English,surveillance_heavy,Mostly AI mass surveillance,100,0.1,0.1,0.8,9,15,76,0.09,0.15,0.76
user_0795,rowan_howard795,Rowan Howard,en,English,balanced,Even across all topics,100,0.333333,0.333333,0.333334,35,25,40,0.35,0.25,0.4
user_0796,aaron_bryant_796,Aaron Bryant,en,English,coding_copyright,Split: coding + copyright,100,0.45,0.45,0.1,53,38,9,0.53,0.38,0.09
user_0797,henry_kim797,Henry Kim,en,English,coding_surveillance,Split: coding + surveillance,100,0.45,0.1,0.45,49,7,44,0.49,0.07,0.44
user_0798,aria_wallace,Aria Wallace,en,English,copyright_surveillance,Split: copyright + surveillance,100,0.1,0.45,0.45,7,51,42,0.07,0.51,0.42
user_0799,theodore_warren_799,Theodore Warren,en,English,coding_heavy,Mostly AI coding innovations,100,0.8,0.1,0.1,68,16,16,0.68,0.16,0.16
user_0800,morgan_myers_40,Morgan Myers,en,English,copyright_heavy,Mostly AI copyright / theft concerns,100,0.1,0.8,0.1,20,68,12,0.2,0.68,0.12
user_0801,logan_west801,Logan West,en,English,surveillance_heavy,Mostly AI mass surveillance,100,0.1,0.1,0.8,10,10,80,0.1,0.1,0.8
user_0802,david_dixon_802,David Dixon,en,English,balanced,Even across all topics,100,0.333333,0.333333,0.333334,28,34,38,0.28,0.34,0.38
user_0803,lincoln_mason,Lincoln Mason,en,English,coding_copyright,Split: coding + copyright,100,0.45,0.45,0.1,47,43,10,0.47,0.43,0.1
user_0804,jamie_burns_804,Jamie Burns,en,English,coding_surveillance,Split: coding + surveillance,100,0.45,0.1,0.45,42,8,50,0.42,0.08,0.5
user_0805,bella_foster_805,Bella Foster,en,English,copyright_surveillance,Split: copyright + surveillance,100,0.1,0.45,0.45,9,54,37,0.09,0.54,0.37
user_0806,logan_peterson_806,Logan Peterson,en,English,coding_heavy,Mostly AI coding innovations,100,0.8,0.1,0.1,76,11,13,0.76,0.11,0.13
user_0807,caleb_diaz_53,Caleb Diaz,en,English,copyright_heavy,Mostly AI copyright / theft concerns,100,0.1,0.8,0.1,2,91,7,0.02,0.91,0.07
user_0808,hannah_diaz_808,Hannah Diaz,en,English,surveillance_heavy,Mostly AI mass surveillance,100,0.1,0.1,0.8,11,9,80,0.11,0.09,0.8
user_0809,luke_cruz809,Luke Cruz,en,English,balanced,Even across all topics,100,0.333333,0.333333,0.333334,34,26,40,0.34,0.26,0.4
user_0810,dakota_butler_30,Dakota Butler,en,English,coding_copyright,Split: coding + copyright,100,0.45,0.45,0.1,45,47,8,0.45,0.47,0.08
user_0811,natalie_foster_811,Natalie Foster,en,English,coding_surveillance,Split: coding + surveillance,100,0.45,0.1,0.45,47,11,42,0.47,0.11,0.42
user_0812,liam_rivera_62,Liam Rivera,en,English,copyright_surveillance,Split: copyright + surveillance,100,0.1,0.45,0.45,8,42,50,0.08,0.42,0.5
user_0813,emily_howard,Emily Howard,en,English,coding_heavy,Mostly AI coding innovations,100,0.8,0.1,0.1,77,11,12,0.77,0.11,0.12
user_0814,sebastian_bryant_81,Sebastian Bryant,en,English,copyright_heavy,Mostly AI copyright / theft concerns,100,0.1,0.8,0.1,8,83,9,0.08,0.83,0.09
user_0815,olivia_ramirez,Olivia Ramirez,en,English,surveillance_heavy,Mostly AI mass surveillance,100,0.1,0.1,0.8,2,10,88,0.02,0.1,0.88
user_0816,christopher_foster,Christopher Foster,en,English,balanced,Even across all topics,100,0.333333,0.333333,0.333334,35,37,28,0.35,0.37,0.28
user_0817,andrew_richardson,Andrew Richardson,en,English,coding_copyright,Split: coding + copyright,100,0.45,0.45,0.1,50,48,2,0.5,0.48,0.02
user_0818,sam_sullivan818,Sam Sullivan,en,English,coding_surveillance,Split: coding + surveillance,100,0.45,0.1,0.45,52,7,41,0.52,0.07,0.41
user_0819,dylan_hicks_24,Dylan Hicks,en,English,copyright_surveillance,Split: copyright + surveillance,100,0.1,0.45,0.45,8,49,43,0.08,0.49,0.43
user_0820,lucas_robertson,Lucas Robertson,en,English,coding_heavy,Mostly AI coding innovations,100,0.8,0.1,0.1,80,11,9,0.8,0.11,0.09
user_0821,cameron_rivera_79,Cameron Rivera,en,English,copyright_heavy,Mostly AI copyright / theft concerns,100,0.1,0.8,0.1,11,77,12,0.11,0.77,0.12
user_0822,mia_washington_822,Mia Washington,en,English,surveillance_heavy,Mostly AI mass surveillance,100,0.1,0.1,0.8,8,8,84,0.08,0.08,0.84
user_0823,sam_ellis823,Sam Ellis,en,English,balanced,Even across all topics,100,0.333333,0.333333,0.333334,32,29,39,0.32,0.29,0.39
user_0824,audrey_owens,Audrey Owens,en,English,coding_copyright,Split: coding + copyright,100,0.45,0.45,0.1,44,50,6,0.44,0.5,0.06
user_0825,leah_stevens_825,Leah Stevens,en,English,coding_surveillance,Split: coding + surveillance,100,0.45,0.1,0.45,38,9,53,0.38,0.09,0.53
user_0826,stella_rivera_93,Stella Rivera,en,English,copyright_surveillance,Split: copyright + surveillance,100,0.1,0.45,0.45,3,48,49,0.03,0.48,0.49
user_0827,mason_powell827,Mason Powell,en,English,coding_heavy,Mostly AI coding innovations,100,0.8,0.1,0.1,87,6,7,0.87,0.06,0.07
user_0828,julian_coleman828,Julian Coleman,en,English,copyright_heavy,Mostly AI copyright / theft concerns,100,0.1,0.8,0.1,10,81,9,0.1,0.81,0.09
user_0829,owen_powell_84,Owen Powell,en,English,surveillance_heavy,Mostly AI mass surveillance,100,0.1,0.1,0.8,5,13,82,0.05,0.13,0.82
user_0830,grace_perry_94,Grace Perry,en,English,balanced,Even across all topics,100,0.333333,0.333333,0.333334,38,33,29,0.38,0.33,0.29
user_0831,owen_henry_831,Owen Henry,en,English,coding_copyright,Split: coding + copyright,100,0.45,0.45,0.1,43,47,10,0.43,0.47,0.1
user_0832,cameron_washington832,Cameron Washington,en,English,coding_surveillance,Split: coding + surveillance,100,0.45,0.1,0.45,37,8,55,0.37,0.08,0.55
user_0833,scarlett_rivera_833,Scarlett Rivera,en,English,copyright_surveillance,Split: copyright + surveillance,100,0.1,0.45,0.45,9,43,48,0.09,0.43,0.48
user_0834,isabella_nguyen_834,Isabella Nguyen,en,English,coding_heavy,Mostly AI coding innovations,100,0.8,0.1,0.1,76,12,12,0.76,0.12,0.12
user_0835,andrew_wallace_67,Andrew Wallace,en,English,copyright_heavy,Mostly AI copyright / theft concerns,100,0.1,0.8,0.1,8,78,14,0.08,0.78,0.14
user_0836,gabriel_ortiz836,Gabriel Ortiz,en,English,surveillance_heavy,Mostly AI mass surveillance,100,0.1,0.1,0.8,11,13,76,0.11,0.13,0.76
user_0837,theodore_patterson837,Theodore Patterson,en,English,balanced,Even across all topics,100,0.333333,0.333333,0.333334,30,34,36,0.3,0.34,0.36
user_0838,hayden_fisher_838,Hayden Fisher,en,English,coding_copyright,Split: coding + copyright,100,0.45,0.45,0.1,50,41,9,0.5,0.41,0.09
user_0839,john_wood,John Wood,en,English,coding_surveillance,Split: coding + surveillance,100,0.45,0.1,0.45,52,12,36,0.52,0.12,0.36
user_0840,luke_watson840,Luke Watson,en,English,copyright_surveillance,Split: copyright + surveillance,100,0.1,0.45,0.45,18,41,41,0.18,0.41,0.41
user_0841,victoria_morales_841,Victoria Morales,en,English,coding_heavy,Mostly AI coding innovations,100,0.8,0.1,0.1,83,7,10,0.83,0.07,0.1
user_0842,ethan_bailey842,Ethan Bailey,en,English,copyright_heavy,Mostly AI copyright / theft concerns,100,0.1,0.8,0.1,7,86,7,0.07,0.86,0.07
user_0843,charlotte_sanders843,Charlotte Sanders,en,English,surveillance_heavy,Mostly AI mass surveillance,100,0.1,0.1,0.8,11,6,83,0.11,0.06,0.83
user_0844,jamie_sullivan_844,Jamie Sullivan,en,English,balanced,Even across all topics,100,0.333333,0.333333,0.333334,30,33,37,0.3,0.33,0.37
user_0845,henry_sullivan,Henry Sullivan,en,English,coding_copyright,Split: coding + copyright,100,0.45,0.45,0.1,39,53,8,0.39,0.53,0.08
user_0846,emma_burns846,Emma Burns,en,English,coding_surveillance,Split: coding + surveillance,100,0.45,0.1,0.45,41,13,46,0.41,0.13,0.46
user_0847,sophia_kim847,Sophia Kim,en,English,copyright_surveillance,Split: copyright + surveillance,100,0.1,0.45,0.45,16,45,39,0.16,0.45,0.39
user_0848,taylor_hunter848,Taylor Hunter,en,English,coding_heavy,Mostly AI coding innovations,100,0.8,0.1,0.1,81,9,10,0.81,0.09,0.1
user_0849,aurora_hicks_849,Aurora Hicks,en,English,copyright_heavy,Mostly AI copyright / theft concerns,100,0.1,0.8,0.1,9,84,7,0.09,0.84,0.07
user_0850,riley_shaw,Riley Shaw,en,English,surveillance_heavy,Mostly AI mass surveillance,100,0.1,0.1,0.8,10,7,83,0.1,0.07,0.83
user_0851,savannah_porter_92,Savannah Porter,en,English,balanced,Even across all topics,100,0.333333,0.333333,0.333334,33,32,35,0.33,0.32,0.35
user_0852,gabriel_ramirez,Gabriel Ramirez,en,English,coding_copyright,Split: coding + copyright,100,0.45,0.45,0.1,38,50,12,0.38,0.5,0.12
user_0853,riley_boyd853,Riley Boyd,en,English,coding_surveillance,Split: coding + surveillance,100,0.45,0.1,0.45,47,14,39,0.47,0.14,0.39
user_0854,riley_murray854,Riley Murray,en,English,copyright_surveillance,Split: copyright + surveillance,100,0.1,0.45,0.45,9,46,45,0.09,0.46,0.45
user_0855,levi_marshall855,Levi Marshall,en,English,coding_heavy,Mostly AI coding innovations,100,0.8,0.1,0.1,77,6,17,0.77,0.06,0.17
user_0856,skylar_ward_856,Skylar Ward,en,English,copyright_heavy,Mostly AI copyright / theft concerns,100,0.1,0.8,0.1,11,80,9,0.11,0.8,0.09
user_0857,rowan_shaw_857,Rowan Shaw,en,English,surveillance_heavy,Mostly AI mass surveillance,100,0.1,0.1,0.8,15,10,75,0.15,0.1,0.75
user_0858,parker_foster_858,Parker Foster,en,English,balanced,Even across all topics,100,0.333333,0.333333,0.333334,30,26,44,0.3,0.26,0.44
user_0859,finley_torres_859,Finley Torres,en,English,coding_copyright,Split: coding + copyright,100,0.45,0.45,0.1,37,51,12,0.37,0.51,0.12
user_0860,harper_west,Harper West,en,English,coding_surveillance,Split: coding + surveillance,100,0.45,0.1,0.45,50,5,45,0.5,0.05,0.45
user_0861,andrew_ellis_94,Andrew Ellis,en,English,copyright_surveillance,Split: copyright + surveillance,100,0.1,0.45,0.45,13,53,34,0.13,0.53,0.34
user_0862,julian_dixon862,Julian Dixon,en,English,coding_heavy,Mostly AI coding innovations,100,0.8,0.1,0.1,83,8,9,0.83,0.08,0.09
user_0863,claire_howard_65,Claire Howard,en,English,copyright_heavy,Mostly AI copyright / theft concerns,100,0.1,0.8,0.1,10,81,9,0.1,0.81,0.09
user_0864,julian_wells_85,Julian Wells,en,English,surveillance_heavy,Mostly AI mass surveillance,100,0.1,0.1,0.8,10,14,76,0.1,0.14,0.76
user_0865,isabella_fisher_41,Isabella Fisher,en,English,balanced,Even across all topics,100,0.333333,0.333333,0.333334,41,30,29,0.41,0.3,0.29
user_0866,grace_murphy_96,Grace Murphy,en,English,coding_copyright,Split: coding + copyright,100,0.45,0.45,0.1,43,47,10,0.43,0.47,0.1
user_0867,alex_diaz,Alex Diaz,en,English,coding_surveillance,Split: coding + surveillance,100,0.45,0.1,0.45,52,7,41,0.52,0.07,0.41
user_0868,skylar_gonzales868,Skylar Gonzales,en,English,copyright_surveillance,Split: copyright + surveillance,100,0.1,0.45,0.45,11,43,46,0.11,0.43,0.46
user_0869,grayson_stevens_869,Grayson Stevens,en,English,coding_heavy,Mostly AI coding innovations,100,0.8,0.1,0.1,83,10,7,0.83,0.1,0.07
user_0870,dylan_cox_870,Dylan Cox,en,English,copyright_heavy,Mostly AI copyright / theft concerns,100,0.1,0.8,0.1,12,79,9,0.12,0.79,0.09
user_0871,scarlett_gibson,Scarlett Gibson,en,English,surveillance_heavy,Mostly AI mass surveillance,100,0.1,0.1,0.8,6,7,87,0.06,0.07,0.87
user_0872,sofia_singh_62,Sofia Singh,en,English,balanced,Even across all topics,100,0.333333,0.333333,0.333334,27,42,31,0.27,0.42,0.31
user_0873,savannah_patel873,Savannah Patel,en,English,coding_copyright,Split: coding + copyright,100,0.45,0.45,0.1,50,40,10,0.5,0.4,0.1
user_0874,joshua_tucker_86,Joshua Tucker,en,English,coding_surveillance,Split: coding + surveillance,100,0.45,0.1,0.45,52,8,40,0.52,0.08,0.4
user_0875,brooklyn_west_27,Brooklyn West,en,English,copyright_surveillance,Split: copyright + surveillance,100,0.1,0.45,0.45,10,44,46,0.1,0.44,0.46
user_0876,evelyn_henderson,Evelyn Henderson,en,English,coding_heavy,Mostly AI coding innovations,100,0.8,0.1,0.1,78,10,12,0.78,0.1,0.12
user_0877,mateo_kennedy_877,Mateo Kennedy,en,English,copyright_heavy,Mostly AI copyright / theft concerns,100,0.1,0.8,0.1,14,73,13,0.14,0.73,0.13
user_0878,drew_brooks,Drew Brooks,en,English,surveillance_heavy,Mostly AI mass surveillance,100,0.1,0.1,0.8,10,10,80,0.1,0.1,0.8
user_0879,levi_wells_89,Levi Wells,en,English,balanced,Even across all topics,100,0.333333,0.333333,0.333334,41,29,30,0.41,0.29,0.3
user_0880,evelyn_watson_53,Evelyn Watson,en,English,coding_copyright,Split: coding + copyright,100,0.45,0.45,0.1,43,45,12,0.43,0.45,0.12
user_0881,addison_reynolds_43,Addison Reynolds,en,English,coding_surveillance,Split: coding + surveillance,100,0.45,0.1,0.45,46,6,48,0.46,0.06,0.48
user_0882,noah_simmons_69,Noah Simmons,en,English,copyright_surveillance,Split: copyright + surveillance,100,0.1,0.45,0.45,10,39,51,0.1,0.39,0.51
user_0883,violet_graham_883,Violet Graham,en,English,coding_heavy,Mostly AI coding innovations,100,0.8,0.1,0.1,76,14,10,0.76,0.14,0.1
user_0884,christopher_webb,Christopher Webb,en,English,copyright_heavy,Mostly AI copyright / theft concerns,100,0.1,0.8,0.1,6,86,8,0.06,0.86,0.08
user_0885,isaac_sanders,Isaac Sanders,en,English,surveillance_heavy,Mostly AI mass surveillance,100,0.1,0.1,0.8,5,10,85,0.05,0.1,0.85
user_0886,aria_murphy886,Aria Murphy,en,English,balanced,Even across all topics,100,0.333333,0.333333,0.333334,38,36,26,0.38,0.36,0.26
user_0887,lucas_bailey,Lucas Bailey,en,English,coding_copyright,Split: coding + copyright,100,0.45,0.45,0.1,50,42,8,0.5,0.42,0.08
user_0888,sam_porter,Sam Porter,en,English,coding_surveillance,Split: coding + surveillance,100,0.45,0.1,0.45,50,8,42,0.5,0.08,0.42
user_0889,savannah_walsh889,Savannah Walsh,en,English,copyright_surveillance,Split: copyright + surveillance,100,0.1,0.45,0.45,15,54,31,0.15,0.54,0.31
user_0890,leah_cox890,Leah Cox,en,English,coding_heavy,Mostly AI coding innovations,100,0.8,0.1,0.1,84,13,3,0.84,0.13,0.03
user_0891,luke_porter,Luke Porter,en,English,copyright_heavy,Mostly AI copyright / theft concerns,100,0.1,0.8,0.1,12,77,11,0.12,0.77,0.11
user_0892,logan_reyes_21,Logan Reyes,en,English,surveillance_heavy,Mostly AI mass surveillance,100,0.1,0.1,0.8,10,9,81,0.1,0.09,0.81
user_0893,eleanor_hayes893,Eleanor Hayes,en,English,balanced,Even across all topics,100,0.333333,0.333333,0.333334,39,34,27,0.39,0.34,0.27
user_0894,aurora_flores,Aurora Flores,en,English,coding_copyright,Split: coding + copyright,100,0.45,0.45,0.1,36,50,14,0.36,0.5,0.14
user_0895,natalie_west_895,Natalie West,en,English,coding_surveillance,Split: coding + surveillance,100,0.45,0.1,0.45,40,12,48,0.4,0.12,0.48
user_0896,noah_perry_896,Noah Perry,en,English,copyright_surveillance,Split: copyright + surveillance,100,0.1,0.45,0.45,5,44,51,0.05,0.44,0.51
user_0897,nathan_diaz_897,Nathan Diaz,en,English,coding_heavy,Mostly AI coding innovations,100,0.8,0.1,0.1,88,5,7,0.88,0.05,0.07
user_0898,skylar_graham_24,Skylar Graham,en,English,copyright_heavy,Mostly AI copyright / theft concerns,100,0.1,0.8,0.1,5,87,8,0.05,0.87,0.08
user_0899,logan_robertson,Logan Robertson,en,English,surveillance_heavy,Mostly AI mass surveillance,100,0.1,0.1,0.8,6,10,84,0.06,0.1,0.84
user_0900,skylar_james_900,Skylar James,en,English,balanced,Even across all topics,100,0.333333,0.333333,0.333334,28,34,38,0.28,0.34,0.38
user_0901,andrew_price_901,Andrew Price,en,English,coding_copyright,Split: coding + copyright,100,0.45,0.45,0.1,45,45,10,0.45,0.45,0.1
user_0902,alex_ramos902,Alex Ramos,en,English,coding_surveillance,Split: coding + surveillance,100,0.45,0.1,0.45,45,15,40,0.45,0.15,0.4
user_0903,liam_mason_903,Liam Mason,en,English,copyright_surveillance,Split: copyright + surveillance,100,0.1,0.45,0.45,11,47,42,0.11,0.47,0.42
user_0904,evelyn_stevens_904,Evelyn Stevens,en,English,coding_heavy,Mostly AI coding innovations,100,0.8,0.1,0.1,84,4,12,0.84,0.04,0.12
user_0905,rowan_ross,Rowan Ross,en,English,copyright_heavy,Mostly AI copyright / theft concerns,100,0.1,0.8,0.1,14,79,7,0.14,0.79,0.07
user_0906,noah_patel,Noah Patel,en,English,surveillance_heavy,Mostly AI mass surveillance,100,0.1,0.1,0.8,6,14,80,0.06,0.14,0.8
user_0907,lucas_shaw907,Lucas Shaw,en,English,balanced,Even across all topics,100,0.333333,0.333333,0.333334,42,31,27,0.42,0.31,0.27
user_0908,andrew_hicks_908,Andrew Hicks,en,English,coding_copyright,Split: coding + copyright,100,0.45,0.45,0.1,49,44,7,0.49,0.44,0.07
user_0909,elizabeth_sullivan909,Elizabeth Sullivan,en,English,coding_surveillance,Split: coding + surveillance,100,0.45,0.1,0.45,39,13,48,0.39,0.13,0.48
user_0910,bella_west,Bella West,en,English,copyright_surveillance,Split: copyright + surveillance,100,0.1,0.45,0.45,9,47,44,0.09,0.47,0.44
user_0911,savannah_webb_911,Savannah Webb,en,English,coding_heavy,Mostly AI coding innovations,100,0.8,0.1,0.1,77,13,10,0.77,0.13,0.1
user_0912,nora_reynolds,Nora Reynolds,en,English,copyright_heavy,Mostly AI copyright / theft concerns,100,0.1,0.8,0.1,8,81,11,0.08,0.81,0.11
user_0913,rowan_reynolds,Rowan Reynolds,en,English,surveillance_heavy,Mostly AI mass surveillance,100,0.1,0.1,0.8,3,13,84,0.03,0.13,0.84
user_0914,charlotte_morales914,Charlotte Morales,en,English,balanced,Even across all topics,100,0.333333,0.333333,0.333334,31,37,32,0.31,0.37,0.32
user_0915,victoria_coleman915,Victoria Coleman,en,English,coding_copyright,Split: coding + copyright,100,0.45,0.45,0.1,47,43,10,0.47,0.43,0.1
user_0916,jack_simmons_23,Jack Simmons,en,English,coding_surveillance,Split: coding + surveillance,100,0.45,0.1,0.45,49,7,44,0.49,0.07,0.44
user_0917,liam_holmes_77,Liam Holmes,en,English,copyright_surveillance,Split: copyright + surveillance,100,0.1,0.45,0.45,5,48,47,0.05,0.48,0.47
user_0918,addison_washington,Addison Washington,en,English,coding_heavy,Mostly AI coding innovations,100,0.8,0.1,0.1,86,6,8,0.86,0.06,0.08
user_0919,alex_bryant_44,Alex Bryant,en,English,copyright_heavy,Mostly AI copyright / theft concerns,100,0.1,0.8,0.1,13,69,18,0.13,0.69,0.18
user_0920,julian_bailey920,Julian Bailey,en,English,surveillance_heavy,Mostly AI mass surveillance,100,0.1,0.1,0.8,8,14,78,0.08,0.14,0.78
user_0921,victoria_simmons921,Victoria Simmons,en,English,balanced,Even across all topics,100,0.333333,0.333333,0.333334,41,31,28,0.41,0.31,0.28
user_0922,levi_murphy922,Levi Murphy,en,English,coding_copyright,Split: coding + copyright,100,0.45,0.45,0.1,41,49,10,0.41,0.49,0.1
user_0923,anthony_patterson,Anthony Patterson,en,English,coding_surveillance,Split: coding + surveillance,100,0.45,0.1,0.45,40,9,51,0.4,0.09,0.51
user_0924,benjamin_russell_73,Benjamin Russell,en,English,copyright_surveillance,Split: copyright + surveillance,100,0.1,0.45,0.45,7,46,47,0.07,0.46,0.47
user_0925,scarlett_peterson,Scarlett Peterson,en,English,coding_heavy,Mostly AI coding innovations,100,0.8,0.1,0.1,74,13,13,0.74,0.13,0.13
user_0926,sofia_hughes926,Sofia Hughes,en,English,copyright_heavy,Mostly AI copyright / theft concerns,100,0.1,0.8,0.1,9,79,12,0.09,0.79,0.12
user_0927,amelia_graham,Amelia Graham,en,English,surveillance_heavy,Mostly AI mass surveillance,100,0.1,0.1,0.8,7,9,84,0.07,0.09,0.84
user_0928,lillian_price_71,Lillian Price,en,English,balanced,Even across all topics,100,0.333333,0.333333,0.333334,31,26,43,0.31,0.26,0.43
user_0929,finley_gonzales_64,Finley Gonzales,en,English,coding_copyright,Split: coding + copyright,100,0.45,0.45,0.1,41,49,10,0.41,0.49,0.1
user_0930,dakota_owens,Dakota Owens,en,English,coding_surveillance,Split: coding + surveillance,100,0.45,0.1,0.45,49,9,42,0.49,0.09,0.42
user_0931,john_richardson,John Richardson,en,English,copyright_surveillance,Split: copyright + surveillance,100,0.1,0.45,0.45,7,44,49,0.07,0.44,0.49
user_0932,luke_hicks932,Luke Hicks,en,English,coding_heavy,Mostly AI coding innovations,100,0.8,0.1,0.1,80,6,14,0.8,0.06,0.14
user_0933,stella_burns933,Stella Burns,en,English,copyright_heavy,Mostly AI copyright / theft concerns,100,0.1,0.8,0.1,9,78,13,0.09,0.78,0.13
user_0934,gabriel_crawford,Gabriel Crawford,en,English,surveillance_heavy,Mostly AI mass surveillance,100,0.1,0.1,0.8,8,11,81,0.08,0.11,0.81
user_0935,noah_gonzales,Noah Gonzales,en,English,balanced,Even across all topics,100,0.333333,0.333333,0.333334,39,26,35,0.39,0.26,0.35
user_0936,owen_ellis_936,Owen Ellis,en,English,coding_copyright,Split: coding + copyright,100,0.45,0.45,0.1,51,41,8,0.51,0.41,0.08
user_0937,aubrey_hughes937,Aubrey Hughes,en,English,coding_surveillance,Split: coding + surveillance,100,0.45,0.1,0.45,53,9,38,0.53,0.09,0.38
user_0938,joshua_ellis_75,Joshua Ellis,en,English,copyright_surveillance,Split: copyright + surveillance,100,0.1,0.45,0.45,12,44,44,0.12,0.44,0.44
user_0939,drew_fisher939,Drew Fisher,en,English,coding_heavy,Mostly AI coding innovations,100,0.8,0.1,0.1,77,10,13,0.77,0.1,0.13
user_0940,sofia_jordan_47,Sofia Jordan,en,English,copyright_heavy,Mostly AI copyright / theft concerns,100,0.1,0.8,0.1,8,82,10,0.08,0.82,0.1
user_0941,anthony_henderson_941,Anthony Henderson,en,English,surveillance_heavy,Mostly AI mass surveillance,100,0.1,0.1,0.8,11,17,72,0.11,0.17,0.72
user_0942,amelia_gordon_81,Amelia Gordon,en,English,balanced,Even across all topics,100,0.333333,0.333333,0.333334,27,39,34,0.27,0.39,0.34
user_0943,harper_perry_14,Harper Perry,en,English,coding_copyright,Split: coding + copyright,100,0.45,0.45,0.1,43,47,10,0.43,0.47,0.1
user_0944,daniel_hunt_944,Daniel Hunt,en,English,coding_surveillance,Split: coding + surveillance,100,0.45,0.1,0.45,48,7,45,0.48,0.07,0.45
user_0945,joshua_reyes,Joshua Reyes,en,English,copyright_surveillance,Split: copyright + surveillance,100,0.1,0.45,0.45,19,35,46,0.19,0.35,0.46
user_0946,christopher_boyd946,Christopher Boyd,en,English,coding_heavy,Mostly AI coding innovations,100,0.8,0.1,0.1,87,7,6,0.87,0.07,0.06
user_0947,leah_hunt_947,Leah Hunt,en,English,copyright_heavy,Mostly AI copyright / theft concerns,100,0.1,0.8,0.1,15,75,10,0.15,0.75,0.1
user_0948,abigail_griffin_83,Abigail Griffin,en,English,surveillance_heavy,Mostly AI mass surveillance,100,0.1,0.1,0.8,10,10,80,0.1,0.1,0.8
user_0949,morgan_henderson_27,Morgan Henderson,en,English,balanced,Even across all topics,100,0.333333,0.333333,0.333334,31,33,36,0.31,0.33,0.36
user_0950,leah_bryant_950,Leah Bryant,en,English,coding_copyright,Split: coding + copyright,100,0.45,0.45,0.1,39,45,16,0.39,0.45,0.16
user_0951,stella_watson_951,Stella Watson,en,English,coding_surveillance,Split: coding + surveillance,100,0.45,0.1,0.45,39,9,52,0.39,0.09,0.52
user_0952,lucas_myers952,Lucas Myers,en,English,copyright_surveillance,Split: copyright + surveillance,100,0.1,0.45,0.45,14,36,50,0.14,0.36,0.5
user_0953,isabella_wells953,Isabella Wells,en,English,coding_heavy,Mostly AI coding innovations,100,0.8,0.1,0.1,82,12,6,0.82,0.12,0.06
user_0954,quinn_washington,Quinn Washington,en,English,copyright_heavy,Mostly AI copyright / theft concerns,100,0.1,0.8,0.1,10,82,8,0.1,0.82,0.08
user_0955,natalie_webb,Natalie Webb,en,English,surveillance_heavy,Mostly AI mass surveillance,100,0.1,0.1,0.8,14,8,78,0.14,0.08,0.78
user_0956,benjamin_cruz_956,Benjamin Cruz,en,English,balanced,Even across all topics,100,0.333333,0.333333,0.333334,41,30,29,0.41,0.3,0.29
user_0957,lily_mason957,Lily Mason,en,English,coding_copyright,Split: coding + copyright,100,0.45,0.45,0.1,44,45,11,0.44,0.45,0.11
user_0958,levi_hayes958,Levi Hayes,en,English,coding_surveillance,Split: coding + surveillance,100,0.45,0.1,0.45,51,8,41,0.51,0.08,0.41
user_0959,nathan_torres,Nathan Torres,en,English,copyright_surveillance,Split: copyright + surveillance,100,0.1,0.45,0.45,12,48,40,0.12,0.48,0.4
user_0960,lincoln_warren960,Lincoln Warren,en,English,coding_heavy,Mostly AI coding innovations,100,0.8,0.1,0.1,82,14,4,0.82,0.14,0.04
user_0961,mason_simmons,Mason Simmons,en,English,copyright_heavy,Mostly AI copyright / theft concerns,100,0.1,0.8,0.1,3,85,12,0.03,0.85,0.12
user_0962,jaxon_marshall_49,Jaxon Marshall,en,English,surveillance_heavy,Mostly AI mass surveillance,100,0.1,0.1,0.8,12,15,73,0.12,0.15,0.73
user_0963,jamie_singh,Jamie Singh,en,English,balanced,Even across all topics,100,0.333333,0.333333,0.333334,25,44,31,0.25,0.44,0.31
user_0964,jack_boyd_51,Jack Boyd,en,English,coding_copyright,Split: coding + copyright,100,0.45,0.45,0.1,49,46,5,0.49,0.46,0.05
user_0965,aurora_simmons_965,Aurora Simmons,en,English,coding_surveillance,Split: coding + surveillance,100,0.45,0.1,0.45,44,13,43,0.44,0.13,0.43
user_0966,nolan_burns_966,Nolan Burns,en,English,copyright_surveillance,Split: copyright + surveillance,100,0.1,0.45,0.45,12,39,49,0.12,0.39,0.49
user_0967,dylan_simmons_967,Dylan Simmons,en,English,coding_heavy,Mostly AI coding innovations,100,0.8,0.1,0.1,84,5,11,0.84,0.05,0.11
user_0968,emma_richardson_968,Emma Richardson,en,English,copyright_heavy,Mostly AI copyright / theft concerns,100,0.1,0.8,0.1,19,76,5,0.19,0.76,0.05
user_0969,taylor_coleman_969,Taylor Coleman,en,English,surveillance_heavy,Mostly AI mass surveillance,100,0.1,0.1,0.8,7,5,88,0.07,0.05,0.88
user_0970,lucas_wallace_57,Lucas Wallace,en,English,balanced,Even across all topics,100,0.333333,0.333333,0.333334,35,36,29,0.35,0.36,0.29
user_0971,zoe_ramos,Zoe Ramos,en,English,coding_copyright,Split: coding + copyright,100,0.45,0.45,0.1,41,49,10,0.41,0.49,0.1
user_0972,zoe_howard972,Zoe Howard,en,English,coding_surveillance,Split: coding + surveillance,100,0.45,0.1,0.45,48,7,45,0.48,0.07,0.45
user_0973,abigail_walsh_973,Abigail Walsh,en,English,copyright_surveillance,Split: copyright + surveillance,100,0.1,0.45,0.45,10,42,48,0.1,0.42,0.48
user_0974,lincoln_warren,Lincoln Warren,en,English,coding_heavy,Mostly AI coding innovations,100,0.8,0.1,0.1,76,9,15,0.76,0.09,0.15
user_0975,riley_mcdonald975,Riley Mcdonald,en,English,copyright_heavy,Mostly AI copyright / theft concerns,100,0.1,0.8,0.1,13,79,8,0.13,0.79,0.08
user_0976,harper_diaz,Harper Diaz,en,English,surveillance_heavy,Mostly AI mass surveillance,100,0.1,0.1,0.8,9,9,82,0.09,0.09,0.82
user_0977,emma_cox,Emma Cox,en,English,balanced,Even across all topics,100,0.333333,0.333333,0.333334,32,27,41,0.32,0.27,0.41
user_0978,aurora_tucker_978,Aurora Tucker,en,English,coding_copyright,Split: coding + copyright,100,0.45,0.45,0.1,44,45,11,0.44,0.45,0.11
user_0979,claire_henderson,Claire Henderson,en,English,coding_surveillance,Split: coding + surveillance,100,0.45,0.1,0.45,40,10,50,0.4,0.1,0.5
user_0980,nathan_cooper_28,Nathan Cooper,en,English,copyright_surveillance,Split: copyright + surveillance,100,0.1,0.45,0.45,7,51,42,0.07,0.51,0.42
user_0981,mia_tucker_94,Mia Tucker,en,English,coding_heavy,Mostly AI coding innovations,100,0.8,0.1,0.1,84,5,11,0.84,0.05,0.11
user_0982,casey_hunt,Casey Hunt,en,English,copyright_heavy,Mostly AI copyright / theft concerns,100,0.1,0.8,0.1,14,78,8,0.14,0.78,0.08
user_0983,isabella_ortiz_997,Isabella Ortiz,en,English,surveillance_heavy,Mostly AI mass surveillance,100,0.1,0.1,0.8,9,8,83,0.09,0.08,0.83
user_0984,avery_woods,Avery Woods,en,English,balanced,Even across all topics,100,0.333333,0.333333,0.333334,34,36,30,0.34,0.36,0.3
user_0985,scarlett_mcdonald,Scarlett Mcdonald,en,English,coding_copyright,Split: coding + copyright,100,0.45,0.45,0.1,47,45,8,0.47,0.45,0.08
user_0986,david_james986,David James,en,English,coding_surveillance,Split: coding + surveillance,100,0.45,0.1,0.45,45,11,44,0.45,0.11,0.44
user_0987,taylor_ford987,Taylor Ford,en,English,copyright_surveillance,Split: copyright + surveillance,100,0.1,0.45,0.45,10,41,49,0.1,0.41,0.49
user_0988,grace_price,Grace Price,en,English,coding_heavy,Mostly AI coding innovations,100,0.8,0.1,0.1,81,9,10,0.81,0.09,0.1
user_0989,hayden_jordan_69,Hayden Jordan,en,English,copyright_heavy,Mostly AI copyright / theft concerns,100,0.1,0.8,0.1,12,76,12,0.12,0.76,0.12
user_0990,olivia_hunter990,Olivia Hunter,en,English,surveillance_heavy,Mostly AI mass surveillance,100,0.1,0.1,0.8,6,12,82,0.06,0.12,0.82
user_0991,grace_jenkins_99,Grace Jenkins,en,English,balanced,Even across all topics,100,0.333333,0.333333,0.333334,40,28,32,0.4,0.28,0.32
user_0992,jack_ross992,Jack Ross,en,English,coding_copyright,Split: coding + copyright,100,0.45,0.45,0.1,47,45,8,0.47,0.45,0.08
user_0993,noah_garcia_58,Noah Garcia,en,English,coding_surveillance,Split: coding + surveillance,100,0.45,0.1,0.45,43,14,43,0.43,0.14,0.43
user_0994,jaxon_rivera_13,Jaxon Rivera,en,English,copyright_surveillance,Split: copyright + surveillance,100,0.1,0.45,0.45,11,46,43,0.11,0.46,0.43
user_0995,jack_west_995,Jack West,en,English,coding_heavy,Mostly AI coding innovations,100,0.8,0.1,0.1,77,13,10,0.77,0.13,0.1
user_0996,levi_kim_996,Levi Kim,en,English,copyright_heavy,Mostly AI copyright / theft concerns,100,0.1,0.8,0.1,15,73,12,0.15,0.73,0.12
user_0997,mateo_wood,Mateo Wood,en,English,surveillance_heavy,Mostly AI mass surveillance,100,0.1,0.1,0.8,10,10,80,0.1,0.1,0.8
user_0998,julian_gordon_998,Julian Gordon,en,English,balanced,Even across all topics,100,0.333333,0.333333,0.333334,30,42,28,0.3,0.42,0.28
user_0999,john_bennett999,John Bennett,en,English,coding_copyright,Split: coding + copyright,100,0.45,0.45,0.1,44,48,8,0.44,0.48,0.08
user_1000,taylor_porter1000,Taylor Porter,en,English,coding_surveillance,Split: coding + surveillance,100,0.45,0.1,0.45,51,12,37,0.51,0.12,0.37
